date_key,date,year,quarter,quarter_label,month,month_name,month_short,year_month,year_month_label,week_of_year,day_of_month,day_of_week,day_name,is_weekend,is_holiday,is_working_day,is_month_end
20220101,2022-01-01,2022,1,Q1,1,Januari,Jan,202201,Jan 2022,52,1,6,Sabtu,1,0,0,0
20220102,2022-01-02,2022,1,Q1,1,Januari,Jan,202201,Jan 2022,52,2,7,Minggu,1,0,0,0
20220103,2022-01-03,2022,1,Q1,1,Januari,Jan,202201,Jan 2022,1,3,1,Senin,0,0,1,0
20220104,2022-01-04,2022,1,Q1,1,Januari,Jan,202201,Jan 2022,1,4,2,Selasa,0,0,1,0
20220105,2022-01-05,2022,1,Q1,1,Januari,Jan,202201,Jan 2022,1,5,3,Rabu,0,0,1,0
20220106,2022-01-06,2022,1,Q1,1,Januari,Jan,202201,Jan 2022,1,6,4,Kamis,0,0,1,0
20220107,2022-01-07,2022,1,Q1,1,Januari,Jan,202201,Jan 2022,1,7,5,Jumat,0,0,1,0
20220108,2022-01-08,2022,1,Q1,1,Januari,Jan,202201,Jan 2022,1,8,6,Sabtu,1,0,0,0
20220109,2022-01-09,2022,1,Q1,1,Januari,Jan,202201,Jan 2022,1,9,7,Minggu,1,0,0,0
20220110,2022-01-10,2022,1,Q1,1,Januari,Jan,202201,Jan 2022,2,10,1,Senin,0,0,1,0
20220111,2022-01-11,2022,1,Q1,1,Januari,Jan,202201,Jan 2022,2,11,2,Selasa,0,0,1,0
20220112,2022-01-12,2022,1,Q1,1,Januari,Jan,202201,Jan 2022,2,12,3,Rabu,0,0,1,0
20220113,2022-01-13,2022,1,Q1,1,Januari,Jan,202201,Jan 2022,2,13,4,Kamis,0,0,1,0
20220114,2022-01-14,2022,1,Q1,1,Januari,Jan,202201,Jan 2022,2,14,5,Jumat,0,0,1,0
20220115,2022-01-15,2022,1,Q1,1,Januari,Jan,202201,Jan 2022,2,15,6,Sabtu,1,0,0,0
20220116,2022-01-16,2022,1,Q1,1,Januari,Jan,202201,Jan 2022,2,16,7,Minggu,1,0,0,0
20220117,2022-01-17,2022,1,Q1,1,Januari,Jan,202201,Jan 2022,3,17,1,Senin,0,0,1,0
20220118,2022-01-18,2022,1,Q1,1,Januari,Jan,202201,Jan 2022,3,18,2,Selasa,0,0,1,0
20220119,2022-01-19,2022,1,Q1,1,Januari,Jan,202201,Jan 2022,3,19,3,Rabu,0,0,1,0
20220120,2022-01-20,2022,1,Q1,1,Januari,Jan,202201,Jan 2022,3,20,4,Kamis,0,0,1,0
20220121,2022-01-21,2022,1,Q1,1,Januari,Jan,202201,Jan 2022,3,21,5,Jumat,0,0,1,0
20220122,2022-01-22,2022,1,Q1,1,Januari,Jan,202201,Jan 2022,3,22,6,Sabtu,1,0,0,0
20220123,2022-01-23,2022,1,Q1,1,Januari,Jan,202201,Jan 2022,3,23,7,Minggu,1,0,0,0
20220124,2022-01-24,2022,1,Q1,1,Januari,Jan,202201,Jan 2022,4,24,1,Senin,0,0,1,0
20220125,2022-01-25,2022,1,Q1,1,Januari,Jan,202201,Jan 2022,4,25,2,Selasa,0,0,1,0
20220126,2022-01-26,2022,1,Q1,1,Januari,Jan,202201,Jan 2022,4,26,3,Rabu,0,0,1,0
20220127,2022-01-27,2022,1,Q1,1,Januari,Jan,202201,Jan 2022,4,27,4,Kamis,0,0,1,0
20220128,2022-01-28,2022,1,Q1,1,Januari,Jan,202201,Jan 2022,4,28,5,Jumat,0,0,1,0
20220129,2022-01-29,2022,1,Q1,1,Januari,Jan,202201,Jan 2022,4,29,6,Sabtu,1,0,0,0
20220130,2022-01-30,2022,1,Q1,1,Januari,Jan,202201,Jan 2022,4,30,7,Minggu,1,0,0,0
20220131,2022-01-31,2022,1,Q1,1,Januari,Jan,202201,Jan 2022,5,31,1,Senin,0,0,1,1
20220201,2022-02-01,2022,1,Q1,2,Februari,Feb,202202,Feb 2022,5,1,2,Selasa,0,0,1,0
20220202,2022-02-02,2022,1,Q1,2,Februari,Feb,202202,Feb 2022,5,2,3,Rabu,0,0,1,0
20220203,2022-02-03,2022,1,Q1,2,Februari,Feb,202202,Feb 2022,5,3,4,Kamis,0,0,1,0
20220204,2022-02-04,2022,1,Q1,2,Februari,Feb,202202,Feb 2022,5,4,5,Jumat,0,0,1,0
20220205,2022-02-05,2022,1,Q1,2,Februari,Feb,202202,Feb 2022,5,5,6,Sabtu,1,0,0,0
20220206,2022-02-06,2022,1,Q1,2,Februari,Feb,202202,Feb 2022,5,6,7,Minggu,1,0,0,0
20220207,2022-02-07,2022,1,Q1,2,Februari,Feb,202202,Feb 2022,6,7,1,Senin,0,0,1,0
20220208,2022-02-08,2022,1,Q1,2,Februari,Feb,202202,Feb 2022,6,8,2,Selasa,0,0,1,0
20220209,2022-02-09,2022,1,Q1,2,Februari,Feb,202202,Feb 2022,6,9,3,Rabu,0,0,1,0
20220210,2022-02-10,2022,1,Q1,2,Februari,Feb,202202,Feb 2022,6,10,4,Kamis,0,0,1,0
20220211,2022-02-11,2022,1,Q1,2,Februari,Feb,202202,Feb 2022,6,11,5,Jumat,0,0,1,0
20220212,2022-02-12,2022,1,Q1,2,Februari,Feb,202202,Feb 2022,6,12,6,Sabtu,1,0,0,0
20220213,2022-02-13,2022,1,Q1,2,Februari,Feb,202202,Feb 2022,6,13,7,Minggu,1,0,0,0
20220214,2022-02-14,2022,1,Q1,2,Februari,Feb,202202,Feb 2022,7,14,1,Senin,0,0,1,0
20220215,2022-02-15,2022,1,Q1,2,Februari,Feb,202202,Feb 2022,7,15,2,Selasa,0,0,1,0
20220216,2022-02-16,2022,1,Q1,2,Februari,Feb,202202,Feb 2022,7,16,3,Rabu,0,0,1,0
20220217,2022-02-17,2022,1,Q1,2,Februari,Feb,202202,Feb 2022,7,17,4,Kamis,0,0,1,0
20220218,2022-02-18,2022,1,Q1,2,Februari,Feb,202202,Feb 2022,7,18,5,Jumat,0,0,1,0
20220219,2022-02-19,2022,1,Q1,2,Februari,Feb,202202,Feb 2022,7,19,6,Sabtu,1,0,0,0
20220220,2022-02-20,2022,1,Q1,2,Februari,Feb,202202,Feb 2022,7,20,7,Minggu,1,0,0,0
20220221,2022-02-21,2022,1,Q1,2,Februari,Feb,202202,Feb 2022,8,21,1,Senin,0,0,1,0
20220222,2022-02-22,2022,1,Q1,2,Februari,Feb,202202,Feb 2022,8,22,2,Selasa,0,0,1,0
20220223,2022-02-23,2022,1,Q1,2,Februari,Feb,202202,Feb 2022,8,23,3,Rabu,0,0,1,0
20220224,2022-02-24,2022,1,Q1,2,Februari,Feb,202202,Feb 2022,8,24,4,Kamis,0,0,1,0
20220225,2022-02-25,2022,1,Q1,2,Februari,Feb,202202,Feb 2022,8,25,5,Jumat,0,0,1,0
20220226,2022-02-26,2022,1,Q1,2,Februari,Feb,202202,Feb 2022,8,26,6,Sabtu,1,0,0,0
20220227,2022-02-27,2022,1,Q1,2,Februari,Feb,202202,Feb 2022,8,27,7,Minggu,1,0,0,0
20220228,2022-02-28,2022,1,Q1,2,Februari,Feb,202202,Feb 2022,9,28,1,Senin,0,0,1,1
20220301,2022-03-01,2022,1,Q1,3,Maret,Mar,202203,Mar 2022,9,1,2,Selasa,0,0,1,0
20220302,2022-03-02,2022,1,Q1,3,Maret,Mar,202203,Mar 2022,9,2,3,Rabu,0,0,1,0
20220303,2022-03-03,2022,1,Q1,3,Maret,Mar,202203,Mar 2022,9,3,4,Kamis,0,0,1,0
20220304,2022-03-04,2022,1,Q1,3,Maret,Mar,202203,Mar 2022,9,4,5,Jumat,0,0,1,0
20220305,2022-03-05,2022,1,Q1,3,Maret,Mar,202203,Mar 2022,9,5,6,Sabtu,1,0,0,0
20220306,2022-03-06,2022,1,Q1,3,Maret,Mar,202203,Mar 2022,9,6,7,Minggu,1,0,0,0
20220307,2022-03-07,2022,1,Q1,3,Maret,Mar,202203,Mar 2022,10,7,1,Senin,0,0,1,0
20220308,2022-03-08,2022,1,Q1,3,Maret,Mar,202203,Mar 2022,10,8,2,Selasa,0,0,1,0
20220309,2022-03-09,2022,1,Q1,3,Maret,Mar,202203,Mar 2022,10,9,3,Rabu,0,0,1,0
20220310,2022-03-10,2022,1,Q1,3,Maret,Mar,202203,Mar 2022,10,10,4,Kamis,0,0,1,0
20220311,2022-03-11,2022,1,Q1,3,Maret,Mar,202203,Mar 2022,10,11,5,Jumat,0,0,1,0
20220312,2022-03-12,2022,1,Q1,3,Maret,Mar,202203,Mar 2022,10,12,6,Sabtu,1,0,0,0
20220313,2022-03-13,2022,1,Q1,3,Maret,Mar,202203,Mar 2022,10,13,7,Minggu,1,0,0,0
20220314,2022-03-14,2022,1,Q1,3,Maret,Mar,202203,Mar 2022,11,14,1,Senin,0,0,1,0
20220315,2022-03-15,2022,1,Q1,3,Maret,Mar,202203,Mar 2022,11,15,2,Selasa,0,0,1,0
20220316,2022-03-16,2022,1,Q1,3,Maret,Mar,202203,Mar 2022,11,16,3,Rabu,0,0,1,0
20220317,2022-03-17,2022,1,Q1,3,Maret,Mar,202203,Mar 2022,11,17,4,Kamis,0,0,1,0
20220318,2022-03-18,2022,1,Q1,3,Maret,Mar,202203,Mar 2022,11,18,5,Jumat,0,0,1,0
20220319,2022-03-19,2022,1,Q1,3,Maret,Mar,202203,Mar 2022,11,19,6,Sabtu,1,0,0,0
20220320,2022-03-20,2022,1,Q1,3,Maret,Mar,202203,Mar 2022,11,20,7,Minggu,1,0,0,0
20220321,2022-03-21,2022,1,Q1,3,Maret,Mar,202203,Mar 2022,12,21,1,Senin,0,0,1,0
20220322,2022-03-22,2022,1,Q1,3,Maret,Mar,202203,Mar 2022,12,22,2,Selasa,0,0,1,0
20220323,2022-03-23,2022,1,Q1,3,Maret,Mar,202203,Mar 2022,12,23,3,Rabu,0,0,1,0
20220324,2022-03-24,2022,1,Q1,3,Maret,Mar,202203,Mar 2022,12,24,4,Kamis,0,0,1,0
20220325,2022-03-25,2022,1,Q1,3,Maret,Mar,202203,Mar 2022,12,25,5,Jumat,0,0,1,0
20220326,2022-03-26,2022,1,Q1,3,Maret,Mar,202203,Mar 2022,12,26,6,Sabtu,1,0,0,0
20220327,2022-03-27,2022,1,Q1,3,Maret,Mar,202203,Mar 2022,12,27,7,Minggu,1,0,0,0
20220328,2022-03-28,2022,1,Q1,3,Maret,Mar,202203,Mar 2022,13,28,1,Senin,0,0,1,0
20220329,2022-03-29,2022,1,Q1,3,Maret,Mar,202203,Mar 2022,13,29,2,Selasa,0,0,1,0
20220330,2022-03-30,2022,1,Q1,3,Maret,Mar,202203,Mar 2022,13,30,3,Rabu,0,0,1,0
20220331,2022-03-31,2022,1,Q1,3,Maret,Mar,202203,Mar 2022,13,31,4,Kamis,0,0,1,1
20220401,2022-04-01,2022,2,Q2,4,April,Apr,202204,Apr 2022,13,1,5,Jumat,0,0,1,0
20220402,2022-04-02,2022,2,Q2,4,April,Apr,202204,Apr 2022,13,2,6,Sabtu,1,0,0,0
20220403,2022-04-03,2022,2,Q2,4,April,Apr,202204,Apr 2022,13,3,7,Minggu,1,0,0,0
20220404,2022-04-04,2022,2,Q2,4,April,Apr,202204,Apr 2022,14,4,1,Senin,0,0,1,0
20220405,2022-04-05,2022,2,Q2,4,April,Apr,202204,Apr 2022,14,5,2,Selasa,0,0,1,0
20220406,2022-04-06,2022,2,Q2,4,April,Apr,202204,Apr 2022,14,6,3,Rabu,0,0,1,0
20220407,2022-04-07,2022,2,Q2,4,April,Apr,202204,Apr 2022,14,7,4,Kamis,0,0,1,0
20220408,2022-04-08,2022,2,Q2,4,April,Apr,202204,Apr 2022,14,8,5,Jumat,0,0,1,0
20220409,2022-04-09,2022,2,Q2,4,April,Apr,202204,Apr 2022,14,9,6,Sabtu,1,0,0,0
20220410,2022-04-10,2022,2,Q2,4,April,Apr,202204,Apr 2022,14,10,7,Minggu,1,0,0,0
20220411,2022-04-11,2022,2,Q2,4,April,Apr,202204,Apr 2022,15,11,1,Senin,0,0,1,0
20220412,2022-04-12,2022,2,Q2,4,April,Apr,202204,Apr 2022,15,12,2,Selasa,0,0,1,0
20220413,2022-04-13,2022,2,Q2,4,April,Apr,202204,Apr 2022,15,13,3,Rabu,0,0,1,0
20220414,2022-04-14,2022,2,Q2,4,April,Apr,202204,Apr 2022,15,14,4,Kamis,0,0,1,0
20220415,2022-04-15,2022,2,Q2,4,April,Apr,202204,Apr 2022,15,15,5,Jumat,0,0,1,0
20220416,2022-04-16,2022,2,Q2,4,April,Apr,202204,Apr 2022,15,16,6,Sabtu,1,0,0,0
20220417,2022-04-17,2022,2,Q2,4,April,Apr,202204,Apr 2022,15,17,7,Minggu,1,0,0,0
20220418,2022-04-18,2022,2,Q2,4,April,Apr,202204,Apr 2022,16,18,1,Senin,0,0,1,0
20220419,2022-04-19,2022,2,Q2,4,April,Apr,202204,Apr 2022,16,19,2,Selasa,0,0,1,0
20220420,2022-04-20,2022,2,Q2,4,April,Apr,202204,Apr 2022,16,20,3,Rabu,0,0,1,0
20220421,2022-04-21,2022,2,Q2,4,April,Apr,202204,Apr 2022,16,21,4,Kamis,0,0,1,0
20220422,2022-04-22,2022,2,Q2,4,April,Apr,202204,Apr 2022,16,22,5,Jumat,0,0,1,0
20220423,2022-04-23,2022,2,Q2,4,April,Apr,202204,Apr 2022,16,23,6,Sabtu,1,0,0,0
20220424,2022-04-24,2022,2,Q2,4,April,Apr,202204,Apr 2022,16,24,7,Minggu,1,0,0,0
20220425,2022-04-25,2022,2,Q2,4,April,Apr,202204,Apr 2022,17,25,1,Senin,0,0,1,0
20220426,2022-04-26,2022,2,Q2,4,April,Apr,202204,Apr 2022,17,26,2,Selasa,0,0,1,0
20220427,2022-04-27,2022,2,Q2,4,April,Apr,202204,Apr 2022,17,27,3,Rabu,0,0,1,0
20220428,2022-04-28,2022,2,Q2,4,April,Apr,202204,Apr 2022,17,28,4,Kamis,0,0,1,0
20220429,2022-04-29,2022,2,Q2,4,April,Apr,202204,Apr 2022,17,29,5,Jumat,0,0,1,0
20220430,2022-04-30,2022,2,Q2,4,April,Apr,202204,Apr 2022,17,30,6,Sabtu,1,0,0,1
20220501,2022-05-01,2022,2,Q2,5,Mei,May,202205,May 2022,17,1,7,Minggu,1,0,0,0
20220502,2022-05-02,2022,2,Q2,5,Mei,May,202205,May 2022,18,2,1,Senin,0,0,1,0
20220503,2022-05-03,2022,2,Q2,5,Mei,May,202205,May 2022,18,3,2,Selasa,0,0,1,0
20220504,2022-05-04,2022,2,Q2,5,Mei,May,202205,May 2022,18,4,3,Rabu,0,0,1,0
20220505,2022-05-05,2022,2,Q2,5,Mei,May,202205,May 2022,18,5,4,Kamis,0,0,1,0
20220506,2022-05-06,2022,2,Q2,5,Mei,May,202205,May 2022,18,6,5,Jumat,0,0,1,0
20220507,2022-05-07,2022,2,Q2,5,Mei,May,202205,May 2022,18,7,6,Sabtu,1,0,0,0
20220508,2022-05-08,2022,2,Q2,5,Mei,May,202205,May 2022,18,8,7,Minggu,1,0,0,0
20220509,2022-05-09,2022,2,Q2,5,Mei,May,202205,May 2022,19,9,1,Senin,0,0,1,0
20220510,2022-05-10,2022,2,Q2,5,Mei,May,202205,May 2022,19,10,2,Selasa,0,0,1,0
20220511,2022-05-11,2022,2,Q2,5,Mei,May,202205,May 2022,19,11,3,Rabu,0,0,1,0
20220512,2022-05-12,2022,2,Q2,5,Mei,May,202205,May 2022,19,12,4,Kamis,0,0,1,0
20220513,2022-05-13,2022,2,Q2,5,Mei,May,202205,May 2022,19,13,5,Jumat,0,0,1,0
20220514,2022-05-14,2022,2,Q2,5,Mei,May,202205,May 2022,19,14,6,Sabtu,1,0,0,0
20220515,2022-05-15,2022,2,Q2,5,Mei,May,202205,May 2022,19,15,7,Minggu,1,0,0,0
20220516,2022-05-16,2022,2,Q2,5,Mei,May,202205,May 2022,20,16,1,Senin,0,0,1,0
20220517,2022-05-17,2022,2,Q2,5,Mei,May,202205,May 2022,20,17,2,Selasa,0,0,1,0
20220518,2022-05-18,2022,2,Q2,5,Mei,May,202205,May 2022,20,18,3,Rabu,0,0,1,0
20220519,2022-05-19,2022,2,Q2,5,Mei,May,202205,May 2022,20,19,4,Kamis,0,0,1,0
20220520,2022-05-20,2022,2,Q2,5,Mei,May,202205,May 2022,20,20,5,Jumat,0,0,1,0
20220521,2022-05-21,2022,2,Q2,5,Mei,May,202205,May 2022,20,21,6,Sabtu,1,0,0,0
20220522,2022-05-22,2022,2,Q2,5,Mei,May,202205,May 2022,20,22,7,Minggu,1,0,0,0
20220523,2022-05-23,2022,2,Q2,5,Mei,May,202205,May 2022,21,23,1,Senin,0,0,1,0
20220524,2022-05-24,2022,2,Q2,5,Mei,May,202205,May 2022,21,24,2,Selasa,0,0,1,0
20220525,2022-05-25,2022,2,Q2,5,Mei,May,202205,May 2022,21,25,3,Rabu,0,0,1,0
20220526,2022-05-26,2022,2,Q2,5,Mei,May,202205,May 2022,21,26,4,Kamis,0,0,1,0
20220527,2022-05-27,2022,2,Q2,5,Mei,May,202205,May 2022,21,27,5,Jumat,0,0,1,0
20220528,2022-05-28,2022,2,Q2,5,Mei,May,202205,May 2022,21,28,6,Sabtu,1,0,0,0
20220529,2022-05-29,2022,2,Q2,5,Mei,May,202205,May 2022,21,29,7,Minggu,1,0,0,0
20220530,2022-05-30,2022,2,Q2,5,Mei,May,202205,May 2022,22,30,1,Senin,0,0,1,0
20220531,2022-05-31,2022,2,Q2,5,Mei,May,202205,May 2022,22,31,2,Selasa,0,0,1,1
20220601,2022-06-01,2022,2,Q2,6,Juni,Jun,202206,Jun 2022,22,1,3,Rabu,0,0,1,0
20220602,2022-06-02,2022,2,Q2,6,Juni,Jun,202206,Jun 2022,22,2,4,Kamis,0,0,1,0
20220603,2022-06-03,2022,2,Q2,6,Juni,Jun,202206,Jun 2022,22,3,5,Jumat,0,0,1,0
20220604,2022-06-04,2022,2,Q2,6,Juni,Jun,202206,Jun 2022,22,4,6,Sabtu,1,0,0,0
20220605,2022-06-05,2022,2,Q2,6,Juni,Jun,202206,Jun 2022,22,5,7,Minggu,1,0,0,0
20220606,2022-06-06,2022,2,Q2,6,Juni,Jun,202206,Jun 2022,23,6,1,Senin,0,0,1,0
20220607,2022-06-07,2022,2,Q2,6,Juni,Jun,202206,Jun 2022,23,7,2,Selasa,0,0,1,0
20220608,2022-06-08,2022,2,Q2,6,Juni,Jun,202206,Jun 2022,23,8,3,Rabu,0,0,1,0
20220609,2022-06-09,2022,2,Q2,6,Juni,Jun,202206,Jun 2022,23,9,4,Kamis,0,0,1,0
20220610,2022-06-10,2022,2,Q2,6,Juni,Jun,202206,Jun 2022,23,10,5,Jumat,0,0,1,0
20220611,2022-06-11,2022,2,Q2,6,Juni,Jun,202206,Jun 2022,23,11,6,Sabtu,1,0,0,0
20220612,2022-06-12,2022,2,Q2,6,Juni,Jun,202206,Jun 2022,23,12,7,Minggu,1,0,0,0
20220613,2022-06-13,2022,2,Q2,6,Juni,Jun,202206,Jun 2022,24,13,1,Senin,0,0,1,0
20220614,2022-06-14,2022,2,Q2,6,Juni,Jun,202206,Jun 2022,24,14,2,Selasa,0,0,1,0
20220615,2022-06-15,2022,2,Q2,6,Juni,Jun,202206,Jun 2022,24,15,3,Rabu,0,0,1,0
20220616,2022-06-16,2022,2,Q2,6,Juni,Jun,202206,Jun 2022,24,16,4,Kamis,0,0,1,0
20220617,2022-06-17,2022,2,Q2,6,Juni,Jun,202206,Jun 2022,24,17,5,Jumat,0,0,1,0
20220618,2022-06-18,2022,2,Q2,6,Juni,Jun,202206,Jun 2022,24,18,6,Sabtu,1,0,0,0
20220619,2022-06-19,2022,2,Q2,6,Juni,Jun,202206,Jun 2022,24,19,7,Minggu,1,0,0,0
20220620,2022-06-20,2022,2,Q2,6,Juni,Jun,202206,Jun 2022,25,20,1,Senin,0,0,1,0
20220621,2022-06-21,2022,2,Q2,6,Juni,Jun,202206,Jun 2022,25,21,2,Selasa,0,0,1,0
20220622,2022-06-22,2022,2,Q2,6,Juni,Jun,202206,Jun 2022,25,22,3,Rabu,0,0,1,0
20220623,2022-06-23,2022,2,Q2,6,Juni,Jun,202206,Jun 2022,25,23,4,Kamis,0,0,1,0
20220624,2022-06-24,2022,2,Q2,6,Juni,Jun,202206,Jun 2022,25,24,5,Jumat,0,0,1,0
20220625,2022-06-25,2022,2,Q2,6,Juni,Jun,202206,Jun 2022,25,25,6,Sabtu,1,0,0,0
20220626,2022-06-26,2022,2,Q2,6,Juni,Jun,202206,Jun 2022,25,26,7,Minggu,1,0,0,0
20220627,2022-06-27,2022,2,Q2,6,Juni,Jun,202206,Jun 2022,26,27,1,Senin,0,0,1,0
20220628,2022-06-28,2022,2,Q2,6,Juni,Jun,202206,Jun 2022,26,28,2,Selasa,0,0,1,0
20220629,2022-06-29,2022,2,Q2,6,Juni,Jun,202206,Jun 2022,26,29,3,Rabu,0,0,1,0
20220630,2022-06-30,2022,2,Q2,6,Juni,Jun,202206,Jun 2022,26,30,4,Kamis,0,0,1,1
20220701,2022-07-01,2022,3,Q3,7,Juli,Jul,202207,Jul 2022,26,1,5,Jumat,0,0,1,0
20220702,2022-07-02,2022,3,Q3,7,Juli,Jul,202207,Jul 2022,26,2,6,Sabtu,1,0,0,0
20220703,2022-07-03,2022,3,Q3,7,Juli,Jul,202207,Jul 2022,26,3,7,Minggu,1,0,0,0
20220704,2022-07-04,2022,3,Q3,7,Juli,Jul,202207,Jul 2022,27,4,1,Senin,0,0,1,0
20220705,2022-07-05,2022,3,Q3,7,Juli,Jul,202207,Jul 2022,27,5,2,Selasa,0,0,1,0
20220706,2022-07-06,2022,3,Q3,7,Juli,Jul,202207,Jul 2022,27,6,3,Rabu,0,0,1,0
20220707,2022-07-07,2022,3,Q3,7,Juli,Jul,202207,Jul 2022,27,7,4,Kamis,0,0,1,0
20220708,2022-07-08,2022,3,Q3,7,Juli,Jul,202207,Jul 2022,27,8,5,Jumat,0,0,1,0
20220709,2022-07-09,2022,3,Q3,7,Juli,Jul,202207,Jul 2022,27,9,6,Sabtu,1,0,0,0
20220710,2022-07-10,2022,3,Q3,7,Juli,Jul,202207,Jul 2022,27,10,7,Minggu,1,0,0,0
20220711,2022-07-11,2022,3,Q3,7,Juli,Jul,202207,Jul 2022,28,11,1,Senin,0,0,1,0
20220712,2022-07-12,2022,3,Q3,7,Juli,Jul,202207,Jul 2022,28,12,2,Selasa,0,0,1,0
20220713,2022-07-13,2022,3,Q3,7,Juli,Jul,202207,Jul 2022,28,13,3,Rabu,0,0,1,0
20220714,2022-07-14,2022,3,Q3,7,Juli,Jul,202207,Jul 2022,28,14,4,Kamis,0,0,1,0
20220715,2022-07-15,2022,3,Q3,7,Juli,Jul,202207,Jul 2022,28,15,5,Jumat,0,0,1,0
20220716,2022-07-16,2022,3,Q3,7,Juli,Jul,202207,Jul 2022,28,16,6,Sabtu,1,0,0,0
20220717,2022-07-17,2022,3,Q3,7,Juli,Jul,202207,Jul 2022,28,17,7,Minggu,1,0,0,0
20220718,2022-07-18,2022,3,Q3,7,Juli,Jul,202207,Jul 2022,29,18,1,Senin,0,0,1,0
20220719,2022-07-19,2022,3,Q3,7,Juli,Jul,202207,Jul 2022,29,19,2,Selasa,0,0,1,0
20220720,2022-07-20,2022,3,Q3,7,Juli,Jul,202207,Jul 2022,29,20,3,Rabu,0,0,1,0
20220721,2022-07-21,2022,3,Q3,7,Juli,Jul,202207,Jul 2022,29,21,4,Kamis,0,0,1,0
20220722,2022-07-22,2022,3,Q3,7,Juli,Jul,202207,Jul 2022,29,22,5,Jumat,0,0,1,0
20220723,2022-07-23,2022,3,Q3,7,Juli,Jul,202207,Jul 2022,29,23,6,Sabtu,1,0,0,0
20220724,2022-07-24,2022,3,Q3,7,Juli,Jul,202207,Jul 2022,29,24,7,Minggu,1,0,0,0
20220725,2022-07-25,2022,3,Q3,7,Juli,Jul,202207,Jul 2022,30,25,1,Senin,0,0,1,0
20220726,2022-07-26,2022,3,Q3,7,Juli,Jul,202207,Jul 2022,30,26,2,Selasa,0,0,1,0
20220727,2022-07-27,2022,3,Q3,7,Juli,Jul,202207,Jul 2022,30,27,3,Rabu,0,0,1,0
20220728,2022-07-28,2022,3,Q3,7,Juli,Jul,202207,Jul 2022,30,28,4,Kamis,0,0,1,0
20220729,2022-07-29,2022,3,Q3,7,Juli,Jul,202207,Jul 2022,30,29,5,Jumat,0,0,1,0
20220730,2022-07-30,2022,3,Q3,7,Juli,Jul,202207,Jul 2022,30,30,6,Sabtu,1,0,0,0
20220731,2022-07-31,2022,3,Q3,7,Juli,Jul,202207,Jul 2022,30,31,7,Minggu,1,0,0,1
20220801,2022-08-01,2022,3,Q3,8,Agustus,Aug,202208,Aug 2022,31,1,1,Senin,0,0,1,0
20220802,2022-08-02,2022,3,Q3,8,Agustus,Aug,202208,Aug 2022,31,2,2,Selasa,0,0,1,0
20220803,2022-08-03,2022,3,Q3,8,Agustus,Aug,202208,Aug 2022,31,3,3,Rabu,0,0,1,0
20220804,2022-08-04,2022,3,Q3,8,Agustus,Aug,202208,Aug 2022,31,4,4,Kamis,0,0,1,0
20220805,2022-08-05,2022,3,Q3,8,Agustus,Aug,202208,Aug 2022,31,5,5,Jumat,0,0,1,0
20220806,2022-08-06,2022,3,Q3,8,Agustus,Aug,202208,Aug 2022,31,6,6,Sabtu,1,0,0,0
20220807,2022-08-07,2022,3,Q3,8,Agustus,Aug,202208,Aug 2022,31,7,7,Minggu,1,0,0,0
20220808,2022-08-08,2022,3,Q3,8,Agustus,Aug,202208,Aug 2022,32,8,1,Senin,0,0,1,0
20220809,2022-08-09,2022,3,Q3,8,Agustus,Aug,202208,Aug 2022,32,9,2,Selasa,0,0,1,0
20220810,2022-08-10,2022,3,Q3,8,Agustus,Aug,202208,Aug 2022,32,10,3,Rabu,0,0,1,0
20220811,2022-08-11,2022,3,Q3,8,Agustus,Aug,202208,Aug 2022,32,11,4,Kamis,0,0,1,0
20220812,2022-08-12,2022,3,Q3,8,Agustus,Aug,202208,Aug 2022,32,12,5,Jumat,0,0,1,0
20220813,2022-08-13,2022,3,Q3,8,Agustus,Aug,202208,Aug 2022,32,13,6,Sabtu,1,0,0,0
20220814,2022-08-14,2022,3,Q3,8,Agustus,Aug,202208,Aug 2022,32,14,7,Minggu,1,0,0,0
20220815,2022-08-15,2022,3,Q3,8,Agustus,Aug,202208,Aug 2022,33,15,1,Senin,0,0,1,0
20220816,2022-08-16,2022,3,Q3,8,Agustus,Aug,202208,Aug 2022,33,16,2,Selasa,0,0,1,0
20220817,2022-08-17,2022,3,Q3,8,Agustus,Aug,202208,Aug 2022,33,17,3,Rabu,0,0,1,0
20220818,2022-08-18,2022,3,Q3,8,Agustus,Aug,202208,Aug 2022,33,18,4,Kamis,0,0,1,0
20220819,2022-08-19,2022,3,Q3,8,Agustus,Aug,202208,Aug 2022,33,19,5,Jumat,0,0,1,0
20220820,2022-08-20,2022,3,Q3,8,Agustus,Aug,202208,Aug 2022,33,20,6,Sabtu,1,0,0,0
20220821,2022-08-21,2022,3,Q3,8,Agustus,Aug,202208,Aug 2022,33,21,7,Minggu,1,0,0,0
20220822,2022-08-22,2022,3,Q3,8,Agustus,Aug,202208,Aug 2022,34,22,1,Senin,0,0,1,0
20220823,2022-08-23,2022,3,Q3,8,Agustus,Aug,202208,Aug 2022,34,23,2,Selasa,0,0,1,0
20220824,2022-08-24,2022,3,Q3,8,Agustus,Aug,202208,Aug 2022,34,24,3,Rabu,0,0,1,0
20220825,2022-08-25,2022,3,Q3,8,Agustus,Aug,202208,Aug 2022,34,25,4,Kamis,0,0,1,0
20220826,2022-08-26,2022,3,Q3,8,Agustus,Aug,202208,Aug 2022,34,26,5,Jumat,0,0,1,0
20220827,2022-08-27,2022,3,Q3,8,Agustus,Aug,202208,Aug 2022,34,27,6,Sabtu,1,0,0,0
20220828,2022-08-28,2022,3,Q3,8,Agustus,Aug,202208,Aug 2022,34,28,7,Minggu,1,0,0,0
20220829,2022-08-29,2022,3,Q3,8,Agustus,Aug,202208,Aug 2022,35,29,1,Senin,0,0,1,0
20220830,2022-08-30,2022,3,Q3,8,Agustus,Aug,202208,Aug 2022,35,30,2,Selasa,0,0,1,0
20220831,2022-08-31,2022,3,Q3,8,Agustus,Aug,202208,Aug 2022,35,31,3,Rabu,0,0,1,1
20220901,2022-09-01,2022,3,Q3,9,September,Sep,202209,Sep 2022,35,1,4,Kamis,0,0,1,0
20220902,2022-09-02,2022,3,Q3,9,September,Sep,202209,Sep 2022,35,2,5,Jumat,0,0,1,0
20220903,2022-09-03,2022,3,Q3,9,September,Sep,202209,Sep 2022,35,3,6,Sabtu,1,0,0,0
20220904,2022-09-04,2022,3,Q3,9,September,Sep,202209,Sep 2022,35,4,7,Minggu,1,0,0,0
20220905,2022-09-05,2022,3,Q3,9,September,Sep,202209,Sep 2022,36,5,1,Senin,0,0,1,0
20220906,2022-09-06,2022,3,Q3,9,September,Sep,202209,Sep 2022,36,6,2,Selasa,0,0,1,0
20220907,2022-09-07,2022,3,Q3,9,September,Sep,202209,Sep 2022,36,7,3,Rabu,0,0,1,0
20220908,2022-09-08,2022,3,Q3,9,September,Sep,202209,Sep 2022,36,8,4,Kamis,0,0,1,0
20220909,2022-09-09,2022,3,Q3,9,September,Sep,202209,Sep 2022,36,9,5,Jumat,0,0,1,0
20220910,2022-09-10,2022,3,Q3,9,September,Sep,202209,Sep 2022,36,10,6,Sabtu,1,0,0,0
20220911,2022-09-11,2022,3,Q3,9,September,Sep,202209,Sep 2022,36,11,7,Minggu,1,0,0,0
20220912,2022-09-12,2022,3,Q3,9,September,Sep,202209,Sep 2022,37,12,1,Senin,0,0,1,0
20220913,2022-09-13,2022,3,Q3,9,September,Sep,202209,Sep 2022,37,13,2,Selasa,0,0,1,0
20220914,2022-09-14,2022,3,Q3,9,September,Sep,202209,Sep 2022,37,14,3,Rabu,0,0,1,0
20220915,2022-09-15,2022,3,Q3,9,September,Sep,202209,Sep 2022,37,15,4,Kamis,0,0,1,0
20220916,2022-09-16,2022,3,Q3,9,September,Sep,202209,Sep 2022,37,16,5,Jumat,0,0,1,0
20220917,2022-09-17,2022,3,Q3,9,September,Sep,202209,Sep 2022,37,17,6,Sabtu,1,0,0,0
20220918,2022-09-18,2022,3,Q3,9,September,Sep,202209,Sep 2022,37,18,7,Minggu,1,0,0,0
20220919,2022-09-19,2022,3,Q3,9,September,Sep,202209,Sep 2022,38,19,1,Senin,0,0,1,0
20220920,2022-09-20,2022,3,Q3,9,September,Sep,202209,Sep 2022,38,20,2,Selasa,0,0,1,0
20220921,2022-09-21,2022,3,Q3,9,September,Sep,202209,Sep 2022,38,21,3,Rabu,0,0,1,0
20220922,2022-09-22,2022,3,Q3,9,September,Sep,202209,Sep 2022,38,22,4,Kamis,0,0,1,0
20220923,2022-09-23,2022,3,Q3,9,September,Sep,202209,Sep 2022,38,23,5,Jumat,0,0,1,0
20220924,2022-09-24,2022,3,Q3,9,September,Sep,202209,Sep 2022,38,24,6,Sabtu,1,0,0,0
20220925,2022-09-25,2022,3,Q3,9,September,Sep,202209,Sep 2022,38,25,7,Minggu,1,0,0,0
20220926,2022-09-26,2022,3,Q3,9,September,Sep,202209,Sep 2022,39,26,1,Senin,0,0,1,0
20220927,2022-09-27,2022,3,Q3,9,September,Sep,202209,Sep 2022,39,27,2,Selasa,0,0,1,0
20220928,2022-09-28,2022,3,Q3,9,September,Sep,202209,Sep 2022,39,28,3,Rabu,0,0,1,0
20220929,2022-09-29,2022,3,Q3,9,September,Sep,202209,Sep 2022,39,29,4,Kamis,0,0,1,0
20220930,2022-09-30,2022,3,Q3,9,September,Sep,202209,Sep 2022,39,30,5,Jumat,0,0,1,1
20221001,2022-10-01,2022,4,Q4,10,Oktober,Oct,202210,Oct 2022,39,1,6,Sabtu,1,0,0,0
20221002,2022-10-02,2022,4,Q4,10,Oktober,Oct,202210,Oct 2022,39,2,7,Minggu,1,0,0,0
20221003,2022-10-03,2022,4,Q4,10,Oktober,Oct,202210,Oct 2022,40,3,1,Senin,0,0,1,0
20221004,2022-10-04,2022,4,Q4,10,Oktober,Oct,202210,Oct 2022,40,4,2,Selasa,0,0,1,0
20221005,2022-10-05,2022,4,Q4,10,Oktober,Oct,202210,Oct 2022,40,5,3,Rabu,0,0,1,0
20221006,2022-10-06,2022,4,Q4,10,Oktober,Oct,202210,Oct 2022,40,6,4,Kamis,0,0,1,0
20221007,2022-10-07,2022,4,Q4,10,Oktober,Oct,202210,Oct 2022,40,7,5,Jumat,0,0,1,0
20221008,2022-10-08,2022,4,Q4,10,Oktober,Oct,202210,Oct 2022,40,8,6,Sabtu,1,0,0,0
20221009,2022-10-09,2022,4,Q4,10,Oktober,Oct,202210,Oct 2022,40,9,7,Minggu,1,0,0,0
20221010,2022-10-10,2022,4,Q4,10,Oktober,Oct,202210,Oct 2022,41,10,1,Senin,0,0,1,0
20221011,2022-10-11,2022,4,Q4,10,Oktober,Oct,202210,Oct 2022,41,11,2,Selasa,0,0,1,0
20221012,2022-10-12,2022,4,Q4,10,Oktober,Oct,202210,Oct 2022,41,12,3,Rabu,0,0,1,0
20221013,2022-10-13,2022,4,Q4,10,Oktober,Oct,202210,Oct 2022,41,13,4,Kamis,0,0,1,0
20221014,2022-10-14,2022,4,Q4,10,Oktober,Oct,202210,Oct 2022,41,14,5,Jumat,0,0,1,0
20221015,2022-10-15,2022,4,Q4,10,Oktober,Oct,202210,Oct 2022,41,15,6,Sabtu,1,0,0,0
20221016,2022-10-16,2022,4,Q4,10,Oktober,Oct,202210,Oct 2022,41,16,7,Minggu,1,0,0,0
20221017,2022-10-17,2022,4,Q4,10,Oktober,Oct,202210,Oct 2022,42,17,1,Senin,0,0,1,0
20221018,2022-10-18,2022,4,Q4,10,Oktober,Oct,202210,Oct 2022,42,18,2,Selasa,0,0,1,0
20221019,2022-10-19,2022,4,Q4,10,Oktober,Oct,202210,Oct 2022,42,19,3,Rabu,0,0,1,0
20221020,2022-10-20,2022,4,Q4,10,Oktober,Oct,202210,Oct 2022,42,20,4,Kamis,0,0,1,0
20221021,2022-10-21,2022,4,Q4,10,Oktober,Oct,202210,Oct 2022,42,21,5,Jumat,0,0,1,0
20221022,2022-10-22,2022,4,Q4,10,Oktober,Oct,202210,Oct 2022,42,22,6,Sabtu,1,0,0,0
20221023,2022-10-23,2022,4,Q4,10,Oktober,Oct,202210,Oct 2022,42,23,7,Minggu,1,0,0,0
20221024,2022-10-24,2022,4,Q4,10,Oktober,Oct,202210,Oct 2022,43,24,1,Senin,0,0,1,0
20221025,2022-10-25,2022,4,Q4,10,Oktober,Oct,202210,Oct 2022,43,25,2,Selasa,0,0,1,0
20221026,2022-10-26,2022,4,Q4,10,Oktober,Oct,202210,Oct 2022,43,26,3,Rabu,0,0,1,0
20221027,2022-10-27,2022,4,Q4,10,Oktober,Oct,202210,Oct 2022,43,27,4,Kamis,0,0,1,0
20221028,2022-10-28,2022,4,Q4,10,Oktober,Oct,202210,Oct 2022,43,28,5,Jumat,0,0,1,0
20221029,2022-10-29,2022,4,Q4,10,Oktober,Oct,202210,Oct 2022,43,29,6,Sabtu,1,0,0,0
20221030,2022-10-30,2022,4,Q4,10,Oktober,Oct,202210,Oct 2022,43,30,7,Minggu,1,0,0,0
20221031,2022-10-31,2022,4,Q4,10,Oktober,Oct,202210,Oct 2022,44,31,1,Senin,0,0,1,1
20221101,2022-11-01,2022,4,Q4,11,November,Nov,202211,Nov 2022,44,1,2,Selasa,0,0,1,0
20221102,2022-11-02,2022,4,Q4,11,November,Nov,202211,Nov 2022,44,2,3,Rabu,0,0,1,0
20221103,2022-11-03,2022,4,Q4,11,November,Nov,202211,Nov 2022,44,3,4,Kamis,0,0,1,0
20221104,2022-11-04,2022,4,Q4,11,November,Nov,202211,Nov 2022,44,4,5,Jumat,0,0,1,0
20221105,2022-11-05,2022,4,Q4,11,November,Nov,202211,Nov 2022,44,5,6,Sabtu,1,0,0,0
20221106,2022-11-06,2022,4,Q4,11,November,Nov,202211,Nov 2022,44,6,7,Minggu,1,0,0,0
20221107,2022-11-07,2022,4,Q4,11,November,Nov,202211,Nov 2022,45,7,1,Senin,0,0,1,0
20221108,2022-11-08,2022,4,Q4,11,November,Nov,202211,Nov 2022,45,8,2,Selasa,0,0,1,0
20221109,2022-11-09,2022,4,Q4,11,November,Nov,202211,Nov 2022,45,9,3,Rabu,0,0,1,0
20221110,2022-11-10,2022,4,Q4,11,November,Nov,202211,Nov 2022,45,10,4,Kamis,0,0,1,0
20221111,2022-11-11,2022,4,Q4,11,November,Nov,202211,Nov 2022,45,11,5,Jumat,0,0,1,0
20221112,2022-11-12,2022,4,Q4,11,November,Nov,202211,Nov 2022,45,12,6,Sabtu,1,0,0,0
20221113,2022-11-13,2022,4,Q4,11,November,Nov,202211,Nov 2022,45,13,7,Minggu,1,0,0,0
20221114,2022-11-14,2022,4,Q4,11,November,Nov,202211,Nov 2022,46,14,1,Senin,0,0,1,0
20221115,2022-11-15,2022,4,Q4,11,November,Nov,202211,Nov 2022,46,15,2,Selasa,0,0,1,0
20221116,2022-11-16,2022,4,Q4,11,November,Nov,202211,Nov 2022,46,16,3,Rabu,0,0,1,0
20221117,2022-11-17,2022,4,Q4,11,November,Nov,202211,Nov 2022,46,17,4,Kamis,0,0,1,0
20221118,2022-11-18,2022,4,Q4,11,November,Nov,202211,Nov 2022,46,18,5,Jumat,0,0,1,0
20221119,2022-11-19,2022,4,Q4,11,November,Nov,202211,Nov 2022,46,19,6,Sabtu,1,0,0,0
20221120,2022-11-20,2022,4,Q4,11,November,Nov,202211,Nov 2022,46,20,7,Minggu,1,0,0,0
20221121,2022-11-21,2022,4,Q4,11,November,Nov,202211,Nov 2022,47,21,1,Senin,0,0,1,0
20221122,2022-11-22,2022,4,Q4,11,November,Nov,202211,Nov 2022,47,22,2,Selasa,0,0,1,0
20221123,2022-11-23,2022,4,Q4,11,November,Nov,202211,Nov 2022,47,23,3,Rabu,0,0,1,0
20221124,2022-11-24,2022,4,Q4,11,November,Nov,202211,Nov 2022,47,24,4,Kamis,0,0,1,0
20221125,2022-11-25,2022,4,Q4,11,November,Nov,202211,Nov 2022,47,25,5,Jumat,0,0,1,0
20221126,2022-11-26,2022,4,Q4,11,November,Nov,202211,Nov 2022,47,26,6,Sabtu,1,0,0,0
20221127,2022-11-27,2022,4,Q4,11,November,Nov,202211,Nov 2022,47,27,7,Minggu,1,0,0,0
20221128,2022-11-28,2022,4,Q4,11,November,Nov,202211,Nov 2022,48,28,1,Senin,0,0,1,0
20221129,2022-11-29,2022,4,Q4,11,November,Nov,202211,Nov 2022,48,29,2,Selasa,0,0,1,0
20221130,2022-11-30,2022,4,Q4,11,November,Nov,202211,Nov 2022,48,30,3,Rabu,0,0,1,1
20221201,2022-12-01,2022,4,Q4,12,Desember,Dec,202212,Dec 2022,48,1,4,Kamis,0,0,1,0
20221202,2022-12-02,2022,4,Q4,12,Desember,Dec,202212,Dec 2022,48,2,5,Jumat,0,0,1,0
20221203,2022-12-03,2022,4,Q4,12,Desember,Dec,202212,Dec 2022,48,3,6,Sabtu,1,0,0,0
20221204,2022-12-04,2022,4,Q4,12,Desember,Dec,202212,Dec 2022,48,4,7,Minggu,1,0,0,0
20221205,2022-12-05,2022,4,Q4,12,Desember,Dec,202212,Dec 2022,49,5,1,Senin,0,0,1,0
20221206,2022-12-06,2022,4,Q4,12,Desember,Dec,202212,Dec 2022,49,6,2,Selasa,0,0,1,0
20221207,2022-12-07,2022,4,Q4,12,Desember,Dec,202212,Dec 2022,49,7,3,Rabu,0,0,1,0
20221208,2022-12-08,2022,4,Q4,12,Desember,Dec,202212,Dec 2022,49,8,4,Kamis,0,0,1,0
20221209,2022-12-09,2022,4,Q4,12,Desember,Dec,202212,Dec 2022,49,9,5,Jumat,0,0,1,0
20221210,2022-12-10,2022,4,Q4,12,Desember,Dec,202212,Dec 2022,49,10,6,Sabtu,1,0,0,0
20221211,2022-12-11,2022,4,Q4,12,Desember,Dec,202212,Dec 2022,49,11,7,Minggu,1,0,0,0
20221212,2022-12-12,2022,4,Q4,12,Desember,Dec,202212,Dec 2022,50,12,1,Senin,0,0,1,0
20221213,2022-12-13,2022,4,Q4,12,Desember,Dec,202212,Dec 2022,50,13,2,Selasa,0,0,1,0
20221214,2022-12-14,2022,4,Q4,12,Desember,Dec,202212,Dec 2022,50,14,3,Rabu,0,0,1,0
20221215,2022-12-15,2022,4,Q4,12,Desember,Dec,202212,Dec 2022,50,15,4,Kamis,0,0,1,0
20221216,2022-12-16,2022,4,Q4,12,Desember,Dec,202212,Dec 2022,50,16,5,Jumat,0,0,1,0
20221217,2022-12-17,2022,4,Q4,12,Desember,Dec,202212,Dec 2022,50,17,6,Sabtu,1,0,0,0
20221218,2022-12-18,2022,4,Q4,12,Desember,Dec,202212,Dec 2022,50,18,7,Minggu,1,0,0,0
20221219,2022-12-19,2022,4,Q4,12,Desember,Dec,202212,Dec 2022,51,19,1,Senin,0,0,1,0
20221220,2022-12-20,2022,4,Q4,12,Desember,Dec,202212,Dec 2022,51,20,2,Selasa,0,0,1,0
20221221,2022-12-21,2022,4,Q4,12,Desember,Dec,202212,Dec 2022,51,21,3,Rabu,0,0,1,0
20221222,2022-12-22,2022,4,Q4,12,Desember,Dec,202212,Dec 2022,51,22,4,Kamis,0,0,1,0
20221223,2022-12-23,2022,4,Q4,12,Desember,Dec,202212,Dec 2022,51,23,5,Jumat,0,0,1,0
20221224,2022-12-24,2022,4,Q4,12,Desember,Dec,202212,Dec 2022,51,24,6,Sabtu,1,0,0,0
20221225,2022-12-25,2022,4,Q4,12,Desember,Dec,202212,Dec 2022,51,25,7,Minggu,1,0,0,0
20221226,2022-12-26,2022,4,Q4,12,Desember,Dec,202212,Dec 2022,52,26,1,Senin,0,0,1,0
20221227,2022-12-27,2022,4,Q4,12,Desember,Dec,202212,Dec 2022,52,27,2,Selasa,0,0,1,0
20221228,2022-12-28,2022,4,Q4,12,Desember,Dec,202212,Dec 2022,52,28,3,Rabu,0,0,1,0
20221229,2022-12-29,2022,4,Q4,12,Desember,Dec,202212,Dec 2022,52,29,4,Kamis,0,0,1,0
20221230,2022-12-30,2022,4,Q4,12,Desember,Dec,202212,Dec 2022,52,30,5,Jumat,0,0,1,0
20221231,2022-12-31,2022,4,Q4,12,Desember,Dec,202212,Dec 2022,52,31,6,Sabtu,1,0,0,1
20230101,2023-01-01,2023,1,Q1,1,Januari,Jan,202301,Jan 2023,52,1,7,Minggu,1,1,0,0
20230102,2023-01-02,2023,1,Q1,1,Januari,Jan,202301,Jan 2023,1,2,1,Senin,0,0,1,0
20230103,2023-01-03,2023,1,Q1,1,Januari,Jan,202301,Jan 2023,1,3,2,Selasa,0,0,1,0
20230104,2023-01-04,2023,1,Q1,1,Januari,Jan,202301,Jan 2023,1,4,3,Rabu,0,0,1,0
20230105,2023-01-05,2023,1,Q1,1,Januari,Jan,202301,Jan 2023,1,5,4,Kamis,0,0,1,0
20230106,2023-01-06,2023,1,Q1,1,Januari,Jan,202301,Jan 2023,1,6,5,Jumat,0,0,1,0
20230107,2023-01-07,2023,1,Q1,1,Januari,Jan,202301,Jan 2023,1,7,6,Sabtu,1,0,0,0
20230108,2023-01-08,2023,1,Q1,1,Januari,Jan,202301,Jan 2023,1,8,7,Minggu,1,0,0,0
20230109,2023-01-09,2023,1,Q1,1,Januari,Jan,202301,Jan 2023,2,9,1,Senin,0,0,1,0
20230110,2023-01-10,2023,1,Q1,1,Januari,Jan,202301,Jan 2023,2,10,2,Selasa,0,0,1,0
20230111,2023-01-11,2023,1,Q1,1,Januari,Jan,202301,Jan 2023,2,11,3,Rabu,0,0,1,0
20230112,2023-01-12,2023,1,Q1,1,Januari,Jan,202301,Jan 2023,2,12,4,Kamis,0,0,1,0
20230113,2023-01-13,2023,1,Q1,1,Januari,Jan,202301,Jan 2023,2,13,5,Jumat,0,0,1,0
20230114,2023-01-14,2023,1,Q1,1,Januari,Jan,202301,Jan 2023,2,14,6,Sabtu,1,0,0,0
20230115,2023-01-15,2023,1,Q1,1,Januari,Jan,202301,Jan 2023,2,15,7,Minggu,1,0,0,0
20230116,2023-01-16,2023,1,Q1,1,Januari,Jan,202301,Jan 2023,3,16,1,Senin,0,0,1,0
20230117,2023-01-17,2023,1,Q1,1,Januari,Jan,202301,Jan 2023,3,17,2,Selasa,0,0,1,0
20230118,2023-01-18,2023,1,Q1,1,Januari,Jan,202301,Jan 2023,3,18,3,Rabu,0,0,1,0
20230119,2023-01-19,2023,1,Q1,1,Januari,Jan,202301,Jan 2023,3,19,4,Kamis,0,0,1,0
20230120,2023-01-20,2023,1,Q1,1,Januari,Jan,202301,Jan 2023,3,20,5,Jumat,0,0,1,0
20230121,2023-01-21,2023,1,Q1,1,Januari,Jan,202301,Jan 2023,3,21,6,Sabtu,1,0,0,0
20230122,2023-01-22,2023,1,Q1,1,Januari,Jan,202301,Jan 2023,3,22,7,Minggu,1,1,0,0
20230123,2023-01-23,2023,1,Q1,1,Januari,Jan,202301,Jan 2023,4,23,1,Senin,0,0,1,0
20230124,2023-01-24,2023,1,Q1,1,Januari,Jan,202301,Jan 2023,4,24,2,Selasa,0,0,1,0
20230125,2023-01-25,2023,1,Q1,1,Januari,Jan,202301,Jan 2023,4,25,3,Rabu,0,0,1,0
20230126,2023-01-26,2023,1,Q1,1,Januari,Jan,202301,Jan 2023,4,26,4,Kamis,0,0,1,0
20230127,2023-01-27,2023,1,Q1,1,Januari,Jan,202301,Jan 2023,4,27,5,Jumat,0,0,1,0
20230128,2023-01-28,2023,1,Q1,1,Januari,Jan,202301,Jan 2023,4,28,6,Sabtu,1,0,0,0
20230129,2023-01-29,2023,1,Q1,1,Januari,Jan,202301,Jan 2023,4,29,7,Minggu,1,0,0,0
20230130,2023-01-30,2023,1,Q1,1,Januari,Jan,202301,Jan 2023,5,30,1,Senin,0,0,1,0
20230131,2023-01-31,2023,1,Q1,1,Januari,Jan,202301,Jan 2023,5,31,2,Selasa,0,0,1,1
20230201,2023-02-01,2023,1,Q1,2,Februari,Feb,202302,Feb 2023,5,1,3,Rabu,0,0,1,0
20230202,2023-02-02,2023,1,Q1,2,Februari,Feb,202302,Feb 2023,5,2,4,Kamis,0,0,1,0
20230203,2023-02-03,2023,1,Q1,2,Februari,Feb,202302,Feb 2023,5,3,5,Jumat,0,0,1,0
20230204,2023-02-04,2023,1,Q1,2,Februari,Feb,202302,Feb 2023,5,4,6,Sabtu,1,0,0,0
20230205,2023-02-05,2023,1,Q1,2,Februari,Feb,202302,Feb 2023,5,5,7,Minggu,1,0,0,0
20230206,2023-02-06,2023,1,Q1,2,Februari,Feb,202302,Feb 2023,6,6,1,Senin,0,0,1,0
20230207,2023-02-07,2023,1,Q1,2,Februari,Feb,202302,Feb 2023,6,7,2,Selasa,0,0,1,0
20230208,2023-02-08,2023,1,Q1,2,Februari,Feb,202302,Feb 2023,6,8,3,Rabu,0,0,1,0
20230209,2023-02-09,2023,1,Q1,2,Februari,Feb,202302,Feb 2023,6,9,4,Kamis,0,0,1,0
20230210,2023-02-10,2023,1,Q1,2,Februari,Feb,202302,Feb 2023,6,10,5,Jumat,0,0,1,0
20230211,2023-02-11,2023,1,Q1,2,Februari,Feb,202302,Feb 2023,6,11,6,Sabtu,1,0,0,0
20230212,2023-02-12,2023,1,Q1,2,Februari,Feb,202302,Feb 2023,6,12,7,Minggu,1,0,0,0
20230213,2023-02-13,2023,1,Q1,2,Februari,Feb,202302,Feb 2023,7,13,1,Senin,0,0,1,0
20230214,2023-02-14,2023,1,Q1,2,Februari,Feb,202302,Feb 2023,7,14,2,Selasa,0,0,1,0
20230215,2023-02-15,2023,1,Q1,2,Februari,Feb,202302,Feb 2023,7,15,3,Rabu,0,0,1,0
20230216,2023-02-16,2023,1,Q1,2,Februari,Feb,202302,Feb 2023,7,16,4,Kamis,0,0,1,0
20230217,2023-02-17,2023,1,Q1,2,Februari,Feb,202302,Feb 2023,7,17,5,Jumat,0,0,1,0
20230218,2023-02-18,2023,1,Q1,2,Februari,Feb,202302,Feb 2023,7,18,6,Sabtu,1,1,0,0
20230219,2023-02-19,2023,1,Q1,2,Februari,Feb,202302,Feb 2023,7,19,7,Minggu,1,0,0,0
20230220,2023-02-20,2023,1,Q1,2,Februari,Feb,202302,Feb 2023,8,20,1,Senin,0,0,1,0
20230221,2023-02-21,2023,1,Q1,2,Februari,Feb,202302,Feb 2023,8,21,2,Selasa,0,0,1,0
20230222,2023-02-22,2023,1,Q1,2,Februari,Feb,202302,Feb 2023,8,22,3,Rabu,0,0,1,0
20230223,2023-02-23,2023,1,Q1,2,Februari,Feb,202302,Feb 2023,8,23,4,Kamis,0,0,1,0
20230224,2023-02-24,2023,1,Q1,2,Februari,Feb,202302,Feb 2023,8,24,5,Jumat,0,0,1,0
20230225,2023-02-25,2023,1,Q1,2,Februari,Feb,202302,Feb 2023,8,25,6,Sabtu,1,0,0,0
20230226,2023-02-26,2023,1,Q1,2,Februari,Feb,202302,Feb 2023,8,26,7,Minggu,1,0,0,0
20230227,2023-02-27,2023,1,Q1,2,Februari,Feb,202302,Feb 2023,9,27,1,Senin,0,0,1,0
20230228,2023-02-28,2023,1,Q1,2,Februari,Feb,202302,Feb 2023,9,28,2,Selasa,0,0,1,1
20230301,2023-03-01,2023,1,Q1,3,Maret,Mar,202303,Mar 2023,9,1,3,Rabu,0,0,1,0
20230302,2023-03-02,2023,1,Q1,3,Maret,Mar,202303,Mar 2023,9,2,4,Kamis,0,0,1,0
20230303,2023-03-03,2023,1,Q1,3,Maret,Mar,202303,Mar 2023,9,3,5,Jumat,0,0,1,0
20230304,2023-03-04,2023,1,Q1,3,Maret,Mar,202303,Mar 2023,9,4,6,Sabtu,1,0,0,0
20230305,2023-03-05,2023,1,Q1,3,Maret,Mar,202303,Mar 2023,9,5,7,Minggu,1,0,0,0
20230306,2023-03-06,2023,1,Q1,3,Maret,Mar,202303,Mar 2023,10,6,1,Senin,0,0,1,0
20230307,2023-03-07,2023,1,Q1,3,Maret,Mar,202303,Mar 2023,10,7,2,Selasa,0,0,1,0
20230308,2023-03-08,2023,1,Q1,3,Maret,Mar,202303,Mar 2023,10,8,3,Rabu,0,0,1,0
20230309,2023-03-09,2023,1,Q1,3,Maret,Mar,202303,Mar 2023,10,9,4,Kamis,0,0,1,0
20230310,2023-03-10,2023,1,Q1,3,Maret,Mar,202303,Mar 2023,10,10,5,Jumat,0,0,1,0
20230311,2023-03-11,2023,1,Q1,3,Maret,Mar,202303,Mar 2023,10,11,6,Sabtu,1,0,0,0
20230312,2023-03-12,2023,1,Q1,3,Maret,Mar,202303,Mar 2023,10,12,7,Minggu,1,0,0,0
20230313,2023-03-13,2023,1,Q1,3,Maret,Mar,202303,Mar 2023,11,13,1,Senin,0,0,1,0
20230314,2023-03-14,2023,1,Q1,3,Maret,Mar,202303,Mar 2023,11,14,2,Selasa,0,0,1,0
20230315,2023-03-15,2023,1,Q1,3,Maret,Mar,202303,Mar 2023,11,15,3,Rabu,0,0,1,0
20230316,2023-03-16,2023,1,Q1,3,Maret,Mar,202303,Mar 2023,11,16,4,Kamis,0,0,1,0
20230317,2023-03-17,2023,1,Q1,3,Maret,Mar,202303,Mar 2023,11,17,5,Jumat,0,0,1,0
20230318,2023-03-18,2023,1,Q1,3,Maret,Mar,202303,Mar 2023,11,18,6,Sabtu,1,0,0,0
20230319,2023-03-19,2023,1,Q1,3,Maret,Mar,202303,Mar 2023,11,19,7,Minggu,1,0,0,0
20230320,2023-03-20,2023,1,Q1,3,Maret,Mar,202303,Mar 2023,12,20,1,Senin,0,0,1,0
20230321,2023-03-21,2023,1,Q1,3,Maret,Mar,202303,Mar 2023,12,21,2,Selasa,0,0,1,0
20230322,2023-03-22,2023,1,Q1,3,Maret,Mar,202303,Mar 2023,12,22,3,Rabu,0,1,0,0
20230323,2023-03-23,2023,1,Q1,3,Maret,Mar,202303,Mar 2023,12,23,4,Kamis,0,0,1,0
20230324,2023-03-24,2023,1,Q1,3,Maret,Mar,202303,Mar 2023,12,24,5,Jumat,0,0,1,0
20230325,2023-03-25,2023,1,Q1,3,Maret,Mar,202303,Mar 2023,12,25,6,Sabtu,1,0,0,0
20230326,2023-03-26,2023,1,Q1,3,Maret,Mar,202303,Mar 2023,12,26,7,Minggu,1,0,0,0
20230327,2023-03-27,2023,1,Q1,3,Maret,Mar,202303,Mar 2023,13,27,1,Senin,0,0,1,0
20230328,2023-03-28,2023,1,Q1,3,Maret,Mar,202303,Mar 2023,13,28,2,Selasa,0,0,1,0
20230329,2023-03-29,2023,1,Q1,3,Maret,Mar,202303,Mar 2023,13,29,3,Rabu,0,0,1,0
20230330,2023-03-30,2023,1,Q1,3,Maret,Mar,202303,Mar 2023,13,30,4,Kamis,0,0,1,0
20230331,2023-03-31,2023,1,Q1,3,Maret,Mar,202303,Mar 2023,13,31,5,Jumat,0,0,1,1
20230401,2023-04-01,2023,2,Q2,4,April,Apr,202304,Apr 2023,13,1,6,Sabtu,1,0,0,0
20230402,2023-04-02,2023,2,Q2,4,April,Apr,202304,Apr 2023,13,2,7,Minggu,1,0,0,0
20230403,2023-04-03,2023,2,Q2,4,April,Apr,202304,Apr 2023,14,3,1,Senin,0,0,1,0
20230404,2023-04-04,2023,2,Q2,4,April,Apr,202304,Apr 2023,14,4,2,Selasa,0,0,1,0
20230405,2023-04-05,2023,2,Q2,4,April,Apr,202304,Apr 2023,14,5,3,Rabu,0,0,1,0
20230406,2023-04-06,2023,2,Q2,4,April,Apr,202304,Apr 2023,14,6,4,Kamis,0,0,1,0
20230407,2023-04-07,2023,2,Q2,4,April,Apr,202304,Apr 2023,14,7,5,Jumat,0,1,0,0
20230408,2023-04-08,2023,2,Q2,4,April,Apr,202304,Apr 2023,14,8,6,Sabtu,1,0,0,0
20230409,2023-04-09,2023,2,Q2,4,April,Apr,202304,Apr 2023,14,9,7,Minggu,1,0,0,0
20230410,2023-04-10,2023,2,Q2,4,April,Apr,202304,Apr 2023,15,10,1,Senin,0,0,1,0
20230411,2023-04-11,2023,2,Q2,4,April,Apr,202304,Apr 2023,15,11,2,Selasa,0,0,1,0
20230412,2023-04-12,2023,2,Q2,4,April,Apr,202304,Apr 2023,15,12,3,Rabu,0,0,1,0
20230413,2023-04-13,2023,2,Q2,4,April,Apr,202304,Apr 2023,15,13,4,Kamis,0,0,1,0
20230414,2023-04-14,2023,2,Q2,4,April,Apr,202304,Apr 2023,15,14,5,Jumat,0,0,1,0
20230415,2023-04-15,2023,2,Q2,4,April,Apr,202304,Apr 2023,15,15,6,Sabtu,1,0,0,0
20230416,2023-04-16,2023,2,Q2,4,April,Apr,202304,Apr 2023,15,16,7,Minggu,1,0,0,0
20230417,2023-04-17,2023,2,Q2,4,April,Apr,202304,Apr 2023,16,17,1,Senin,0,0,1,0
20230418,2023-04-18,2023,2,Q2,4,April,Apr,202304,Apr 2023,16,18,2,Selasa,0,0,1,0
20230419,2023-04-19,2023,2,Q2,4,April,Apr,202304,Apr 2023,16,19,3,Rabu,0,0,1,0
20230420,2023-04-20,2023,2,Q2,4,April,Apr,202304,Apr 2023,16,20,4,Kamis,0,0,1,0
20230421,2023-04-21,2023,2,Q2,4,April,Apr,202304,Apr 2023,16,21,5,Jumat,0,1,0,0
20230422,2023-04-22,2023,2,Q2,4,April,Apr,202304,Apr 2023,16,22,6,Sabtu,1,1,0,0
20230423,2023-04-23,2023,2,Q2,4,April,Apr,202304,Apr 2023,16,23,7,Minggu,1,0,0,0
20230424,2023-04-24,2023,2,Q2,4,April,Apr,202304,Apr 2023,17,24,1,Senin,0,1,0,0
20230425,2023-04-25,2023,2,Q2,4,April,Apr,202304,Apr 2023,17,25,2,Selasa,0,1,0,0
20230426,2023-04-26,2023,2,Q2,4,April,Apr,202304,Apr 2023,17,26,3,Rabu,0,0,1,0
20230427,2023-04-27,2023,2,Q2,4,April,Apr,202304,Apr 2023,17,27,4,Kamis,0,0,1,0
20230428,2023-04-28,2023,2,Q2,4,April,Apr,202304,Apr 2023,17,28,5,Jumat,0,0,1,0
20230429,2023-04-29,2023,2,Q2,4,April,Apr,202304,Apr 2023,17,29,6,Sabtu,1,0,0,0
20230430,2023-04-30,2023,2,Q2,4,April,Apr,202304,Apr 2023,17,30,7,Minggu,1,0,0,1
20230501,2023-05-01,2023,2,Q2,5,Mei,May,202305,May 2023,18,1,1,Senin,0,1,0,0
20230502,2023-05-02,2023,2,Q2,5,Mei,May,202305,May 2023,18,2,2,Selasa,0,0,1,0
20230503,2023-05-03,2023,2,Q2,5,Mei,May,202305,May 2023,18,3,3,Rabu,0,0,1,0
20230504,2023-05-04,2023,2,Q2,5,Mei,May,202305,May 2023,18,4,4,Kamis,0,0,1,0
20230505,2023-05-05,2023,2,Q2,5,Mei,May,202305,May 2023,18,5,5,Jumat,0,0,1,0
20230506,2023-05-06,2023,2,Q2,5,Mei,May,202305,May 2023,18,6,6,Sabtu,1,0,0,0
20230507,2023-05-07,2023,2,Q2,5,Mei,May,202305,May 2023,18,7,7,Minggu,1,0,0,0
20230508,2023-05-08,2023,2,Q2,5,Mei,May,202305,May 2023,19,8,1,Senin,0,0,1,0
20230509,2023-05-09,2023,2,Q2,5,Mei,May,202305,May 2023,19,9,2,Selasa,0,0,1,0
20230510,2023-05-10,2023,2,Q2,5,Mei,May,202305,May 2023,19,10,3,Rabu,0,0,1,0
20230511,2023-05-11,2023,2,Q2,5,Mei,May,202305,May 2023,19,11,4,Kamis,0,0,1,0
20230512,2023-05-12,2023,2,Q2,5,Mei,May,202305,May 2023,19,12,5,Jumat,0,0,1,0
20230513,2023-05-13,2023,2,Q2,5,Mei,May,202305,May 2023,19,13,6,Sabtu,1,0,0,0
20230514,2023-05-14,2023,2,Q2,5,Mei,May,202305,May 2023,19,14,7,Minggu,1,0,0,0
20230515,2023-05-15,2023,2,Q2,5,Mei,May,202305,May 2023,20,15,1,Senin,0,0,1,0
20230516,2023-05-16,2023,2,Q2,5,Mei,May,202305,May 2023,20,16,2,Selasa,0,0,1,0
20230517,2023-05-17,2023,2,Q2,5,Mei,May,202305,May 2023,20,17,3,Rabu,0,0,1,0
20230518,2023-05-18,2023,2,Q2,5,Mei,May,202305,May 2023,20,18,4,Kamis,0,1,0,0
20230519,2023-05-19,2023,2,Q2,5,Mei,May,202305,May 2023,20,19,5,Jumat,0,0,1,0
20230520,2023-05-20,2023,2,Q2,5,Mei,May,202305,May 2023,20,20,6,Sabtu,1,0,0,0
20230521,2023-05-21,2023,2,Q2,5,Mei,May,202305,May 2023,20,21,7,Minggu,1,0,0,0
20230522,2023-05-22,2023,2,Q2,5,Mei,May,202305,May 2023,21,22,1,Senin,0,0,1,0
20230523,2023-05-23,2023,2,Q2,5,Mei,May,202305,May 2023,21,23,2,Selasa,0,0,1,0
20230524,2023-05-24,2023,2,Q2,5,Mei,May,202305,May 2023,21,24,3,Rabu,0,0,1,0
20230525,2023-05-25,2023,2,Q2,5,Mei,May,202305,May 2023,21,25,4,Kamis,0,0,1,0
20230526,2023-05-26,2023,2,Q2,5,Mei,May,202305,May 2023,21,26,5,Jumat,0,0,1,0
20230527,2023-05-27,2023,2,Q2,5,Mei,May,202305,May 2023,21,27,6,Sabtu,1,0,0,0
20230528,2023-05-28,2023,2,Q2,5,Mei,May,202305,May 2023,21,28,7,Minggu,1,0,0,0
20230529,2023-05-29,2023,2,Q2,5,Mei,May,202305,May 2023,22,29,1,Senin,0,0,1,0
20230530,2023-05-30,2023,2,Q2,5,Mei,May,202305,May 2023,22,30,2,Selasa,0,0,1,0
20230531,2023-05-31,2023,2,Q2,5,Mei,May,202305,May 2023,22,31,3,Rabu,0,0,1,1
20230601,2023-06-01,2023,2,Q2,6,Juni,Jun,202306,Jun 2023,22,1,4,Kamis,0,1,0,0
20230602,2023-06-02,2023,2,Q2,6,Juni,Jun,202306,Jun 2023,22,2,5,Jumat,0,0,1,0
20230603,2023-06-03,2023,2,Q2,6,Juni,Jun,202306,Jun 2023,22,3,6,Sabtu,1,0,0,0
20230604,2023-06-04,2023,2,Q2,6,Juni,Jun,202306,Jun 2023,22,4,7,Minggu,1,1,0,0
20230605,2023-06-05,2023,2,Q2,6,Juni,Jun,202306,Jun 2023,23,5,1,Senin,0,0,1,0
20230606,2023-06-06,2023,2,Q2,6,Juni,Jun,202306,Jun 2023,23,6,2,Selasa,0,0,1,0
20230607,2023-06-07,2023,2,Q2,6,Juni,Jun,202306,Jun 2023,23,7,3,Rabu,0,0,1,0
20230608,2023-06-08,2023,2,Q2,6,Juni,Jun,202306,Jun 2023,23,8,4,Kamis,0,0,1,0
20230609,2023-06-09,2023,2,Q2,6,Juni,Jun,202306,Jun 2023,23,9,5,Jumat,0,0,1,0
20230610,2023-06-10,2023,2,Q2,6,Juni,Jun,202306,Jun 2023,23,10,6,Sabtu,1,0,0,0
20230611,2023-06-11,2023,2,Q2,6,Juni,Jun,202306,Jun 2023,23,11,7,Minggu,1,0,0,0
20230612,2023-06-12,2023,2,Q2,6,Juni,Jun,202306,Jun 2023,24,12,1,Senin,0,0,1,0
20230613,2023-06-13,2023,2,Q2,6,Juni,Jun,202306,Jun 2023,24,13,2,Selasa,0,0,1,0
20230614,2023-06-14,2023,2,Q2,6,Juni,Jun,202306,Jun 2023,24,14,3,Rabu,0,0,1,0
20230615,2023-06-15,2023,2,Q2,6,Juni,Jun,202306,Jun 2023,24,15,4,Kamis,0,0,1,0
20230616,2023-06-16,2023,2,Q2,6,Juni,Jun,202306,Jun 2023,24,16,5,Jumat,0,0,1,0
20230617,2023-06-17,2023,2,Q2,6,Juni,Jun,202306,Jun 2023,24,17,6,Sabtu,1,0,0,0
20230618,2023-06-18,2023,2,Q2,6,Juni,Jun,202306,Jun 2023,24,18,7,Minggu,1,0,0,0
20230619,2023-06-19,2023,2,Q2,6,Juni,Jun,202306,Jun 2023,25,19,1,Senin,0,0,1,0
20230620,2023-06-20,2023,2,Q2,6,Juni,Jun,202306,Jun 2023,25,20,2,Selasa,0,0,1,0
20230621,2023-06-21,2023,2,Q2,6,Juni,Jun,202306,Jun 2023,25,21,3,Rabu,0,0,1,0
20230622,2023-06-22,2023,2,Q2,6,Juni,Jun,202306,Jun 2023,25,22,4,Kamis,0,0,1,0
20230623,2023-06-23,2023,2,Q2,6,Juni,Jun,202306,Jun 2023,25,23,5,Jumat,0,0,1,0
20230624,2023-06-24,2023,2,Q2,6,Juni,Jun,202306,Jun 2023,25,24,6,Sabtu,1,0,0,0
20230625,2023-06-25,2023,2,Q2,6,Juni,Jun,202306,Jun 2023,25,25,7,Minggu,1,0,0,0
20230626,2023-06-26,2023,2,Q2,6,Juni,Jun,202306,Jun 2023,26,26,1,Senin,0,0,1,0
20230627,2023-06-27,2023,2,Q2,6,Juni,Jun,202306,Jun 2023,26,27,2,Selasa,0,0,1,0
20230628,2023-06-28,2023,2,Q2,6,Juni,Jun,202306,Jun 2023,26,28,3,Rabu,0,0,1,0
20230629,2023-06-29,2023,2,Q2,6,Juni,Jun,202306,Jun 2023,26,29,4,Kamis,0,1,0,0
20230630,2023-06-30,2023,2,Q2,6,Juni,Jun,202306,Jun 2023,26,30,5,Jumat,0,0,1,1
20230701,2023-07-01,2023,3,Q3,7,Juli,Jul,202307,Jul 2023,26,1,6,Sabtu,1,0,0,0
20230702,2023-07-02,2023,3,Q3,7,Juli,Jul,202307,Jul 2023,26,2,7,Minggu,1,0,0,0
20230703,2023-07-03,2023,3,Q3,7,Juli,Jul,202307,Jul 2023,27,3,1,Senin,0,0,1,0
20230704,2023-07-04,2023,3,Q3,7,Juli,Jul,202307,Jul 2023,27,4,2,Selasa,0,0,1,0
20230705,2023-07-05,2023,3,Q3,7,Juli,Jul,202307,Jul 2023,27,5,3,Rabu,0,0,1,0
20230706,2023-07-06,2023,3,Q3,7,Juli,Jul,202307,Jul 2023,27,6,4,Kamis,0,0,1,0
20230707,2023-07-07,2023,3,Q3,7,Juli,Jul,202307,Jul 2023,27,7,5,Jumat,0,0,1,0
20230708,2023-07-08,2023,3,Q3,7,Juli,Jul,202307,Jul 2023,27,8,6,Sabtu,1,0,0,0
20230709,2023-07-09,2023,3,Q3,7,Juli,Jul,202307,Jul 2023,27,9,7,Minggu,1,0,0,0
20230710,2023-07-10,2023,3,Q3,7,Juli,Jul,202307,Jul 2023,28,10,1,Senin,0,0,1,0
20230711,2023-07-11,2023,3,Q3,7,Juli,Jul,202307,Jul 2023,28,11,2,Selasa,0,0,1,0
20230712,2023-07-12,2023,3,Q3,7,Juli,Jul,202307,Jul 2023,28,12,3,Rabu,0,0,1,0
20230713,2023-07-13,2023,3,Q3,7,Juli,Jul,202307,Jul 2023,28,13,4,Kamis,0,0,1,0
20230714,2023-07-14,2023,3,Q3,7,Juli,Jul,202307,Jul 2023,28,14,5,Jumat,0,0,1,0
20230715,2023-07-15,2023,3,Q3,7,Juli,Jul,202307,Jul 2023,28,15,6,Sabtu,1,0,0,0
20230716,2023-07-16,2023,3,Q3,7,Juli,Jul,202307,Jul 2023,28,16,7,Minggu,1,0,0,0
20230717,2023-07-17,2023,3,Q3,7,Juli,Jul,202307,Jul 2023,29,17,1,Senin,0,0,1,0
20230718,2023-07-18,2023,3,Q3,7,Juli,Jul,202307,Jul 2023,29,18,2,Selasa,0,0,1,0
20230719,2023-07-19,2023,3,Q3,7,Juli,Jul,202307,Jul 2023,29,19,3,Rabu,0,1,0,0
20230720,2023-07-20,2023,3,Q3,7,Juli,Jul,202307,Jul 2023,29,20,4,Kamis,0,0,1,0
20230721,2023-07-21,2023,3,Q3,7,Juli,Jul,202307,Jul 2023,29,21,5,Jumat,0,0,1,0
20230722,2023-07-22,2023,3,Q3,7,Juli,Jul,202307,Jul 2023,29,22,6,Sabtu,1,0,0,0
20230723,2023-07-23,2023,3,Q3,7,Juli,Jul,202307,Jul 2023,29,23,7,Minggu,1,0,0,0
20230724,2023-07-24,2023,3,Q3,7,Juli,Jul,202307,Jul 2023,30,24,1,Senin,0,0,1,0
20230725,2023-07-25,2023,3,Q3,7,Juli,Jul,202307,Jul 2023,30,25,2,Selasa,0,0,1,0
20230726,2023-07-26,2023,3,Q3,7,Juli,Jul,202307,Jul 2023,30,26,3,Rabu,0,0,1,0
20230727,2023-07-27,2023,3,Q3,7,Juli,Jul,202307,Jul 2023,30,27,4,Kamis,0,0,1,0
20230728,2023-07-28,2023,3,Q3,7,Juli,Jul,202307,Jul 2023,30,28,5,Jumat,0,0,1,0
20230729,2023-07-29,2023,3,Q3,7,Juli,Jul,202307,Jul 2023,30,29,6,Sabtu,1,0,0,0
20230730,2023-07-30,2023,3,Q3,7,Juli,Jul,202307,Jul 2023,30,30,7,Minggu,1,0,0,0
20230731,2023-07-31,2023,3,Q3,7,Juli,Jul,202307,Jul 2023,31,31,1,Senin,0,0,1,1
20230801,2023-08-01,2023,3,Q3,8,Agustus,Aug,202308,Aug 2023,31,1,2,Selasa,0,0,1,0
20230802,2023-08-02,2023,3,Q3,8,Agustus,Aug,202308,Aug 2023,31,2,3,Rabu,0,0,1,0
20230803,2023-08-03,2023,3,Q3,8,Agustus,Aug,202308,Aug 2023,31,3,4,Kamis,0,0,1,0
20230804,2023-08-04,2023,3,Q3,8,Agustus,Aug,202308,Aug 2023,31,4,5,Jumat,0,0,1,0
20230805,2023-08-05,2023,3,Q3,8,Agustus,Aug,202308,Aug 2023,31,5,6,Sabtu,1,0,0,0
20230806,2023-08-06,2023,3,Q3,8,Agustus,Aug,202308,Aug 2023,31,6,7,Minggu,1,0,0,0
20230807,2023-08-07,2023,3,Q3,8,Agustus,Aug,202308,Aug 2023,32,7,1,Senin,0,0,1,0
20230808,2023-08-08,2023,3,Q3,8,Agustus,Aug,202308,Aug 2023,32,8,2,Selasa,0,0,1,0
20230809,2023-08-09,2023,3,Q3,8,Agustus,Aug,202308,Aug 2023,32,9,3,Rabu,0,0,1,0
20230810,2023-08-10,2023,3,Q3,8,Agustus,Aug,202308,Aug 2023,32,10,4,Kamis,0,0,1,0
20230811,2023-08-11,2023,3,Q3,8,Agustus,Aug,202308,Aug 2023,32,11,5,Jumat,0,0,1,0
20230812,2023-08-12,2023,3,Q3,8,Agustus,Aug,202308,Aug 2023,32,12,6,Sabtu,1,0,0,0
20230813,2023-08-13,2023,3,Q3,8,Agustus,Aug,202308,Aug 2023,32,13,7,Minggu,1,0,0,0
20230814,2023-08-14,2023,3,Q3,8,Agustus,Aug,202308,Aug 2023,33,14,1,Senin,0,0,1,0
20230815,2023-08-15,2023,3,Q3,8,Agustus,Aug,202308,Aug 2023,33,15,2,Selasa,0,0,1,0
20230816,2023-08-16,2023,3,Q3,8,Agustus,Aug,202308,Aug 2023,33,16,3,Rabu,0,0,1,0
20230817,2023-08-17,2023,3,Q3,8,Agustus,Aug,202308,Aug 2023,33,17,4,Kamis,0,1,0,0
20230818,2023-08-18,2023,3,Q3,8,Agustus,Aug,202308,Aug 2023,33,18,5,Jumat,0,0,1,0
20230819,2023-08-19,2023,3,Q3,8,Agustus,Aug,202308,Aug 2023,33,19,6,Sabtu,1,0,0,0
20230820,2023-08-20,2023,3,Q3,8,Agustus,Aug,202308,Aug 2023,33,20,7,Minggu,1,0,0,0
20230821,2023-08-21,2023,3,Q3,8,Agustus,Aug,202308,Aug 2023,34,21,1,Senin,0,0,1,0
20230822,2023-08-22,2023,3,Q3,8,Agustus,Aug,202308,Aug 2023,34,22,2,Selasa,0,0,1,0
20230823,2023-08-23,2023,3,Q3,8,Agustus,Aug,202308,Aug 2023,34,23,3,Rabu,0,0,1,0
20230824,2023-08-24,2023,3,Q3,8,Agustus,Aug,202308,Aug 2023,34,24,4,Kamis,0,0,1,0
20230825,2023-08-25,2023,3,Q3,8,Agustus,Aug,202308,Aug 2023,34,25,5,Jumat,0,0,1,0
20230826,2023-08-26,2023,3,Q3,8,Agustus,Aug,202308,Aug 2023,34,26,6,Sabtu,1,0,0,0
20230827,2023-08-27,2023,3,Q3,8,Agustus,Aug,202308,Aug 2023,34,27,7,Minggu,1,0,0,0
20230828,2023-08-28,2023,3,Q3,8,Agustus,Aug,202308,Aug 2023,35,28,1,Senin,0,0,1,0
20230829,2023-08-29,2023,3,Q3,8,Agustus,Aug,202308,Aug 2023,35,29,2,Selasa,0,0,1,0
20230830,2023-08-30,2023,3,Q3,8,Agustus,Aug,202308,Aug 2023,35,30,3,Rabu,0,0,1,0
20230831,2023-08-31,2023,3,Q3,8,Agustus,Aug,202308,Aug 2023,35,31,4,Kamis,0,0,1,1
20230901,2023-09-01,2023,3,Q3,9,September,Sep,202309,Sep 2023,35,1,5,Jumat,0,0,1,0
20230902,2023-09-02,2023,3,Q3,9,September,Sep,202309,Sep 2023,35,2,6,Sabtu,1,0,0,0
20230903,2023-09-03,2023,3,Q3,9,September,Sep,202309,Sep 2023,35,3,7,Minggu,1,0,0,0
20230904,2023-09-04,2023,3,Q3,9,September,Sep,202309,Sep 2023,36,4,1,Senin,0,0,1,0
20230905,2023-09-05,2023,3,Q3,9,September,Sep,202309,Sep 2023,36,5,2,Selasa,0,0,1,0
20230906,2023-09-06,2023,3,Q3,9,September,Sep,202309,Sep 2023,36,6,3,Rabu,0,0,1,0
20230907,2023-09-07,2023,3,Q3,9,September,Sep,202309,Sep 2023,36,7,4,Kamis,0,0,1,0
20230908,2023-09-08,2023,3,Q3,9,September,Sep,202309,Sep 2023,36,8,5,Jumat,0,0,1,0
20230909,2023-09-09,2023,3,Q3,9,September,Sep,202309,Sep 2023,36,9,6,Sabtu,1,0,0,0
20230910,2023-09-10,2023,3,Q3,9,September,Sep,202309,Sep 2023,36,10,7,Minggu,1,0,0,0
20230911,2023-09-11,2023,3,Q3,9,September,Sep,202309,Sep 2023,37,11,1,Senin,0,0,1,0
20230912,2023-09-12,2023,3,Q3,9,September,Sep,202309,Sep 2023,37,12,2,Selasa,0,0,1,0
20230913,2023-09-13,2023,3,Q3,9,September,Sep,202309,Sep 2023,37,13,3,Rabu,0,0,1,0
20230914,2023-09-14,2023,3,Q3,9,September,Sep,202309,Sep 2023,37,14,4,Kamis,0,0,1,0
20230915,2023-09-15,2023,3,Q3,9,September,Sep,202309,Sep 2023,37,15,5,Jumat,0,0,1,0
20230916,2023-09-16,2023,3,Q3,9,September,Sep,202309,Sep 2023,37,16,6,Sabtu,1,0,0,0
20230917,2023-09-17,2023,3,Q3,9,September,Sep,202309,Sep 2023,37,17,7,Minggu,1,0,0,0
20230918,2023-09-18,2023,3,Q3,9,September,Sep,202309,Sep 2023,38,18,1,Senin,0,0,1,0
20230919,2023-09-19,2023,3,Q3,9,September,Sep,202309,Sep 2023,38,19,2,Selasa,0,0,1,0
20230920,2023-09-20,2023,3,Q3,9,September,Sep,202309,Sep 2023,38,20,3,Rabu,0,0,1,0
20230921,2023-09-21,2023,3,Q3,9,September,Sep,202309,Sep 2023,38,21,4,Kamis,0,0,1,0
20230922,2023-09-22,2023,3,Q3,9,September,Sep,202309,Sep 2023,38,22,5,Jumat,0,0,1,0
20230923,2023-09-23,2023,3,Q3,9,September,Sep,202309,Sep 2023,38,23,6,Sabtu,1,0,0,0
20230924,2023-09-24,2023,3,Q3,9,September,Sep,202309,Sep 2023,38,24,7,Minggu,1,0,0,0
20230925,2023-09-25,2023,3,Q3,9,September,Sep,202309,Sep 2023,39,25,1,Senin,0,0,1,0
20230926,2023-09-26,2023,3,Q3,9,September,Sep,202309,Sep 2023,39,26,2,Selasa,0,0,1,0
20230927,2023-09-27,2023,3,Q3,9,September,Sep,202309,Sep 2023,39,27,3,Rabu,0,0,1,0
20230928,2023-09-28,2023,3,Q3,9,September,Sep,202309,Sep 2023,39,28,4,Kamis,0,1,0,0
20230929,2023-09-29,2023,3,Q3,9,September,Sep,202309,Sep 2023,39,29,5,Jumat,0,0,1,0
20230930,2023-09-30,2023,3,Q3,9,September,Sep,202309,Sep 2023,39,30,6,Sabtu,1,0,0,1
20231001,2023-10-01,2023,4,Q4,10,Oktober,Oct,202310,Oct 2023,39,1,7,Minggu,1,0,0,0
20231002,2023-10-02,2023,4,Q4,10,Oktober,Oct,202310,Oct 2023,40,2,1,Senin,0,0,1,0
20231003,2023-10-03,2023,4,Q4,10,Oktober,Oct,202310,Oct 2023,40,3,2,Selasa,0,0,1,0
20231004,2023-10-04,2023,4,Q4,10,Oktober,Oct,202310,Oct 2023,40,4,3,Rabu,0,0,1,0
20231005,2023-10-05,2023,4,Q4,10,Oktober,Oct,202310,Oct 2023,40,5,4,Kamis,0,0,1,0
20231006,2023-10-06,2023,4,Q4,10,Oktober,Oct,202310,Oct 2023,40,6,5,Jumat,0,0,1,0
20231007,2023-10-07,2023,4,Q4,10,Oktober,Oct,202310,Oct 2023,40,7,6,Sabtu,1,0,0,0
20231008,2023-10-08,2023,4,Q4,10,Oktober,Oct,202310,Oct 2023,40,8,7,Minggu,1,0,0,0
20231009,2023-10-09,2023,4,Q4,10,Oktober,Oct,202310,Oct 2023,41,9,1,Senin,0,0,1,0
20231010,2023-10-10,2023,4,Q4,10,Oktober,Oct,202310,Oct 2023,41,10,2,Selasa,0,0,1,0
20231011,2023-10-11,2023,4,Q4,10,Oktober,Oct,202310,Oct 2023,41,11,3,Rabu,0,0,1,0
20231012,2023-10-12,2023,4,Q4,10,Oktober,Oct,202310,Oct 2023,41,12,4,Kamis,0,0,1,0
20231013,2023-10-13,2023,4,Q4,10,Oktober,Oct,202310,Oct 2023,41,13,5,Jumat,0,0,1,0
20231014,2023-10-14,2023,4,Q4,10,Oktober,Oct,202310,Oct 2023,41,14,6,Sabtu,1,0,0,0
20231015,2023-10-15,2023,4,Q4,10,Oktober,Oct,202310,Oct 2023,41,15,7,Minggu,1,0,0,0
20231016,2023-10-16,2023,4,Q4,10,Oktober,Oct,202310,Oct 2023,42,16,1,Senin,0,0,1,0
20231017,2023-10-17,2023,4,Q4,10,Oktober,Oct,202310,Oct 2023,42,17,2,Selasa,0,0,1,0
20231018,2023-10-18,2023,4,Q4,10,Oktober,Oct,202310,Oct 2023,42,18,3,Rabu,0,0,1,0
20231019,2023-10-19,2023,4,Q4,10,Oktober,Oct,202310,Oct 2023,42,19,4,Kamis,0,0,1,0
20231020,2023-10-20,2023,4,Q4,10,Oktober,Oct,202310,Oct 2023,42,20,5,Jumat,0,0,1,0
20231021,2023-10-21,2023,4,Q4,10,Oktober,Oct,202310,Oct 2023,42,21,6,Sabtu,1,0,0,0
20231022,2023-10-22,2023,4,Q4,10,Oktober,Oct,202310,Oct 2023,42,22,7,Minggu,1,0,0,0
20231023,2023-10-23,2023,4,Q4,10,Oktober,Oct,202310,Oct 2023,43,23,1,Senin,0,0,1,0
20231024,2023-10-24,2023,4,Q4,10,Oktober,Oct,202310,Oct 2023,43,24,2,Selasa,0,0,1,0
20231025,2023-10-25,2023,4,Q4,10,Oktober,Oct,202310,Oct 2023,43,25,3,Rabu,0,0,1,0
20231026,2023-10-26,2023,4,Q4,10,Oktober,Oct,202310,Oct 2023,43,26,4,Kamis,0,0,1,0
20231027,2023-10-27,2023,4,Q4,10,Oktober,Oct,202310,Oct 2023,43,27,5,Jumat,0,0,1,0
20231028,2023-10-28,2023,4,Q4,10,Oktober,Oct,202310,Oct 2023,43,28,6,Sabtu,1,0,0,0
20231029,2023-10-29,2023,4,Q4,10,Oktober,Oct,202310,Oct 2023,43,29,7,Minggu,1,0,0,0
20231030,2023-10-30,2023,4,Q4,10,Oktober,Oct,202310,Oct 2023,44,30,1,Senin,0,0,1,0
20231031,2023-10-31,2023,4,Q4,10,Oktober,Oct,202310,Oct 2023,44,31,2,Selasa,0,0,1,1
20231101,2023-11-01,2023,4,Q4,11,November,Nov,202311,Nov 2023,44,1,3,Rabu,0,0,1,0
20231102,2023-11-02,2023,4,Q4,11,November,Nov,202311,Nov 2023,44,2,4,Kamis,0,0,1,0
20231103,2023-11-03,2023,4,Q4,11,November,Nov,202311,Nov 2023,44,3,5,Jumat,0,0,1,0
20231104,2023-11-04,2023,4,Q4,11,November,Nov,202311,Nov 2023,44,4,6,Sabtu,1,0,0,0
20231105,2023-11-05,2023,4,Q4,11,November,Nov,202311,Nov 2023,44,5,7,Minggu,1,0,0,0
20231106,2023-11-06,2023,4,Q4,11,November,Nov,202311,Nov 2023,45,6,1,Senin,0,0,1,0
20231107,2023-11-07,2023,4,Q4,11,November,Nov,202311,Nov 2023,45,7,2,Selasa,0,0,1,0
20231108,2023-11-08,2023,4,Q4,11,November,Nov,202311,Nov 2023,45,8,3,Rabu,0,0,1,0
20231109,2023-11-09,2023,4,Q4,11,November,Nov,202311,Nov 2023,45,9,4,Kamis,0,0,1,0
20231110,2023-11-10,2023,4,Q4,11,November,Nov,202311,Nov 2023,45,10,5,Jumat,0,0,1,0
20231111,2023-11-11,2023,4,Q4,11,November,Nov,202311,Nov 2023,45,11,6,Sabtu,1,0,0,0
20231112,2023-11-12,2023,4,Q4,11,November,Nov,202311,Nov 2023,45,12,7,Minggu,1,0,0,0
20231113,2023-11-13,2023,4,Q4,11,November,Nov,202311,Nov 2023,46,13,1,Senin,0,0,1,0
20231114,2023-11-14,2023,4,Q4,11,November,Nov,202311,Nov 2023,46,14,2,Selasa,0,0,1,0
20231115,2023-11-15,2023,4,Q4,11,November,Nov,202311,Nov 2023,46,15,3,Rabu,0,0,1,0
20231116,2023-11-16,2023,4,Q4,11,November,Nov,202311,Nov 2023,46,16,4,Kamis,0,0,1,0
20231117,2023-11-17,2023,4,Q4,11,November,Nov,202311,Nov 2023,46,17,5,Jumat,0,0,1,0
20231118,2023-11-18,2023,4,Q4,11,November,Nov,202311,Nov 2023,46,18,6,Sabtu,1,0,0,0
20231119,2023-11-19,2023,4,Q4,11,November,Nov,202311,Nov 2023,46,19,7,Minggu,1,0,0,0
20231120,2023-11-20,2023,4,Q4,11,November,Nov,202311,Nov 2023,47,20,1,Senin,0,0,1,0
20231121,2023-11-21,2023,4,Q4,11,November,Nov,202311,Nov 2023,47,21,2,Selasa,0,0,1,0
20231122,2023-11-22,2023,4,Q4,11,November,Nov,202311,Nov 2023,47,22,3,Rabu,0,0,1,0
20231123,2023-11-23,2023,4,Q4,11,November,Nov,202311,Nov 2023,47,23,4,Kamis,0,0,1,0
20231124,2023-11-24,2023,4,Q4,11,November,Nov,202311,Nov 2023,47,24,5,Jumat,0,0,1,0
20231125,2023-11-25,2023,4,Q4,11,November,Nov,202311,Nov 2023,47,25,6,Sabtu,1,0,0,0
20231126,2023-11-26,2023,4,Q4,11,November,Nov,202311,Nov 2023,47,26,7,Minggu,1,0,0,0
20231127,2023-11-27,2023,4,Q4,11,November,Nov,202311,Nov 2023,48,27,1,Senin,0,0,1,0
20231128,2023-11-28,2023,4,Q4,11,November,Nov,202311,Nov 2023,48,28,2,Selasa,0,0,1,0
20231129,2023-11-29,2023,4,Q4,11,November,Nov,202311,Nov 2023,48,29,3,Rabu,0,0,1,0
20231130,2023-11-30,2023,4,Q4,11,November,Nov,202311,Nov 2023,48,30,4,Kamis,0,0,1,1
20231201,2023-12-01,2023,4,Q4,12,Desember,Dec,202312,Dec 2023,48,1,5,Jumat,0,0,1,0
20231202,2023-12-02,2023,4,Q4,12,Desember,Dec,202312,Dec 2023,48,2,6,Sabtu,1,0,0,0
20231203,2023-12-03,2023,4,Q4,12,Desember,Dec,202312,Dec 2023,48,3,7,Minggu,1,0,0,0
20231204,2023-12-04,2023,4,Q4,12,Desember,Dec,202312,Dec 2023,49,4,1,Senin,0,0,1,0
20231205,2023-12-05,2023,4,Q4,12,Desember,Dec,202312,Dec 2023,49,5,2,Selasa,0,0,1,0
20231206,2023-12-06,2023,4,Q4,12,Desember,Dec,202312,Dec 2023,49,6,3,Rabu,0,0,1,0
20231207,2023-12-07,2023,4,Q4,12,Desember,Dec,202312,Dec 2023,49,7,4,Kamis,0,0,1,0
20231208,2023-12-08,2023,4,Q4,12,Desember,Dec,202312,Dec 2023,49,8,5,Jumat,0,0,1,0
20231209,2023-12-09,2023,4,Q4,12,Desember,Dec,202312,Dec 2023,49,9,6,Sabtu,1,0,0,0
20231210,2023-12-10,2023,4,Q4,12,Desember,Dec,202312,Dec 2023,49,10,7,Minggu,1,0,0,0
20231211,2023-12-11,2023,4,Q4,12,Desember,Dec,202312,Dec 2023,50,11,1,Senin,0,0,1,0
20231212,2023-12-12,2023,4,Q4,12,Desember,Dec,202312,Dec 2023,50,12,2,Selasa,0,0,1,0
20231213,2023-12-13,2023,4,Q4,12,Desember,Dec,202312,Dec 2023,50,13,3,Rabu,0,0,1,0
20231214,2023-12-14,2023,4,Q4,12,Desember,Dec,202312,Dec 2023,50,14,4,Kamis,0,0,1,0
20231215,2023-12-15,2023,4,Q4,12,Desember,Dec,202312,Dec 2023,50,15,5,Jumat,0,0,1,0
20231216,2023-12-16,2023,4,Q4,12,Desember,Dec,202312,Dec 2023,50,16,6,Sabtu,1,0,0,0
20231217,2023-12-17,2023,4,Q4,12,Desember,Dec,202312,Dec 2023,50,17,7,Minggu,1,0,0,0
20231218,2023-12-18,2023,4,Q4,12,Desember,Dec,202312,Dec 2023,51,18,1,Senin,0,0,1,0
20231219,2023-12-19,2023,4,Q4,12,Desember,Dec,202312,Dec 2023,51,19,2,Selasa,0,0,1,0
20231220,2023-12-20,2023,4,Q4,12,Desember,Dec,202312,Dec 2023,51,20,3,Rabu,0,0,1,0
20231221,2023-12-21,2023,4,Q4,12,Desember,Dec,202312,Dec 2023,51,21,4,Kamis,0,0,1,0
20231222,2023-12-22,2023,4,Q4,12,Desember,Dec,202312,Dec 2023,51,22,5,Jumat,0,0,1,0
20231223,2023-12-23,2023,4,Q4,12,Desember,Dec,202312,Dec 2023,51,23,6,Sabtu,1,0,0,0
20231224,2023-12-24,2023,4,Q4,12,Desember,Dec,202312,Dec 2023,51,24,7,Minggu,1,0,0,0
20231225,2023-12-25,2023,4,Q4,12,Desember,Dec,202312,Dec 2023,52,25,1,Senin,0,1,0,0
20231226,2023-12-26,2023,4,Q4,12,Desember,Dec,202312,Dec 2023,52,26,2,Selasa,0,0,1,0
20231227,2023-12-27,2023,4,Q4,12,Desember,Dec,202312,Dec 2023,52,27,3,Rabu,0,0,1,0
20231228,2023-12-28,2023,4,Q4,12,Desember,Dec,202312,Dec 2023,52,28,4,Kamis,0,0,1,0
20231229,2023-12-29,2023,4,Q4,12,Desember,Dec,202312,Dec 2023,52,29,5,Jumat,0,0,1,0
20231230,2023-12-30,2023,4,Q4,12,Desember,Dec,202312,Dec 2023,52,30,6,Sabtu,1,0,0,0
20231231,2023-12-31,2023,4,Q4,12,Desember,Dec,202312,Dec 2023,52,31,7,Minggu,1,0,0,1
20240101,2024-01-01,2024,1,Q1,1,Januari,Jan,202401,Jan 2024,1,1,1,Senin,0,1,0,0
20240102,2024-01-02,2024,1,Q1,1,Januari,Jan,202401,Jan 2024,1,2,2,Selasa,0,0,1,0
20240103,2024-01-03,2024,1,Q1,1,Januari,Jan,202401,Jan 2024,1,3,3,Rabu,0,0,1,0
20240104,2024-01-04,2024,1,Q1,1,Januari,Jan,202401,Jan 2024,1,4,4,Kamis,0,0,1,0
20240105,2024-01-05,2024,1,Q1,1,Januari,Jan,202401,Jan 2024,1,5,5,Jumat,0,0,1,0
20240106,2024-01-06,2024,1,Q1,1,Januari,Jan,202401,Jan 2024,1,6,6,Sabtu,1,0,0,0
20240107,2024-01-07,2024,1,Q1,1,Januari,Jan,202401,Jan 2024,1,7,7,Minggu,1,0,0,0
20240108,2024-01-08,2024,1,Q1,1,Januari,Jan,202401,Jan 2024,2,8,1,Senin,0,0,1,0
20240109,2024-01-09,2024,1,Q1,1,Januari,Jan,202401,Jan 2024,2,9,2,Selasa,0,0,1,0
20240110,2024-01-10,2024,1,Q1,1,Januari,Jan,202401,Jan 2024,2,10,3,Rabu,0,0,1,0
20240111,2024-01-11,2024,1,Q1,1,Januari,Jan,202401,Jan 2024,2,11,4,Kamis,0,0,1,0
20240112,2024-01-12,2024,1,Q1,1,Januari,Jan,202401,Jan 2024,2,12,5,Jumat,0,0,1,0
20240113,2024-01-13,2024,1,Q1,1,Januari,Jan,202401,Jan 2024,2,13,6,Sabtu,1,0,0,0
20240114,2024-01-14,2024,1,Q1,1,Januari,Jan,202401,Jan 2024,2,14,7,Minggu,1,0,0,0
20240115,2024-01-15,2024,1,Q1,1,Januari,Jan,202401,Jan 2024,3,15,1,Senin,0,0,1,0
20240116,2024-01-16,2024,1,Q1,1,Januari,Jan,202401,Jan 2024,3,16,2,Selasa,0,0,1,0
20240117,2024-01-17,2024,1,Q1,1,Januari,Jan,202401,Jan 2024,3,17,3,Rabu,0,0,1,0
20240118,2024-01-18,2024,1,Q1,1,Januari,Jan,202401,Jan 2024,3,18,4,Kamis,0,0,1,0
20240119,2024-01-19,2024,1,Q1,1,Januari,Jan,202401,Jan 2024,3,19,5,Jumat,0,0,1,0
20240120,2024-01-20,2024,1,Q1,1,Januari,Jan,202401,Jan 2024,3,20,6,Sabtu,1,0,0,0
20240121,2024-01-21,2024,1,Q1,1,Januari,Jan,202401,Jan 2024,3,21,7,Minggu,1,0,0,0
20240122,2024-01-22,2024,1,Q1,1,Januari,Jan,202401,Jan 2024,4,22,1,Senin,0,0,1,0
20240123,2024-01-23,2024,1,Q1,1,Januari,Jan,202401,Jan 2024,4,23,2,Selasa,0,0,1,0
20240124,2024-01-24,2024,1,Q1,1,Januari,Jan,202401,Jan 2024,4,24,3,Rabu,0,0,1,0
20240125,2024-01-25,2024,1,Q1,1,Januari,Jan,202401,Jan 2024,4,25,4,Kamis,0,0,1,0
20240126,2024-01-26,2024,1,Q1,1,Januari,Jan,202401,Jan 2024,4,26,5,Jumat,0,0,1,0
20240127,2024-01-27,2024,1,Q1,1,Januari,Jan,202401,Jan 2024,4,27,6,Sabtu,1,0,0,0
20240128,2024-01-28,2024,1,Q1,1,Januari,Jan,202401,Jan 2024,4,28,7,Minggu,1,0,0,0
20240129,2024-01-29,2024,1,Q1,1,Januari,Jan,202401,Jan 2024,5,29,1,Senin,0,0,1,0
20240130,2024-01-30,2024,1,Q1,1,Januari,Jan,202401,Jan 2024,5,30,2,Selasa,0,0,1,0
20240131,2024-01-31,2024,1,Q1,1,Januari,Jan,202401,Jan 2024,5,31,3,Rabu,0,0,1,1
20240201,2024-02-01,2024,1,Q1,2,Februari,Feb,202402,Feb 2024,5,1,4,Kamis,0,0,1,0
20240202,2024-02-02,2024,1,Q1,2,Februari,Feb,202402,Feb 2024,5,2,5,Jumat,0,0,1,0
20240203,2024-02-03,2024,1,Q1,2,Februari,Feb,202402,Feb 2024,5,3,6,Sabtu,1,0,0,0
20240204,2024-02-04,2024,1,Q1,2,Februari,Feb,202402,Feb 2024,5,4,7,Minggu,1,0,0,0
20240205,2024-02-05,2024,1,Q1,2,Februari,Feb,202402,Feb 2024,6,5,1,Senin,0,0,1,0
20240206,2024-02-06,2024,1,Q1,2,Februari,Feb,202402,Feb 2024,6,6,2,Selasa,0,0,1,0
20240207,2024-02-07,2024,1,Q1,2,Februari,Feb,202402,Feb 2024,6,7,3,Rabu,0,0,1,0
20240208,2024-02-08,2024,1,Q1,2,Februari,Feb,202402,Feb 2024,6,8,4,Kamis,0,1,0,0
20240209,2024-02-09,2024,1,Q1,2,Februari,Feb,202402,Feb 2024,6,9,5,Jumat,0,0,1,0
20240210,2024-02-10,2024,1,Q1,2,Februari,Feb,202402,Feb 2024,6,10,6,Sabtu,1,1,0,0
20240211,2024-02-11,2024,1,Q1,2,Februari,Feb,202402,Feb 2024,6,11,7,Minggu,1,0,0,0
20240212,2024-02-12,2024,1,Q1,2,Februari,Feb,202402,Feb 2024,7,12,1,Senin,0,0,1,0
20240213,2024-02-13,2024,1,Q1,2,Februari,Feb,202402,Feb 2024,7,13,2,Selasa,0,0,1,0
20240214,2024-02-14,2024,1,Q1,2,Februari,Feb,202402,Feb 2024,7,14,3,Rabu,0,0,1,0
20240215,2024-02-15,2024,1,Q1,2,Februari,Feb,202402,Feb 2024,7,15,4,Kamis,0,0,1,0
20240216,2024-02-16,2024,1,Q1,2,Februari,Feb,202402,Feb 2024,7,16,5,Jumat,0,0,1,0
20240217,2024-02-17,2024,1,Q1,2,Februari,Feb,202402,Feb 2024,7,17,6,Sabtu,1,0,0,0
20240218,2024-02-18,2024,1,Q1,2,Februari,Feb,202402,Feb 2024,7,18,7,Minggu,1,0,0,0
20240219,2024-02-19,2024,1,Q1,2,Februari,Feb,202402,Feb 2024,8,19,1,Senin,0,0,1,0
20240220,2024-02-20,2024,1,Q1,2,Februari,Feb,202402,Feb 2024,8,20,2,Selasa,0,0,1,0
20240221,2024-02-21,2024,1,Q1,2,Februari,Feb,202402,Feb 2024,8,21,3,Rabu,0,0,1,0
20240222,2024-02-22,2024,1,Q1,2,Februari,Feb,202402,Feb 2024,8,22,4,Kamis,0,0,1,0
20240223,2024-02-23,2024,1,Q1,2,Februari,Feb,202402,Feb 2024,8,23,5,Jumat,0,0,1,0
20240224,2024-02-24,2024,1,Q1,2,Februari,Feb,202402,Feb 2024,8,24,6,Sabtu,1,0,0,0
20240225,2024-02-25,2024,1,Q1,2,Februari,Feb,202402,Feb 2024,8,25,7,Minggu,1,0,0,0
20240226,2024-02-26,2024,1,Q1,2,Februari,Feb,202402,Feb 2024,9,26,1,Senin,0,0,1,0
20240227,2024-02-27,2024,1,Q1,2,Februari,Feb,202402,Feb 2024,9,27,2,Selasa,0,0,1,0
20240228,2024-02-28,2024,1,Q1,2,Februari,Feb,202402,Feb 2024,9,28,3,Rabu,0,0,1,0
20240229,2024-02-29,2024,1,Q1,2,Februari,Feb,202402,Feb 2024,9,29,4,Kamis,0,0,1,1
20240301,2024-03-01,2024,1,Q1,3,Maret,Mar,202403,Mar 2024,9,1,5,Jumat,0,0,1,0
20240302,2024-03-02,2024,1,Q1,3,Maret,Mar,202403,Mar 2024,9,2,6,Sabtu,1,0,0,0
20240303,2024-03-03,2024,1,Q1,3,Maret,Mar,202403,Mar 2024,9,3,7,Minggu,1,0,0,0
20240304,2024-03-04,2024,1,Q1,3,Maret,Mar,202403,Mar 2024,10,4,1,Senin,0,0,1,0
20240305,2024-03-05,2024,1,Q1,3,Maret,Mar,202403,Mar 2024,10,5,2,Selasa,0,0,1,0
20240306,2024-03-06,2024,1,Q1,3,Maret,Mar,202403,Mar 2024,10,6,3,Rabu,0,0,1,0
20240307,2024-03-07,2024,1,Q1,3,Maret,Mar,202403,Mar 2024,10,7,4,Kamis,0,0,1,0
20240308,2024-03-08,2024,1,Q1,3,Maret,Mar,202403,Mar 2024,10,8,5,Jumat,0,0,1,0
20240309,2024-03-09,2024,1,Q1,3,Maret,Mar,202403,Mar 2024,10,9,6,Sabtu,1,0,0,0
20240310,2024-03-10,2024,1,Q1,3,Maret,Mar,202403,Mar 2024,10,10,7,Minggu,1,0,0,0
20240311,2024-03-11,2024,1,Q1,3,Maret,Mar,202403,Mar 2024,11,11,1,Senin,0,1,0,0
20240312,2024-03-12,2024,1,Q1,3,Maret,Mar,202403,Mar 2024,11,12,2,Selasa,0,0,1,0
20240313,2024-03-13,2024,1,Q1,3,Maret,Mar,202403,Mar 2024,11,13,3,Rabu,0,0,1,0
20240314,2024-03-14,2024,1,Q1,3,Maret,Mar,202403,Mar 2024,11,14,4,Kamis,0,0,1,0
20240315,2024-03-15,2024,1,Q1,3,Maret,Mar,202403,Mar 2024,11,15,5,Jumat,0,0,1,0
20240316,2024-03-16,2024,1,Q1,3,Maret,Mar,202403,Mar 2024,11,16,6,Sabtu,1,0,0,0
20240317,2024-03-17,2024,1,Q1,3,Maret,Mar,202403,Mar 2024,11,17,7,Minggu,1,0,0,0
20240318,2024-03-18,2024,1,Q1,3,Maret,Mar,202403,Mar 2024,12,18,1,Senin,0,0,1,0
20240319,2024-03-19,2024,1,Q1,3,Maret,Mar,202403,Mar 2024,12,19,2,Selasa,0,0,1,0
20240320,2024-03-20,2024,1,Q1,3,Maret,Mar,202403,Mar 2024,12,20,3,Rabu,0,0,1,0
20240321,2024-03-21,2024,1,Q1,3,Maret,Mar,202403,Mar 2024,12,21,4,Kamis,0,0,1,0
20240322,2024-03-22,2024,1,Q1,3,Maret,Mar,202403,Mar 2024,12,22,5,Jumat,0,0,1,0
20240323,2024-03-23,2024,1,Q1,3,Maret,Mar,202403,Mar 2024,12,23,6,Sabtu,1,0,0,0
20240324,2024-03-24,2024,1,Q1,3,Maret,Mar,202403,Mar 2024,12,24,7,Minggu,1,0,0,0
20240325,2024-03-25,2024,1,Q1,3,Maret,Mar,202403,Mar 2024,13,25,1,Senin,0,0,1,0
20240326,2024-03-26,2024,1,Q1,3,Maret,Mar,202403,Mar 2024,13,26,2,Selasa,0,0,1,0
20240327,2024-03-27,2024,1,Q1,3,Maret,Mar,202403,Mar 2024,13,27,3,Rabu,0,0,1,0
20240328,2024-03-28,2024,1,Q1,3,Maret,Mar,202403,Mar 2024,13,28,4,Kamis,0,0,1,0
20240329,2024-03-29,2024,1,Q1,3,Maret,Mar,202403,Mar 2024,13,29,5,Jumat,0,1,0,0
20240330,2024-03-30,2024,1,Q1,3,Maret,Mar,202403,Mar 2024,13,30,6,Sabtu,1,0,0,0
20240331,2024-03-31,2024,1,Q1,3,Maret,Mar,202403,Mar 2024,13,31,7,Minggu,1,0,0,1
20240401,2024-04-01,2024,2,Q2,4,April,Apr,202404,Apr 2024,14,1,1,Senin,0,0,1,0
20240402,2024-04-02,2024,2,Q2,4,April,Apr,202404,Apr 2024,14,2,2,Selasa,0,0,1,0
20240403,2024-04-03,2024,2,Q2,4,April,Apr,202404,Apr 2024,14,3,3,Rabu,0,0,1,0
20240404,2024-04-04,2024,2,Q2,4,April,Apr,202404,Apr 2024,14,4,4,Kamis,0,0,1,0
20240405,2024-04-05,2024,2,Q2,4,April,Apr,202404,Apr 2024,14,5,5,Jumat,0,0,1,0
20240406,2024-04-06,2024,2,Q2,4,April,Apr,202404,Apr 2024,14,6,6,Sabtu,1,0,0,0
20240407,2024-04-07,2024,2,Q2,4,April,Apr,202404,Apr 2024,14,7,7,Minggu,1,0,0,0
20240408,2024-04-08,2024,2,Q2,4,April,Apr,202404,Apr 2024,15,8,1,Senin,0,0,1,0
20240409,2024-04-09,2024,2,Q2,4,April,Apr,202404,Apr 2024,15,9,2,Selasa,0,0,1,0
20240410,2024-04-10,2024,2,Q2,4,April,Apr,202404,Apr 2024,15,10,3,Rabu,0,1,0,0
20240411,2024-04-11,2024,2,Q2,4,April,Apr,202404,Apr 2024,15,11,4,Kamis,0,1,0,0
20240412,2024-04-12,2024,2,Q2,4,April,Apr,202404,Apr 2024,15,12,5,Jumat,0,1,0,0
20240413,2024-04-13,2024,2,Q2,4,April,Apr,202404,Apr 2024,15,13,6,Sabtu,1,0,0,0
20240414,2024-04-14,2024,2,Q2,4,April,Apr,202404,Apr 2024,15,14,7,Minggu,1,0,0,0
20240415,2024-04-15,2024,2,Q2,4,April,Apr,202404,Apr 2024,16,15,1,Senin,0,1,0,0
20240416,2024-04-16,2024,2,Q2,4,April,Apr,202404,Apr 2024,16,16,2,Selasa,0,0,1,0
20240417,2024-04-17,2024,2,Q2,4,April,Apr,202404,Apr 2024,16,17,3,Rabu,0,0,1,0
20240418,2024-04-18,2024,2,Q2,4,April,Apr,202404,Apr 2024,16,18,4,Kamis,0,0,1,0
20240419,2024-04-19,2024,2,Q2,4,April,Apr,202404,Apr 2024,16,19,5,Jumat,0,0,1,0
20240420,2024-04-20,2024,2,Q2,4,April,Apr,202404,Apr 2024,16,20,6,Sabtu,1,0,0,0
20240421,2024-04-21,2024,2,Q2,4,April,Apr,202404,Apr 2024,16,21,7,Minggu,1,0,0,0
20240422,2024-04-22,2024,2,Q2,4,April,Apr,202404,Apr 2024,17,22,1,Senin,0,0,1,0
20240423,2024-04-23,2024,2,Q2,4,April,Apr,202404,Apr 2024,17,23,2,Selasa,0,0,1,0
20240424,2024-04-24,2024,2,Q2,4,April,Apr,202404,Apr 2024,17,24,3,Rabu,0,0,1,0
20240425,2024-04-25,2024,2,Q2,4,April,Apr,202404,Apr 2024,17,25,4,Kamis,0,0,1,0
20240426,2024-04-26,2024,2,Q2,4,April,Apr,202404,Apr 2024,17,26,5,Jumat,0,0,1,0
20240427,2024-04-27,2024,2,Q2,4,April,Apr,202404,Apr 2024,17,27,6,Sabtu,1,0,0,0
20240428,2024-04-28,2024,2,Q2,4,April,Apr,202404,Apr 2024,17,28,7,Minggu,1,0,0,0
20240429,2024-04-29,2024,2,Q2,4,April,Apr,202404,Apr 2024,18,29,1,Senin,0,0,1,0
20240430,2024-04-30,2024,2,Q2,4,April,Apr,202404,Apr 2024,18,30,2,Selasa,0,0,1,1
20240501,2024-05-01,2024,2,Q2,5,Mei,May,202405,May 2024,18,1,3,Rabu,0,1,0,0
20240502,2024-05-02,2024,2,Q2,5,Mei,May,202405,May 2024,18,2,4,Kamis,0,0,1,0
20240503,2024-05-03,2024,2,Q2,5,Mei,May,202405,May 2024,18,3,5,Jumat,0,0,1,0
20240504,2024-05-04,2024,2,Q2,5,Mei,May,202405,May 2024,18,4,6,Sabtu,1,0,0,0
20240505,2024-05-05,2024,2,Q2,5,Mei,May,202405,May 2024,18,5,7,Minggu,1,0,0,0
20240506,2024-05-06,2024,2,Q2,5,Mei,May,202405,May 2024,19,6,1,Senin,0,0,1,0
20240507,2024-05-07,2024,2,Q2,5,Mei,May,202405,May 2024,19,7,2,Selasa,0,0,1,0
20240508,2024-05-08,2024,2,Q2,5,Mei,May,202405,May 2024,19,8,3,Rabu,0,0,1,0
20240509,2024-05-09,2024,2,Q2,5,Mei,May,202405,May 2024,19,9,4,Kamis,0,1,0,0
20240510,2024-05-10,2024,2,Q2,5,Mei,May,202405,May 2024,19,10,5,Jumat,0,0,1,0
20240511,2024-05-11,2024,2,Q2,5,Mei,May,202405,May 2024,19,11,6,Sabtu,1,0,0,0
20240512,2024-05-12,2024,2,Q2,5,Mei,May,202405,May 2024,19,12,7,Minggu,1,0,0,0
20240513,2024-05-13,2024,2,Q2,5,Mei,May,202405,May 2024,20,13,1,Senin,0,0,1,0
20240514,2024-05-14,2024,2,Q2,5,Mei,May,202405,May 2024,20,14,2,Selasa,0,0,1,0
20240515,2024-05-15,2024,2,Q2,5,Mei,May,202405,May 2024,20,15,3,Rabu,0,0,1,0
20240516,2024-05-16,2024,2,Q2,5,Mei,May,202405,May 2024,20,16,4,Kamis,0,0,1,0
20240517,2024-05-17,2024,2,Q2,5,Mei,May,202405,May 2024,20,17,5,Jumat,0,0,1,0
20240518,2024-05-18,2024,2,Q2,5,Mei,May,202405,May 2024,20,18,6,Sabtu,1,0,0,0
20240519,2024-05-19,2024,2,Q2,5,Mei,May,202405,May 2024,20,19,7,Minggu,1,0,0,0
20240520,2024-05-20,2024,2,Q2,5,Mei,May,202405,May 2024,21,20,1,Senin,0,0,1,0
20240521,2024-05-21,2024,2,Q2,5,Mei,May,202405,May 2024,21,21,2,Selasa,0,0,1,0
20240522,2024-05-22,2024,2,Q2,5,Mei,May,202405,May 2024,21,22,3,Rabu,0,0,1,0
20240523,2024-05-23,2024,2,Q2,5,Mei,May,202405,May 2024,21,23,4,Kamis,0,1,0,0
20240524,2024-05-24,2024,2,Q2,5,Mei,May,202405,May 2024,21,24,5,Jumat,0,0,1,0
20240525,2024-05-25,2024,2,Q2,5,Mei,May,202405,May 2024,21,25,6,Sabtu,1,0,0,0
20240526,2024-05-26,2024,2,Q2,5,Mei,May,202405,May 2024,21,26,7,Minggu,1,0,0,0
20240527,2024-05-27,2024,2,Q2,5,Mei,May,202405,May 2024,22,27,1,Senin,0,0,1,0
20240528,2024-05-28,2024,2,Q2,5,Mei,May,202405,May 2024,22,28,2,Selasa,0,0,1,0
20240529,2024-05-29,2024,2,Q2,5,Mei,May,202405,May 2024,22,29,3,Rabu,0,0,1,0
20240530,2024-05-30,2024,2,Q2,5,Mei,May,202405,May 2024,22,30,4,Kamis,0,0,1,0
20240531,2024-05-31,2024,2,Q2,5,Mei,May,202405,May 2024,22,31,5,Jumat,0,0,1,1
20240601,2024-06-01,2024,2,Q2,6,Juni,Jun,202406,Jun 2024,22,1,6,Sabtu,1,1,0,0
20240602,2024-06-02,2024,2,Q2,6,Juni,Jun,202406,Jun 2024,22,2,7,Minggu,1,0,0,0
20240603,2024-06-03,2024,2,Q2,6,Juni,Jun,202406,Jun 2024,23,3,1,Senin,0,0,1,0
20240604,2024-06-04,2024,2,Q2,6,Juni,Jun,202406,Jun 2024,23,4,2,Selasa,0,0,1,0
20240605,2024-06-05,2024,2,Q2,6,Juni,Jun,202406,Jun 2024,23,5,3,Rabu,0,0,1,0
20240606,2024-06-06,2024,2,Q2,6,Juni,Jun,202406,Jun 2024,23,6,4,Kamis,0,0,1,0
20240607,2024-06-07,2024,2,Q2,6,Juni,Jun,202406,Jun 2024,23,7,5,Jumat,0,0,1,0
20240608,2024-06-08,2024,2,Q2,6,Juni,Jun,202406,Jun 2024,23,8,6,Sabtu,1,0,0,0
20240609,2024-06-09,2024,2,Q2,6,Juni,Jun,202406,Jun 2024,23,9,7,Minggu,1,0,0,0
20240610,2024-06-10,2024,2,Q2,6,Juni,Jun,202406,Jun 2024,24,10,1,Senin,0,0,1,0
20240611,2024-06-11,2024,2,Q2,6,Juni,Jun,202406,Jun 2024,24,11,2,Selasa,0,0,1,0
20240612,2024-06-12,2024,2,Q2,6,Juni,Jun,202406,Jun 2024,24,12,3,Rabu,0,0,1,0
20240613,2024-06-13,2024,2,Q2,6,Juni,Jun,202406,Jun 2024,24,13,4,Kamis,0,0,1,0
20240614,2024-06-14,2024,2,Q2,6,Juni,Jun,202406,Jun 2024,24,14,5,Jumat,0,0,1,0
20240615,2024-06-15,2024,2,Q2,6,Juni,Jun,202406,Jun 2024,24,15,6,Sabtu,1,0,0,0
20240616,2024-06-16,2024,2,Q2,6,Juni,Jun,202406,Jun 2024,24,16,7,Minggu,1,0,0,0
20240617,2024-06-17,2024,2,Q2,6,Juni,Jun,202406,Jun 2024,25,17,1,Senin,0,1,0,0
20240618,2024-06-18,2024,2,Q2,6,Juni,Jun,202406,Jun 2024,25,18,2,Selasa,0,0,1,0
20240619,2024-06-19,2024,2,Q2,6,Juni,Jun,202406,Jun 2024,25,19,3,Rabu,0,0,1,0
20240620,2024-06-20,2024,2,Q2,6,Juni,Jun,202406,Jun 2024,25,20,4,Kamis,0,0,1,0
20240621,2024-06-21,2024,2,Q2,6,Juni,Jun,202406,Jun 2024,25,21,5,Jumat,0,0,1,0
20240622,2024-06-22,2024,2,Q2,6,Juni,Jun,202406,Jun 2024,25,22,6,Sabtu,1,0,0,0
20240623,2024-06-23,2024,2,Q2,6,Juni,Jun,202406,Jun 2024,25,23,7,Minggu,1,0,0,0
20240624,2024-06-24,2024,2,Q2,6,Juni,Jun,202406,Jun 2024,26,24,1,Senin,0,0,1,0
20240625,2024-06-25,2024,2,Q2,6,Juni,Jun,202406,Jun 2024,26,25,2,Selasa,0,0,1,0
20240626,2024-06-26,2024,2,Q2,6,Juni,Jun,202406,Jun 2024,26,26,3,Rabu,0,0,1,0
20240627,2024-06-27,2024,2,Q2,6,Juni,Jun,202406,Jun 2024,26,27,4,Kamis,0,0,1,0
20240628,2024-06-28,2024,2,Q2,6,Juni,Jun,202406,Jun 2024,26,28,5,Jumat,0,0,1,0
20240629,2024-06-29,2024,2,Q2,6,Juni,Jun,202406,Jun 2024,26,29,6,Sabtu,1,0,0,0
20240630,2024-06-30,2024,2,Q2,6,Juni,Jun,202406,Jun 2024,26,30,7,Minggu,1,0,0,1
20240701,2024-07-01,2024,3,Q3,7,Juli,Jul,202407,Jul 2024,27,1,1,Senin,0,0,1,0
20240702,2024-07-02,2024,3,Q3,7,Juli,Jul,202407,Jul 2024,27,2,2,Selasa,0,0,1,0
20240703,2024-07-03,2024,3,Q3,7,Juli,Jul,202407,Jul 2024,27,3,3,Rabu,0,0,1,0
20240704,2024-07-04,2024,3,Q3,7,Juli,Jul,202407,Jul 2024,27,4,4,Kamis,0,0,1,0
20240705,2024-07-05,2024,3,Q3,7,Juli,Jul,202407,Jul 2024,27,5,5,Jumat,0,0,1,0
20240706,2024-07-06,2024,3,Q3,7,Juli,Jul,202407,Jul 2024,27,6,6,Sabtu,1,0,0,0
20240707,2024-07-07,2024,3,Q3,7,Juli,Jul,202407,Jul 2024,27,7,7,Minggu,1,1,0,0
20240708,2024-07-08,2024,3,Q3,7,Juli,Jul,202407,Jul 2024,28,8,1,Senin,0,0,1,0
20240709,2024-07-09,2024,3,Q3,7,Juli,Jul,202407,Jul 2024,28,9,2,Selasa,0,0,1,0
20240710,2024-07-10,2024,3,Q3,7,Juli,Jul,202407,Jul 2024,28,10,3,Rabu,0,0,1,0
20240711,2024-07-11,2024,3,Q3,7,Juli,Jul,202407,Jul 2024,28,11,4,Kamis,0,0,1,0
20240712,2024-07-12,2024,3,Q3,7,Juli,Jul,202407,Jul 2024,28,12,5,Jumat,0,0,1,0
20240713,2024-07-13,2024,3,Q3,7,Juli,Jul,202407,Jul 2024,28,13,6,Sabtu,1,0,0,0
20240714,2024-07-14,2024,3,Q3,7,Juli,Jul,202407,Jul 2024,28,14,7,Minggu,1,0,0,0
20240715,2024-07-15,2024,3,Q3,7,Juli,Jul,202407,Jul 2024,29,15,1,Senin,0,0,1,0
20240716,2024-07-16,2024,3,Q3,7,Juli,Jul,202407,Jul 2024,29,16,2,Selasa,0,0,1,0
20240717,2024-07-17,2024,3,Q3,7,Juli,Jul,202407,Jul 2024,29,17,3,Rabu,0,0,1,0
20240718,2024-07-18,2024,3,Q3,7,Juli,Jul,202407,Jul 2024,29,18,4,Kamis,0,0,1,0
20240719,2024-07-19,2024,3,Q3,7,Juli,Jul,202407,Jul 2024,29,19,5,Jumat,0,0,1,0
20240720,2024-07-20,2024,3,Q3,7,Juli,Jul,202407,Jul 2024,29,20,6,Sabtu,1,0,0,0
20240721,2024-07-21,2024,3,Q3,7,Juli,Jul,202407,Jul 2024,29,21,7,Minggu,1,0,0,0
20240722,2024-07-22,2024,3,Q3,7,Juli,Jul,202407,Jul 2024,30,22,1,Senin,0,0,1,0
20240723,2024-07-23,2024,3,Q3,7,Juli,Jul,202407,Jul 2024,30,23,2,Selasa,0,0,1,0
20240724,2024-07-24,2024,3,Q3,7,Juli,Jul,202407,Jul 2024,30,24,3,Rabu,0,0,1,0
20240725,2024-07-25,2024,3,Q3,7,Juli,Jul,202407,Jul 2024,30,25,4,Kamis,0,0,1,0
20240726,2024-07-26,2024,3,Q3,7,Juli,Jul,202407,Jul 2024,30,26,5,Jumat,0,0,1,0
20240727,2024-07-27,2024,3,Q3,7,Juli,Jul,202407,Jul 2024,30,27,6,Sabtu,1,0,0,0
20240728,2024-07-28,2024,3,Q3,7,Juli,Jul,202407,Jul 2024,30,28,7,Minggu,1,0,0,0
20240729,2024-07-29,2024,3,Q3,7,Juli,Jul,202407,Jul 2024,31,29,1,Senin,0,0,1,0
20240730,2024-07-30,2024,3,Q3,7,Juli,Jul,202407,Jul 2024,31,30,2,Selasa,0,0,1,0
20240731,2024-07-31,2024,3,Q3,7,Juli,Jul,202407,Jul 2024,31,31,3,Rabu,0,0,1,1
20240801,2024-08-01,2024,3,Q3,8,Agustus,Aug,202408,Aug 2024,31,1,4,Kamis,0,0,1,0
20240802,2024-08-02,2024,3,Q3,8,Agustus,Aug,202408,Aug 2024,31,2,5,Jumat,0,0,1,0
20240803,2024-08-03,2024,3,Q3,8,Agustus,Aug,202408,Aug 2024,31,3,6,Sabtu,1,0,0,0
20240804,2024-08-04,2024,3,Q3,8,Agustus,Aug,202408,Aug 2024,31,4,7,Minggu,1,0,0,0
20240805,2024-08-05,2024,3,Q3,8,Agustus,Aug,202408,Aug 2024,32,5,1,Senin,0,0,1,0
20240806,2024-08-06,2024,3,Q3,8,Agustus,Aug,202408,Aug 2024,32,6,2,Selasa,0,0,1,0
20240807,2024-08-07,2024,3,Q3,8,Agustus,Aug,202408,Aug 2024,32,7,3,Rabu,0,0,1,0
20240808,2024-08-08,2024,3,Q3,8,Agustus,Aug,202408,Aug 2024,32,8,4,Kamis,0,0,1,0
20240809,2024-08-09,2024,3,Q3,8,Agustus,Aug,202408,Aug 2024,32,9,5,Jumat,0,0,1,0
20240810,2024-08-10,2024,3,Q3,8,Agustus,Aug,202408,Aug 2024,32,10,6,Sabtu,1,0,0,0
20240811,2024-08-11,2024,3,Q3,8,Agustus,Aug,202408,Aug 2024,32,11,7,Minggu,1,0,0,0
20240812,2024-08-12,2024,3,Q3,8,Agustus,Aug,202408,Aug 2024,33,12,1,Senin,0,0,1,0
20240813,2024-08-13,2024,3,Q3,8,Agustus,Aug,202408,Aug 2024,33,13,2,Selasa,0,0,1,0
20240814,2024-08-14,2024,3,Q3,8,Agustus,Aug,202408,Aug 2024,33,14,3,Rabu,0,0,1,0
20240815,2024-08-15,2024,3,Q3,8,Agustus,Aug,202408,Aug 2024,33,15,4,Kamis,0,0,1,0
20240816,2024-08-16,2024,3,Q3,8,Agustus,Aug,202408,Aug 2024,33,16,5,Jumat,0,0,1,0
20240817,2024-08-17,2024,3,Q3,8,Agustus,Aug,202408,Aug 2024,33,17,6,Sabtu,1,1,0,0
20240818,2024-08-18,2024,3,Q3,8,Agustus,Aug,202408,Aug 2024,33,18,7,Minggu,1,0,0,0
20240819,2024-08-19,2024,3,Q3,8,Agustus,Aug,202408,Aug 2024,34,19,1,Senin,0,0,1,0
20240820,2024-08-20,2024,3,Q3,8,Agustus,Aug,202408,Aug 2024,34,20,2,Selasa,0,0,1,0
20240821,2024-08-21,2024,3,Q3,8,Agustus,Aug,202408,Aug 2024,34,21,3,Rabu,0,0,1,0
20240822,2024-08-22,2024,3,Q3,8,Agustus,Aug,202408,Aug 2024,34,22,4,Kamis,0,0,1,0
20240823,2024-08-23,2024,3,Q3,8,Agustus,Aug,202408,Aug 2024,34,23,5,Jumat,0,0,1,0
20240824,2024-08-24,2024,3,Q3,8,Agustus,Aug,202408,Aug 2024,34,24,6,Sabtu,1,0,0,0
20240825,2024-08-25,2024,3,Q3,8,Agustus,Aug,202408,Aug 2024,34,25,7,Minggu,1,0,0,0
20240826,2024-08-26,2024,3,Q3,8,Agustus,Aug,202408,Aug 2024,35,26,1,Senin,0,0,1,0
20240827,2024-08-27,2024,3,Q3,8,Agustus,Aug,202408,Aug 2024,35,27,2,Selasa,0,0,1,0
20240828,2024-08-28,2024,3,Q3,8,Agustus,Aug,202408,Aug 2024,35,28,3,Rabu,0,0,1,0
20240829,2024-08-29,2024,3,Q3,8,Agustus,Aug,202408,Aug 2024,35,29,4,Kamis,0,0,1,0
20240830,2024-08-30,2024,3,Q3,8,Agustus,Aug,202408,Aug 2024,35,30,5,Jumat,0,0,1,0
20240831,2024-08-31,2024,3,Q3,8,Agustus,Aug,202408,Aug 2024,35,31,6,Sabtu,1,0,0,1
20240901,2024-09-01,2024,3,Q3,9,September,Sep,202409,Sep 2024,35,1,7,Minggu,1,0,0,0
20240902,2024-09-02,2024,3,Q3,9,September,Sep,202409,Sep 2024,36,2,1,Senin,0,0,1,0
20240903,2024-09-03,2024,3,Q3,9,September,Sep,202409,Sep 2024,36,3,2,Selasa,0,0,1,0
20240904,2024-09-04,2024,3,Q3,9,September,Sep,202409,Sep 2024,36,4,3,Rabu,0,0,1,0
20240905,2024-09-05,2024,3,Q3,9,September,Sep,202409,Sep 2024,36,5,4,Kamis,0,0,1,0
20240906,2024-09-06,2024,3,Q3,9,September,Sep,202409,Sep 2024,36,6,5,Jumat,0,0,1,0
20240907,2024-09-07,2024,3,Q3,9,September,Sep,202409,Sep 2024,36,7,6,Sabtu,1,0,0,0
20240908,2024-09-08,2024,3,Q3,9,September,Sep,202409,Sep 2024,36,8,7,Minggu,1,0,0,0
20240909,2024-09-09,2024,3,Q3,9,September,Sep,202409,Sep 2024,37,9,1,Senin,0,0,1,0
20240910,2024-09-10,2024,3,Q3,9,September,Sep,202409,Sep 2024,37,10,2,Selasa,0,0,1,0
20240911,2024-09-11,2024,3,Q3,9,September,Sep,202409,Sep 2024,37,11,3,Rabu,0,0,1,0
20240912,2024-09-12,2024,3,Q3,9,September,Sep,202409,Sep 2024,37,12,4,Kamis,0,0,1,0
20240913,2024-09-13,2024,3,Q3,9,September,Sep,202409,Sep 2024,37,13,5,Jumat,0,0,1,0
20240914,2024-09-14,2024,3,Q3,9,September,Sep,202409,Sep 2024,37,14,6,Sabtu,1,0,0,0
20240915,2024-09-15,2024,3,Q3,9,September,Sep,202409,Sep 2024,37,15,7,Minggu,1,0,0,0
20240916,2024-09-16,2024,3,Q3,9,September,Sep,202409,Sep 2024,38,16,1,Senin,0,1,0,0
20240917,2024-09-17,2024,3,Q3,9,September,Sep,202409,Sep 2024,38,17,2,Selasa,0,0,1,0
20240918,2024-09-18,2024,3,Q3,9,September,Sep,202409,Sep 2024,38,18,3,Rabu,0,0,1,0
20240919,2024-09-19,2024,3,Q3,9,September,Sep,202409,Sep 2024,38,19,4,Kamis,0,0,1,0
20240920,2024-09-20,2024,3,Q3,9,September,Sep,202409,Sep 2024,38,20,5,Jumat,0,0,1,0
20240921,2024-09-21,2024,3,Q3,9,September,Sep,202409,Sep 2024,38,21,6,Sabtu,1,0,0,0
20240922,2024-09-22,2024,3,Q3,9,September,Sep,202409,Sep 2024,38,22,7,Minggu,1,0,0,0
20240923,2024-09-23,2024,3,Q3,9,September,Sep,202409,Sep 2024,39,23,1,Senin,0,0,1,0
20240924,2024-09-24,2024,3,Q3,9,September,Sep,202409,Sep 2024,39,24,2,Selasa,0,0,1,0
20240925,2024-09-25,2024,3,Q3,9,September,Sep,202409,Sep 2024,39,25,3,Rabu,0,0,1,0
20240926,2024-09-26,2024,3,Q3,9,September,Sep,202409,Sep 2024,39,26,4,Kamis,0,0,1,0
20240927,2024-09-27,2024,3,Q3,9,September,Sep,202409,Sep 2024,39,27,5,Jumat,0,0,1,0
20240928,2024-09-28,2024,3,Q3,9,September,Sep,202409,Sep 2024,39,28,6,Sabtu,1,0,0,0
20240929,2024-09-29,2024,3,Q3,9,September,Sep,202409,Sep 2024,39,29,7,Minggu,1,0,0,0
20240930,2024-09-30,2024,3,Q3,9,September,Sep,202409,Sep 2024,40,30,1,Senin,0,0,1,1
20241001,2024-10-01,2024,4,Q4,10,Oktober,Oct,202410,Oct 2024,40,1,2,Selasa,0,0,1,0
20241002,2024-10-02,2024,4,Q4,10,Oktober,Oct,202410,Oct 2024,40,2,3,Rabu,0,0,1,0
20241003,2024-10-03,2024,4,Q4,10,Oktober,Oct,202410,Oct 2024,40,3,4,Kamis,0,0,1,0
20241004,2024-10-04,2024,4,Q4,10,Oktober,Oct,202410,Oct 2024,40,4,5,Jumat,0,0,1,0
20241005,2024-10-05,2024,4,Q4,10,Oktober,Oct,202410,Oct 2024,40,5,6,Sabtu,1,0,0,0
20241006,2024-10-06,2024,4,Q4,10,Oktober,Oct,202410,Oct 2024,40,6,7,Minggu,1,0,0,0
20241007,2024-10-07,2024,4,Q4,10,Oktober,Oct,202410,Oct 2024,41,7,1,Senin,0,0,1,0
20241008,2024-10-08,2024,4,Q4,10,Oktober,Oct,202410,Oct 2024,41,8,2,Selasa,0,0,1,0
20241009,2024-10-09,2024,4,Q4,10,Oktober,Oct,202410,Oct 2024,41,9,3,Rabu,0,0,1,0
20241010,2024-10-10,2024,4,Q4,10,Oktober,Oct,202410,Oct 2024,41,10,4,Kamis,0,0,1,0
20241011,2024-10-11,2024,4,Q4,10,Oktober,Oct,202410,Oct 2024,41,11,5,Jumat,0,0,1,0
20241012,2024-10-12,2024,4,Q4,10,Oktober,Oct,202410,Oct 2024,41,12,6,Sabtu,1,0,0,0
20241013,2024-10-13,2024,4,Q4,10,Oktober,Oct,202410,Oct 2024,41,13,7,Minggu,1,0,0,0
20241014,2024-10-14,2024,4,Q4,10,Oktober,Oct,202410,Oct 2024,42,14,1,Senin,0,0,1,0
20241015,2024-10-15,2024,4,Q4,10,Oktober,Oct,202410,Oct 2024,42,15,2,Selasa,0,0,1,0
20241016,2024-10-16,2024,4,Q4,10,Oktober,Oct,202410,Oct 2024,42,16,3,Rabu,0,0,1,0
20241017,2024-10-17,2024,4,Q4,10,Oktober,Oct,202410,Oct 2024,42,17,4,Kamis,0,0,1,0
20241018,2024-10-18,2024,4,Q4,10,Oktober,Oct,202410,Oct 2024,42,18,5,Jumat,0,0,1,0
20241019,2024-10-19,2024,4,Q4,10,Oktober,Oct,202410,Oct 2024,42,19,6,Sabtu,1,0,0,0
20241020,2024-10-20,2024,4,Q4,10,Oktober,Oct,202410,Oct 2024,42,20,7,Minggu,1,0,0,0
20241021,2024-10-21,2024,4,Q4,10,Oktober,Oct,202410,Oct 2024,43,21,1,Senin,0,0,1,0
20241022,2024-10-22,2024,4,Q4,10,Oktober,Oct,202410,Oct 2024,43,22,2,Selasa,0,0,1,0
20241023,2024-10-23,2024,4,Q4,10,Oktober,Oct,202410,Oct 2024,43,23,3,Rabu,0,0,1,0
20241024,2024-10-24,2024,4,Q4,10,Oktober,Oct,202410,Oct 2024,43,24,4,Kamis,0,0,1,0
20241025,2024-10-25,2024,4,Q4,10,Oktober,Oct,202410,Oct 2024,43,25,5,Jumat,0,0,1,0
20241026,2024-10-26,2024,4,Q4,10,Oktober,Oct,202410,Oct 2024,43,26,6,Sabtu,1,0,0,0
20241027,2024-10-27,2024,4,Q4,10,Oktober,Oct,202410,Oct 2024,43,27,7,Minggu,1,0,0,0
20241028,2024-10-28,2024,4,Q4,10,Oktober,Oct,202410,Oct 2024,44,28,1,Senin,0,0,1,0
20241029,2024-10-29,2024,4,Q4,10,Oktober,Oct,202410,Oct 2024,44,29,2,Selasa,0,0,1,0
20241030,2024-10-30,2024,4,Q4,10,Oktober,Oct,202410,Oct 2024,44,30,3,Rabu,0,0,1,0
20241031,2024-10-31,2024,4,Q4,10,Oktober,Oct,202410,Oct 2024,44,31,4,Kamis,0,0,1,1
20241101,2024-11-01,2024,4,Q4,11,November,Nov,202411,Nov 2024,44,1,5,Jumat,0,0,1,0
20241102,2024-11-02,2024,4,Q4,11,November,Nov,202411,Nov 2024,44,2,6,Sabtu,1,0,0,0
20241103,2024-11-03,2024,4,Q4,11,November,Nov,202411,Nov 2024,44,3,7,Minggu,1,0,0,0
20241104,2024-11-04,2024,4,Q4,11,November,Nov,202411,Nov 2024,45,4,1,Senin,0,0,1,0
20241105,2024-11-05,2024,4,Q4,11,November,Nov,202411,Nov 2024,45,5,2,Selasa,0,0,1,0
20241106,2024-11-06,2024,4,Q4,11,November,Nov,202411,Nov 2024,45,6,3,Rabu,0,0,1,0
20241107,2024-11-07,2024,4,Q4,11,November,Nov,202411,Nov 2024,45,7,4,Kamis,0,0,1,0
20241108,2024-11-08,2024,4,Q4,11,November,Nov,202411,Nov 2024,45,8,5,Jumat,0,0,1,0
20241109,2024-11-09,2024,4,Q4,11,November,Nov,202411,Nov 2024,45,9,6,Sabtu,1,0,0,0
20241110,2024-11-10,2024,4,Q4,11,November,Nov,202411,Nov 2024,45,10,7,Minggu,1,0,0,0
20241111,2024-11-11,2024,4,Q4,11,November,Nov,202411,Nov 2024,46,11,1,Senin,0,0,1,0
20241112,2024-11-12,2024,4,Q4,11,November,Nov,202411,Nov 2024,46,12,2,Selasa,0,0,1,0
20241113,2024-11-13,2024,4,Q4,11,November,Nov,202411,Nov 2024,46,13,3,Rabu,0,0,1,0
20241114,2024-11-14,2024,4,Q4,11,November,Nov,202411,Nov 2024,46,14,4,Kamis,0,0,1,0
20241115,2024-11-15,2024,4,Q4,11,November,Nov,202411,Nov 2024,46,15,5,Jumat,0,0,1,0
20241116,2024-11-16,2024,4,Q4,11,November,Nov,202411,Nov 2024,46,16,6,Sabtu,1,0,0,0
20241117,2024-11-17,2024,4,Q4,11,November,Nov,202411,Nov 2024,46,17,7,Minggu,1,0,0,0
20241118,2024-11-18,2024,4,Q4,11,November,Nov,202411,Nov 2024,47,18,1,Senin,0,0,1,0
20241119,2024-11-19,2024,4,Q4,11,November,Nov,202411,Nov 2024,47,19,2,Selasa,0,0,1,0
20241120,2024-11-20,2024,4,Q4,11,November,Nov,202411,Nov 2024,47,20,3,Rabu,0,0,1,0
20241121,2024-11-21,2024,4,Q4,11,November,Nov,202411,Nov 2024,47,21,4,Kamis,0,0,1,0
20241122,2024-11-22,2024,4,Q4,11,November,Nov,202411,Nov 2024,47,22,5,Jumat,0,0,1,0
20241123,2024-11-23,2024,4,Q4,11,November,Nov,202411,Nov 2024,47,23,6,Sabtu,1,0,0,0
20241124,2024-11-24,2024,4,Q4,11,November,Nov,202411,Nov 2024,47,24,7,Minggu,1,0,0,0
20241125,2024-11-25,2024,4,Q4,11,November,Nov,202411,Nov 2024,48,25,1,Senin,0,0,1,0
20241126,2024-11-26,2024,4,Q4,11,November,Nov,202411,Nov 2024,48,26,2,Selasa,0,0,1,0
20241127,2024-11-27,2024,4,Q4,11,November,Nov,202411,Nov 2024,48,27,3,Rabu,0,0,1,0
20241128,2024-11-28,2024,4,Q4,11,November,Nov,202411,Nov 2024,48,28,4,Kamis,0,0,1,0
20241129,2024-11-29,2024,4,Q4,11,November,Nov,202411,Nov 2024,48,29,5,Jumat,0,0,1,0
20241130,2024-11-30,2024,4,Q4,11,November,Nov,202411,Nov 2024,48,30,6,Sabtu,1,0,0,1
20241201,2024-12-01,2024,4,Q4,12,Desember,Dec,202412,Dec 2024,48,1,7,Minggu,1,0,0,0
20241202,2024-12-02,2024,4,Q4,12,Desember,Dec,202412,Dec 2024,49,2,1,Senin,0,0,1,0
20241203,2024-12-03,2024,4,Q4,12,Desember,Dec,202412,Dec 2024,49,3,2,Selasa,0,0,1,0
20241204,2024-12-04,2024,4,Q4,12,Desember,Dec,202412,Dec 2024,49,4,3,Rabu,0,0,1,0
20241205,2024-12-05,2024,4,Q4,12,Desember,Dec,202412,Dec 2024,49,5,4,Kamis,0,0,1,0
20241206,2024-12-06,2024,4,Q4,12,Desember,Dec,202412,Dec 2024,49,6,5,Jumat,0,0,1,0
20241207,2024-12-07,2024,4,Q4,12,Desember,Dec,202412,Dec 2024,49,7,6,Sabtu,1,0,0,0
20241208,2024-12-08,2024,4,Q4,12,Desember,Dec,202412,Dec 2024,49,8,7,Minggu,1,0,0,0
20241209,2024-12-09,2024,4,Q4,12,Desember,Dec,202412,Dec 2024,50,9,1,Senin,0,0,1,0
20241210,2024-12-10,2024,4,Q4,12,Desember,Dec,202412,Dec 2024,50,10,2,Selasa,0,0,1,0
20241211,2024-12-11,2024,4,Q4,12,Desember,Dec,202412,Dec 2024,50,11,3,Rabu,0,0,1,0
20241212,2024-12-12,2024,4,Q4,12,Desember,Dec,202412,Dec 2024,50,12,4,Kamis,0,0,1,0
20241213,2024-12-13,2024,4,Q4,12,Desember,Dec,202412,Dec 2024,50,13,5,Jumat,0,0,1,0
20241214,2024-12-14,2024,4,Q4,12,Desember,Dec,202412,Dec 2024,50,14,6,Sabtu,1,0,0,0
20241215,2024-12-15,2024,4,Q4,12,Desember,Dec,202412,Dec 2024,50,15,7,Minggu,1,0,0,0
20241216,2024-12-16,2024,4,Q4,12,Desember,Dec,202412,Dec 2024,51,16,1,Senin,0,0,1,0
20241217,2024-12-17,2024,4,Q4,12,Desember,Dec,202412,Dec 2024,51,17,2,Selasa,0,0,1,0
20241218,2024-12-18,2024,4,Q4,12,Desember,Dec,202412,Dec 2024,51,18,3,Rabu,0,0,1,0
20241219,2024-12-19,2024,4,Q4,12,Desember,Dec,202412,Dec 2024,51,19,4,Kamis,0,0,1,0
20241220,2024-12-20,2024,4,Q4,12,Desember,Dec,202412,Dec 2024,51,20,5,Jumat,0,0,1,0
20241221,2024-12-21,2024,4,Q4,12,Desember,Dec,202412,Dec 2024,51,21,6,Sabtu,1,0,0,0
20241222,2024-12-22,2024,4,Q4,12,Desember,Dec,202412,Dec 2024,51,22,7,Minggu,1,0,0,0
20241223,2024-12-23,2024,4,Q4,12,Desember,Dec,202412,Dec 2024,52,23,1,Senin,0,0,1,0
20241224,2024-12-24,2024,4,Q4,12,Desember,Dec,202412,Dec 2024,52,24,2,Selasa,0,0,1,0
20241225,2024-12-25,2024,4,Q4,12,Desember,Dec,202412,Dec 2024,52,25,3,Rabu,0,1,0,0
20241226,2024-12-26,2024,4,Q4,12,Desember,Dec,202412,Dec 2024,52,26,4,Kamis,0,0,1,0
20241227,2024-12-27,2024,4,Q4,12,Desember,Dec,202412,Dec 2024,52,27,5,Jumat,0,0,1,0
20241228,2024-12-28,2024,4,Q4,12,Desember,Dec,202412,Dec 2024,52,28,6,Sabtu,1,0,0,0
20241229,2024-12-29,2024,4,Q4,12,Desember,Dec,202412,Dec 2024,52,29,7,Minggu,1,0,0,0
20241230,2024-12-30,2024,4,Q4,12,Desember,Dec,202412,Dec 2024,1,30,1,Senin,0,0,1,0
20241231,2024-12-31,2024,4,Q4,12,Desember,Dec,202412,Dec 2024,1,31,2,Selasa,0,0,1,1
20250101,2025-01-01,2025,1,Q1,1,Januari,Jan,202501,Jan 2025,1,1,3,Rabu,0,1,0,0
20250102,2025-01-02,2025,1,Q1,1,Januari,Jan,202501,Jan 2025,1,2,4,Kamis,0,0,1,0
20250103,2025-01-03,2025,1,Q1,1,Januari,Jan,202501,Jan 2025,1,3,5,Jumat,0,0,1,0
20250104,2025-01-04,2025,1,Q1,1,Januari,Jan,202501,Jan 2025,1,4,6,Sabtu,1,0,0,0
20250105,2025-01-05,2025,1,Q1,1,Januari,Jan,202501,Jan 2025,1,5,7,Minggu,1,0,0,0
20250106,2025-01-06,2025,1,Q1,1,Januari,Jan,202501,Jan 2025,2,6,1,Senin,0,0,1,0
20250107,2025-01-07,2025,1,Q1,1,Januari,Jan,202501,Jan 2025,2,7,2,Selasa,0,0,1,0
20250108,2025-01-08,2025,1,Q1,1,Januari,Jan,202501,Jan 2025,2,8,3,Rabu,0,0,1,0
20250109,2025-01-09,2025,1,Q1,1,Januari,Jan,202501,Jan 2025,2,9,4,Kamis,0,0,1,0
20250110,2025-01-10,2025,1,Q1,1,Januari,Jan,202501,Jan 2025,2,10,5,Jumat,0,0,1,0
20250111,2025-01-11,2025,1,Q1,1,Januari,Jan,202501,Jan 2025,2,11,6,Sabtu,1,0,0,0
20250112,2025-01-12,2025,1,Q1,1,Januari,Jan,202501,Jan 2025,2,12,7,Minggu,1,0,0,0
20250113,2025-01-13,2025,1,Q1,1,Januari,Jan,202501,Jan 2025,3,13,1,Senin,0,0,1,0
20250114,2025-01-14,2025,1,Q1,1,Januari,Jan,202501,Jan 2025,3,14,2,Selasa,0,0,1,0
20250115,2025-01-15,2025,1,Q1,1,Januari,Jan,202501,Jan 2025,3,15,3,Rabu,0,0,1,0
20250116,2025-01-16,2025,1,Q1,1,Januari,Jan,202501,Jan 2025,3,16,4,Kamis,0,0,1,0
20250117,2025-01-17,2025,1,Q1,1,Januari,Jan,202501,Jan 2025,3,17,5,Jumat,0,0,1,0
20250118,2025-01-18,2025,1,Q1,1,Januari,Jan,202501,Jan 2025,3,18,6,Sabtu,1,0,0,0
20250119,2025-01-19,2025,1,Q1,1,Januari,Jan,202501,Jan 2025,3,19,7,Minggu,1,0,0,0
20250120,2025-01-20,2025,1,Q1,1,Januari,Jan,202501,Jan 2025,4,20,1,Senin,0,0,1,0
20250121,2025-01-21,2025,1,Q1,1,Januari,Jan,202501,Jan 2025,4,21,2,Selasa,0,0,1,0
20250122,2025-01-22,2025,1,Q1,1,Januari,Jan,202501,Jan 2025,4,22,3,Rabu,0,0,1,0
20250123,2025-01-23,2025,1,Q1,1,Januari,Jan,202501,Jan 2025,4,23,4,Kamis,0,0,1,0
20250124,2025-01-24,2025,1,Q1,1,Januari,Jan,202501,Jan 2025,4,24,5,Jumat,0,0,1,0
20250125,2025-01-25,2025,1,Q1,1,Januari,Jan,202501,Jan 2025,4,25,6,Sabtu,1,0,0,0
20250126,2025-01-26,2025,1,Q1,1,Januari,Jan,202501,Jan 2025,4,26,7,Minggu,1,0,0,0
20250127,2025-01-27,2025,1,Q1,1,Januari,Jan,202501,Jan 2025,5,27,1,Senin,0,1,0,0
20250128,2025-01-28,2025,1,Q1,1,Januari,Jan,202501,Jan 2025,5,28,2,Selasa,0,0,1,0
20250129,2025-01-29,2025,1,Q1,1,Januari,Jan,202501,Jan 2025,5,29,3,Rabu,0,1,0,0
20250130,2025-01-30,2025,1,Q1,1,Januari,Jan,202501,Jan 2025,5,30,4,Kamis,0,0,1,0
20250131,2025-01-31,2025,1,Q1,1,Januari,Jan,202501,Jan 2025,5,31,5,Jumat,0,0,1,1
20250201,2025-02-01,2025,1,Q1,2,Februari,Feb,202502,Feb 2025,5,1,6,Sabtu,1,0,0,0
20250202,2025-02-02,2025,1,Q1,2,Februari,Feb,202502,Feb 2025,5,2,7,Minggu,1,0,0,0
20250203,2025-02-03,2025,1,Q1,2,Februari,Feb,202502,Feb 2025,6,3,1,Senin,0,0,1,0
20250204,2025-02-04,2025,1,Q1,2,Februari,Feb,202502,Feb 2025,6,4,2,Selasa,0,0,1,0
20250205,2025-02-05,2025,1,Q1,2,Februari,Feb,202502,Feb 2025,6,5,3,Rabu,0,0,1,0
20250206,2025-02-06,2025,1,Q1,2,Februari,Feb,202502,Feb 2025,6,6,4,Kamis,0,0,1,0
20250207,2025-02-07,2025,1,Q1,2,Februari,Feb,202502,Feb 2025,6,7,5,Jumat,0,0,1,0
20250208,2025-02-08,2025,1,Q1,2,Februari,Feb,202502,Feb 2025,6,8,6,Sabtu,1,0,0,0
20250209,2025-02-09,2025,1,Q1,2,Februari,Feb,202502,Feb 2025,6,9,7,Minggu,1,0,0,0
20250210,2025-02-10,2025,1,Q1,2,Februari,Feb,202502,Feb 2025,7,10,1,Senin,0,0,1,0
20250211,2025-02-11,2025,1,Q1,2,Februari,Feb,202502,Feb 2025,7,11,2,Selasa,0,0,1,0
20250212,2025-02-12,2025,1,Q1,2,Februari,Feb,202502,Feb 2025,7,12,3,Rabu,0,0,1,0
20250213,2025-02-13,2025,1,Q1,2,Februari,Feb,202502,Feb 2025,7,13,4,Kamis,0,0,1,0
20250214,2025-02-14,2025,1,Q1,2,Februari,Feb,202502,Feb 2025,7,14,5,Jumat,0,0,1,0
20250215,2025-02-15,2025,1,Q1,2,Februari,Feb,202502,Feb 2025,7,15,6,Sabtu,1,0,0,0
20250216,2025-02-16,2025,1,Q1,2,Februari,Feb,202502,Feb 2025,7,16,7,Minggu,1,0,0,0
20250217,2025-02-17,2025,1,Q1,2,Februari,Feb,202502,Feb 2025,8,17,1,Senin,0,0,1,0
20250218,2025-02-18,2025,1,Q1,2,Februari,Feb,202502,Feb 2025,8,18,2,Selasa,0,0,1,0
20250219,2025-02-19,2025,1,Q1,2,Februari,Feb,202502,Feb 2025,8,19,3,Rabu,0,0,1,0
20250220,2025-02-20,2025,1,Q1,2,Februari,Feb,202502,Feb 2025,8,20,4,Kamis,0,0,1,0
20250221,2025-02-21,2025,1,Q1,2,Februari,Feb,202502,Feb 2025,8,21,5,Jumat,0,0,1,0
20250222,2025-02-22,2025,1,Q1,2,Februari,Feb,202502,Feb 2025,8,22,6,Sabtu,1,0,0,0
20250223,2025-02-23,2025,1,Q1,2,Februari,Feb,202502,Feb 2025,8,23,7,Minggu,1,0,0,0
20250224,2025-02-24,2025,1,Q1,2,Februari,Feb,202502,Feb 2025,9,24,1,Senin,0,0,1,0
20250225,2025-02-25,2025,1,Q1,2,Februari,Feb,202502,Feb 2025,9,25,2,Selasa,0,0,1,0
20250226,2025-02-26,2025,1,Q1,2,Februari,Feb,202502,Feb 2025,9,26,3,Rabu,0,0,1,0
20250227,2025-02-27,2025,1,Q1,2,Februari,Feb,202502,Feb 2025,9,27,4,Kamis,0,0,1,0
20250228,2025-02-28,2025,1,Q1,2,Februari,Feb,202502,Feb 2025,9,28,5,Jumat,0,0,1,1
20250301,2025-03-01,2025,1,Q1,3,Maret,Mar,202503,Mar 2025,9,1,6,Sabtu,1,0,0,0
20250302,2025-03-02,2025,1,Q1,3,Maret,Mar,202503,Mar 2025,9,2,7,Minggu,1,0,0,0
20250303,2025-03-03,2025,1,Q1,3,Maret,Mar,202503,Mar 2025,10,3,1,Senin,0,0,1,0
20250304,2025-03-04,2025,1,Q1,3,Maret,Mar,202503,Mar 2025,10,4,2,Selasa,0,0,1,0
20250305,2025-03-05,2025,1,Q1,3,Maret,Mar,202503,Mar 2025,10,5,3,Rabu,0,0,1,0
20250306,2025-03-06,2025,1,Q1,3,Maret,Mar,202503,Mar 2025,10,6,4,Kamis,0,0,1,0
20250307,2025-03-07,2025,1,Q1,3,Maret,Mar,202503,Mar 2025,10,7,5,Jumat,0,0,1,0
20250308,2025-03-08,2025,1,Q1,3,Maret,Mar,202503,Mar 2025,10,8,6,Sabtu,1,0,0,0
20250309,2025-03-09,2025,1,Q1,3,Maret,Mar,202503,Mar 2025,10,9,7,Minggu,1,0,0,0
20250310,2025-03-10,2025,1,Q1,3,Maret,Mar,202503,Mar 2025,11,10,1,Senin,0,0,1,0
20250311,2025-03-11,2025,1,Q1,3,Maret,Mar,202503,Mar 2025,11,11,2,Selasa,0,0,1,0
20250312,2025-03-12,2025,1,Q1,3,Maret,Mar,202503,Mar 2025,11,12,3,Rabu,0,0,1,0
20250313,2025-03-13,2025,1,Q1,3,Maret,Mar,202503,Mar 2025,11,13,4,Kamis,0,0,1,0
20250314,2025-03-14,2025,1,Q1,3,Maret,Mar,202503,Mar 2025,11,14,5,Jumat,0,0,1,0
20250315,2025-03-15,2025,1,Q1,3,Maret,Mar,202503,Mar 2025,11,15,6,Sabtu,1,0,0,0
20250316,2025-03-16,2025,1,Q1,3,Maret,Mar,202503,Mar 2025,11,16,7,Minggu,1,0,0,0
20250317,2025-03-17,2025,1,Q1,3,Maret,Mar,202503,Mar 2025,12,17,1,Senin,0,0,1,0
20250318,2025-03-18,2025,1,Q1,3,Maret,Mar,202503,Mar 2025,12,18,2,Selasa,0,0,1,0
20250319,2025-03-19,2025,1,Q1,3,Maret,Mar,202503,Mar 2025,12,19,3,Rabu,0,0,1,0
20250320,2025-03-20,2025,1,Q1,3,Maret,Mar,202503,Mar 2025,12,20,4,Kamis,0,0,1,0
20250321,2025-03-21,2025,1,Q1,3,Maret,Mar,202503,Mar 2025,12,21,5,Jumat,0,0,1,0
20250322,2025-03-22,2025,1,Q1,3,Maret,Mar,202503,Mar 2025,12,22,6,Sabtu,1,0,0,0
20250323,2025-03-23,2025,1,Q1,3,Maret,Mar,202503,Mar 2025,12,23,7,Minggu,1,0,0,0
20250324,2025-03-24,2025,1,Q1,3,Maret,Mar,202503,Mar 2025,13,24,1,Senin,0,0,1,0
20250325,2025-03-25,2025,1,Q1,3,Maret,Mar,202503,Mar 2025,13,25,2,Selasa,0,0,1,0
20250326,2025-03-26,2025,1,Q1,3,Maret,Mar,202503,Mar 2025,13,26,3,Rabu,0,0,1,0
20250327,2025-03-27,2025,1,Q1,3,Maret,Mar,202503,Mar 2025,13,27,4,Kamis,0,0,1,0
20250328,2025-03-28,2025,1,Q1,3,Maret,Mar,202503,Mar 2025,13,28,5,Jumat,0,1,0,0
20250329,2025-03-29,2025,1,Q1,3,Maret,Mar,202503,Mar 2025,13,29,6,Sabtu,1,0,0,0
20250330,2025-03-30,2025,1,Q1,3,Maret,Mar,202503,Mar 2025,13,30,7,Minggu,1,0,0,0
20250331,2025-03-31,2025,1,Q1,3,Maret,Mar,202503,Mar 2025,14,31,1,Senin,0,1,0,1
20250401,2025-04-01,2025,2,Q2,4,April,Apr,202504,Apr 2025,14,1,2,Selasa,0,1,0,0
20250402,2025-04-02,2025,2,Q2,4,April,Apr,202504,Apr 2025,14,2,3,Rabu,0,1,0,0
20250403,2025-04-03,2025,2,Q2,4,April,Apr,202504,Apr 2025,14,3,4,Kamis,0,0,1,0
20250404,2025-04-04,2025,2,Q2,4,April,Apr,202504,Apr 2025,14,4,5,Jumat,0,0,1,0
20250405,2025-04-05,2025,2,Q2,4,April,Apr,202504,Apr 2025,14,5,6,Sabtu,1,0,0,0
20250406,2025-04-06,2025,2,Q2,4,April,Apr,202504,Apr 2025,14,6,7,Minggu,1,0,0,0
20250407,2025-04-07,2025,2,Q2,4,April,Apr,202504,Apr 2025,15,7,1,Senin,0,0,1,0
20250408,2025-04-08,2025,2,Q2,4,April,Apr,202504,Apr 2025,15,8,2,Selasa,0,0,1,0
20250409,2025-04-09,2025,2,Q2,4,April,Apr,202504,Apr 2025,15,9,3,Rabu,0,0,1,0
20250410,2025-04-10,2025,2,Q2,4,April,Apr,202504,Apr 2025,15,10,4,Kamis,0,0,1,0
20250411,2025-04-11,2025,2,Q2,4,April,Apr,202504,Apr 2025,15,11,5,Jumat,0,0,1,0
20250412,2025-04-12,2025,2,Q2,4,April,Apr,202504,Apr 2025,15,12,6,Sabtu,1,0,0,0
20250413,2025-04-13,2025,2,Q2,4,April,Apr,202504,Apr 2025,15,13,7,Minggu,1,0,0,0
20250414,2025-04-14,2025,2,Q2,4,April,Apr,202504,Apr 2025,16,14,1,Senin,0,0,1,0
20250415,2025-04-15,2025,2,Q2,4,April,Apr,202504,Apr 2025,16,15,2,Selasa,0,0,1,0
20250416,2025-04-16,2025,2,Q2,4,April,Apr,202504,Apr 2025,16,16,3,Rabu,0,0,1,0
20250417,2025-04-17,2025,2,Q2,4,April,Apr,202504,Apr 2025,16,17,4,Kamis,0,0,1,0
20250418,2025-04-18,2025,2,Q2,4,April,Apr,202504,Apr 2025,16,18,5,Jumat,0,1,0,0
20250419,2025-04-19,2025,2,Q2,4,April,Apr,202504,Apr 2025,16,19,6,Sabtu,1,0,0,0
20250420,2025-04-20,2025,2,Q2,4,April,Apr,202504,Apr 2025,16,20,7,Minggu,1,0,0,0
20250421,2025-04-21,2025,2,Q2,4,April,Apr,202504,Apr 2025,17,21,1,Senin,0,0,1,0
20250422,2025-04-22,2025,2,Q2,4,April,Apr,202504,Apr 2025,17,22,2,Selasa,0,0,1,0
20250423,2025-04-23,2025,2,Q2,4,April,Apr,202504,Apr 2025,17,23,3,Rabu,0,0,1,0
20250424,2025-04-24,2025,2,Q2,4,April,Apr,202504,Apr 2025,17,24,4,Kamis,0,0,1,0
20250425,2025-04-25,2025,2,Q2,4,April,Apr,202504,Apr 2025,17,25,5,Jumat,0,0,1,0
20250426,2025-04-26,2025,2,Q2,4,April,Apr,202504,Apr 2025,17,26,6,Sabtu,1,0,0,0
20250427,2025-04-27,2025,2,Q2,4,April,Apr,202504,Apr 2025,17,27,7,Minggu,1,0,0,0
20250428,2025-04-28,2025,2,Q2,4,April,Apr,202504,Apr 2025,18,28,1,Senin,0,0,1,0
20250429,2025-04-29,2025,2,Q2,4,April,Apr,202504,Apr 2025,18,29,2,Selasa,0,0,1,0
20250430,2025-04-30,2025,2,Q2,4,April,Apr,202504,Apr 2025,18,30,3,Rabu,0,0,1,1
20250501,2025-05-01,2025,2,Q2,5,Mei,May,202505,May 2025,18,1,4,Kamis,0,1,0,0
20250502,2025-05-02,2025,2,Q2,5,Mei,May,202505,May 2025,18,2,5,Jumat,0,0,1,0
20250503,2025-05-03,2025,2,Q2,5,Mei,May,202505,May 2025,18,3,6,Sabtu,1,0,0,0
20250504,2025-05-04,2025,2,Q2,5,Mei,May,202505,May 2025,18,4,7,Minggu,1,0,0,0
20250505,2025-05-05,2025,2,Q2,5,Mei,May,202505,May 2025,19,5,1,Senin,0,0,1,0
20250506,2025-05-06,2025,2,Q2,5,Mei,May,202505,May 2025,19,6,2,Selasa,0,0,1,0
20250507,2025-05-07,2025,2,Q2,5,Mei,May,202505,May 2025,19,7,3,Rabu,0,0,1,0
20250508,2025-05-08,2025,2,Q2,5,Mei,May,202505,May 2025,19,8,4,Kamis,0,0,1,0
20250509,2025-05-09,2025,2,Q2,5,Mei,May,202505,May 2025,19,9,5,Jumat,0,0,1,0
20250510,2025-05-10,2025,2,Q2,5,Mei,May,202505,May 2025,19,10,6,Sabtu,1,0,0,0
20250511,2025-05-11,2025,2,Q2,5,Mei,May,202505,May 2025,19,11,7,Minggu,1,0,0,0
20250512,2025-05-12,2025,2,Q2,5,Mei,May,202505,May 2025,20,12,1,Senin,0,1,0,0
20250513,2025-05-13,2025,2,Q2,5,Mei,May,202505,May 2025,20,13,2,Selasa,0,0,1,0
20250514,2025-05-14,2025,2,Q2,5,Mei,May,202505,May 2025,20,14,3,Rabu,0,0,1,0
20250515,2025-05-15,2025,2,Q2,5,Mei,May,202505,May 2025,20,15,4,Kamis,0,0,1,0
20250516,2025-05-16,2025,2,Q2,5,Mei,May,202505,May 2025,20,16,5,Jumat,0,0,1,0
20250517,2025-05-17,2025,2,Q2,5,Mei,May,202505,May 2025,20,17,6,Sabtu,1,0,0,0
20250518,2025-05-18,2025,2,Q2,5,Mei,May,202505,May 2025,20,18,7,Minggu,1,0,0,0
20250519,2025-05-19,2025,2,Q2,5,Mei,May,202505,May 2025,21,19,1,Senin,0,0,1,0
20250520,2025-05-20,2025,2,Q2,5,Mei,May,202505,May 2025,21,20,2,Selasa,0,0,1,0
20250521,2025-05-21,2025,2,Q2,5,Mei,May,202505,May 2025,21,21,3,Rabu,0,0,1,0
20250522,2025-05-22,2025,2,Q2,5,Mei,May,202505,May 2025,21,22,4,Kamis,0,0,1,0
20250523,2025-05-23,2025,2,Q2,5,Mei,May,202505,May 2025,21,23,5,Jumat,0,0,1,0
20250524,2025-05-24,2025,2,Q2,5,Mei,May,202505,May 2025,21,24,6,Sabtu,1,0,0,0
20250525,2025-05-25,2025,2,Q2,5,Mei,May,202505,May 2025,21,25,7,Minggu,1,0,0,0
20250526,2025-05-26,2025,2,Q2,5,Mei,May,202505,May 2025,22,26,1,Senin,0,0,1,0
20250527,2025-05-27,2025,2,Q2,5,Mei,May,202505,May 2025,22,27,2,Selasa,0,0,1,0
20250528,2025-05-28,2025,2,Q2,5,Mei,May,202505,May 2025,22,28,3,Rabu,0,0,1,0
20250529,2025-05-29,2025,2,Q2,5,Mei,May,202505,May 2025,22,29,4,Kamis,0,1,0,0
20250530,2025-05-30,2025,2,Q2,5,Mei,May,202505,May 2025,22,30,5,Jumat,0,0,1,0
20250531,2025-05-31,2025,2,Q2,5,Mei,May,202505,May 2025,22,31,6,Sabtu,1,0,0,1
20250601,2025-06-01,2025,2,Q2,6,Juni,Jun,202506,Jun 2025,22,1,7,Minggu,1,1,0,0
20250602,2025-06-02,2025,2,Q2,6,Juni,Jun,202506,Jun 2025,23,2,1,Senin,0,0,1,0
20250603,2025-06-03,2025,2,Q2,6,Juni,Jun,202506,Jun 2025,23,3,2,Selasa,0,0,1,0
20250604,2025-06-04,2025,2,Q2,6,Juni,Jun,202506,Jun 2025,23,4,3,Rabu,0,0,1,0
20250605,2025-06-05,2025,2,Q2,6,Juni,Jun,202506,Jun 2025,23,5,4,Kamis,0,0,1,0
20250606,2025-06-06,2025,2,Q2,6,Juni,Jun,202506,Jun 2025,23,6,5,Jumat,0,1,0,0
20250607,2025-06-07,2025,2,Q2,6,Juni,Jun,202506,Jun 2025,23,7,6,Sabtu,1,0,0,0
20250608,2025-06-08,2025,2,Q2,6,Juni,Jun,202506,Jun 2025,23,8,7,Minggu,1,0,0,0
20250609,2025-06-09,2025,2,Q2,6,Juni,Jun,202506,Jun 2025,24,9,1,Senin,0,0,1,0
20250610,2025-06-10,2025,2,Q2,6,Juni,Jun,202506,Jun 2025,24,10,2,Selasa,0,0,1,0
20250611,2025-06-11,2025,2,Q2,6,Juni,Jun,202506,Jun 2025,24,11,3,Rabu,0,0,1,0
20250612,2025-06-12,2025,2,Q2,6,Juni,Jun,202506,Jun 2025,24,12,4,Kamis,0,0,1,0
20250613,2025-06-13,2025,2,Q2,6,Juni,Jun,202506,Jun 2025,24,13,5,Jumat,0,0,1,0
20250614,2025-06-14,2025,2,Q2,6,Juni,Jun,202506,Jun 2025,24,14,6,Sabtu,1,0,0,0
20250615,2025-06-15,2025,2,Q2,6,Juni,Jun,202506,Jun 2025,24,15,7,Minggu,1,0,0,0
20250616,2025-06-16,2025,2,Q2,6,Juni,Jun,202506,Jun 2025,25,16,1,Senin,0,0,1,0
20250617,2025-06-17,2025,2,Q2,6,Juni,Jun,202506,Jun 2025,25,17,2,Selasa,0,0,1,0
20250618,2025-06-18,2025,2,Q2,6,Juni,Jun,202506,Jun 2025,25,18,3,Rabu,0,0,1,0
20250619,2025-06-19,2025,2,Q2,6,Juni,Jun,202506,Jun 2025,25,19,4,Kamis,0,0,1,0
20250620,2025-06-20,2025,2,Q2,6,Juni,Jun,202506,Jun 2025,25,20,5,Jumat,0,0,1,0
20250621,2025-06-21,2025,2,Q2,6,Juni,Jun,202506,Jun 2025,25,21,6,Sabtu,1,0,0,0
20250622,2025-06-22,2025,2,Q2,6,Juni,Jun,202506,Jun 2025,25,22,7,Minggu,1,0,0,0
20250623,2025-06-23,2025,2,Q2,6,Juni,Jun,202506,Jun 2025,26,23,1,Senin,0,0,1,0
20250624,2025-06-24,2025,2,Q2,6,Juni,Jun,202506,Jun 2025,26,24,2,Selasa,0,0,1,0
20250625,2025-06-25,2025,2,Q2,6,Juni,Jun,202506,Jun 2025,26,25,3,Rabu,0,0,1,0
20250626,2025-06-26,2025,2,Q2,6,Juni,Jun,202506,Jun 2025,26,26,4,Kamis,0,0,1,0
20250627,2025-06-27,2025,2,Q2,6,Juni,Jun,202506,Jun 2025,26,27,5,Jumat,0,1,0,0
20250628,2025-06-28,2025,2,Q2,6,Juni,Jun,202506,Jun 2025,26,28,6,Sabtu,1,0,0,0
20250629,2025-06-29,2025,2,Q2,6,Juni,Jun,202506,Jun 2025,26,29,7,Minggu,1,0,0,0
20250630,2025-06-30,2025,2,Q2,6,Juni,Jun,202506,Jun 2025,27,30,1,Senin,0,0,1,1
20250701,2025-07-01,2025,3,Q3,7,Juli,Jul,202507,Jul 2025,27,1,2,Selasa,0,0,1,0
20250702,2025-07-02,2025,3,Q3,7,Juli,Jul,202507,Jul 2025,27,2,3,Rabu,0,0,1,0
20250703,2025-07-03,2025,3,Q3,7,Juli,Jul,202507,Jul 2025,27,3,4,Kamis,0,0,1,0
20250704,2025-07-04,2025,3,Q3,7,Juli,Jul,202507,Jul 2025,27,4,5,Jumat,0,0,1,0
20250705,2025-07-05,2025,3,Q3,7,Juli,Jul,202507,Jul 2025,27,5,6,Sabtu,1,0,0,0
20250706,2025-07-06,2025,3,Q3,7,Juli,Jul,202507,Jul 2025,27,6,7,Minggu,1,0,0,0
20250707,2025-07-07,2025,3,Q3,7,Juli,Jul,202507,Jul 2025,28,7,1,Senin,0,0,1,0
20250708,2025-07-08,2025,3,Q3,7,Juli,Jul,202507,Jul 2025,28,8,2,Selasa,0,0,1,0
20250709,2025-07-09,2025,3,Q3,7,Juli,Jul,202507,Jul 2025,28,9,3,Rabu,0,0,1,0
20250710,2025-07-10,2025,3,Q3,7,Juli,Jul,202507,Jul 2025,28,10,4,Kamis,0,0,1,0
20250711,2025-07-11,2025,3,Q3,7,Juli,Jul,202507,Jul 2025,28,11,5,Jumat,0,0,1,0
20250712,2025-07-12,2025,3,Q3,7,Juli,Jul,202507,Jul 2025,28,12,6,Sabtu,1,0,0,0
20250713,2025-07-13,2025,3,Q3,7,Juli,Jul,202507,Jul 2025,28,13,7,Minggu,1,0,0,0
20250714,2025-07-14,2025,3,Q3,7,Juli,Jul,202507,Jul 2025,29,14,1,Senin,0,0,1,0
20250715,2025-07-15,2025,3,Q3,7,Juli,Jul,202507,Jul 2025,29,15,2,Selasa,0,0,1,0
20250716,2025-07-16,2025,3,Q3,7,Juli,Jul,202507,Jul 2025,29,16,3,Rabu,0,0,1,0
20250717,2025-07-17,2025,3,Q3,7,Juli,Jul,202507,Jul 2025,29,17,4,Kamis,0,0,1,0
20250718,2025-07-18,2025,3,Q3,7,Juli,Jul,202507,Jul 2025,29,18,5,Jumat,0,0,1,0
20250719,2025-07-19,2025,3,Q3,7,Juli,Jul,202507,Jul 2025,29,19,6,Sabtu,1,0,0,0
20250720,2025-07-20,2025,3,Q3,7,Juli,Jul,202507,Jul 2025,29,20,7,Minggu,1,0,0,0
20250721,2025-07-21,2025,3,Q3,7,Juli,Jul,202507,Jul 2025,30,21,1,Senin,0,0,1,0
20250722,2025-07-22,2025,3,Q3,7,Juli,Jul,202507,Jul 2025,30,22,2,Selasa,0,0,1,0
20250723,2025-07-23,2025,3,Q3,7,Juli,Jul,202507,Jul 2025,30,23,3,Rabu,0,0,1,0
20250724,2025-07-24,2025,3,Q3,7,Juli,Jul,202507,Jul 2025,30,24,4,Kamis,0,0,1,0
20250725,2025-07-25,2025,3,Q3,7,Juli,Jul,202507,Jul 2025,30,25,5,Jumat,0,0,1,0
20250726,2025-07-26,2025,3,Q3,7,Juli,Jul,202507,Jul 2025,30,26,6,Sabtu,1,0,0,0
20250727,2025-07-27,2025,3,Q3,7,Juli,Jul,202507,Jul 2025,30,27,7,Minggu,1,0,0,0
20250728,2025-07-28,2025,3,Q3,7,Juli,Jul,202507,Jul 2025,31,28,1,Senin,0,0,1,0
20250729,2025-07-29,2025,3,Q3,7,Juli,Jul,202507,Jul 2025,31,29,2,Selasa,0,0,1,0
20250730,2025-07-30,2025,3,Q3,7,Juli,Jul,202507,Jul 2025,31,30,3,Rabu,0,0,1,0
20250731,2025-07-31,2025,3,Q3,7,Juli,Jul,202507,Jul 2025,31,31,4,Kamis,0,0,1,1
20250801,2025-08-01,2025,3,Q3,8,Agustus,Aug,202508,Aug 2025,31,1,5,Jumat,0,0,1,0
20250802,2025-08-02,2025,3,Q3,8,Agustus,Aug,202508,Aug 2025,31,2,6,Sabtu,1,0,0,0
20250803,2025-08-03,2025,3,Q3,8,Agustus,Aug,202508,Aug 2025,31,3,7,Minggu,1,0,0,0
20250804,2025-08-04,2025,3,Q3,8,Agustus,Aug,202508,Aug 2025,32,4,1,Senin,0,0,1,0
20250805,2025-08-05,2025,3,Q3,8,Agustus,Aug,202508,Aug 2025,32,5,2,Selasa,0,0,1,0
20250806,2025-08-06,2025,3,Q3,8,Agustus,Aug,202508,Aug 2025,32,6,3,Rabu,0,0,1,0
20250807,2025-08-07,2025,3,Q3,8,Agustus,Aug,202508,Aug 2025,32,7,4,Kamis,0,0,1,0
20250808,2025-08-08,2025,3,Q3,8,Agustus,Aug,202508,Aug 2025,32,8,5,Jumat,0,0,1,0
20250809,2025-08-09,2025,3,Q3,8,Agustus,Aug,202508,Aug 2025,32,9,6,Sabtu,1,0,0,0
20250810,2025-08-10,2025,3,Q3,8,Agustus,Aug,202508,Aug 2025,32,10,7,Minggu,1,0,0,0
20250811,2025-08-11,2025,3,Q3,8,Agustus,Aug,202508,Aug 2025,33,11,1,Senin,0,0,1,0
20250812,2025-08-12,2025,3,Q3,8,Agustus,Aug,202508,Aug 2025,33,12,2,Selasa,0,0,1,0
20250813,2025-08-13,2025,3,Q3,8,Agustus,Aug,202508,Aug 2025,33,13,3,Rabu,0,0,1,0
20250814,2025-08-14,2025,3,Q3,8,Agustus,Aug,202508,Aug 2025,33,14,4,Kamis,0,0,1,0
20250815,2025-08-15,2025,3,Q3,8,Agustus,Aug,202508,Aug 2025,33,15,5,Jumat,0,0,1,0
20250816,2025-08-16,2025,3,Q3,8,Agustus,Aug,202508,Aug 2025,33,16,6,Sabtu,1,0,0,0
20250817,2025-08-17,2025,3,Q3,8,Agustus,Aug,202508,Aug 2025,33,17,7,Minggu,1,1,0,0
20250818,2025-08-18,2025,3,Q3,8,Agustus,Aug,202508,Aug 2025,34,18,1,Senin,0,0,1,0
20250819,2025-08-19,2025,3,Q3,8,Agustus,Aug,202508,Aug 2025,34,19,2,Selasa,0,0,1,0
20250820,2025-08-20,2025,3,Q3,8,Agustus,Aug,202508,Aug 2025,34,20,3,Rabu,0,0,1,0
20250821,2025-08-21,2025,3,Q3,8,Agustus,Aug,202508,Aug 2025,34,21,4,Kamis,0,0,1,0
20250822,2025-08-22,2025,3,Q3,8,Agustus,Aug,202508,Aug 2025,34,22,5,Jumat,0,0,1,0
20250823,2025-08-23,2025,3,Q3,8,Agustus,Aug,202508,Aug 2025,34,23,6,Sabtu,1,0,0,0
20250824,2025-08-24,2025,3,Q3,8,Agustus,Aug,202508,Aug 2025,34,24,7,Minggu,1,0,0,0
20250825,2025-08-25,2025,3,Q3,8,Agustus,Aug,202508,Aug 2025,35,25,1,Senin,0,0,1,0
20250826,2025-08-26,2025,3,Q3,8,Agustus,Aug,202508,Aug 2025,35,26,2,Selasa,0,0,1,0
20250827,2025-08-27,2025,3,Q3,8,Agustus,Aug,202508,Aug 2025,35,27,3,Rabu,0,0,1,0
20250828,2025-08-28,2025,3,Q3,8,Agustus,Aug,202508,Aug 2025,35,28,4,Kamis,0,0,1,0
20250829,2025-08-29,2025,3,Q3,8,Agustus,Aug,202508,Aug 2025,35,29,5,Jumat,0,0,1,0
20250830,2025-08-30,2025,3,Q3,8,Agustus,Aug,202508,Aug 2025,35,30,6,Sabtu,1,0,0,0
20250831,2025-08-31,2025,3,Q3,8,Agustus,Aug,202508,Aug 2025,35,31,7,Minggu,1,0,0,1
20250901,2025-09-01,2025,3,Q3,9,September,Sep,202509,Sep 2025,36,1,1,Senin,0,0,1,0
20250902,2025-09-02,2025,3,Q3,9,September,Sep,202509,Sep 2025,36,2,2,Selasa,0,0,1,0
20250903,2025-09-03,2025,3,Q3,9,September,Sep,202509,Sep 2025,36,3,3,Rabu,0,0,1,0
20250904,2025-09-04,2025,3,Q3,9,September,Sep,202509,Sep 2025,36,4,4,Kamis,0,0,1,0
20250905,2025-09-05,2025,3,Q3,9,September,Sep,202509,Sep 2025,36,5,5,Jumat,0,1,0,0
20250906,2025-09-06,2025,3,Q3,9,September,Sep,202509,Sep 2025,36,6,6,Sabtu,1,0,0,0
20250907,2025-09-07,2025,3,Q3,9,September,Sep,202509,Sep 2025,36,7,7,Minggu,1,0,0,0
20250908,2025-09-08,2025,3,Q3,9,September,Sep,202509,Sep 2025,37,8,1,Senin,0,0,1,0
20250909,2025-09-09,2025,3,Q3,9,September,Sep,202509,Sep 2025,37,9,2,Selasa,0,0,1,0
20250910,2025-09-10,2025,3,Q3,9,September,Sep,202509,Sep 2025,37,10,3,Rabu,0,0,1,0
20250911,2025-09-11,2025,3,Q3,9,September,Sep,202509,Sep 2025,37,11,4,Kamis,0,0,1,0
20250912,2025-09-12,2025,3,Q3,9,September,Sep,202509,Sep 2025,37,12,5,Jumat,0,0,1,0
20250913,2025-09-13,2025,3,Q3,9,September,Sep,202509,Sep 2025,37,13,6,Sabtu,1,0,0,0
20250914,2025-09-14,2025,3,Q3,9,September,Sep,202509,Sep 2025,37,14,7,Minggu,1,0,0,0
20250915,2025-09-15,2025,3,Q3,9,September,Sep,202509,Sep 2025,38,15,1,Senin,0,0,1,0
20250916,2025-09-16,2025,3,Q3,9,September,Sep,202509,Sep 2025,38,16,2,Selasa,0,0,1,0
20250917,2025-09-17,2025,3,Q3,9,September,Sep,202509,Sep 2025,38,17,3,Rabu,0,0,1,0
20250918,2025-09-18,2025,3,Q3,9,September,Sep,202509,Sep 2025,38,18,4,Kamis,0,0,1,0
20250919,2025-09-19,2025,3,Q3,9,September,Sep,202509,Sep 2025,38,19,5,Jumat,0,0,1,0
20250920,2025-09-20,2025,3,Q3,9,September,Sep,202509,Sep 2025,38,20,6,Sabtu,1,0,0,0
20250921,2025-09-21,2025,3,Q3,9,September,Sep,202509,Sep 2025,38,21,7,Minggu,1,0,0,0
20250922,2025-09-22,2025,3,Q3,9,September,Sep,202509,Sep 2025,39,22,1,Senin,0,0,1,0
20250923,2025-09-23,2025,3,Q3,9,September,Sep,202509,Sep 2025,39,23,2,Selasa,0,0,1,0
20250924,2025-09-24,2025,3,Q3,9,September,Sep,202509,Sep 2025,39,24,3,Rabu,0,0,1,0
20250925,2025-09-25,2025,3,Q3,9,September,Sep,202509,Sep 2025,39,25,4,Kamis,0,0,1,0
20250926,2025-09-26,2025,3,Q3,9,September,Sep,202509,Sep 2025,39,26,5,Jumat,0,0,1,0
20250927,2025-09-27,2025,3,Q3,9,September,Sep,202509,Sep 2025,39,27,6,Sabtu,1,0,0,0
20250928,2025-09-28,2025,3,Q3,9,September,Sep,202509,Sep 2025,39,28,7,Minggu,1,0,0,0
20250929,2025-09-29,2025,3,Q3,9,September,Sep,202509,Sep 2025,40,29,1,Senin,0,0,1,0
20250930,2025-09-30,2025,3,Q3,9,September,Sep,202509,Sep 2025,40,30,2,Selasa,0,0,1,1
20251001,2025-10-01,2025,4,Q4,10,Oktober,Oct,202510,Oct 2025,40,1,3,Rabu,0,0,1,0
20251002,2025-10-02,2025,4,Q4,10,Oktober,Oct,202510,Oct 2025,40,2,4,Kamis,0,0,1,0
20251003,2025-10-03,2025,4,Q4,10,Oktober,Oct,202510,Oct 2025,40,3,5,Jumat,0,0,1,0
20251004,2025-10-04,2025,4,Q4,10,Oktober,Oct,202510,Oct 2025,40,4,6,Sabtu,1,0,0,0
20251005,2025-10-05,2025,4,Q4,10,Oktober,Oct,202510,Oct 2025,40,5,7,Minggu,1,0,0,0
20251006,2025-10-06,2025,4,Q4,10,Oktober,Oct,202510,Oct 2025,41,6,1,Senin,0,0,1,0
20251007,2025-10-07,2025,4,Q4,10,Oktober,Oct,202510,Oct 2025,41,7,2,Selasa,0,0,1,0
20251008,2025-10-08,2025,4,Q4,10,Oktober,Oct,202510,Oct 2025,41,8,3,Rabu,0,0,1,0
20251009,2025-10-09,2025,4,Q4,10,Oktober,Oct,202510,Oct 2025,41,9,4,Kamis,0,0,1,0
20251010,2025-10-10,2025,4,Q4,10,Oktober,Oct,202510,Oct 2025,41,10,5,Jumat,0,0,1,0
20251011,2025-10-11,2025,4,Q4,10,Oktober,Oct,202510,Oct 2025,41,11,6,Sabtu,1,0,0,0
20251012,2025-10-12,2025,4,Q4,10,Oktober,Oct,202510,Oct 2025,41,12,7,Minggu,1,0,0,0
20251013,2025-10-13,2025,4,Q4,10,Oktober,Oct,202510,Oct 2025,42,13,1,Senin,0,0,1,0
20251014,2025-10-14,2025,4,Q4,10,Oktober,Oct,202510,Oct 2025,42,14,2,Selasa,0,0,1,0
20251015,2025-10-15,2025,4,Q4,10,Oktober,Oct,202510,Oct 2025,42,15,3,Rabu,0,0,1,0
20251016,2025-10-16,2025,4,Q4,10,Oktober,Oct,202510,Oct 2025,42,16,4,Kamis,0,0,1,0
20251017,2025-10-17,2025,4,Q4,10,Oktober,Oct,202510,Oct 2025,42,17,5,Jumat,0,0,1,0
20251018,2025-10-18,2025,4,Q4,10,Oktober,Oct,202510,Oct 2025,42,18,6,Sabtu,1,0,0,0
20251019,2025-10-19,2025,4,Q4,10,Oktober,Oct,202510,Oct 2025,42,19,7,Minggu,1,0,0,0
20251020,2025-10-20,2025,4,Q4,10,Oktober,Oct,202510,Oct 2025,43,20,1,Senin,0,0,1,0
20251021,2025-10-21,2025,4,Q4,10,Oktober,Oct,202510,Oct 2025,43,21,2,Selasa,0,0,1,0
20251022,2025-10-22,2025,4,Q4,10,Oktober,Oct,202510,Oct 2025,43,22,3,Rabu,0,0,1,0
20251023,2025-10-23,2025,4,Q4,10,Oktober,Oct,202510,Oct 2025,43,23,4,Kamis,0,0,1,0
20251024,2025-10-24,2025,4,Q4,10,Oktober,Oct,202510,Oct 2025,43,24,5,Jumat,0,0,1,0
20251025,2025-10-25,2025,4,Q4,10,Oktober,Oct,202510,Oct 2025,43,25,6,Sabtu,1,0,0,0
20251026,2025-10-26,2025,4,Q4,10,Oktober,Oct,202510,Oct 2025,43,26,7,Minggu,1,0,0,0
20251027,2025-10-27,2025,4,Q4,10,Oktober,Oct,202510,Oct 2025,44,27,1,Senin,0,0,1,0
20251028,2025-10-28,2025,4,Q4,10,Oktober,Oct,202510,Oct 2025,44,28,2,Selasa,0,0,1,0
20251029,2025-10-29,2025,4,Q4,10,Oktober,Oct,202510,Oct 2025,44,29,3,Rabu,0,0,1,0
20251030,2025-10-30,2025,4,Q4,10,Oktober,Oct,202510,Oct 2025,44,30,4,Kamis,0,0,1,0
20251031,2025-10-31,2025,4,Q4,10,Oktober,Oct,202510,Oct 2025,44,31,5,Jumat,0,0,1,1
20251101,2025-11-01,2025,4,Q4,11,November,Nov,202511,Nov 2025,44,1,6,Sabtu,1,0,0,0
20251102,2025-11-02,2025,4,Q4,11,November,Nov,202511,Nov 2025,44,2,7,Minggu,1,0,0,0
20251103,2025-11-03,2025,4,Q4,11,November,Nov,202511,Nov 2025,45,3,1,Senin,0,0,1,0
20251104,2025-11-04,2025,4,Q4,11,November,Nov,202511,Nov 2025,45,4,2,Selasa,0,0,1,0
20251105,2025-11-05,2025,4,Q4,11,November,Nov,202511,Nov 2025,45,5,3,Rabu,0,0,1,0
20251106,2025-11-06,2025,4,Q4,11,November,Nov,202511,Nov 2025,45,6,4,Kamis,0,0,1,0
20251107,2025-11-07,2025,4,Q4,11,November,Nov,202511,Nov 2025,45,7,5,Jumat,0,0,1,0
20251108,2025-11-08,2025,4,Q4,11,November,Nov,202511,Nov 2025,45,8,6,Sabtu,1,0,0,0
20251109,2025-11-09,2025,4,Q4,11,November,Nov,202511,Nov 2025,45,9,7,Minggu,1,0,0,0
20251110,2025-11-10,2025,4,Q4,11,November,Nov,202511,Nov 2025,46,10,1,Senin,0,0,1,0
20251111,2025-11-11,2025,4,Q4,11,November,Nov,202511,Nov 2025,46,11,2,Selasa,0,0,1,0
20251112,2025-11-12,2025,4,Q4,11,November,Nov,202511,Nov 2025,46,12,3,Rabu,0,0,1,0
20251113,2025-11-13,2025,4,Q4,11,November,Nov,202511,Nov 2025,46,13,4,Kamis,0,0,1,0
20251114,2025-11-14,2025,4,Q4,11,November,Nov,202511,Nov 2025,46,14,5,Jumat,0,0,1,0
20251115,2025-11-15,2025,4,Q4,11,November,Nov,202511,Nov 2025,46,15,6,Sabtu,1,0,0,0
20251116,2025-11-16,2025,4,Q4,11,November,Nov,202511,Nov 2025,46,16,7,Minggu,1,0,0,0
20251117,2025-11-17,2025,4,Q4,11,November,Nov,202511,Nov 2025,47,17,1,Senin,0,0,1,0
20251118,2025-11-18,2025,4,Q4,11,November,Nov,202511,Nov 2025,47,18,2,Selasa,0,0,1,0
20251119,2025-11-19,2025,4,Q4,11,November,Nov,202511,Nov 2025,47,19,3,Rabu,0,0,1,0
20251120,2025-11-20,2025,4,Q4,11,November,Nov,202511,Nov 2025,47,20,4,Kamis,0,0,1,0
20251121,2025-11-21,2025,4,Q4,11,November,Nov,202511,Nov 2025,47,21,5,Jumat,0,0,1,0
20251122,2025-11-22,2025,4,Q4,11,November,Nov,202511,Nov 2025,47,22,6,Sabtu,1,0,0,0
20251123,2025-11-23,2025,4,Q4,11,November,Nov,202511,Nov 2025,47,23,7,Minggu,1,0,0,0
20251124,2025-11-24,2025,4,Q4,11,November,Nov,202511,Nov 2025,48,24,1,Senin,0,0,1,0
20251125,2025-11-25,2025,4,Q4,11,November,Nov,202511,Nov 2025,48,25,2,Selasa,0,0,1,0
20251126,2025-11-26,2025,4,Q4,11,November,Nov,202511,Nov 2025,48,26,3,Rabu,0,0,1,0
20251127,2025-11-27,2025,4,Q4,11,November,Nov,202511,Nov 2025,48,27,4,Kamis,0,0,1,0
20251128,2025-11-28,2025,4,Q4,11,November,Nov,202511,Nov 2025,48,28,5,Jumat,0,0,1,0
20251129,2025-11-29,2025,4,Q4,11,November,Nov,202511,Nov 2025,48,29,6,Sabtu,1,0,0,0
20251130,2025-11-30,2025,4,Q4,11,November,Nov,202511,Nov 2025,48,30,7,Minggu,1,0,0,1
20251201,2025-12-01,2025,4,Q4,12,Desember,Dec,202512,Dec 2025,49,1,1,Senin,0,0,1,0
20251202,2025-12-02,2025,4,Q4,12,Desember,Dec,202512,Dec 2025,49,2,2,Selasa,0,0,1,0
20251203,2025-12-03,2025,4,Q4,12,Desember,Dec,202512,Dec 2025,49,3,3,Rabu,0,0,1,0
20251204,2025-12-04,2025,4,Q4,12,Desember,Dec,202512,Dec 2025,49,4,4,Kamis,0,0,1,0
20251205,2025-12-05,2025,4,Q4,12,Desember,Dec,202512,Dec 2025,49,5,5,Jumat,0,0,1,0
20251206,2025-12-06,2025,4,Q4,12,Desember,Dec,202512,Dec 2025,49,6,6,Sabtu,1,0,0,0
20251207,2025-12-07,2025,4,Q4,12,Desember,Dec,202512,Dec 2025,49,7,7,Minggu,1,0,0,0
20251208,2025-12-08,2025,4,Q4,12,Desember,Dec,202512,Dec 2025,50,8,1,Senin,0,0,1,0
20251209,2025-12-09,2025,4,Q4,12,Desember,Dec,202512,Dec 2025,50,9,2,Selasa,0,0,1,0
20251210,2025-12-10,2025,4,Q4,12,Desember,Dec,202512,Dec 2025,50,10,3,Rabu,0,0,1,0
20251211,2025-12-11,2025,4,Q4,12,Desember,Dec,202512,Dec 2025,50,11,4,Kamis,0,0,1,0
20251212,2025-12-12,2025,4,Q4,12,Desember,Dec,202512,Dec 2025,50,12,5,Jumat,0,0,1,0
20251213,2025-12-13,2025,4,Q4,12,Desember,Dec,202512,Dec 2025,50,13,6,Sabtu,1,0,0,0
20251214,2025-12-14,2025,4,Q4,12,Desember,Dec,202512,Dec 2025,50,14,7,Minggu,1,0,0,0
20251215,2025-12-15,2025,4,Q4,12,Desember,Dec,202512,Dec 2025,51,15,1,Senin,0,0,1,0
20251216,2025-12-16,2025,4,Q4,12,Desember,Dec,202512,Dec 2025,51,16,2,Selasa,0,0,1,0
20251217,2025-12-17,2025,4,Q4,12,Desember,Dec,202512,Dec 2025,51,17,3,Rabu,0,0,1,0
20251218,2025-12-18,2025,4,Q4,12,Desember,Dec,202512,Dec 2025,51,18,4,Kamis,0,0,1,0
20251219,2025-12-19,2025,4,Q4,12,Desember,Dec,202512,Dec 2025,51,19,5,Jumat,0,0,1,0
20251220,2025-12-20,2025,4,Q4,12,Desember,Dec,202512,Dec 2025,51,20,6,Sabtu,1,0,0,0
20251221,2025-12-21,2025,4,Q4,12,Desember,Dec,202512,Dec 2025,51,21,7,Minggu,1,0,0,0
20251222,2025-12-22,2025,4,Q4,12,Desember,Dec,202512,Dec 2025,52,22,1,Senin,0,0,1,0
20251223,2025-12-23,2025,4,Q4,12,Desember,Dec,202512,Dec 2025,52,23,2,Selasa,0,0,1,0
20251224,2025-12-24,2025,4,Q4,12,Desember,Dec,202512,Dec 2025,52,24,3,Rabu,0,0,1,0
20251225,2025-12-25,2025,4,Q4,12,Desember,Dec,202512,Dec 2025,52,25,4,Kamis,0,1,0,0
20251226,2025-12-26,2025,4,Q4,12,Desember,Dec,202512,Dec 2025,52,26,5,Jumat,0,0,1,0
20251227,2025-12-27,2025,4,Q4,12,Desember,Dec,202512,Dec 2025,52,27,6,Sabtu,1,0,0,0
20251228,2025-12-28,2025,4,Q4,12,Desember,Dec,202512,Dec 2025,52,28,7,Minggu,1,0,0,0
20251229,2025-12-29,2025,4,Q4,12,Desember,Dec,202512,Dec 2025,1,29,1,Senin,0,0,1,0
20251230,2025-12-30,2025,4,Q4,12,Desember,Dec,202512,Dec 2025,1,30,2,Selasa,0,0,1,0
20251231,2025-12-31,2025,4,Q4,12,Desember,Dec,202512,Dec 2025,1,31,3,Rabu,0,0,1,1
20260101,2026-01-01,2026,1,Q1,1,Januari,Jan,202601,Jan 2026,1,1,4,Kamis,0,0,1,0
20260102,2026-01-02,2026,1,Q1,1,Januari,Jan,202601,Jan 2026,1,2,5,Jumat,0,0,1,0
20260103,2026-01-03,2026,1,Q1,1,Januari,Jan,202601,Jan 2026,1,3,6,Sabtu,1,0,0,0
20260104,2026-01-04,2026,1,Q1,1,Januari,Jan,202601,Jan 2026,1,4,7,Minggu,1,0,0,0
20260105,2026-01-05,2026,1,Q1,1,Januari,Jan,202601,Jan 2026,2,5,1,Senin,0,0,1,0
20260106,2026-01-06,2026,1,Q1,1,Januari,Jan,202601,Jan 2026,2,6,2,Selasa,0,0,1,0
20260107,2026-01-07,2026,1,Q1,1,Januari,Jan,202601,Jan 2026,2,7,3,Rabu,0,0,1,0
20260108,2026-01-08,2026,1,Q1,1,Januari,Jan,202601,Jan 2026,2,8,4,Kamis,0,0,1,0
20260109,2026-01-09,2026,1,Q1,1,Januari,Jan,202601,Jan 2026,2,9,5,Jumat,0,0,1,0
20260110,2026-01-10,2026,1,Q1,1,Januari,Jan,202601,Jan 2026,2,10,6,Sabtu,1,0,0,0
20260111,2026-01-11,2026,1,Q1,1,Januari,Jan,202601,Jan 2026,2,11,7,Minggu,1,0,0,0
20260112,2026-01-12,2026,1,Q1,1,Januari,Jan,202601,Jan 2026,3,12,1,Senin,0,0,1,0
20260113,2026-01-13,2026,1,Q1,1,Januari,Jan,202601,Jan 2026,3,13,2,Selasa,0,0,1,0
20260114,2026-01-14,2026,1,Q1,1,Januari,Jan,202601,Jan 2026,3,14,3,Rabu,0,0,1,0
20260115,2026-01-15,2026,1,Q1,1,Januari,Jan,202601,Jan 2026,3,15,4,Kamis,0,0,1,0
20260116,2026-01-16,2026,1,Q1,1,Januari,Jan,202601,Jan 2026,3,16,5,Jumat,0,0,1,0
20260117,2026-01-17,2026,1,Q1,1,Januari,Jan,202601,Jan 2026,3,17,6,Sabtu,1,0,0,0
20260118,2026-01-18,2026,1,Q1,1,Januari,Jan,202601,Jan 2026,3,18,7,Minggu,1,0,0,0
20260119,2026-01-19,2026,1,Q1,1,Januari,Jan,202601,Jan 2026,4,19,1,Senin,0,0,1,0
20260120,2026-01-20,2026,1,Q1,1,Januari,Jan,202601,Jan 2026,4,20,2,Selasa,0,0,1,0
20260121,2026-01-21,2026,1,Q1,1,Januari,Jan,202601,Jan 2026,4,21,3,Rabu,0,0,1,0
20260122,2026-01-22,2026,1,Q1,1,Januari,Jan,202601,Jan 2026,4,22,4,Kamis,0,0,1,0
20260123,2026-01-23,2026,1,Q1,1,Januari,Jan,202601,Jan 2026,4,23,5,Jumat,0,0,1,0
20260124,2026-01-24,2026,1,Q1,1,Januari,Jan,202601,Jan 2026,4,24,6,Sabtu,1,0,0,0
20260125,2026-01-25,2026,1,Q1,1,Januari,Jan,202601,Jan 2026,4,25,7,Minggu,1,0,0,0
20260126,2026-01-26,2026,1,Q1,1,Januari,Jan,202601,Jan 2026,5,26,1,Senin,0,0,1,0
20260127,2026-01-27,2026,1,Q1,1,Januari,Jan,202601,Jan 2026,5,27,2,Selasa,0,0,1,0
20260128,2026-01-28,2026,1,Q1,1,Januari,Jan,202601,Jan 2026,5,28,3,Rabu,0,0,1,0
20260129,2026-01-29,2026,1,Q1,1,Januari,Jan,202601,Jan 2026,5,29,4,Kamis,0,0,1,0
20260130,2026-01-30,2026,1,Q1,1,Januari,Jan,202601,Jan 2026,5,30,5,Jumat,0,0,1,0
20260131,2026-01-31,2026,1,Q1,1,Januari,Jan,202601,Jan 2026,5,31,6,Sabtu,1,0,0,1
20260201,2026-02-01,2026,1,Q1,2,Februari,Feb,202602,Feb 2026,5,1,7,Minggu,1,0,0,0
20260202,2026-02-02,2026,1,Q1,2,Februari,Feb,202602,Feb 2026,6,2,1,Senin,0,0,1,0
20260203,2026-02-03,2026,1,Q1,2,Februari,Feb,202602,Feb 2026,6,3,2,Selasa,0,0,1,0
20260204,2026-02-04,2026,1,Q1,2,Februari,Feb,202602,Feb 2026,6,4,3,Rabu,0,0,1,0
20260205,2026-02-05,2026,1,Q1,2,Februari,Feb,202602,Feb 2026,6,5,4,Kamis,0,0,1,0
20260206,2026-02-06,2026,1,Q1,2,Februari,Feb,202602,Feb 2026,6,6,5,Jumat,0,0,1,0
20260207,2026-02-07,2026,1,Q1,2,Februari,Feb,202602,Feb 2026,6,7,6,Sabtu,1,0,0,0
20260208,2026-02-08,2026,1,Q1,2,Februari,Feb,202602,Feb 2026,6,8,7,Minggu,1,0,0,0
20260209,2026-02-09,2026,1,Q1,2,Februari,Feb,202602,Feb 2026,7,9,1,Senin,0,0,1,0
20260210,2026-02-10,2026,1,Q1,2,Februari,Feb,202602,Feb 2026,7,10,2,Selasa,0,0,1,0
20260211,2026-02-11,2026,1,Q1,2,Februari,Feb,202602,Feb 2026,7,11,3,Rabu,0,0,1,0
20260212,2026-02-12,2026,1,Q1,2,Februari,Feb,202602,Feb 2026,7,12,4,Kamis,0,0,1,0
20260213,2026-02-13,2026,1,Q1,2,Februari,Feb,202602,Feb 2026,7,13,5,Jumat,0,0,1,0
20260214,2026-02-14,2026,1,Q1,2,Februari,Feb,202602,Feb 2026,7,14,6,Sabtu,1,0,0,0
20260215,2026-02-15,2026,1,Q1,2,Februari,Feb,202602,Feb 2026,7,15,7,Minggu,1,0,0,0
20260216,2026-02-16,2026,1,Q1,2,Februari,Feb,202602,Feb 2026,8,16,1,Senin,0,0,1,0
20260217,2026-02-17,2026,1,Q1,2,Februari,Feb,202602,Feb 2026,8,17,2,Selasa,0,0,1,0
20260218,2026-02-18,2026,1,Q1,2,Februari,Feb,202602,Feb 2026,8,18,3,Rabu,0,0,1,0
20260219,2026-02-19,2026,1,Q1,2,Februari,Feb,202602,Feb 2026,8,19,4,Kamis,0,0,1,0
20260220,2026-02-20,2026,1,Q1,2,Februari,Feb,202602,Feb 2026,8,20,5,Jumat,0,0,1,0
20260221,2026-02-21,2026,1,Q1,2,Februari,Feb,202602,Feb 2026,8,21,6,Sabtu,1,0,0,0
20260222,2026-02-22,2026,1,Q1,2,Februari,Feb,202602,Feb 2026,8,22,7,Minggu,1,0,0,0
20260223,2026-02-23,2026,1,Q1,2,Februari,Feb,202602,Feb 2026,9,23,1,Senin,0,0,1,0
20260224,2026-02-24,2026,1,Q1,2,Februari,Feb,202602,Feb 2026,9,24,2,Selasa,0,0,1,0
20260225,2026-02-25,2026,1,Q1,2,Februari,Feb,202602,Feb 2026,9,25,3,Rabu,0,0,1,0
20260226,2026-02-26,2026,1,Q1,2,Februari,Feb,202602,Feb 2026,9,26,4,Kamis,0,0,1,0
20260227,2026-02-27,2026,1,Q1,2,Februari,Feb,202602,Feb 2026,9,27,5,Jumat,0,0,1,0
20260228,2026-02-28,2026,1,Q1,2,Februari,Feb,202602,Feb 2026,9,28,6,Sabtu,1,0,0,1
20260301,2026-03-01,2026,1,Q1,3,Maret,Mar,202603,Mar 2026,9,1,7,Minggu,1,0,0,0
20260302,2026-03-02,2026,1,Q1,3,Maret,Mar,202603,Mar 2026,10,2,1,Senin,0,0,1,0
20260303,2026-03-03,2026,1,Q1,3,Maret,Mar,202603,Mar 2026,10,3,2,Selasa,0,0,1,0
20260304,2026-03-04,2026,1,Q1,3,Maret,Mar,202603,Mar 2026,10,4,3,Rabu,0,0,1,0
20260305,2026-03-05,2026,1,Q1,3,Maret,Mar,202603,Mar 2026,10,5,4,Kamis,0,0,1,0
20260306,2026-03-06,2026,1,Q1,3,Maret,Mar,202603,Mar 2026,10,6,5,Jumat,0,0,1,0
20260307,2026-03-07,2026,1,Q1,3,Maret,Mar,202603,Mar 2026,10,7,6,Sabtu,1,0,0,0
20260308,2026-03-08,2026,1,Q1,3,Maret,Mar,202603,Mar 2026,10,8,7,Minggu,1,0,0,0
20260309,2026-03-09,2026,1,Q1,3,Maret,Mar,202603,Mar 2026,11,9,1,Senin,0,0,1,0
20260310,2026-03-10,2026,1,Q1,3,Maret,Mar,202603,Mar 2026,11,10,2,Selasa,0,0,1,0
20260311,2026-03-11,2026,1,Q1,3,Maret,Mar,202603,Mar 2026,11,11,3,Rabu,0,0,1,0
20260312,2026-03-12,2026,1,Q1,3,Maret,Mar,202603,Mar 2026,11,12,4,Kamis,0,0,1,0
20260313,2026-03-13,2026,1,Q1,3,Maret,Mar,202603,Mar 2026,11,13,5,Jumat,0,0,1,0
20260314,2026-03-14,2026,1,Q1,3,Maret,Mar,202603,Mar 2026,11,14,6,Sabtu,1,0,0,0
20260315,2026-03-15,2026,1,Q1,3,Maret,Mar,202603,Mar 2026,11,15,7,Minggu,1,0,0,0
20260316,2026-03-16,2026,1,Q1,3,Maret,Mar,202603,Mar 2026,12,16,1,Senin,0,0,1,0
20260317,2026-03-17,2026,1,Q1,3,Maret,Mar,202603,Mar 2026,12,17,2,Selasa,0,0,1,0
20260318,2026-03-18,2026,1,Q1,3,Maret,Mar,202603,Mar 2026,12,18,3,Rabu,0,0,1,0
20260319,2026-03-19,2026,1,Q1,3,Maret,Mar,202603,Mar 2026,12,19,4,Kamis,0,0,1,0
20260320,2026-03-20,2026,1,Q1,3,Maret,Mar,202603,Mar 2026,12,20,5,Jumat,0,0,1,0
20260321,2026-03-21,2026,1,Q1,3,Maret,Mar,202603,Mar 2026,12,21,6,Sabtu,1,0,0,0
20260322,2026-03-22,2026,1,Q1,3,Maret,Mar,202603,Mar 2026,12,22,7,Minggu,1,0,0,0
20260323,2026-03-23,2026,1,Q1,3,Maret,Mar,202603,Mar 2026,13,23,1,Senin,0,0,1,0
20260324,2026-03-24,2026,1,Q1,3,Maret,Mar,202603,Mar 2026,13,24,2,Selasa,0,0,1,0
20260325,2026-03-25,2026,1,Q1,3,Maret,Mar,202603,Mar 2026,13,25,3,Rabu,0,0,1,0
20260326,2026-03-26,2026,1,Q1,3,Maret,Mar,202603,Mar 2026,13,26,4,Kamis,0,0,1,0
20260327,2026-03-27,2026,1,Q1,3,Maret,Mar,202603,Mar 2026,13,27,5,Jumat,0,0,1,0
20260328,2026-03-28,2026,1,Q1,3,Maret,Mar,202603,Mar 2026,13,28,6,Sabtu,1,0,0,0
20260329,2026-03-29,2026,1,Q1,3,Maret,Mar,202603,Mar 2026,13,29,7,Minggu,1,0,0,0
20260330,2026-03-30,2026,1,Q1,3,Maret,Mar,202603,Mar 2026,14,30,1,Senin,0,0,1,0
20260331,2026-03-31,2026,1,Q1,3,Maret,Mar,202603,Mar 2026,14,31,2,Selasa,0,0,1,1
20260401,2026-04-01,2026,2,Q2,4,April,Apr,202604,Apr 2026,14,1,3,Rabu,0,0,1,0
20260402,2026-04-02,2026,2,Q2,4,April,Apr,202604,Apr 2026,14,2,4,Kamis,0,0,1,0
20260403,2026-04-03,2026,2,Q2,4,April,Apr,202604,Apr 2026,14,3,5,Jumat,0,0,1,0
20260404,2026-04-04,2026,2,Q2,4,April,Apr,202604,Apr 2026,14,4,6,Sabtu,1,0,0,0
20260405,2026-04-05,2026,2,Q2,4,April,Apr,202604,Apr 2026,14,5,7,Minggu,1,0,0,0
20260406,2026-04-06,2026,2,Q2,4,April,Apr,202604,Apr 2026,15,6,1,Senin,0,0,1,0
20260407,2026-04-07,2026,2,Q2,4,April,Apr,202604,Apr 2026,15,7,2,Selasa,0,0,1,0
20260408,2026-04-08,2026,2,Q2,4,April,Apr,202604,Apr 2026,15,8,3,Rabu,0,0,1,0
20260409,2026-04-09,2026,2,Q2,4,April,Apr,202604,Apr 2026,15,9,4,Kamis,0,0,1,0
20260410,2026-04-10,2026,2,Q2,4,April,Apr,202604,Apr 2026,15,10,5,Jumat,0,0,1,0
20260411,2026-04-11,2026,2,Q2,4,April,Apr,202604,Apr 2026,15,11,6,Sabtu,1,0,0,0
20260412,2026-04-12,2026,2,Q2,4,April,Apr,202604,Apr 2026,15,12,7,Minggu,1,0,0,0
20260413,2026-04-13,2026,2,Q2,4,April,Apr,202604,Apr 2026,16,13,1,Senin,0,0,1,0
20260414,2026-04-14,2026,2,Q2,4,April,Apr,202604,Apr 2026,16,14,2,Selasa,0,0,1,0
20260415,2026-04-15,2026,2,Q2,4,April,Apr,202604,Apr 2026,16,15,3,Rabu,0,0,1,0
20260416,2026-04-16,2026,2,Q2,4,April,Apr,202604,Apr 2026,16,16,4,Kamis,0,0,1,0
20260417,2026-04-17,2026,2,Q2,4,April,Apr,202604,Apr 2026,16,17,5,Jumat,0,0,1,0
20260418,2026-04-18,2026,2,Q2,4,April,Apr,202604,Apr 2026,16,18,6,Sabtu,1,0,0,0
20260419,2026-04-19,2026,2,Q2,4,April,Apr,202604,Apr 2026,16,19,7,Minggu,1,0,0,0
20260420,2026-04-20,2026,2,Q2,4,April,Apr,202604,Apr 2026,17,20,1,Senin,0,0,1,0
20260421,2026-04-21,2026,2,Q2,4,April,Apr,202604,Apr 2026,17,21,2,Selasa,0,0,1,0
20260422,2026-04-22,2026,2,Q2,4,April,Apr,202604,Apr 2026,17,22,3,Rabu,0,0,1,0
20260423,2026-04-23,2026,2,Q2,4,April,Apr,202604,Apr 2026,17,23,4,Kamis,0,0,1,0
20260424,2026-04-24,2026,2,Q2,4,April,Apr,202604,Apr 2026,17,24,5,Jumat,0,0,1,0
20260425,2026-04-25,2026,2,Q2,4,April,Apr,202604,Apr 2026,17,25,6,Sabtu,1,0,0,0
20260426,2026-04-26,2026,2,Q2,4,April,Apr,202604,Apr 2026,17,26,7,Minggu,1,0,0,0
20260427,2026-04-27,2026,2,Q2,4,April,Apr,202604,Apr 2026,18,27,1,Senin,0,0,1,0
20260428,2026-04-28,2026,2,Q2,4,April,Apr,202604,Apr 2026,18,28,2,Selasa,0,0,1,0
20260429,2026-04-29,2026,2,Q2,4,April,Apr,202604,Apr 2026,18,29,3,Rabu,0,0,1,0
20260430,2026-04-30,2026,2,Q2,4,April,Apr,202604,Apr 2026,18,30,4,Kamis,0,0,1,1
20260501,2026-05-01,2026,2,Q2,5,Mei,May,202605,May 2026,18,1,5,Jumat,0,0,1,0
20260502,2026-05-02,2026,2,Q2,5,Mei,May,202605,May 2026,18,2,6,Sabtu,1,0,0,0
20260503,2026-05-03,2026,2,Q2,5,Mei,May,202605,May 2026,18,3,7,Minggu,1,0,0,0
20260504,2026-05-04,2026,2,Q2,5,Mei,May,202605,May 2026,19,4,1,Senin,0,0,1,0
20260505,2026-05-05,2026,2,Q2,5,Mei,May,202605,May 2026,19,5,2,Selasa,0,0,1,0
20260506,2026-05-06,2026,2,Q2,5,Mei,May,202605,May 2026,19,6,3,Rabu,0,0,1,0
20260507,2026-05-07,2026,2,Q2,5,Mei,May,202605,May 2026,19,7,4,Kamis,0,0,1,0
20260508,2026-05-08,2026,2,Q2,5,Mei,May,202605,May 2026,19,8,5,Jumat,0,0,1,0
20260509,2026-05-09,2026,2,Q2,5,Mei,May,202605,May 2026,19,9,6,Sabtu,1,0,0,0
20260510,2026-05-10,2026,2,Q2,5,Mei,May,202605,May 2026,19,10,7,Minggu,1,0,0,0
20260511,2026-05-11,2026,2,Q2,5,Mei,May,202605,May 2026,20,11,1,Senin,0,0,1,0
20260512,2026-05-12,2026,2,Q2,5,Mei,May,202605,May 2026,20,12,2,Selasa,0,0,1,0
20260513,2026-05-13,2026,2,Q2,5,Mei,May,202605,May 2026,20,13,3,Rabu,0,0,1,0
20260514,2026-05-14,2026,2,Q2,5,Mei,May,202605,May 2026,20,14,4,Kamis,0,0,1,0
20260515,2026-05-15,2026,2,Q2,5,Mei,May,202605,May 2026,20,15,5,Jumat,0,0,1,0
20260516,2026-05-16,2026,2,Q2,5,Mei,May,202605,May 2026,20,16,6,Sabtu,1,0,0,0
20260517,2026-05-17,2026,2,Q2,5,Mei,May,202605,May 2026,20,17,7,Minggu,1,0,0,0
20260518,2026-05-18,2026,2,Q2,5,Mei,May,202605,May 2026,21,18,1,Senin,0,0,1,0
20260519,2026-05-19,2026,2,Q2,5,Mei,May,202605,May 2026,21,19,2,Selasa,0,0,1,0
20260520,2026-05-20,2026,2,Q2,5,Mei,May,202605,May 2026,21,20,3,Rabu,0,0,1,0
20260521,2026-05-21,2026,2,Q2,5,Mei,May,202605,May 2026,21,21,4,Kamis,0,0,1,0
20260522,2026-05-22,2026,2,Q2,5,Mei,May,202605,May 2026,21,22,5,Jumat,0,0,1,0
20260523,2026-05-23,2026,2,Q2,5,Mei,May,202605,May 2026,21,23,6,Sabtu,1,0,0,0
20260524,2026-05-24,2026,2,Q2,5,Mei,May,202605,May 2026,21,24,7,Minggu,1,0,0,0
20260525,2026-05-25,2026,2,Q2,5,Mei,May,202605,May 2026,22,25,1,Senin,0,0,1,0
20260526,2026-05-26,2026,2,Q2,5,Mei,May,202605,May 2026,22,26,2,Selasa,0,0,1,0
20260527,2026-05-27,2026,2,Q2,5,Mei,May,202605,May 2026,22,27,3,Rabu,0,0,1,0
20260528,2026-05-28,2026,2,Q2,5,Mei,May,202605,May 2026,22,28,4,Kamis,0,0,1,0
20260529,2026-05-29,2026,2,Q2,5,Mei,May,202605,May 2026,22,29,5,Jumat,0,0,1,0
20260530,2026-05-30,2026,2,Q2,5,Mei,May,202605,May 2026,22,30,6,Sabtu,1,0,0,0
20260531,2026-05-31,2026,2,Q2,5,Mei,May,202605,May 2026,22,31,7,Minggu,1,0,0,1
20260601,2026-06-01,2026,2,Q2,6,Juni,Jun,202606,Jun 2026,23,1,1,Senin,0,0,1,0
20260602,2026-06-02,2026,2,Q2,6,Juni,Jun,202606,Jun 2026,23,2,2,Selasa,0,0,1,0
20260603,2026-06-03,2026,2,Q2,6,Juni,Jun,202606,Jun 2026,23,3,3,Rabu,0,0,1,0
20260604,2026-06-04,2026,2,Q2,6,Juni,Jun,202606,Jun 2026,23,4,4,Kamis,0,0,1,0
20260605,2026-06-05,2026,2,Q2,6,Juni,Jun,202606,Jun 2026,23,5,5,Jumat,0,0,1,0
20260606,2026-06-06,2026,2,Q2,6,Juni,Jun,202606,Jun 2026,23,6,6,Sabtu,1,0,0,0
20260607,2026-06-07,2026,2,Q2,6,Juni,Jun,202606,Jun 2026,23,7,7,Minggu,1,0,0,0
20260608,2026-06-08,2026,2,Q2,6,Juni,Jun,202606,Jun 2026,24,8,1,Senin,0,0,1,0
20260609,2026-06-09,2026,2,Q2,6,Juni,Jun,202606,Jun 2026,24,9,2,Selasa,0,0,1,0
20260610,2026-06-10,2026,2,Q2,6,Juni,Jun,202606,Jun 2026,24,10,3,Rabu,0,0,1,0
20260611,2026-06-11,2026,2,Q2,6,Juni,Jun,202606,Jun 2026,24,11,4,Kamis,0,0,1,0
20260612,2026-06-12,2026,2,Q2,6,Juni,Jun,202606,Jun 2026,24,12,5,Jumat,0,0,1,0
20260613,2026-06-13,2026,2,Q2,6,Juni,Jun,202606,Jun 2026,24,13,6,Sabtu,1,0,0,0
20260614,2026-06-14,2026,2,Q2,6,Juni,Jun,202606,Jun 2026,24,14,7,Minggu,1,0,0,0
20260615,2026-06-15,2026,2,Q2,6,Juni,Jun,202606,Jun 2026,25,15,1,Senin,0,0,1,0
20260616,2026-06-16,2026,2,Q2,6,Juni,Jun,202606,Jun 2026,25,16,2,Selasa,0,0,1,0
20260617,2026-06-17,2026,2,Q2,6,Juni,Jun,202606,Jun 2026,25,17,3,Rabu,0,0,1,0
20260618,2026-06-18,2026,2,Q2,6,Juni,Jun,202606,Jun 2026,25,18,4,Kamis,0,0,1,0
20260619,2026-06-19,2026,2,Q2,6,Juni,Jun,202606,Jun 2026,25,19,5,Jumat,0,0,1,0
20260620,2026-06-20,2026,2,Q2,6,Juni,Jun,202606,Jun 2026,25,20,6,Sabtu,1,0,0,0
20260621,2026-06-21,2026,2,Q2,6,Juni,Jun,202606,Jun 2026,25,21,7,Minggu,1,0,0,0
20260622,2026-06-22,2026,2,Q2,6,Juni,Jun,202606,Jun 2026,26,22,1,Senin,0,0,1,0
20260623,2026-06-23,2026,2,Q2,6,Juni,Jun,202606,Jun 2026,26,23,2,Selasa,0,0,1,0
20260624,2026-06-24,2026,2,Q2,6,Juni,Jun,202606,Jun 2026,26,24,3,Rabu,0,0,1,0
20260625,2026-06-25,2026,2,Q2,6,Juni,Jun,202606,Jun 2026,26,25,4,Kamis,0,0,1,0
20260626,2026-06-26,2026,2,Q2,6,Juni,Jun,202606,Jun 2026,26,26,5,Jumat,0,0,1,0
20260627,2026-06-27,2026,2,Q2,6,Juni,Jun,202606,Jun 2026,26,27,6,Sabtu,1,0,0,0
20260628,2026-06-28,2026,2,Q2,6,Juni,Jun,202606,Jun 2026,26,28,7,Minggu,1,0,0,0
20260629,2026-06-29,2026,2,Q2,6,Juni,Jun,202606,Jun 2026,27,29,1,Senin,0,0,1,0
20260630,2026-06-30,2026,2,Q2,6,Juni,Jun,202606,Jun 2026,27,30,2,Selasa,0,0,1,1
20260701,2026-07-01,2026,3,Q3,7,Juli,Jul,202607,Jul 2026,27,1,3,Rabu,0,0,1,0
20260702,2026-07-02,2026,3,Q3,7,Juli,Jul,202607,Jul 2026,27,2,4,Kamis,0,0,1,0
20260703,2026-07-03,2026,3,Q3,7,Juli,Jul,202607,Jul 2026,27,3,5,Jumat,0,0,1,0
20260704,2026-07-04,2026,3,Q3,7,Juli,Jul,202607,Jul 2026,27,4,6,Sabtu,1,0,0,0
20260705,2026-07-05,2026,3,Q3,7,Juli,Jul,202607,Jul 2026,27,5,7,Minggu,1,0,0,0
20260706,2026-07-06,2026,3,Q3,7,Juli,Jul,202607,Jul 2026,28,6,1,Senin,0,0,1,0
20260707,2026-07-07,2026,3,Q3,7,Juli,Jul,202607,Jul 2026,28,7,2,Selasa,0,0,1,0
20260708,2026-07-08,2026,3,Q3,7,Juli,Jul,202607,Jul 2026,28,8,3,Rabu,0,0,1,0
20260709,2026-07-09,2026,3,Q3,7,Juli,Jul,202607,Jul 2026,28,9,4,Kamis,0,0,1,0
20260710,2026-07-10,2026,3,Q3,7,Juli,Jul,202607,Jul 2026,28,10,5,Jumat,0,0,1,0
20260711,2026-07-11,2026,3,Q3,7,Juli,Jul,202607,Jul 2026,28,11,6,Sabtu,1,0,0,0
20260712,2026-07-12,2026,3,Q3,7,Juli,Jul,202607,Jul 2026,28,12,7,Minggu,1,0,0,0
20260713,2026-07-13,2026,3,Q3,7,Juli,Jul,202607,Jul 2026,29,13,1,Senin,0,0,1,0
20260714,2026-07-14,2026,3,Q3,7,Juli,Jul,202607,Jul 2026,29,14,2,Selasa,0,0,1,0
20260715,2026-07-15,2026,3,Q3,7,Juli,Jul,202607,Jul 2026,29,15,3,Rabu,0,0,1,0
20260716,2026-07-16,2026,3,Q3,7,Juli,Jul,202607,Jul 2026,29,16,4,Kamis,0,0,1,0
20260717,2026-07-17,2026,3,Q3,7,Juli,Jul,202607,Jul 2026,29,17,5,Jumat,0,0,1,0
20260718,2026-07-18,2026,3,Q3,7,Juli,Jul,202607,Jul 2026,29,18,6,Sabtu,1,0,0,0
20260719,2026-07-19,2026,3,Q3,7,Juli,Jul,202607,Jul 2026,29,19,7,Minggu,1,0,0,0
20260720,2026-07-20,2026,3,Q3,7,Juli,Jul,202607,Jul 2026,30,20,1,Senin,0,0,1,0
20260721,2026-07-21,2026,3,Q3,7,Juli,Jul,202607,Jul 2026,30,21,2,Selasa,0,0,1,0
20260722,2026-07-22,2026,3,Q3,7,Juli,Jul,202607,Jul 2026,30,22,3,Rabu,0,0,1,0
20260723,2026-07-23,2026,3,Q3,7,Juli,Jul,202607,Jul 2026,30,23,4,Kamis,0,0,1,0
20260724,2026-07-24,2026,3,Q3,7,Juli,Jul,202607,Jul 2026,30,24,5,Jumat,0,0,1,0
20260725,2026-07-25,2026,3,Q3,7,Juli,Jul,202607,Jul 2026,30,25,6,Sabtu,1,0,0,0
20260726,2026-07-26,2026,3,Q3,7,Juli,Jul,202607,Jul 2026,30,26,7,Minggu,1,0,0,0
20260727,2026-07-27,2026,3,Q3,7,Juli,Jul,202607,Jul 2026,31,27,1,Senin,0,0,1,0
20260728,2026-07-28,2026,3,Q3,7,Juli,Jul,202607,Jul 2026,31,28,2,Selasa,0,0,1,0
20260729,2026-07-29,2026,3,Q3,7,Juli,Jul,202607,Jul 2026,31,29,3,Rabu,0,0,1,0
20260730,2026-07-30,2026,3,Q3,7,Juli,Jul,202607,Jul 2026,31,30,4,Kamis,0,0,1,0
20260731,2026-07-31,2026,3,Q3,7,Juli,Jul,202607,Jul 2026,31,31,5,Jumat,0,0,1,1
20260801,2026-08-01,2026,3,Q3,8,Agustus,Aug,202608,Aug 2026,31,1,6,Sabtu,1,0,0,0
20260802,2026-08-02,2026,3,Q3,8,Agustus,Aug,202608,Aug 2026,31,2,7,Minggu,1,0,0,0
20260803,2026-08-03,2026,3,Q3,8,Agustus,Aug,202608,Aug 2026,32,3,1,Senin,0,0,1,0
20260804,2026-08-04,2026,3,Q3,8,Agustus,Aug,202608,Aug 2026,32,4,2,Selasa,0,0,1,0
20260805,2026-08-05,2026,3,Q3,8,Agustus,Aug,202608,Aug 2026,32,5,3,Rabu,0,0,1,0
20260806,2026-08-06,2026,3,Q3,8,Agustus,Aug,202608,Aug 2026,32,6,4,Kamis,0,0,1,0
20260807,2026-08-07,2026,3,Q3,8,Agustus,Aug,202608,Aug 2026,32,7,5,Jumat,0,0,1,0
20260808,2026-08-08,2026,3,Q3,8,Agustus,Aug,202608,Aug 2026,32,8,6,Sabtu,1,0,0,0
20260809,2026-08-09,2026,3,Q3,8,Agustus,Aug,202608,Aug 2026,32,9,7,Minggu,1,0,0,0
20260810,2026-08-10,2026,3,Q3,8,Agustus,Aug,202608,Aug 2026,33,10,1,Senin,0,0,1,0
20260811,2026-08-11,2026,3,Q3,8,Agustus,Aug,202608,Aug 2026,33,11,2,Selasa,0,0,1,0
20260812,2026-08-12,2026,3,Q3,8,Agustus,Aug,202608,Aug 2026,33,12,3,Rabu,0,0,1,0
20260813,2026-08-13,2026,3,Q3,8,Agustus,Aug,202608,Aug 2026,33,13,4,Kamis,0,0,1,0
20260814,2026-08-14,2026,3,Q3,8,Agustus,Aug,202608,Aug 2026,33,14,5,Jumat,0,0,1,0
20260815,2026-08-15,2026,3,Q3,8,Agustus,Aug,202608,Aug 2026,33,15,6,Sabtu,1,0,0,0
20260816,2026-08-16,2026,3,Q3,8,Agustus,Aug,202608,Aug 2026,33,16,7,Minggu,1,0,0,0
20260817,2026-08-17,2026,3,Q3,8,Agustus,Aug,202608,Aug 2026,34,17,1,Senin,0,0,1,0
20260818,2026-08-18,2026,3,Q3,8,Agustus,Aug,202608,Aug 2026,34,18,2,Selasa,0,0,1,0
20260819,2026-08-19,2026,3,Q3,8,Agustus,Aug,202608,Aug 2026,34,19,3,Rabu,0,0,1,0
20260820,2026-08-20,2026,3,Q3,8,Agustus,Aug,202608,Aug 2026,34,20,4,Kamis,0,0,1,0
20260821,2026-08-21,2026,3,Q3,8,Agustus,Aug,202608,Aug 2026,34,21,5,Jumat,0,0,1,0
20260822,2026-08-22,2026,3,Q3,8,Agustus,Aug,202608,Aug 2026,34,22,6,Sabtu,1,0,0,0
20260823,2026-08-23,2026,3,Q3,8,Agustus,Aug,202608,Aug 2026,34,23,7,Minggu,1,0,0,0
20260824,2026-08-24,2026,3,Q3,8,Agustus,Aug,202608,Aug 2026,35,24,1,Senin,0,0,1,0
20260825,2026-08-25,2026,3,Q3,8,Agustus,Aug,202608,Aug 2026,35,25,2,Selasa,0,0,1,0
20260826,2026-08-26,2026,3,Q3,8,Agustus,Aug,202608,Aug 2026,35,26,3,Rabu,0,0,1,0
20260827,2026-08-27,2026,3,Q3,8,Agustus,Aug,202608,Aug 2026,35,27,4,Kamis,0,0,1,0
20260828,2026-08-28,2026,3,Q3,8,Agustus,Aug,202608,Aug 2026,35,28,5,Jumat,0,0,1,0
20260829,2026-08-29,2026,3,Q3,8,Agustus,Aug,202608,Aug 2026,35,29,6,Sabtu,1,0,0,0
20260830,2026-08-30,2026,3,Q3,8,Agustus,Aug,202608,Aug 2026,35,30,7,Minggu,1,0,0,0
20260831,2026-08-31,2026,3,Q3,8,Agustus,Aug,202608,Aug 2026,36,31,1,Senin,0,0,1,1
20260901,2026-09-01,2026,3,Q3,9,September,Sep,202609,Sep 2026,36,1,2,Selasa,0,0,1,0
20260902,2026-09-02,2026,3,Q3,9,September,Sep,202609,Sep 2026,36,2,3,Rabu,0,0,1,0
20260903,2026-09-03,2026,3,Q3,9,September,Sep,202609,Sep 2026,36,3,4,Kamis,0,0,1,0
20260904,2026-09-04,2026,3,Q3,9,September,Sep,202609,Sep 2026,36,4,5,Jumat,0,0,1,0
20260905,2026-09-05,2026,3,Q3,9,September,Sep,202609,Sep 2026,36,5,6,Sabtu,1,0,0,0
20260906,2026-09-06,2026,3,Q3,9,September,Sep,202609,Sep 2026,36,6,7,Minggu,1,0,0,0
20260907,2026-09-07,2026,3,Q3,9,September,Sep,202609,Sep 2026,37,7,1,Senin,0,0,1,0
20260908,2026-09-08,2026,3,Q3,9,September,Sep,202609,Sep 2026,37,8,2,Selasa,0,0,1,0
20260909,2026-09-09,2026,3,Q3,9,September,Sep,202609,Sep 2026,37,9,3,Rabu,0,0,1,0
20260910,2026-09-10,2026,3,Q3,9,September,Sep,202609,Sep 2026,37,10,4,Kamis,0,0,1,0
20260911,2026-09-11,2026,3,Q3,9,September,Sep,202609,Sep 2026,37,11,5,Jumat,0,0,1,0
20260912,2026-09-12,2026,3,Q3,9,September,Sep,202609,Sep 2026,37,12,6,Sabtu,1,0,0,0
20260913,2026-09-13,2026,3,Q3,9,September,Sep,202609,Sep 2026,37,13,7,Minggu,1,0,0,0
20260914,2026-09-14,2026,3,Q3,9,September,Sep,202609,Sep 2026,38,14,1,Senin,0,0,1,0
20260915,2026-09-15,2026,3,Q3,9,September,Sep,202609,Sep 2026,38,15,2,Selasa,0,0,1,0
20260916,2026-09-16,2026,3,Q3,9,September,Sep,202609,Sep 2026,38,16,3,Rabu,0,0,1,0
20260917,2026-09-17,2026,3,Q3,9,September,Sep,202609,Sep 2026,38,17,4,Kamis,0,0,1,0
20260918,2026-09-18,2026,3,Q3,9,September,Sep,202609,Sep 2026,38,18,5,Jumat,0,0,1,0
20260919,2026-09-19,2026,3,Q3,9,September,Sep,202609,Sep 2026,38,19,6,Sabtu,1,0,0,0
20260920,2026-09-20,2026,3,Q3,9,September,Sep,202609,Sep 2026,38,20,7,Minggu,1,0,0,0
20260921,2026-09-21,2026,3,Q3,9,September,Sep,202609,Sep 2026,39,21,1,Senin,0,0,1,0
20260922,2026-09-22,2026,3,Q3,9,September,Sep,202609,Sep 2026,39,22,2,Selasa,0,0,1,0
20260923,2026-09-23,2026,3,Q3,9,September,Sep,202609,Sep 2026,39,23,3,Rabu,0,0,1,0
20260924,2026-09-24,2026,3,Q3,9,September,Sep,202609,Sep 2026,39,24,4,Kamis,0,0,1,0
20260925,2026-09-25,2026,3,Q3,9,September,Sep,202609,Sep 2026,39,25,5,Jumat,0,0,1,0
20260926,2026-09-26,2026,3,Q3,9,September,Sep,202609,Sep 2026,39,26,6,Sabtu,1,0,0,0
20260927,2026-09-27,2026,3,Q3,9,September,Sep,202609,Sep 2026,39,27,7,Minggu,1,0,0,0
20260928,2026-09-28,2026,3,Q3,9,September,Sep,202609,Sep 2026,40,28,1,Senin,0,0,1,0
20260929,2026-09-29,2026,3,Q3,9,September,Sep,202609,Sep 2026,40,29,2,Selasa,0,0,1,0
20260930,2026-09-30,2026,3,Q3,9,September,Sep,202609,Sep 2026,40,30,3,Rabu,0,0,1,1
20261001,2026-10-01,2026,4,Q4,10,Oktober,Oct,202610,Oct 2026,40,1,4,Kamis,0,0,1,0
20261002,2026-10-02,2026,4,Q4,10,Oktober,Oct,202610,Oct 2026,40,2,5,Jumat,0,0,1,0
20261003,2026-10-03,2026,4,Q4,10,Oktober,Oct,202610,Oct 2026,40,3,6,Sabtu,1,0,0,0
20261004,2026-10-04,2026,4,Q4,10,Oktober,Oct,202610,Oct 2026,40,4,7,Minggu,1,0,0,0
20261005,2026-10-05,2026,4,Q4,10,Oktober,Oct,202610,Oct 2026,41,5,1,Senin,0,0,1,0
20261006,2026-10-06,2026,4,Q4,10,Oktober,Oct,202610,Oct 2026,41,6,2,Selasa,0,0,1,0
20261007,2026-10-07,2026,4,Q4,10,Oktober,Oct,202610,Oct 2026,41,7,3,Rabu,0,0,1,0
20261008,2026-10-08,2026,4,Q4,10,Oktober,Oct,202610,Oct 2026,41,8,4,Kamis,0,0,1,0
20261009,2026-10-09,2026,4,Q4,10,Oktober,Oct,202610,Oct 2026,41,9,5,Jumat,0,0,1,0
20261010,2026-10-10,2026,4,Q4,10,Oktober,Oct,202610,Oct 2026,41,10,6,Sabtu,1,0,0,0
20261011,2026-10-11,2026,4,Q4,10,Oktober,Oct,202610,Oct 2026,41,11,7,Minggu,1,0,0,0
20261012,2026-10-12,2026,4,Q4,10,Oktober,Oct,202610,Oct 2026,42,12,1,Senin,0,0,1,0
20261013,2026-10-13,2026,4,Q4,10,Oktober,Oct,202610,Oct 2026,42,13,2,Selasa,0,0,1,0
20261014,2026-10-14,2026,4,Q4,10,Oktober,Oct,202610,Oct 2026,42,14,3,Rabu,0,0,1,0
20261015,2026-10-15,2026,4,Q4,10,Oktober,Oct,202610,Oct 2026,42,15,4,Kamis,0,0,1,0
20261016,2026-10-16,2026,4,Q4,10,Oktober,Oct,202610,Oct 2026,42,16,5,Jumat,0,0,1,0
20261017,2026-10-17,2026,4,Q4,10,Oktober,Oct,202610,Oct 2026,42,17,6,Sabtu,1,0,0,0
20261018,2026-10-18,2026,4,Q4,10,Oktober,Oct,202610,Oct 2026,42,18,7,Minggu,1,0,0,0
20261019,2026-10-19,2026,4,Q4,10,Oktober,Oct,202610,Oct 2026,43,19,1,Senin,0,0,1,0
20261020,2026-10-20,2026,4,Q4,10,Oktober,Oct,202610,Oct 2026,43,20,2,Selasa,0,0,1,0
20261021,2026-10-21,2026,4,Q4,10,Oktober,Oct,202610,Oct 2026,43,21,3,Rabu,0,0,1,0
20261022,2026-10-22,2026,4,Q4,10,Oktober,Oct,202610,Oct 2026,43,22,4,Kamis,0,0,1,0
20261023,2026-10-23,2026,4,Q4,10,Oktober,Oct,202610,Oct 2026,43,23,5,Jumat,0,0,1,0
20261024,2026-10-24,2026,4,Q4,10,Oktober,Oct,202610,Oct 2026,43,24,6,Sabtu,1,0,0,0
20261025,2026-10-25,2026,4,Q4,10,Oktober,Oct,202610,Oct 2026,43,25,7,Minggu,1,0,0,0
20261026,2026-10-26,2026,4,Q4,10,Oktober,Oct,202610,Oct 2026,44,26,1,Senin,0,0,1,0
20261027,2026-10-27,2026,4,Q4,10,Oktober,Oct,202610,Oct 2026,44,27,2,Selasa,0,0,1,0
20261028,2026-10-28,2026,4,Q4,10,Oktober,Oct,202610,Oct 2026,44,28,3,Rabu,0,0,1,0
20261029,2026-10-29,2026,4,Q4,10,Oktober,Oct,202610,Oct 2026,44,29,4,Kamis,0,0,1,0
20261030,2026-10-30,2026,4,Q4,10,Oktober,Oct,202610,Oct 2026,44,30,5,Jumat,0,0,1,0
20261031,2026-10-31,2026,4,Q4,10,Oktober,Oct,202610,Oct 2026,44,31,6,Sabtu,1,0,0,1
20261101,2026-11-01,2026,4,Q4,11,November,Nov,202611,Nov 2026,44,1,7,Minggu,1,0,0,0
20261102,2026-11-02,2026,4,Q4,11,November,Nov,202611,Nov 2026,45,2,1,Senin,0,0,1,0
20261103,2026-11-03,2026,4,Q4,11,November,Nov,202611,Nov 2026,45,3,2,Selasa,0,0,1,0
20261104,2026-11-04,2026,4,Q4,11,November,Nov,202611,Nov 2026,45,4,3,Rabu,0,0,1,0
20261105,2026-11-05,2026,4,Q4,11,November,Nov,202611,Nov 2026,45,5,4,Kamis,0,0,1,0
20261106,2026-11-06,2026,4,Q4,11,November,Nov,202611,Nov 2026,45,6,5,Jumat,0,0,1,0
20261107,2026-11-07,2026,4,Q4,11,November,Nov,202611,Nov 2026,45,7,6,Sabtu,1,0,0,0
20261108,2026-11-08,2026,4,Q4,11,November,Nov,202611,Nov 2026,45,8,7,Minggu,1,0,0,0
20261109,2026-11-09,2026,4,Q4,11,November,Nov,202611,Nov 2026,46,9,1,Senin,0,0,1,0
20261110,2026-11-10,2026,4,Q4,11,November,Nov,202611,Nov 2026,46,10,2,Selasa,0,0,1,0
20261111,2026-11-11,2026,4,Q4,11,November,Nov,202611,Nov 2026,46,11,3,Rabu,0,0,1,0
20261112,2026-11-12,2026,4,Q4,11,November,Nov,202611,Nov 2026,46,12,4,Kamis,0,0,1,0
20261113,2026-11-13,2026,4,Q4,11,November,Nov,202611,Nov 2026,46,13,5,Jumat,0,0,1,0
20261114,2026-11-14,2026,4,Q4,11,November,Nov,202611,Nov 2026,46,14,6,Sabtu,1,0,0,0
20261115,2026-11-15,2026,4,Q4,11,November,Nov,202611,Nov 2026,46,15,7,Minggu,1,0,0,0
20261116,2026-11-16,2026,4,Q4,11,November,Nov,202611,Nov 2026,47,16,1,Senin,0,0,1,0
20261117,2026-11-17,2026,4,Q4,11,November,Nov,202611,Nov 2026,47,17,2,Selasa,0,0,1,0
20261118,2026-11-18,2026,4,Q4,11,November,Nov,202611,Nov 2026,47,18,3,Rabu,0,0,1,0
20261119,2026-11-19,2026,4,Q4,11,November,Nov,202611,Nov 2026,47,19,4,Kamis,0,0,1,0
20261120,2026-11-20,2026,4,Q4,11,November,Nov,202611,Nov 2026,47,20,5,Jumat,0,0,1,0
20261121,2026-11-21,2026,4,Q4,11,November,Nov,202611,Nov 2026,47,21,6,Sabtu,1,0,0,0
20261122,2026-11-22,2026,4,Q4,11,November,Nov,202611,Nov 2026,47,22,7,Minggu,1,0,0,0
20261123,2026-11-23,2026,4,Q4,11,November,Nov,202611,Nov 2026,48,23,1,Senin,0,0,1,0
20261124,2026-11-24,2026,4,Q4,11,November,Nov,202611,Nov 2026,48,24,2,Selasa,0,0,1,0
20261125,2026-11-25,2026,4,Q4,11,November,Nov,202611,Nov 2026,48,25,3,Rabu,0,0,1,0
20261126,2026-11-26,2026,4,Q4,11,November,Nov,202611,Nov 2026,48,26,4,Kamis,0,0,1,0
20261127,2026-11-27,2026,4,Q4,11,November,Nov,202611,Nov 2026,48,27,5,Jumat,0,0,1,0
20261128,2026-11-28,2026,4,Q4,11,November,Nov,202611,Nov 2026,48,28,6,Sabtu,1,0,0,0
20261129,2026-11-29,2026,4,Q4,11,November,Nov,202611,Nov 2026,48,29,7,Minggu,1,0,0,0
20261130,2026-11-30,2026,4,Q4,11,November,Nov,202611,Nov 2026,49,30,1,Senin,0,0,1,1
20261201,2026-12-01,2026,4,Q4,12,Desember,Dec,202612,Dec 2026,49,1,2,Selasa,0,0,1,0
20261202,2026-12-02,2026,4,Q4,12,Desember,Dec,202612,Dec 2026,49,2,3,Rabu,0,0,1,0
20261203,2026-12-03,2026,4,Q4,12,Desember,Dec,202612,Dec 2026,49,3,4,Kamis,0,0,1,0
20261204,2026-12-04,2026,4,Q4,12,Desember,Dec,202612,Dec 2026,49,4,5,Jumat,0,0,1,0
20261205,2026-12-05,2026,4,Q4,12,Desember,Dec,202612,Dec 2026,49,5,6,Sabtu,1,0,0,0
20261206,2026-12-06,2026,4,Q4,12,Desember,Dec,202612,Dec 2026,49,6,7,Minggu,1,0,0,0
20261207,2026-12-07,2026,4,Q4,12,Desember,Dec,202612,Dec 2026,50,7,1,Senin,0,0,1,0
20261208,2026-12-08,2026,4,Q4,12,Desember,Dec,202612,Dec 2026,50,8,2,Selasa,0,0,1,0
20261209,2026-12-09,2026,4,Q4,12,Desember,Dec,202612,Dec 2026,50,9,3,Rabu,0,0,1,0
20261210,2026-12-10,2026,4,Q4,12,Desember,Dec,202612,Dec 2026,50,10,4,Kamis,0,0,1,0
20261211,2026-12-11,2026,4,Q4,12,Desember,Dec,202612,Dec 2026,50,11,5,Jumat,0,0,1,0
20261212,2026-12-12,2026,4,Q4,12,Desember,Dec,202612,Dec 2026,50,12,6,Sabtu,1,0,0,0
20261213,2026-12-13,2026,4,Q4,12,Desember,Dec,202612,Dec 2026,50,13,7,Minggu,1,0,0,0
20261214,2026-12-14,2026,4,Q4,12,Desember,Dec,202612,Dec 2026,51,14,1,Senin,0,0,1,0
20261215,2026-12-15,2026,4,Q4,12,Desember,Dec,202612,Dec 2026,51,15,2,Selasa,0,0,1,0
20261216,2026-12-16,2026,4,Q4,12,Desember,Dec,202612,Dec 2026,51,16,3,Rabu,0,0,1,0
20261217,2026-12-17,2026,4,Q4,12,Desember,Dec,202612,Dec 2026,51,17,4,Kamis,0,0,1,0
20261218,2026-12-18,2026,4,Q4,12,Desember,Dec,202612,Dec 2026,51,18,5,Jumat,0,0,1,0
20261219,2026-12-19,2026,4,Q4,12,Desember,Dec,202612,Dec 2026,51,19,6,Sabtu,1,0,0,0
20261220,2026-12-20,2026,4,Q4,12,Desember,Dec,202612,Dec 2026,51,20,7,Minggu,1,0,0,0
20261221,2026-12-21,2026,4,Q4,12,Desember,Dec,202612,Dec 2026,52,21,1,Senin,0,0,1,0
20261222,2026-12-22,2026,4,Q4,12,Desember,Dec,202612,Dec 2026,52,22,2,Selasa,0,0,1,0
20261223,2026-12-23,2026,4,Q4,12,Desember,Dec,202612,Dec 2026,52,23,3,Rabu,0,0,1,0
20261224,2026-12-24,2026,4,Q4,12,Desember,Dec,202612,Dec 2026,52,24,4,Kamis,0,0,1,0
20261225,2026-12-25,2026,4,Q4,12,Desember,Dec,202612,Dec 2026,52,25,5,Jumat,0,0,1,0
20261226,2026-12-26,2026,4,Q4,12,Desember,Dec,202612,Dec 2026,52,26,6,Sabtu,1,0,0,0
20261227,2026-12-27,2026,4,Q4,12,Desember,Dec,202612,Dec 2026,52,27,7,Minggu,1,0,0,0
20261228,2026-12-28,2026,4,Q4,12,Desember,Dec,202612,Dec 2026,53,28,1,Senin,0,0,1,0
20261229,2026-12-29,2026,4,Q4,12,Desember,Dec,202612,Dec 2026,53,29,2,Selasa,0,0,1,0
20261230,2026-12-30,2026,4,Q4,12,Desember,Dec,202612,Dec 2026,53,30,3,Rabu,0,0,1,0
20261231,2026-12-31,2026,4,Q4,12,Desember,Dec,202612,Dec 2026,53,31,4,Kamis,0,0,1,1
