employee_key,employee_id,full_name,gender,birth_date,age,age_band,generation,marital_status,education,email,employment_type,hire_date,hire_year,termination_date,termination_type,termination_reason,employee_status,tenure_years,tenure_band,current_department,current_position,job_level,current_location,monthly_salary,dq_flag
1,EMP00001,Hadi Santoso,Male,1993-02-19,30,25-34,Millennial,Married,S1,hadi.santoso001@nusantaradigital.co.id,Permanent,2013-11-14,2013,2023-08-28,Voluntary,Personal / Family,Terminated,9.79,6-10 tahun,Customer Service,Customer Service Agent,L1,Jakarta,6680000.0,
2,EMP00002,Siti Wijaya,Female,1991-10-02,34,25-34,Millennial,Married,S2,siti.wijaya002@nusantaradigital.co.id,Permanent,2019-07-31,2019,,,,Active,6.42,6-10 tahun,Operations,Senior Operations Staff,L2,Jakarta,10120000.0,
3,EMP00003,Anisa Tanjung,Female,1993-08-09,32,25-34,Millennial,Married,SMA/SMK,anisa.tanjung003@nusantaradigital.co.id,Permanent,2020-07-25,2020,,,,Active,5.43,3-5 tahun,Finance,Accountant,L1,Jakarta,8540000.0,
4,EMP00004,Aditya Utami,Male,1991-01-02,32,25-34,Millennial,Married,S1,aditya.utami004@nusantaradigital.co.id,Permanent,2018-01-03,2018,2023-06-06,Voluntary,Career Growth,Terminated,5.42,3-5 tahun,Operations,Senior Operations Staff,L2,Jakarta,10700000.0,
5,EMP00005,Amelia Saputra,Female,1993-10-15,32,25-34,Millennial,Single,SMA/SMK,amelia.saputra005@nusantaradigital.co.id,Permanent,2020-08-22,2020,,,,Active,5.36,3-5 tahun,Customer Service,Customer Service Agent,L1,Jakarta,7070000.0,
6,EMP00006,Kurniawan Syahputra,Male,1997-03-27,27,25-34,Gen Z,Married,S1,kurniawan.syahputra006@nusantaradigital.co.id,Contract,2021-07-14,2021,2024-09-29,Voluntary,Work-Life Balance,Terminated,3.21,3-5 tahun,Sales,Sales Executive,L1,Jakarta,8560000.0,
7,EMP00007,Sari Ramadhan,Female,1992-05-25,33,25-34,Millennial,Single,S1,sari.ramadhan007@nusantaradigital.co.id,Permanent,2020-03-28,2020,,,,Active,5.76,3-5 tahun,Information Technology,Software Engineer,L1,Surabaya,10800000.0,
8,EMP00008,Gita Tanjung,Female,1992-01-08,33,25-34,Millennial,Single,S1,gita.tanjung008@nusantaradigital.co.id,Permanent,2021-06-25,2021,,,,Active,4.52,3-5 tahun,Finance,Accountant,L1,Surabaya,7940000.0,
9,EMP00009,Wahyu Syahputra,Male,1993-03-05,32,25-34,Millennial,Married,SMA/SMK,wahyu.syahputra009@nusantaradigital.co.id,Permanent,2019-04-07,2019,,,,Active,6.74,6-10 tahun,Customer Service,Customer Service Agent,L1,Bandung,6480000.0,
10,EMP00010,Muhammad Hasibuan,Male,1989-06-29,33,25-34,Millennial,Single,S1,muhammad.hasibuan010@nusantaradigital.co.id,Contract,2013-09-29,2013,2023-04-20,Involuntary,Restructuring,Terminated,9.56,6-10 tahun,Sales,Senior Sales Executive,L2,Jakarta,11620000.0,
11,EMP00011,Eko Situmorang,Male,1997-04-24,28,25-34,Gen Z,Married,D3,eko.situmorang011@nusantaradigital.co.id,Permanent,2022-04-17,2022,,,,Active,3.71,3-5 tahun,Customer Service,Customer Service Agent,L1,Makassar,7400000.0,
12,EMP00012,Teguh Pangaribuan,Male,1989-01-09,36,35-44,Millennial,Single,SMA/SMK,teguh.pangaribuan012@nusantaradigital.co.id,Permanent,2019-01-06,2019,,,,Active,6.98,6-10 tahun,Marketing,Marketing Specialist,L1,Bandung,8280000.0,
13,EMP00013,Agus Pangaribuan,Male,1995-07-22,30,25-34,Millennial,Married,SMA/SMK,agus.pangaribuan013@nusantaradigital.co.id,Permanent,2019-02-19,2019,,,,Active,6.86,6-10 tahun,Marketing,Senior Marketing Specialist,L2,Surabaya,13030000.0,
14,EMP00014,Fajar Kusuma,Male,1997-12-19,25,25-34,Gen Z,Single,S1,fajar.kusuma014@nusantaradigital.co.id,Permanent,2022-02-02,2022,2023-04-27,Voluntary,Management Issues,Terminated,1.23,1-2 tahun,Customer Service,Customer Service Agent,L1,Surabaya,5510000.0,
15,EMP00015,Adi Firmansyah,Male,1998-08-20,27,25-34,Gen Z,Single,S1,adi.firmansyah015@nusantaradigital.co.id,Permanent,2019-03-01,2019,,,,Active,6.84,6-10 tahun,Product,Product Analyst,L1,Jakarta,8040000.0,
16,EMP00016,Indah Permata,Female,1998-07-26,27,25-34,Gen Z,Married,S1,indah.permata016@nusantaradigital.co.id,Permanent,2021-11-07,2021,,,,Active,4.15,3-5 tahun,Sales,Sales Executive,L1,Medan,8030000.0,
17,EMP00017,Lestari Saputra,Female,2000-09-19,25,25-34,Gen Z,Married,S1,lestari.saputra017@nusantaradigital.co.id,Permanent,2021-02-11,2021,,,,Active,4.88,3-5 tahun,Human Capital,HR Officer,L1,Bandung,9680000.0,
18,EMP00018,Amelia Daeng,Female,1993-05-17,30,25-34,Millennial,Single,D3,amelia.daeng018@nusantaradigital.co.id,Permanent,2018-07-29,2018,2023-12-07,Voluntary,Management Issues,Terminated,5.36,3-5 tahun,Customer Service,Customer Service Agent,L1,Jakarta,7130000.0,
19,EMP00019,Sari Permata,Female,1978-03-07,47,45-54,Gen X,Married,S2,sari.permata019@nusantaradigital.co.id,Permanent,2018-07-27,2018,,,,Active,7.43,6-10 tahun,Finance,Finance Manager,L4,Jakarta,36190000.0,
20,EMP00020,Intan Susanti,Female,1990-04-30,33,25-34,Millennial,Single,S1,intan.susanti020@nusantaradigital.co.id,Permanent,2013-09-01,2013,2023-06-16,Voluntary,Better Compensation,Terminated,9.79,6-10 tahun,Customer Service,Customer Service Agent,L1,Jakarta,7000000.0,
21,EMP00021,Taufik Syahputra,Male,1998-02-21,27,25-34,Gen Z,Married,D3,taufik.syahputra021@nusantaradigital.co.id,Permanent,2018-04-12,2018,,,,Active,7.72,6-10 tahun,Operations,Operations Staff,L1,Medan,7320000.0,
22,EMP00022,Rahma Wijaya,Female,1999-09-15,26,25-34,Gen Z,Single,S2,rahma.wijaya022@nusantaradigital.co.id,Contract,2021-02-17,2021,,,,Active,4.87,3-5 tahun,Sales,Sales Executive,L1,Bandung,8610000.0,
23,EMP00023,Budi Sinaga,Male,1991-01-07,34,25-34,Millennial,Married,D3,budi.sinaga023@nusantaradigital.co.id,Permanent,2018-11-20,2018,2025-02-20,Voluntary,Better Compensation,Terminated,6.25,6-10 tahun,Sales,Senior Sales Executive,L2,Makassar,12920000.0,
24,EMP00024,Rizki Hidayat,Male,1990-02-07,35,35-44,Millennial,Married,S1,rizki.hidayat024@nusantaradigital.co.id,Permanent,2017-08-11,2017,,,,Active,8.39,6-10 tahun,Customer Service,Customer Service Agent,L1,Jakarta,7700000.0,
25,EMP00025,Joko Saputra,Male,1985-02-10,40,35-44,Millennial,Married,S2,joko.saputra025@nusantaradigital.co.id,Permanent,2019-04-20,2019,,,,Active,6.7,6-10 tahun,Marketing,Marketing Supervisor,L3,Jakarta,17930000.0,
26,EMP00026,Yusuf Utami,Male,1993-07-21,31,25-34,Millennial,Divorced,S1,yusuf.utami026@nusantaradigital.co.id,Permanent,2017-05-12,2017,2025-07-16,Voluntary,Better Compensation,Terminated,8.18,6-10 tahun,Customer Service,Senior CS Agent,L2,Yogyakarta,12320000.0,
27,EMP00027,Wahyu Sinaga,Male,1989-03-30,36,35-44,Millennial,Married,S1,wahyu.sinaga027@nusantaradigital.co.id,Permanent,2022-04-28,2022,,,,Active,3.68,3-5 tahun,Information Technology,IT Manager,L4,Jakarta,43220000.0,
28,EMP00028,Yusuf Purnomo,Male,1995-08-22,30,25-34,Millennial,Married,S1,yusuf.purnomo028@nusantaradigital.co.id,Permanent,2018-07-19,2018,,,,Active,7.45,6-10 tahun,Marketing,Marketing Specialist,L1,Jakarta,7440000.0,
29,EMP00029,Rian Situmorang,Male,1992-06-24,33,25-34,Millennial,Married,D3,rian.situmorang029@nusantaradigital.co.id,Permanent,2020-04-28,2020,,,,Active,5.68,3-5 tahun,Information Technology,Senior Software Engineer,L2,Jakarta,15950000.0,
30,EMP00030,Yusuf Pangaribuan,Male,1987-08-26,38,35-44,Millennial,Married,S1,yusuf.pangaribuan030@nusantaradigital.co.id,Permanent,2020-09-04,2020,,,,Active,5.32,3-5 tahun,Sales,Senior Sales Executive,L2,Bandung,14400000.0,
31,EMP00031,Sari Nugroho,Female,,,Unknown,Unknown,Single,SMA/SMK,sari.nugroho031@nusantaradigital.co.id,Permanent,2016-04-18,2016,,,,Active,9.7,6-10 tahun,Marketing,Marketing Specialist,L1,Yogyakarta,9650000.0,INVALID_BIRTH_DATE
32,EMP00032,Amelia Halim,Female,1995-06-21,28,25-34,Millennial,Married,S1,amelia.halim032@nusantaradigital.co.id,Permanent,2022-02-16,2022,2023-11-24,Involuntary,Restructuring,Terminated,1.77,1-2 tahun,Customer Service,Customer Service Agent,L1,Bandung,7220000.0,
33,EMP00033,Muhammad Syahputra,Male,1996-02-19,29,25-34,Millennial,Single,S1,muhammad.syahputra033@nusantaradigital.co.id,Permanent,2022-01-21,2022,2025-09-12,Involuntary,Misconduct,Terminated,3.64,3-5 tahun,Information Technology,Software Engineer,L1,Bandung,10300000.0,
34,EMP00034,Laras Rahman,Female,2000-07-06,25,25-34,Gen Z,Married,S1,laras.rahman034@nusantaradigital.co.id,Permanent,2020-10-26,2020,,,,Active,5.18,3-5 tahun,Customer Service,Customer Service Agent,L1,Medan,6620000.0,
35,EMP00035,Rian Rahman,Male,1992-04-30,31,25-34,Millennial,Divorced,S1,rian.rahman035@nusantaradigital.co.id,Permanent,2020-12-15,2020,2023-11-18,Involuntary,Poor Performance,Terminated,2.92,1-2 tahun,Sales,Sales Supervisor,L3,Makassar,19190000.0,
36,EMP00036,Dimas Hakim,Male,1992-10-31,30,25-34,Millennial,Married,S1,,Permanent,2022-08-15,2022,2023-02-09,Involuntary,Poor Performance,Terminated,0.49,< 1 tahun,Customer Service,Senior CS Agent,L2,Yogyakarta,8980000.0,
37,EMP00037,Joko Sinaga,Male,1989-02-12,36,35-44,Millennial,Married,S1,joko.sinaga037@nusantaradigital.co.id,Permanent,2022-02-14,2022,,,,Active,3.88,3-5 tahun,Sales,Sales Supervisor,L3,Jakarta,20090000.0,
38,EMP00038,Oki Rahman,Male,1986-10-10,39,35-44,Millennial,Married,S1,oki.rahman038@nusantaradigital.co.id,Permanent,2018-12-18,2018,,,,Active,7.04,6-10 tahun,Information Technology,Software Engineer,L1,Jakarta,9790000.0,
39,EMP00039,Galih Simanjuntak,Male,1998-04-12,27,25-34,Gen Z,Married,S1,galih.simanjuntak039@nusantaradigital.co.id,Permanent,2022-03-25,2022,,,,Active,3.77,3-5 tahun,Product,Product Analyst,L1,Bandung,9420000.0,
40,EMP00040,Salsabila Simanjuntak,Female,1993-10-17,32,25-34,Millennial,Married,S1,salsabila.simanjuntak040@nusantaradigital.co.id,Permanent,2020-03-19,2020,,,,Active,5.79,3-5 tahun,Information Technology,Software Engineer,L1,Medan,10870000.0,
41,EMP00041,Reza Utami,Male,1997-02-09,27,25-34,Gen Z,Married,D3,reza.utami041@nusantaradigital.co.id,Permanent,2020-08-01,2020,2024-06-16,Voluntary,Better Compensation,Terminated,3.87,3-5 tahun,Operations,Operations Staff,L1,Jakarta,5850000.0,
42,EMP00042,Bunga Syahputra,Female,1992-06-25,31,25-34,Millennial,Single,S1,bunga.syahputra042@nusantaradigital.co.id,Permanent,2022-07-16,2022,2023-12-23,Voluntary,Work-Life Balance,Terminated,1.44,1-2 tahun,Marketing,Senior Marketing Specialist,L2,Yogyakarta,12810000.0,
43,EMP00043,Muhammad Setiawan,Male,1996-12-27,28,25-34,Millennial,Married,SMA/SMK,muhammad.setiawan043@nusantaradigital.co.id,Permanent,2022-06-04,2022,2025-07-29,Voluntary,Better Compensation,Terminated,3.15,3-5 tahun,Finance,Accountant,L1,Jakarta,8170000.0,
44,EMP00044,Yusuf Sinaga,Male,1993-10-26,32,25-34,Millennial,Married,S1,yusuf.sinaga044@nusantaradigital.co.id,Contract,2019-03-19,2019,,,,Active,6.79,6-10 tahun,Human Capital,HR Officer,L1,Surabaya,8250000.0,
45,EMP00045,Lukman Setiawan,Male,1988-04-27,36,35-44,Millennial,Married,S1,lukman.setiawan045@nusantaradigital.co.id,Permanent,2015-05-19,2015,2024-11-24,Involuntary,Misconduct,Terminated,9.52,6-10 tahun,Operations,Operations Staff,L1,Jakarta,8020000.0,
46,EMP00046,Maya Mappasessu,Female,2002-04-28,23,< 25,Gen Z,Married,S1,maya.mappasessu046@nusantaradigital.co.id,Permanent,2022-10-30,2022,,,,Active,3.17,3-5 tahun,Operations,Operations Staff,L1,Surabaya,6570000.0,
47,EMP00047,Hadi Pratama,Male,1989-09-18,36,35-44,Millennial,Married,S1,,Contract,2017-07-21,2017,,,,Active,8.45,6-10 tahun,Operations,Operations Staff,L1,Yogyakarta,8520000.0,
48,EMP00048,Irfan Rahman,Male,1994-04-17,31,25-34,Millennial,Single,S1,irfan.rahman048@nusantaradigital.co.id,Permanent,2016-09-12,2016,,,,Active,9.3,6-10 tahun,Operations,Operations Staff,L1,Medan,7120000.0,
49,EMP00049,Eko Situmorang,Male,1994-02-19,31,25-34,Millennial,Single,S1,eko.situmorang049@nusantaradigital.co.id,Contract,2015-11-29,2015,,,,Active,10.09,6-10 tahun,Information Technology,Tech Lead,L3,Jakarta,25830000.0,
50,EMP00050,Vina Simanjuntak,Female,1987-05-10,38,35-44,Millennial,Married,S1,vina.simanjuntak050@nusantaradigital.co.id,Permanent,2021-07-16,2021,,,,Active,4.46,3-5 tahun,Information Technology,Tech Lead,L3,Jakarta,22960000.0,
51,EMP00051,Muhammad Nasution,Male,1994-01-26,31,25-34,Millennial,Married,S1,muhammad.nasution051@nusantaradigital.co.id,Permanent,2022-02-25,2022,,,,Active,3.85,3-5 tahun,Operations,Operations Staff,L1,Jakarta,6810000.0,
52,EMP00052,Hadi Purnomo,Male,1989-03-17,34,25-34,Millennial,Married,S1,hadi.purnomo052@nusantaradigital.co.id,Permanent,2016-09-07,2016,2023-04-12,Voluntary,Better Compensation,Terminated,6.59,6-10 tahun,Customer Service,CS Team Leader,L3,Jakarta,12600000.0,
53,EMP00053,Laras Harahap,Female,1993-02-17,32,25-34,Millennial,Single,S1,laras.harahap053@nusantaradigital.co.id,Permanent,2022-01-02,2022,,,,Active,3.99,3-5 tahun,Operations,Senior Operations Staff,L2,Jakarta,11550000.0,
54,EMP00054,Ilham Situmorang,Male,1992-03-08,33,25-34,Millennial,Married,S1,ilham.situmorang054@nusantaradigital.co.id,Permanent,2021-10-09,2021,,,,Active,4.23,3-5 tahun,Customer Service,Senior CS Agent,L2,Surabaya,12470000.0,
55,EMP00055,Amelia Susanti,Female,1995-11-07,30,25-34,Millennial,Married,S1,amelia.susanti055@nusantaradigital.co.id,Permanent,2021-07-02,2021,,,,Active,4.5,3-5 tahun,Customer Service,Customer Service Agent,L1,Jakarta,5990000.0,
56,EMP00056,Wahyu Sinaga,Male,1995-01-03,30,25-34,Millennial,Married,S1,wahyu.sinaga056@nusantaradigital.co.id,Permanent,2017-01-19,2017,,,,Active,8.95,6-10 tahun,Sales,Sales Executive,L1,Bandung,8200000.0,
57,EMP00057,Rina Nugroho,Female,1994-06-29,31,25-34,Millennial,Married,S1,rina.nugroho057@nusantaradigital.co.id,Permanent,2018-10-25,2018,,,,Active,7.18,6-10 tahun,Product,Product Analyst,L1,Jakarta,10780000.0,
58,EMP00058,Oki Situmorang,Male,1987-03-26,38,35-44,Millennial,Single,S1,oki.situmorang058@nusantaradigital.co.id,Permanent,2014-04-17,2014,,,,Active,11.71,> 10 tahun,Product,Product Analyst,L1,Bandung,9750000.0,
59,EMP00059,Rizki Rahman,Male,1989-04-27,35,35-44,Millennial,Married,S1,rizki.rahman059@nusantaradigital.co.id,Permanent,2017-07-21,2017,2024-05-26,Involuntary,Poor Performance,Terminated,6.85,6-10 tahun,Information Technology,Senior Software Engineer,L2,Jakarta,14580000.0,
60,EMP00060,Eko Maharani,Male,1968-05-15,56,55+,Gen X,Single,S2,eko.maharani060@nusantaradigital.co.id,Permanent,2020-08-03,2020,2024-06-30,Retirement,Retirement,Terminated,3.91,3-5 tahun,Information Technology,Software Engineer,L1,Jakarta,10540000.0,
61,EMP00061,Aditya Firmansyah,Male,1990-02-17,35,35-44,Millennial,Married,S2,aditya.firmansyah061@nusantaradigital.co.id,Permanent,2015-01-16,2015,,,,Active,10.96,6-10 tahun,Product,Senior Product Analyst,L2,Bandung,16760000.0,
62,EMP00062,Wahyu Halim,Male,1997-01-21,27,25-34,Gen Z,Single,D3,wahyu.halim062@nusantaradigital.co.id,Permanent,2021-12-16,2021,2024-11-16,Involuntary,Poor Performance,Terminated,2.92,1-2 tahun,Marketing,Marketing Specialist,L1,Yogyakarta,7910000.0,
63,EMP00063,Kurniawan Kusuma,Male,1993-12-23,32,25-34,Millennial,Married,SMA/SMK,kurniawan.kusuma063@nusantaradigital.co.id,Permanent,2018-12-29,2018,,,,Active,7.01,6-10 tahun,Information Technology,Software Engineer,L1,Medan,11020000.0,
64,EMP00064,Putra Pratama,Male,1991-12-08,34,25-34,Millennial,Single,S1,putra.pratama064@nusantaradigital.co.id,Permanent,2021-06-01,2021,,,,Active,4.58,3-5 tahun,Operations,Operations Staff,L1,Jakarta,8230000.0,
65,EMP00065,Hendra Mappasessu,Male,1998-02-10,27,25-34,Gen Z,Single,SMA/SMK,hendra.mappasessu065@nusantaradigital.co.id,Permanent,2018-07-02,2018,,,,Active,7.5,6-10 tahun,Information Technology,Software Engineer,L1,Jakarta,9370000.0,
66,EMP00066,Novi Wijaya,Female,1991-03-09,34,25-34,Millennial,Married,S1,novi.wijaya066@nusantaradigital.co.id,Permanent,2019-07-07,2019,,,,Active,6.49,6-10 tahun,Sales,Sales Supervisor,L3,Yogyakarta,17170000.0,
67,EMP00067,Siti Wijaya,Female,1999-03-22,26,25-34,Gen Z,Single,S1,siti.wijaya067@nusantaradigital.co.id,Permanent,2022-03-27,2022,,,,Active,3.76,3-5 tahun,Operations,Operations Staff,L1,Makassar,7040000.0,
68,EMP00068,Gilang Pratama,Male,1997-05-25,25,25-34,Gen Z,Single,S1,gilang.pratama068@nusantaradigital.co.id,Permanent,2022-05-07,2022,2023-04-01,Voluntary,Career Growth,Terminated,0.9,< 1 tahun,Information Technology,Senior Software Engineer,L2,Yogyakarta,16620000.0,
69,EMP00069,Sari Anggraini,Female,1997-12-04,28,25-34,Gen Z,Married,S1,sari.anggraini069@nusantaradigital.co.id,Permanent,2020-03-02,2020,,,,Active,5.83,3-5 tahun,Finance,Accountant,L1,Makassar,9390000.0,
70,EMP00070,Citra Ramadhan,Female,2000-01-26,23,< 25,Gen Z,Single,D3,citra.ramadhan070@nusantaradigital.co.id,Permanent,2020-03-02,2020,2023-02-18,Voluntary,Career Growth,Terminated,2.97,1-2 tahun,Operations,Operations Staff,L1,Jakarta,6340000.0,
71,EMP00071,Bunga Santoso,Female,1983-10-12,42,35-44,Millennial,Single,S1,bunga.santoso071@nusantaradigital.co.id,Permanent,2010-02-09,2010,,,,Active,15.89,> 10 tahun,Sales,Sales Manager,L4,Surabaya,31130000.0,
72,EMP00072,Fajar Susanti,Male,1991-12-17,33,25-34,Millennial,Married,D3,fajar.susanti072@nusantaradigital.co.id,Permanent,2017-09-06,2017,2025-11-29,Voluntary,Career Growth,Terminated,8.23,6-10 tahun,Finance,Accountant,L1,Jakarta,8980000.0,
73,EMP00073,Kartika Hakim,Female,1981-03-02,44,35-44,Millennial,Married,S2,kartika.hakim073@nusantaradigital.co.id,Permanent,2020-08-28,2020,,,,Active,5.34,3-5 tahun,Information Technology,IT Manager,L4,Jakarta,41230000.0,
74,EMP00074,Rizki Kusuma,Male,1989-09-14,36,35-44,Millennial,Single,S1,rizki.kusuma074@nusantaradigital.co.id,Permanent,2016-07-29,2016,,,,Active,9.42,6-10 tahun,Customer Service,Customer Service Agent,L1,Surabaya,7250000.0,
75,EMP00075,Anisa Daeng,Female,1993-08-16,32,25-34,Millennial,Married,S1,anisa.daeng075@nusantaradigital.co.id,Permanent,2014-07-03,2014,,,,Active,11.5,> 10 tahun,Product,Product Analyst,L1,Makassar,10610000.0,
76,EMP00076,Novi Wibowo,Female,1979-08-09,46,45-54,Gen X,Single,S1,novi.wibowo076@nusantaradigital.co.id,Permanent,2013-08-26,2013,,,,Active,12.35,> 10 tahun,Information Technology,Tech Lead,L3,Medan,21820000.0,
77,EMP00077,Rina Sinaga,Female,1999-04-28,26,25-34,Gen Z,Single,D3,rina.sinaga077@nusantaradigital.co.id,Permanent,2021-06-25,2021,,,,Active,4.52,3-5 tahun,Finance,Accountant,L1,Jakarta,8650000.0,
78,EMP00078,Mega Anggraini,Female,1980-09-03,42,35-44,Gen X,Divorced,D3,mega.anggraini078@nusantaradigital.co.id,Permanent,2021-05-29,2021,2023-04-14,Voluntary,Better Compensation,Terminated,1.88,1-2 tahun,Customer Service,CS Team Leader,L3,Bandung,13430000.0,
79,EMP00079,Lestari Wijaya,Female,1980-12-10,44,35-44,Gen X,Divorced,S1,lestari.wijaya079@nusantaradigital.co.id,Permanent,2022-05-15,2022,2025-06-20,Voluntary,Personal / Family,Terminated,3.1,3-5 tahun,Customer Service,CS Manager,L4,Jakarta,25250000.0,
80,EMP00080,Gilang Hidayat,Male,1989-04-25,36,35-44,Millennial,Divorced,S1,gilang.hidayat080@nusantaradigital.co.id,Permanent,2022-04-22,2022,,,,Active,3.69,3-5 tahun,Operations,Operations Supervisor,L3,Surabaya,14690000.0,
81,EMP00081,Anisa Daeng,Female,1999-09-03,26,25-34,Gen Z,Married,S1,anisa.daeng081@nusantaradigital.co.id,Permanent,2020-11-09,2020,,,,Active,5.14,3-5 tahun,Sales,Sales Executive,L1,Makassar,8920000.0,
82,EMP00082,Yusuf Harahap,Male,1995-03-27,30,25-34,Millennial,Single,SMA/SMK,yusuf.harahap082@nusantaradigital.co.id,Permanent,2022-08-17,2022,,,,Active,3.37,3-5 tahun,Marketing,Marketing Specialist,L1,Jakarta,8300000.0,
83,EMP00083,Dian Lubis,Female,1993-04-28,32,25-34,Millennial,Single,S1,dian.lubis083@nusantaradigital.co.id,Permanent,2021-07-12,2021,,,,Active,4.47,3-5 tahun,Human Capital,Senior HR Officer,L2,Surabaya,11750000.0,
84,EMP00084,Mega Pangaribuan,Female,1983-02-05,42,35-44,Millennial,Single,S1,mega.pangaribuan084@nusantaradigital.co.id,Permanent,2012-12-03,2012,,,,Active,13.08,> 10 tahun,Product,Product Analyst,L1,Bandung,8550000.0,
85,EMP00085,Rina Tanjung,Female,1984-09-30,39,35-44,Millennial,Married,S1,rina.tanjung085@nusantaradigital.co.id,Permanent,2019-08-24,2019,2024-02-27,Voluntary,Personal / Family,Terminated,4.51,3-5 tahun,Operations,Operations Supervisor,L3,Jakarta,13490000.0,
86,EMP00086,Salsabila Santoso,Female,1985-06-24,39,35-44,Millennial,Single,S1,salsabila.santoso086@nusantaradigital.co.id,Permanent,2015-08-31,2015,2024-06-27,Voluntary,Work-Life Balance,Terminated,8.82,6-10 tahun,Information Technology,Tech Lead,L3,Jakarta,22910000.0,
87,EMP00087,Gilang Wijaya,Male,2000-10-02,24,< 25,Gen Z,Single,S1,gilang.wijaya087@nusantaradigital.co.id,Permanent,2021-04-29,2021,2025-03-29,Voluntary,Management Issues,Terminated,3.92,3-5 tahun,Human Capital,HR Officer,L1,Jakarta,8060000.0,
88,EMP00088,Reza Sinaga,Male,1999-06-30,25,25-34,Gen Z,Divorced,S1,reza.sinaga088@nusantaradigital.co.id,Contract,2019-10-18,2019,2024-11-17,Voluntary,Better Compensation,Terminated,5.08,3-5 tahun,Sales,Sales Executive,L1,Medan,7090000.0,
89,EMP00089,Rizki Syahputra,Male,1994-06-12,31,25-34,Millennial,Divorced,S1,rizki.syahputra089@nusantaradigital.co.id,Permanent,2021-01-14,2021,,,,Active,4.96,3-5 tahun,Sales,Sales Executive,L1,Medan,7950000.0,
90,EMP00090,Anisa Hasibuan,Female,1991-10-10,31,25-34,Millennial,Married,D3,anisa.hasibuan090@nusantaradigital.co.id,Permanent,2021-08-28,2021,2023-04-12,Voluntary,Better Compensation,Terminated,1.62,1-2 tahun,Customer Service,Senior CS Agent,L2,Jakarta,10360000.0,
91,EMP00091,Putra Setiawan,Male,1998-03-07,27,25-34,Gen Z,Single,S1,putra.setiawan091@nusantaradigital.co.id,Permanent,2020-06-30,2020,,,,Active,5.5,3-5 tahun,Operations,Operations Staff,L1,Jakarta,8630000.0,
92,EMP00092,Adi Daeng,Male,1995-10-01,30,25-34,Millennial,Married,S1,adi.daeng092@nusantaradigital.co.id,Contract,2019-08-14,2019,,,,Active,6.38,6-10 tahun,Finance,Accountant,L1,Bandung,7190000.0,
93,EMP00093,Dedi Situmorang,Male,1982-01-03,41,35-44,Millennial,Married,S1,dedi.situmorang093@nusantaradigital.co.id,Permanent,2020-03-08,2020,2023-11-16,Voluntary,Career Growth,Terminated,3.69,3-5 tahun,Marketing,Marketing Manager,L4,Jakarta,24370000.0,
94,EMP00094,Rizki Halim,Male,1996-01-07,29,25-34,Millennial,Married,D3,rizki.halim094@nusantaradigital.co.id,Permanent,2017-12-14,2017,,,,Active,8.05,6-10 tahun,Marketing,Marketing Specialist,L1,Jakarta,8490000.0,
95,EMP00095,Gilang Maharani,Male,1997-08-28,28,25-34,Gen Z,Single,S1,gilang.maharani095@nusantaradigital.co.id,Permanent,2019-11-07,2019,,,,Active,6.15,6-10 tahun,Sales,Senior Sales Executive,L2,Surabaya,13300000.0,
96,EMP00096,Rizki Nasution,Male,1976-06-17,49,45-54,Gen X,Married,S2,rizki.nasution096@nusantaradigital.co.id,Contract,2010-02-09,2010,,,,Active,15.89,> 10 tahun,Marketing,Marketing Manager,L4,Jakarta,33000000.0,
97,EMP00097,Arif Wibowo,Male,1997-04-20,26,25-34,Gen Z,Single,S1,arif.wibowo097@nusantaradigital.co.id,Permanent,2022-10-14,2022,2023-12-17,Voluntary,Better Compensation,Terminated,1.17,1-2 tahun,Information Technology,Tech Lead,L3,Bandung,24060000.0,
98,EMP00098,Novi Suryadi,Female,1968-12-15,56,55+,Gen X,Married,S1,novi.suryadi098@nusantaradigital.co.id,Permanent,2022-07-05,2022,2025-01-31,Retirement,Retirement,Terminated,2.58,1-2 tahun,Customer Service,Customer Service Agent,L1,Jakarta,6230000.0,
99,EMP00099,Eko Syahputra,Male,1991-05-08,34,25-34,Millennial,Divorced,S2,eko.syahputra099@nusantaradigital.co.id,Permanent,2017-03-22,2017,,,,Active,8.78,6-10 tahun,Operations,Senior Operations Staff,L2,Makassar,12730000.0,
100,EMP00100,Intan Wijaya,Female,1991-11-13,34,25-34,Millennial,Married,S1,intan.wijaya100@nusantaradigital.co.id,Permanent,2020-12-31,2020,,,,Active,5.0,3-5 tahun,Sales,Sales Executive,L1,Bandung,8420000.0,
101,EMP00101,Rina Nugroho,Female,1990-02-08,35,35-44,Millennial,Single,S1,rina.nugroho101@nusantaradigital.co.id,Permanent,2020-04-09,2020,,,,Active,5.73,3-5 tahun,Operations,Operations Staff,L1,Medan,6940000.0,
102,EMP00102,Aditya Nugroho,Male,1993-04-27,32,25-34,Millennial,Single,S1,aditya.nugroho102@nusantaradigital.co.id,Permanent,2021-08-02,2021,2025-09-29,Involuntary,Misconduct,Terminated,4.16,3-5 tahun,Operations,Senior Operations Staff,L2,Jakarta,10130000.0,
103,EMP00103,Wahyu Syahputra,Male,1982-08-31,41,35-44,Millennial,Married,S1,wahyu.syahputra103@nusantaradigital.co.id,Permanent,2011-07-03,2011,2024-02-10,Involuntary,Misconduct,Terminated,12.61,> 10 tahun,Operations,Operations Staff,L1,Surabaya,7040000.0,
104,EMP00104,Rahma Anggraini,Female,1993-05-08,31,25-34,Millennial,Single,S1,rahma.anggraini104@nusantaradigital.co.id,Permanent,2018-07-05,2018,2024-10-15,Voluntary,Work-Life Balance,Terminated,6.28,6-10 tahun,Marketing,Marketing Specialist,L1,Jakarta,7800000.0,
105,EMP00105,Fitri Situmorang,Female,1986-09-22,39,35-44,Millennial,Divorced,S1,fitri.situmorang105@nusantaradigital.co.id,Permanent,2014-08-24,2014,,,,Active,11.35,> 10 tahun,Customer Service,Customer Service Agent,L1,Bandung,5580000.0,
106,EMP00106,Tari Maharani,Female,1990-05-22,35,35-44,Millennial,Married,S1,,Permanent,2020-06-24,2020,,,,Active,5.52,3-5 tahun,Customer Service,Customer Service Agent,L1,Bandung,5870000.0,
107,EMP00107,Yuni Suryadi,Female,1967-01-15,56,55+,Gen X,Single,SMA/SMK,yuni.suryadi107@nusantaradigital.co.id,Permanent,2022-01-26,2022,2023-02-28,Retirement,Retirement,Terminated,1.09,1-2 tahun,Sales,Sales Executive,L1,Jakarta,7520000.0,
108,EMP00108,Aditya Wibowo,Male,1991-04-12,34,25-34,Millennial,Married,S1,aditya.wibowo108@nusantaradigital.co.id,Permanent,2022-05-02,2022,,,,Active,3.67,3-5 tahun,Product,Senior Product Analyst,L2,Bandung,15390000.0,
109,EMP00109,Ratna Setiawan,Female,1991-06-30,34,25-34,Millennial,Married,S1,ratna.setiawan109@nusantaradigital.co.id,Permanent,2018-05-02,2018,,,,Active,7.67,6-10 tahun,Finance,Accountant,L1,Jakarta,9330000.0,
110,EMP00110,Nadia Nugroho,Female,1994-09-06,28,25-34,Millennial,Divorced,SMA/SMK,nadia.nugroho110@nusantaradigital.co.id,Contract,2017-09-19,2017,2023-06-27,Involuntary,Misconduct,Terminated,5.77,3-5 tahun,Marketing,Marketing Specialist,L1,Yogyakarta,6580000.0,
111,EMP00111,Dedi Purnomo,Male,1989-08-18,36,35-44,Millennial,Married,S1,dedi.purnomo111@nusantaradigital.co.id,Contract,2010-02-09,2010,,,,Active,15.89,> 10 tahun,Sales,Senior Sales Executive,L2,Jakarta,15130000.0,
112,EMP00112,Rina Purnomo,Female,1993-01-24,32,25-34,Millennial,Married,D3,rina.purnomo112@nusantaradigital.co.id,Contract,2022-09-25,2022,,,,Active,3.27,3-5 tahun,Marketing,Marketing Specialist,L1,Bandung,7270000.0,
113,EMP00113,Rina Syahputra,Female,1994-12-16,28,25-34,Millennial,Married,D3,rina.syahputra113@nusantaradigital.co.id,Permanent,2022-09-10,2022,2023-02-18,Involuntary,Misconduct,Terminated,0.44,< 1 tahun,Information Technology,Senior Software Engineer,L2,Medan,11630000.0,
114,EMP00114,Lestari Hakim,Female,1996-07-29,29,25-34,Millennial,Married,D3,,Permanent,2022-08-10,2022,,,,Active,3.39,3-5 tahun,Sales,Senior Sales Executive,L2,Jakarta,14630000.0,
115,EMP00115,Hadi Purnomo,Male,1992-05-28,33,25-34,Millennial,Married,S1,,Permanent,2022-08-15,2022,,,,Active,3.38,3-5 tahun,Information Technology,Tech Lead,L3,Jakarta,25650000.0,
116,EMP00116,Taufik Susanti,Male,1982-01-25,43,35-44,Millennial,Married,S1,taufik.susanti116@nusantaradigital.co.id,Contract,2020-06-29,2020,,,,Active,5.51,3-5 tahun,Sales,Head of Sales,L5,Jakarta,42990000.0,
117,EMP00117,Hendra Utami,Male,1993-05-11,29,25-34,Millennial,Married,S2,hendra.utami117@nusantaradigital.co.id,Permanent,2015-10-07,2015,2023-01-15,Involuntary,Misconduct,Terminated,7.27,6-10 tahun,Product,Product Analyst,L1,Jakarta,10080000.0,
118,EMP00118,Kartika Utami,Female,1994-07-15,29,25-34,Millennial,Married,D3,kartika.utami118@nusantaradigital.co.id,Permanent,2020-06-09,2020,2024-05-01,Voluntary,Better Compensation,Terminated,3.89,3-5 tahun,Operations,Operations Staff,L1,Medan,6190000.0,
119,EMP00119,Muhammad Hidayat,Male,1991-07-23,31,25-34,Millennial,Single,S1,muhammad.hidayat119@nusantaradigital.co.id,Contract,2018-09-13,2018,2023-01-22,Voluntary,Work-Life Balance,Terminated,4.36,3-5 tahun,Marketing,Marketing Specialist,L1,Jakarta,6450000.0,
120,EMP00120,Rahma Suryadi,Female,2000-06-12,25,25-34,Gen Z,Single,D3,rahma.suryadi120@nusantaradigital.co.id,Contract,2022-09-01,2022,,,,Active,3.33,3-5 tahun,Marketing,Marketing Specialist,L1,Yogyakarta,7270000.0,
121,EMP00121,Dedi Daeng,Male,1983-03-26,41,35-44,Millennial,Divorced,S1,dedi.daeng121@nusantaradigital.co.id,Permanent,2010-02-09,2010,2024-08-18,Voluntary,Work-Life Balance,Terminated,14.52,> 10 tahun,Information Technology,Software Engineer,L1,Jakarta,9590000.0,
122,EMP00122,Teguh Simanjuntak,Male,1992-05-24,32,25-34,Millennial,Married,S1,teguh.simanjuntak122@nusantaradigital.co.id,Permanent,2020-08-18,2020,2024-11-28,Voluntary,Career Growth,Terminated,4.28,3-5 tahun,Operations,Senior Operations Staff,L2,Medan,10460000.0,
123,EMP00123,Budi Nugroho,Male,1989-06-23,36,35-44,Millennial,Married,SMA/SMK,budi.nugroho123@nusantaradigital.co.id,Permanent,2022-01-02,2022,,,,Active,3.99,3-5 tahun,Information Technology,Software Engineer,L1,Surabaya,10570000.0,
124,EMP00124,Anisa Harahap,Female,1998-02-24,26,25-34,Gen Z,Married,SMA/SMK,anisa.harahap124@nusantaradigital.co.id,Permanent,2020-05-23,2020,2024-06-01,Involuntary,Poor Performance,Terminated,4.02,3-5 tahun,Customer Service,Customer Service Agent,L1,Makassar,5780000.0,
125,EMP00125,Satria Nugroho,Male,1994-11-09,31,25-34,Millennial,Married,S2,satria.nugroho125@nusantaradigital.co.id,Permanent,2019-09-03,2019,,,,Active,6.33,6-10 tahun,Operations,Senior Operations Staff,L2,Jakarta,11580000.0,
126,EMP00126,Tari Syahputra,Female,1990-04-10,33,25-34,Millennial,Married,S1,tari.syahputra126@nusantaradigital.co.id,Permanent,2016-12-14,2016,2023-11-17,Voluntary,Further Study,Terminated,6.92,6-10 tahun,Customer Service,Customer Service Agent,L1,Jakarta,5670000.0,
127,EMP00127,Yuni Siregar,Female,1997-01-28,28,25-34,Gen Z,Single,S1,yuni.siregar127@nusantaradigital.co.id,Permanent,2022-01-25,2022,,,,Active,3.93,3-5 tahun,Sales,Sales Executive,L1,Makassar,7590000.0,
128,EMP00128,Hadi Permata,Male,1987-11-15,38,35-44,Millennial,Married,S1,hadi.permata128@nusantaradigital.co.id,Permanent,2017-07-30,2017,,,,Active,8.42,6-10 tahun,Product,Product Analyst,L1,Surabaya,10940000.0,
129,EMP00129,Eka Firmansyah,Female,1984-06-14,41,35-44,Millennial,Married,D3,eka.firmansyah129@nusantaradigital.co.id,Contract,2010-02-09,2010,,,,Active,15.89,> 10 tahun,Human Capital,HR Officer,L1,Jakarta,6420000.0,
130,EMP00130,Rina Wijaya,Female,1998-11-17,24,< 25,Gen Z,Single,D3,rina.wijaya130@nusantaradigital.co.id,Permanent,2021-03-13,2021,2023-10-12,Voluntary,Personal / Family,Terminated,2.58,1-2 tahun,Information Technology,Software Engineer,L1,Surabaya,9850000.0,
131,EMP00131,Agus Kusuma,Male,1972-01-06,53,45-54,Gen X,Married,S2,agus.kusuma131@nusantaradigital.co.id,Permanent,2010-10-30,2010,,,,Active,15.17,> 10 tahun,Sales,Head of Sales,L5,Jakarta,52870000.0,
132,EMP00132,Kurniawan Lubis,Male,1989-02-13,36,35-44,Millennial,Single,S1,kurniawan.lubis132@nusantaradigital.co.id,Permanent,2018-04-06,2018,2025-02-28,Involuntary,Poor Performance,Terminated,6.9,6-10 tahun,Information Technology,Senior Software Engineer,L2,Jakarta,13430000.0,
133,EMP00133,Novi Saputra,Female,1983-03-22,41,35-44,Millennial,Single,S2,novi.saputra133@nusantaradigital.co.id,Permanent,2011-06-09,2011,2024-11-23,Voluntary,Career Growth,Terminated,13.46,> 10 tahun,Sales,Sales Supervisor,L3,Jakarta,17720000.0,
134,EMP00134,Irfan Wijaya,Male,1991-06-08,32,25-34,Millennial,Married,S1,irfan.wijaya134@nusantaradigital.co.id,Permanent,2018-04-02,2018,2023-10-14,Involuntary,Misconduct,Terminated,5.53,3-5 tahun,Information Technology,Senior Software Engineer,L2,Jakarta,13660000.0,
135,EMP00135,Lestari Situmorang,Female,1984-07-29,41,35-44,Millennial,Married,S2,lestari.situmorang135@nusantaradigital.co.id,Permanent,2018-09-23,2018,,,,Active,7.27,6-10 tahun,Sales,Sales Executive,L1,Jakarta,7090000.0,
136,EMP00136,Budi Hakim,Male,1994-11-03,31,25-34,Millennial,Divorced,S1,budi.hakim136@nusantaradigital.co.id,Permanent,2018-12-24,2018,,,,Active,7.02,6-10 tahun,Operations,Senior Operations Staff,L2,Surabaya,9670000.0,
137,EMP00137,Ilham Hidayat,Male,1997-12-08,28,25-34,Gen Z,Married,S1,ilham.hidayat137@nusantaradigital.co.id,Permanent,2022-01-19,2022,,,,Active,3.95,3-5 tahun,Sales,Sales Executive,L1,Bandung,9590000.0,
138,EMP00138,Reza Rahman,Male,1986-02-26,39,35-44,Millennial,Single,S1,reza.rahman138@nusantaradigital.co.id,Permanent,2020-03-25,2020,,,,Active,5.77,3-5 tahun,Human Capital,HR Manager,L4,Jakarta,27640000.0,
139,EMP00139,Adi Permata,Male,1994-12-09,31,25-34,Millennial,Single,S1,adi.permata139@nusantaradigital.co.id,Permanent,2020-01-30,2020,,,,Active,5.92,3-5 tahun,Operations,Senior Operations Staff,L2,Yogyakarta,12900000.0,
140,EMP00140,Eko Harahap,Male,1992-01-13,32,25-34,Millennial,Single,SMA/SMK,,Permanent,2022-03-05,2022,2024-10-01,Voluntary,Better Compensation,Terminated,2.58,1-2 tahun,Customer Service,Customer Service Agent,L1,Jakarta,6010000.0,
141,EMP00141,Teguh Susanti,Male,1987-01-16,38,35-44,Millennial,Married,D3,,Contract,2018-10-20,2018,,,,Active,7.2,6-10 tahun,Sales,Sales Supervisor,L3,Bandung,18590000.0,
142,EMP00142,Budi Saputra,Male,1996-04-01,27,25-34,Millennial,Single,D3,budi.saputra142@nusantaradigital.co.id,Permanent,2021-04-17,2021,2023-11-29,Voluntary,Better Compensation,Terminated,2.62,1-2 tahun,Customer Service,Customer Service Agent,L1,Surabaya,7480000.0,
143,EMP00143,Putra Nugroho,Male,1969-10-15,56,55+,Gen X,Divorced,S1,putra.nugroho143@nusantaradigital.co.id,Permanent,2020-04-19,2020,2025-11-30,Retirement,Retirement,Terminated,5.62,3-5 tahun,Operations,Operations Staff,L1,Yogyakarta,8360000.0,
144,EMP00144,Wulan Hidayat,Female,1967-04-15,56,55+,Gen X,Married,S1,wulan.hidayat144@nusantaradigital.co.id,Permanent,2022-02-13,2022,2023-05-31,Retirement,Retirement,Terminated,1.29,1-2 tahun,Information Technology,Software Engineer,L1,Jakarta,9120000.0,
145,EMP00145,Eko Situmorang,Male,1991-08-05,31,25-34,Millennial,Married,S1,eko.situmorang145@nusantaradigital.co.id,Permanent,2017-09-21,2017,2023-04-25,Voluntary,Better Compensation,Terminated,5.59,3-5 tahun,Operations,Operations Staff,L1,Yogyakarta,5960000.0,
146,EMP00146,Arif Harahap,Male,1995-04-03,30,25-34,Millennial,Married,S1,,Permanent,2019-07-29,2019,,,,Active,6.43,6-10 tahun,Sales,Sales Supervisor,L3,Yogyakarta,21960000.0,
147,EMP00147,Nadia Wibowo,Female,1995-07-17,28,25-34,Millennial,Married,D3,nadia.wibowo147@nusantaradigital.co.id,Permanent,2022-07-08,2022,2023-10-11,Involuntary,Restructuring,Terminated,1.26,1-2 tahun,Customer Service,Customer Service Agent,L1,Bandung,6030000.0,
148,EMP00148,Salsabila Hidayat,Female,1983-10-02,42,35-44,Millennial,Married,S1,salsabila.hidayat148@nusantaradigital.co.id,Permanent,2011-05-20,2011,,,,Active,14.62,> 10 tahun,Operations,Operations Staff,L1,Jakarta,8220000.0,
149,EMP00149,Aditya Ramadhan,Male,1996-04-25,29,25-34,Millennial,Married,S1,aditya.ramadhan149@nusantaradigital.co.id,Permanent,2020-12-15,2020,,,,Active,5.04,3-5 tahun,Sales,Sales Executive,L1,Medan,6780000.0,
150,EMP00150,Taufik Wijaya,Male,1984-04-13,41,35-44,Millennial,Single,S1,,Permanent,2014-04-26,2014,2025-07-24,Involuntary,Poor Performance,Terminated,11.24,> 10 tahun,Operations,Senior Operations Staff,L2,Medan,12400000.0,
151,EMP00151,Arif Wijaya,Male,1999-11-19,26,25-34,Gen Z,Married,S1,arif.wijaya151@nusantaradigital.co.id,Permanent,2020-04-09,2020,,,,Active,5.73,3-5 tahun,Customer Service,Customer Service Agent,L1,Bandung,7620000.0,
152,EMP00152,Sari Daeng,Female,1991-06-15,33,25-34,Millennial,Divorced,S1,sari.daeng152@nusantaradigital.co.id,Permanent,2021-07-09,2021,2025-03-19,Voluntary,Relocation,Terminated,3.69,3-5 tahun,Human Capital,HR Officer,L1,Jakarta,7210000.0,
153,EMP00153,Agus Wibowo,Male,1988-10-05,37,35-44,Millennial,Single,S1,agus.wibowo153@nusantaradigital.co.id,Permanent,2016-07-11,2016,,,,Active,9.47,6-10 tahun,Operations,Operations Supervisor,L3,Jakarta,16550000.0,
154,EMP00154,Hendra Utami,Male,1981-05-18,44,35-44,Millennial,Married,S2,,Permanent,2020-06-17,2020,,,,Active,5.54,3-5 tahun,Sales,Head of Sales,L5,Jakarta,47060000.0,
155,EMP00155,Bunga Permata,Female,1992-08-01,33,25-34,Millennial,Single,D3,bunga.permata155@nusantaradigital.co.id,Permanent,2022-05-10,2022,,,,Active,3.64,3-5 tahun,Product,Product Analyst,L1,Surabaya,8250000.0,
156,EMP00156,Yoga Wibowo,Male,1982-04-02,43,35-44,Millennial,Married,D3,yoga.wibowo156@nusantaradigital.co.id,Permanent,2018-07-18,2018,,,,Active,7.46,6-10 tahun,Sales,Sales Supervisor,L3,Makassar,18520000.0,
157,EMP00157,Irfan Ramadhan,Male,1980-03-29,45,45-54,Gen X,Single,S2,irfan.ramadhan157@nusantaradigital.co.id,Permanent,2019-12-07,2019,,,,Active,6.07,6-10 tahun,Sales,Head of Sales,L5,Jakarta,45250000.0,
158,EMP00158,Siti Permata,Female,1991-08-29,31,25-34,Millennial,Divorced,S1,siti.permata158@nusantaradigital.co.id,Permanent,2012-06-29,2012,2023-07-22,Voluntary,Relocation,Terminated,11.06,> 10 tahun,Customer Service,Customer Service Agent,L1,Jakarta,6810000.0,
159,EMP00159,Novi Nugroho,Female,1996-11-22,29,25-34,Millennial,Single,S1,novi.nugroho159@nusantaradigital.co.id,Permanent,2020-09-15,2020,,,,Active,5.29,3-5 tahun,Operations,Operations Staff,L1,Jakarta,6910000.0,
160,EMP00160,Galih Siregar,Male,1980-02-22,45,45-54,Gen X,Married,S2,galih.siregar160@nusantaradigital.co.id,Permanent,2014-12-07,2014,,,,Active,11.07,> 10 tahun,Operations,Head of Operations,L5,Jakarta,39750000.0,
161,EMP00161,Siti Setiawan,Female,1983-04-10,39,35-44,Millennial,Single,S1,siti.setiawan161@nusantaradigital.co.id,Permanent,2010-02-09,2010,2023-04-01,Voluntary,Work-Life Balance,Terminated,13.14,> 10 tahun,Product,Product Analyst,L1,Makassar,8970000.0,
162,EMP00162,Irfan Setiawan,Male,1992-12-23,33,25-34,Millennial,Married,S1,irfan.setiawan162@nusantaradigital.co.id,Permanent,2015-03-29,2015,,,,Active,10.76,6-10 tahun,Product,Product Analyst,L1,Jakarta,9150000.0,
163,EMP00163,Wahyu Pratama,Male,1999-05-19,23,< 25,Gen Z,Single,SMA/SMK,wahyu.pratama163@nusantaradigital.co.id,Contract,2021-11-24,2021,2023-04-17,Involuntary,Restructuring,Terminated,1.39,1-2 tahun,Information Technology,Software Engineer,L1,Jakarta,9340000.0,
164,EMP00164,Eko Wibowo,Male,1985-09-11,38,35-44,Millennial,Married,S2,eko.wibowo164@nusantaradigital.co.id,Contract,2019-05-31,2019,2023-10-02,Voluntary,Career Growth,Terminated,4.34,3-5 tahun,Sales,Head of Sales,L5,Jakarta,46320000.0,
165,EMP00165,Fajar Hakim,Male,1986-02-06,39,35-44,Millennial,Married,S1,fajar.hakim165@nusantaradigital.co.id,Permanent,2010-07-30,2010,,,,Active,15.42,> 10 tahun,Finance,Accountant,L1,Surabaya,9620000.0,
166,EMP00166,Joko Maharani,Male,1998-12-12,25,25-34,Gen Z,Married,D3,joko.maharani166@nusantaradigital.co.id,Permanent,2019-08-12,2019,2024-02-04,Voluntary,Relocation,Terminated,4.48,3-5 tahun,Human Capital,HR Officer,L1,Jakarta,8420000.0,
167,EMP00167,Citra Daeng,Female,1984-08-22,41,35-44,Millennial,Single,S1,citra.daeng167@nusantaradigital.co.id,Permanent,2019-05-28,2019,,,,Active,6.6,6-10 tahun,Customer Service,CS Manager,L4,Jakarta,24240000.0,
168,EMP00168,Rahma Kusuma,Female,1989-01-29,36,35-44,Millennial,Married,S1,rahma.kusuma168@nusantaradigital.co.id,Permanent,2017-04-09,2017,,,,Active,8.73,6-10 tahun,Marketing,Senior Marketing Specialist,L2,Jakarta,13860000.0,
169,EMP00169,Yusuf Nugroho,Male,2001-07-01,23,< 25,Gen Z,Single,S2,yusuf.nugroho169@nusantaradigital.co.id,Permanent,2022-02-06,2022,2025-02-25,Involuntary,Poor Performance,Terminated,3.05,3-5 tahun,Sales,Sales Executive,L1,Jakarta,7420000.0,
170,EMP00170,Reza Tanjung,Male,1986-10-21,39,35-44,Millennial,Married,S1,reza.tanjung170@nusantaradigital.co.id,Permanent,2020-07-16,2020,,,,Active,5.46,3-5 tahun,Sales,Senior Sales Executive,L2,Makassar,14050000.0,
171,EMP00171,Eko Anggraini,Male,1995-05-17,30,25-34,Millennial,Single,D3,eko.anggraini171@nusantaradigital.co.id,Permanent,2021-11-05,2021,,,,Active,4.15,3-5 tahun,Operations,Operations Staff,L1,Makassar,7840000.0,
172,EMP00172,Eka Siregar,Female,1997-06-03,27,25-34,Gen Z,Single,S1,eka.siregar172@nusantaradigital.co.id,Permanent,2022-12-17,2022,2024-10-19,Voluntary,Better Compensation,Terminated,1.84,1-2 tahun,Operations,Operations Staff,L1,Jakarta,7540000.0,
173,EMP00173,Laras Setiawan,Female,1994-05-27,29,25-34,Millennial,Single,S1,laras.setiawan173@nusantaradigital.co.id,Permanent,2019-08-10,2019,2024-04-12,Voluntary,Career Growth,Terminated,4.67,3-5 tahun,Operations,Operations Staff,L1,Jakarta,7210000.0,
174,EMP00174,Arif Tanjung,Male,1998-11-13,27,25-34,Gen Z,Married,S1,arif.tanjung174@nusantaradigital.co.id,Permanent,2019-09-11,2019,,,,Active,6.31,6-10 tahun,Customer Service,Senior CS Agent,L2,Jakarta,11010000.0,
175,EMP00175,Oki Susanti,Male,1982-09-02,42,35-44,Millennial,Married,S1,oki.susanti175@nusantaradigital.co.id,Permanent,2019-06-04,2019,2025-06-10,Involuntary,Poor Performance,Terminated,6.02,6-10 tahun,Customer Service,CS Team Leader,L3,Bandung,14310000.0,
176,EMP00176,Bunga Harahap,Female,1987-04-24,38,35-44,Millennial,Married,S1,bunga.harahap176@nusantaradigital.co.id,Permanent,2021-07-26,2021,,,,Active,4.43,3-5 tahun,Information Technology,IT Manager,L4,Jakarta,45620000.0,
177,EMP00177,Hendra Susanti,Male,1996-08-23,27,25-34,Millennial,Married,D3,hendra.susanti177@nusantaradigital.co.id,Permanent,2019-07-13,2019,2023-12-19,Voluntary,Better Compensation,Terminated,4.44,3-5 tahun,Sales,Sales Executive,L1,Jakarta,6610000.0,
178,EMP00178,Teguh Wijaya,Male,1987-01-23,38,35-44,Millennial,Married,D3,teguh.wijaya178@nusantaradigital.co.id,Contract,2022-10-22,2022,,,,Active,3.19,3-5 tahun,Operations,Operations Supervisor,L3,Jakarta,19140000.0,
179,EMP00179,Dedi Purnomo,Male,1985-12-17,40,35-44,Millennial,Divorced,S2,dedi.purnomo179@nusantaradigital.co.id,Permanent,2017-08-30,2017,,,,Active,8.34,6-10 tahun,Sales,Sales Manager,L4,Jakarta,30860000.0,
180,EMP00180,Dewi Mappasessu,Female,2001-02-11,22,< 25,Gen Z,Single,SMA/SMK,dewi.mappasessu180@nusantaradigital.co.id,Permanent,2022-12-16,2022,2023-06-16,Voluntary,Management Issues,Terminated,0.5,< 1 tahun,Customer Service,Customer Service Agent,L1,Surabaya,5680000.0,
181,EMP00181,Anisa Maharani,Female,1990-09-26,35,35-44,Millennial,Single,D3,anisa.maharani181@nusantaradigital.co.id,Permanent,2018-04-18,2018,,,,Active,7.7,6-10 tahun,Sales,Senior Sales Executive,L2,Jakarta,10960000.0,
182,EMP00182,Rahma Purnomo,Female,1993-03-26,32,25-34,Millennial,Married,S1,rahma.purnomo182@nusantaradigital.co.id,Permanent,2018-05-03,2018,,,,Active,7.66,6-10 tahun,Operations,Operations Staff,L1,Jakarta,7050000.0,
183,EMP00183,Wulan Nugroho,Female,1991-03-09,34,25-34,Millennial,Single,SMA/SMK,wulan.nugroho183@nusantaradigital.co.id,Permanent,2015-08-26,2015,,,,Active,10.35,6-10 tahun,Finance,Accountant,L1,Surabaya,9060000.0,
184,EMP00184,Adi Rahman,Male,1995-06-29,29,25-34,Millennial,Single,S1,adi.rahman184@nusantaradigital.co.id,Permanent,2022-02-25,2022,2025-02-09,Voluntary,Better Compensation,Terminated,2.96,1-2 tahun,Customer Service,Customer Service Agent,L1,Jakarta,8170000.0,
185,EMP00185,Muhammad Hidayat,Male,1994-01-30,29,25-34,Millennial,Single,SMA/SMK,muhammad.hidayat185@nusantaradigital.co.id,Permanent,2022-04-19,2022,2023-04-08,Voluntary,Career Growth,Terminated,0.97,< 1 tahun,Operations,Operations Staff,L1,Bandung,6870000.0,
186,EMP00186,Arif Hidayat,Male,1967-12-15,56,55+,Gen X,Divorced,S1,arif.hidayat186@nusantaradigital.co.id,Permanent,2022-05-07,2022,2024-01-31,Retirement,Retirement,Terminated,1.74,1-2 tahun,Operations,Operations Staff,L1,Surabaya,8540000.0,
187,EMP00187,Muhammad Saputra,Male,2000-12-22,23,< 25,Gen Z,Single,SMA/SMK,muhammad.saputra187@nusantaradigital.co.id,Permanent,2021-03-07,2021,2024-06-25,Voluntary,Better Compensation,Terminated,3.3,3-5 tahun,Customer Service,Customer Service Agent,L1,Bandung,7070000.0,
188,EMP00188,Agus Hidayat,Male,1998-12-30,27,25-34,Gen Z,Single,SMA/SMK,agus.hidayat188@nusantaradigital.co.id,Permanent,2019-10-18,2019,,,,Active,6.2,6-10 tahun,Product,Product Analyst,L1,Jakarta,9290000.0,
189,EMP00189,Hadi Simanjuntak,Male,1992-02-18,32,25-34,Millennial,Single,D3,hadi.simanjuntak189@nusantaradigital.co.id,Permanent,2021-05-21,2021,2024-07-13,Voluntary,Management Issues,Terminated,3.15,3-5 tahun,Information Technology,Tech Lead,L3,Jakarta,20510000.0,
190,EMP00190,Gilang Firmansyah,Male,1996-06-12,29,25-34,Millennial,Single,S1,gilang.firmansyah190@nusantaradigital.co.id,Permanent,2018-05-16,2018,,,,Active,7.63,6-10 tahun,Operations,Operations Staff,L1,Medan,7200000.0,
191,EMP00191,Mega Maharani,Female,1989-06-01,36,35-44,Millennial,Married,S1,,Permanent,2021-02-15,2021,,,,Active,4.87,3-5 tahun,Product,Product Analyst,L1,Jakarta,10290000.0,
192,EMP00192,Adi Firmansyah,Male,1981-02-26,42,35-44,Millennial,Married,S2,adi.firmansyah192@nusantaradigital.co.id,Permanent,2021-10-15,2021,2023-09-12,Voluntary,Better Compensation,Terminated,1.91,1-2 tahun,Sales,Head of Sales,L5,Surabaya,40550000.0,
193,EMP00193,Wahyu Saputra,Male,1991-01-10,34,25-34,Millennial,Married,S1,wahyu.saputra193@nusantaradigital.co.id,Permanent,2020-09-30,2020,,,,Active,5.25,3-5 tahun,Sales,Senior Sales Executive,L2,Jakarta,10680000.0,
194,EMP00194,Irfan Kusuma,Male,1993-12-21,32,25-34,Millennial,Single,S1,irfan.kusuma194@nusantaradigital.co.id,Permanent,2018-11-11,2018,,,,Active,7.14,6-10 tahun,Customer Service,CS Manager,L4,Jakarta,27090000.0,
195,EMP00195,Salsabila Mappasessu,Female,1968-05-15,56,55+,Gen X,Single,S1,salsabila.mappasessu195@nusantaradigital.co.id,Permanent,2018-05-21,2018,2024-06-30,Retirement,Retirement,Terminated,6.11,6-10 tahun,Operations,Senior Operations Staff,L2,Jakarta,9740000.0,
196,EMP00196,Lestari Syahputra,Female,1994-01-07,31,25-34,Millennial,Married,S2,lestari.syahputra196@nusantaradigital.co.id,Permanent,2015-09-07,2015,,,,Active,10.32,6-10 tahun,Operations,Senior Operations Staff,L2,Makassar,9390000.0,
197,EMP00197,Hadi Situmorang,Male,1985-01-23,40,35-44,Millennial,Single,S1,hadi.situmorang197@nusantaradigital.co.id,Permanent,2014-09-06,2014,,,,Active,11.32,> 10 tahun,Human Capital,HR Supervisor,L3,Bandung,19210000.0,
198,EMP00198,Ratna Purnomo,Female,1991-01-28,34,25-34,Millennial,Married,S2,ratna.purnomo198@nusantaradigital.co.id,Contract,2019-08-23,2019,,,,Active,6.36,6-10 tahun,Human Capital,HR Officer,L1,Makassar,7670000.0,
199,EMP00199,Taufik Utami,Male,1989-06-23,36,35-44,Millennial,Married,SMA/SMK,taufik.utami199@nusantaradigital.co.id,Permanent,2021-04-02,2021,,,,Active,4.75,3-5 tahun,Human Capital,HR Officer,L1,Jakarta,8540000.0,
200,EMP00200,Eko Mappasessu,Male,1997-03-09,28,25-34,Gen Z,Married,S2,eko.mappasessu200@nusantaradigital.co.id,Permanent,2021-06-09,2021,,,,Active,4.56,3-5 tahun,Marketing,Senior Marketing Specialist,L2,Jakarta,11970000.0,
201,EMP00201,Bunga Mappasessu,Female,1999-11-19,26,25-34,Gen Z,Divorced,S1,bunga.mappasessu201@nusantaradigital.co.id,Permanent,2020-06-01,2020,,,,Active,5.58,3-5 tahun,Finance,Accountant,L1,Medan,7130000.0,
202,EMP00202,Rahma Ramadhan,Female,1992-12-26,31,25-34,Millennial,Married,S1,rahma.ramadhan202@nusantaradigital.co.id,Contract,2019-11-04,2019,2024-04-10,Voluntary,Career Growth,Terminated,4.43,3-5 tahun,Sales,Senior Sales Executive,L2,Bandung,12550000.0,
203,EMP00203,Sari Mappasessu,Female,2001-09-30,24,< 25,Gen Z,Single,D3,sari.mappasessu203@nusantaradigital.co.id,Permanent,2022-07-18,2022,,,,Active,3.46,3-5 tahun,Operations,Operations Staff,L1,Jakarta,6100000.0,
204,EMP00204,Vina Purnomo,Female,1984-09-26,41,35-44,Millennial,Single,D3,vina.purnomo204@nusantaradigital.co.id,Contract,2014-08-15,2014,,,,Active,11.38,> 10 tahun,Sales,Sales Executive,L1,Jakarta,9530000.0,
205,EMP00205,Muhammad Anggraini,Male,1998-04-30,27,25-34,Gen Z,Married,SMA/SMK,muhammad.anggraini205@nusantaradigital.co.id,Permanent,2022-03-12,2022,,,,Active,3.81,3-5 tahun,Customer Service,Customer Service Agent,L1,Yogyakarta,6250000.0,
206,EMP00206,Dimas Tanjung,Male,1993-05-16,32,25-34,Millennial,Single,D3,dimas.tanjung206@nusantaradigital.co.id,Permanent,2020-04-04,2020,,,,Active,5.74,3-5 tahun,Sales,Sales Executive,L1,Jakarta,8860000.0,
207,EMP00207,Indah Setiawan,Female,1995-05-07,28,25-34,Millennial,Married,D3,indah.setiawan207@nusantaradigital.co.id,Permanent,2021-03-18,2021,2024-03-02,Voluntary,Work-Life Balance,Terminated,2.96,1-2 tahun,Customer Service,Customer Service Agent,L1,Surabaya,6270000.0,
208,EMP00208,Teguh Lubis,Male,1980-07-20,45,45-54,Gen X,Single,S2,teguh.lubis208@nusantaradigital.co.id,Permanent,2010-02-09,2010,,,,Active,15.89,> 10 tahun,Information Technology,Tech Lead,L3,Surabaya,27570000.0,
209,EMP00209,Rangga Rahman,Male,1998-12-02,27,25-34,Gen Z,Single,D3,rangga.rahman209@nusantaradigital.co.id,Permanent,2021-01-11,2021,,,,Active,4.97,3-5 tahun,Human Capital,HR Officer,L1,Jakarta,8170000.0,
210,EMP00210,Budi Anggraini,Male,1993-01-13,32,25-34,Millennial,Married,S2,budi.anggraini210@nusantaradigital.co.id,Permanent,2021-02-22,2021,,,,Active,4.85,3-5 tahun,Operations,Operations Supervisor,L3,Jakarta,16830000.0,
211,EMP00211,Wahyu Maharani,Male,1993-08-29,32,25-34,Millennial,Single,D3,wahyu.maharani211@nusantaradigital.co.id,Permanent,2017-05-06,2017,,,,Active,8.65,6-10 tahun,Operations,Operations Staff,L1,Jakarta,7970000.0,
212,EMP00212,Yoga Situmorang,Male,1996-02-03,29,25-34,Millennial,Single,S1,yoga.situmorang212@nusantaradigital.co.id,Permanent,2022-04-17,2022,2025-05-21,Voluntary,Career Growth,Terminated,3.09,3-5 tahun,Information Technology,Senior Software Engineer,L2,Makassar,16950000.0,
213,EMP00213,Rina Daeng,Female,1996-04-27,29,25-34,Millennial,Married,S1,rina.daeng213@nusantaradigital.co.id,Permanent,2021-01-07,2021,,,,Active,4.98,3-5 tahun,Marketing,Marketing Specialist,L1,Bandung,9040000.0,
214,EMP00214,Muhammad Rahman,Male,1989-06-28,36,35-44,Millennial,Single,SMA/SMK,muhammad.rahman214@nusantaradigital.co.id,Permanent,2013-05-02,2013,,,,Active,12.67,> 10 tahun,Customer Service,Customer Service Agent,L1,Jakarta,6240000.0,
215,EMP00215,Eka Pratama,Female,1992-06-28,33,25-34,Millennial,Married,S1,eka.pratama215@nusantaradigital.co.id,Permanent,2017-03-25,2017,,,,Active,8.77,6-10 tahun,Product,Senior Product Analyst,L2,Jakarta,15090000.0,
216,EMP00216,Lestari Hidayat,Female,,,Unknown,Unknown,Married,D3,lestari.hidayat216@nusantaradigital.co.id,Permanent,2018-02-04,2018,,,,Active,7.9,6-10 tahun,Product,Product Analyst,L1,Makassar,10330000.0,INVALID_BIRTH_DATE
217,EMP00217,Citra Rahman,Female,1991-12-04,34,25-34,Millennial,Married,S1,citra.rahman217@nusantaradigital.co.id,Permanent,2021-08-27,2021,,,,Active,4.34,3-5 tahun,Finance,Accountant,L1,Jakarta,7730000.0,
218,EMP00218,Budi Siregar,Male,1993-11-20,32,25-34,Millennial,Single,S1,budi.siregar218@nusantaradigital.co.id,Permanent,2019-11-13,2019,,,,Active,6.13,6-10 tahun,Information Technology,Software Engineer,L1,Jakarta,11520000.0,
219,EMP00219,Fitri Santoso,Female,1985-12-07,40,35-44,Millennial,Married,S1,fitri.santoso219@nusantaradigital.co.id,Contract,2017-02-05,2017,,,,Active,8.9,6-10 tahun,Information Technology,Software Engineer,L1,Jakarta,8310000.0,
220,EMP00220,Tari Utami,Female,1989-02-15,36,35-44,Millennial,Single,S1,tari.utami220@nusantaradigital.co.id,Permanent,2017-03-30,2017,,,,Active,8.76,6-10 tahun,Customer Service,CS Team Leader,L3,Jakarta,13550000.0,
221,EMP00221,Rizki Firmansyah,Male,1994-09-22,31,25-34,Millennial,Married,S1,rizki.firmansyah221@nusantaradigital.co.id,Permanent,2020-04-03,2020,,,,Active,5.74,3-5 tahun,Operations,Operations Staff,L1,Bandung,6520000.0,
222,EMP00222,Amelia Lubis,Female,1995-01-11,30,25-34,Millennial,Single,S1,amelia.lubis222@nusantaradigital.co.id,Permanent,2020-10-09,2020,,,,Active,5.23,3-5 tahun,Customer Service,Customer Service Agent,L1,Jakarta,6920000.0,
223,EMP00223,Amelia Kusuma,Female,2001-02-02,24,< 25,Gen Z,Divorced,S1,amelia.kusuma223@nusantaradigital.co.id,Permanent,2021-12-02,2021,,,,Active,4.08,3-5 tahun,Sales,Sales Executive,L1,Bandung,8420000.0,
224,EMP00224,Hadi Simanjuntak,Male,1983-08-01,42,35-44,Millennial,Single,S2,hadi.simanjuntak224@nusantaradigital.co.id,Permanent,2017-10-03,2017,,,,Active,8.24,6-10 tahun,Sales,Sales Manager,L4,Jakarta,33670000.0,
225,EMP00225,Mega Syahputra,Female,1999-08-08,24,< 25,Gen Z,Married,S2,mega.syahputra225@nusantaradigital.co.id,Contract,2022-09-21,2022,2024-03-17,Involuntary,Misconduct,Terminated,1.49,1-2 tahun,Sales,Sales Executive,L1,Makassar,7950000.0,
226,EMP00226,Citra Tanjung,Female,1989-04-13,36,35-44,Millennial,Married,D3,citra.tanjung226@nusantaradigital.co.id,Permanent,2022-02-19,2022,,,,Active,3.86,3-5 tahun,Marketing,Marketing Specialist,L1,Surabaya,8270000.0,
227,EMP00227,Wahyu Saputra,Male,1997-06-04,27,25-34,Gen Z,Single,S1,wahyu.saputra227@nusantaradigital.co.id,Contract,2018-01-07,2018,2025-05-21,Voluntary,Career Growth,Terminated,7.37,6-10 tahun,Marketing,Marketing Specialist,L1,Yogyakarta,7980000.0,
228,EMP00228,Yuni Daeng,Female,1989-05-13,36,35-44,Millennial,Married,S1,yuni.daeng228@nusantaradigital.co.id,Permanent,2022-09-26,2022,,,,Active,3.26,3-5 tahun,Finance,Finance Manager,L4,Surabaya,30460000.0,
229,EMP00229,Hadi Tanjung,Male,1991-10-04,34,25-34,Millennial,Divorced,S1,hadi.tanjung229@nusantaradigital.co.id,Permanent,2014-03-31,2014,,,,Active,11.75,> 10 tahun,Operations,Operations Staff,L1,Jakarta,7580000.0,
230,EMP00230,Sari Daeng,Female,1995-10-14,30,25-34,Millennial,Single,S1,sari.daeng230@nusantaradigital.co.id,Permanent,2022-09-08,2022,,,,Active,3.31,3-5 tahun,Customer Service,Senior CS Agent,L2,Jakarta,10770000.0,
231,EMP00231,Ayu Purnomo,Female,1994-03-16,28,25-34,Millennial,Married,S1,ayu.purnomo231@nusantaradigital.co.id,Contract,2021-03-07,2021,2023-03-08,Voluntary,Personal / Family,Terminated,2.0,1-2 tahun,Customer Service,Customer Service Agent,L1,Bandung,6870000.0,
232,EMP00232,Hadi Tanjung,Male,1985-03-10,40,35-44,Millennial,Married,S1,,Permanent,2015-02-01,2015,,,,Active,10.91,6-10 tahun,Information Technology,Senior Software Engineer,L2,Jakarta,18030000.0,
233,EMP00233,Arif Ramadhan,Male,1969-02-15,56,55+,Gen X,Married,S1,arif.ramadhan233@nusantaradigital.co.id,Permanent,2020-02-10,2020,2025-03-31,Retirement,Retirement,Terminated,5.14,3-5 tahun,Customer Service,Customer Service Agent,L1,Surabaya,6490000.0,
234,EMP00234,Taufik Pratama,Male,1982-10-20,43,35-44,Millennial,Single,S1,taufik.pratama234@nusantaradigital.co.id,Permanent,2010-02-09,2010,,,,Active,15.89,> 10 tahun,Operations,Senior Operations Staff,L2,Surabaya,11010000.0,
235,EMP00235,Mega Hakim,Female,1999-12-02,23,< 25,Gen Z,Single,S1,mega.hakim235@nusantaradigital.co.id,Contract,2022-07-31,2022,2023-05-23,Voluntary,Better Compensation,Terminated,0.81,< 1 tahun,Customer Service,Customer Service Agent,L1,Jakarta,6410000.0,
236,EMP00236,Taufik Permata,Male,1988-02-15,35,35-44,Millennial,Married,D3,,Permanent,2016-10-11,2016,2023-12-31,Voluntary,Career Growth,Terminated,7.22,6-10 tahun,Human Capital,Senior HR Officer,L2,Jakarta,11140000.0,
237,EMP00237,Teguh Nasution,Male,1995-05-23,30,25-34,Millennial,Married,S1,teguh.nasution237@nusantaradigital.co.id,Permanent,2022-12-13,2022,,,,Active,3.05,3-5 tahun,Human Capital,Senior HR Officer,L2,Yogyakarta,11570000.0,
238,EMP00238,Dewi Wijaya,Female,1993-10-14,30,25-34,Millennial,Single,SMA/SMK,dewi.wijaya238@nusantaradigital.co.id,Permanent,2021-11-05,2021,2024-07-24,Voluntary,Further Study,Terminated,2.72,1-2 tahun,Operations,Operations Staff,L1,Jakarta,6640000.0,
239,EMP00239,Oki Siregar,Male,1991-04-15,34,25-34,Millennial,Married,S1,oki.siregar239@nusantaradigital.co.id,Permanent,2015-09-08,2015,,,,Active,10.31,6-10 tahun,Marketing,Senior Marketing Specialist,L2,Yogyakarta,14960000.0,
240,EMP00240,Bunga Hasibuan,Female,1993-11-06,32,25-34,Millennial,Single,S1,bunga.hasibuan240@nusantaradigital.co.id,Permanent,2019-07-23,2019,,,,Active,6.44,6-10 tahun,Customer Service,Customer Service Agent,L1,Makassar,7090000.0,
241,EMP00241,Hendra Utami,Male,1969-12-15,56,55+,Gen X,Single,S1,hendra.utami241@nusantaradigital.co.id,Permanent,2020-01-06,2020,,,,Active,5.98,3-5 tahun,Customer Service,Customer Service Agent,L1,Jakarta,7720000.0,
242,EMP00242,Nadia Ramadhan,Female,1997-06-28,28,25-34,Gen Z,Married,S1,nadia.ramadhan242@nusantaradigital.co.id,Permanent,2020-01-19,2020,,,,Active,5.95,3-5 tahun,Customer Service,Customer Service Agent,L1,Jakarta,6950000.0,
243,EMP00243,Lukman Simanjuntak,Male,1987-08-02,38,35-44,Millennial,Single,S1,lukman.simanjuntak243@nusantaradigital.co.id,Permanent,2011-02-01,2011,,,,Active,14.91,> 10 tahun,Operations,Operations Staff,L1,Jakarta,8070000.0,
244,EMP00244,Fajar Ramadhan,Male,1974-10-11,51,45-54,Gen X,Married,D3,fajar.ramadhan244@nusantaradigital.co.id,Permanent,2017-05-17,2017,,,,Active,8.62,6-10 tahun,Information Technology,Tech Lead,L3,Makassar,22950000.0,
245,EMP00245,Vina Utami,Female,1991-12-26,34,25-34,Millennial,Married,D3,vina.utami245@nusantaradigital.co.id,Permanent,2019-04-27,2019,,,,Active,6.68,6-10 tahun,Sales,Sales Executive,L1,Jakarta,7950000.0,
246,EMP00246,Eka Sinaga,Female,1984-02-06,40,35-44,Millennial,Married,D3,eka.sinaga246@nusantaradigital.co.id,Permanent,2015-11-23,2015,2024-07-23,Voluntary,Career Growth,Terminated,8.67,6-10 tahun,Customer Service,Senior CS Agent,L2,Jakarta,10750000.0,
247,EMP00247,Rina Pangaribuan,Female,1993-09-09,32,25-34,Millennial,Married,D3,rina.pangaribuan247@nusantaradigital.co.id,Permanent,2019-12-28,2019,,,,Active,6.01,6-10 tahun,Operations,Operations Staff,L1,Jakarta,8090000.0,
248,EMP00248,Teguh Saputra,Male,1995-03-28,30,25-34,Millennial,Single,S1,teguh.saputra248@nusantaradigital.co.id,Permanent,2019-12-19,2019,,,,Active,6.03,6-10 tahun,Finance,Senior Accountant,L2,Jakarta,13900000.0,
249,EMP00249,Intan Saputra,Female,1999-10-10,23,< 25,Gen Z,Single,S1,intan.saputra249@nusantaradigital.co.id,Permanent,2022-04-10,2022,2023-01-07,Voluntary,Work-Life Balance,Terminated,0.74,< 1 tahun,Sales,Sales Supervisor,L3,Surabaya,16140000.0,
250,EMP00250,Eka Nasution,Female,1993-04-13,32,25-34,Millennial,Single,D3,eka.nasution250@nusantaradigital.co.id,Permanent,2021-03-02,2021,,,,Active,4.83,3-5 tahun,Sales,Sales Executive,L1,Jakarta,9030000.0,
251,EMP00251,Fikri Harahap,Male,1984-08-14,41,35-44,Millennial,Married,S1,fikri.harahap251@nusantaradigital.co.id,Permanent,2017-01-01,2017,,,,Active,9.0,6-10 tahun,Sales,Sales Manager,L4,Jakarta,40380000.0,
252,EMP00252,Wahyu Tanjung,Male,1994-03-10,31,25-34,Millennial,Married,SMA/SMK,wahyu.tanjung252@nusantaradigital.co.id,Permanent,2019-09-30,2019,,,,Active,6.25,6-10 tahun,Information Technology,Software Engineer,L1,Surabaya,12450000.0,
253,EMP00253,Novi Halim,Female,1990-05-17,35,35-44,Millennial,Married,S2,novi.halim253@nusantaradigital.co.id,Permanent,2020-01-12,2020,,,,Active,5.97,3-5 tahun,Customer Service,CS Team Leader,L3,Makassar,17690000.0,
254,EMP00254,Joko Santoso,Male,1997-04-18,28,25-34,Gen Z,Single,S1,joko.santoso254@nusantaradigital.co.id,Permanent,2022-06-30,2022,,,,Active,3.5,3-5 tahun,Finance,Accountant,L1,Jakarta,9510000.0,
255,EMP00255,Intan Rahman,Female,1992-01-01,33,25-34,Millennial,Married,S1,intan.rahman255@nusantaradigital.co.id,Permanent,2014-03-08,2014,,,,Active,11.82,> 10 tahun,Sales,Sales Executive,L1,Bandung,7780000.0,
256,EMP00256,Ilham Utami,Male,1994-03-02,31,25-34,Millennial,Divorced,S1,ilham.utami256@nusantaradigital.co.id,Permanent,2014-09-01,2014,,,,Active,11.33,> 10 tahun,Operations,Operations Staff,L1,Jakarta,7770000.0,
257,EMP00257,Tiara Sinaga,Female,1992-08-23,33,25-34,Millennial,Divorced,S1,tiara.sinaga257@nusantaradigital.co.id,Permanent,2020-07-31,2020,,,,Active,5.42,3-5 tahun,Information Technology,Senior Software Engineer,L2,Jakarta,16010000.0,
258,EMP00258,Dimas Maharani,Male,1992-04-29,31,25-34,Millennial,Single,S1,,Permanent,2022-03-09,2022,2023-10-10,Voluntary,Personal / Family,Terminated,1.59,1-2 tahun,Sales,Senior Sales Executive,L2,Jakarta,9940000.0,
259,EMP00259,Dedi Utami,Male,1980-03-02,43,35-44,Gen X,Divorced,S1,dedi.utami259@nusantaradigital.co.id,Permanent,2018-09-30,2018,2023-03-21,Voluntary,Better Compensation,Terminated,4.47,3-5 tahun,Operations,Head of Operations,L5,Jakarta,38190000.0,
260,EMP00260,Bayu Harahap,Male,1983-08-13,42,35-44,Millennial,Married,S1,bayu.harahap260@nusantaradigital.co.id,Permanent,2012-11-26,2012,,,,Active,13.1,> 10 tahun,Customer Service,CS Manager,L4,Jakarta,29100000.0,
261,EMP00261,Intan Maharani,Female,1994-01-24,29,25-34,Millennial,Single,S1,intan.maharani261@nusantaradigital.co.id,Permanent,2018-08-17,2018,2023-08-07,Voluntary,Better Compensation,Terminated,4.97,3-5 tahun,Finance,Accountant,L1,Jakarta,6680000.0,
262,EMP00262,Novi Hasibuan,Female,2002-06-24,22,< 25,Gen Z,Single,D3,novi.hasibuan262@nusantaradigital.co.id,Permanent,2022-09-12,2022,2024-08-09,Voluntary,Work-Life Balance,Terminated,1.91,1-2 tahun,Operations,Operations Staff,L1,Jakarta,7400000.0,
263,EMP00263,Oki Firmansyah,Male,2000-02-04,23,< 25,Gen Z,Single,S1,,Permanent,2022-06-01,2022,2023-08-26,Voluntary,Work-Life Balance,Terminated,1.23,1-2 tahun,Product,Product Analyst,L1,Jakarta,8280000.0,
264,EMP00264,Anisa Saputra,Female,1996-12-24,29,25-34,Millennial,Married,S1,anisa.saputra264@nusantaradigital.co.id,Permanent,2022-04-02,2022,,,,Active,3.75,3-5 tahun,Sales,Sales Executive,L1,Makassar,6440000.0,
265,EMP00265,Hendra Siregar,Male,1990-05-12,35,35-44,Millennial,Divorced,S1,hendra.siregar265@nusantaradigital.co.id,Permanent,2020-01-31,2020,,,,Active,5.92,3-5 tahun,Operations,Operations Supervisor,L3,Jakarta,15820000.0,
266,EMP00266,Laras Wijaya,Female,1996-08-06,29,25-34,Millennial,Married,S1,laras.wijaya266@nusantaradigital.co.id,Permanent,2022-05-31,2022,,,,Active,3.59,3-5 tahun,Product,Product Analyst,L1,Jakarta,11080000.0,
267,EMP00267,Nurul Mappasessu,Female,1993-05-08,31,25-34,Millennial,Married,S1,nurul.mappasessu267@nusantaradigital.co.id,Permanent,2021-02-23,2021,2024-10-25,Voluntary,Further Study,Terminated,3.67,3-5 tahun,Sales,Senior Sales Executive,L2,Jakarta,11290000.0,
268,EMP00268,Dian Permata,Female,1999-09-29,26,25-34,Gen Z,Single,S1,dian.permata268@nusantaradigital.co.id,Permanent,2021-07-27,2021,,,,Active,4.43,3-5 tahun,Operations,Operations Staff,L1,Makassar,7430000.0,
269,EMP00269,Laras Utami,Female,1968-10-15,54,45-54,Gen X,Married,D3,laras.utami269@nusantaradigital.co.id,Permanent,2018-09-15,2018,2023-04-08,Voluntary,Better Compensation,Terminated,4.56,3-5 tahun,Customer Service,Customer Service Agent,L1,Jakarta,5900000.0,
270,EMP00270,Dedi Permata,Male,1980-09-15,43,35-44,Gen X,Married,S1,dedi.permata270@nusantaradigital.co.id,Permanent,2014-01-13,2014,2024-04-03,Involuntary,Restructuring,Terminated,10.22,6-10 tahun,Information Technology,Software Engineer,L1,Jakarta,9620000.0,
271,EMP00271,Mega Suryadi,Female,1997-10-04,28,25-34,Gen Z,Married,S1,mega.suryadi271@nusantaradigital.co.id,Permanent,2022-11-16,2022,,,,Active,3.12,3-5 tahun,Marketing,Marketing Specialist,L1,Surabaya,7850000.0,
272,EMP00272,Rina Setiawan,Female,1987-04-18,38,35-44,Millennial,Married,S1,rina.setiawan272@nusantaradigital.co.id,Permanent,2021-05-10,2021,,,,Active,4.64,3-5 tahun,Product,Product Manager,L4,Jakarta,43150000.0,
273,EMP00273,Arif Situmorang,Male,1988-11-26,37,35-44,Millennial,Married,S1,,Permanent,2020-01-07,2020,,,,Active,5.98,3-5 tahun,Information Technology,Senior Software Engineer,L2,Jakarta,18970000.0,
274,EMP00274,Amelia Harahap,Female,1997-08-10,28,25-34,Gen Z,Single,S1,amelia.harahap274@nusantaradigital.co.id,Permanent,2021-03-05,2021,,,,Active,4.82,3-5 tahun,Operations,Operations Staff,L1,Medan,6710000.0,
275,EMP00275,Gita Hakim,Female,1992-05-19,30,25-34,Millennial,Married,D3,gita.hakim275@nusantaradigital.co.id,Permanent,2017-10-21,2017,2023-04-15,Voluntary,Career Growth,Terminated,5.48,3-5 tahun,Information Technology,Software Engineer,L1,Jakarta,8350000.0,
276,EMP00276,Putra Suryadi,Male,1988-11-07,37,35-44,Millennial,Married,S1,putra.suryadi276@nusantaradigital.co.id,Permanent,2018-10-05,2018,,,,Active,7.24,6-10 tahun,Customer Service,Customer Service Agent,L1,Jakarta,6490000.0,
277,EMP00277,Novi Firmansyah,Female,1997-11-29,27,25-34,Gen Z,Single,S1,novi.firmansyah277@nusantaradigital.co.id,Permanent,2018-11-25,2018,2025-01-08,Voluntary,Work-Life Balance,Terminated,6.12,6-10 tahun,Information Technology,Software Engineer,L1,Jakarta,8900000.0,
278,EMP00278,Yoga Tanjung,Male,1982-07-19,43,35-44,Millennial,Married,S2,yoga.tanjung278@nusantaradigital.co.id,Permanent,2018-05-28,2018,,,,Active,7.59,6-10 tahun,Information Technology,IT Manager,L4,Jakarta,44900000.0,
279,EMP00279,Rangga Halim,Male,1993-02-28,30,25-34,Millennial,Married,S1,rangga.halim279@nusantaradigital.co.id,Permanent,2019-10-16,2019,2023-11-07,Voluntary,Better Compensation,Terminated,4.06,3-5 tahun,Information Technology,Software Engineer,L1,Bandung,8270000.0,
280,EMP00280,Laras Rahman,Female,1989-11-24,34,25-34,Millennial,Single,S1,laras.rahman280@nusantaradigital.co.id,Permanent,2020-09-13,2020,2024-02-11,Voluntary,Better Compensation,Terminated,3.41,3-5 tahun,Marketing,Head of Marketing,L5,Jakarta,43520000.0,
281,EMP00281,Nurul Firmansyah,Female,1996-04-08,26,25-34,Millennial,Single,D3,nurul.firmansyah281@nusantaradigital.co.id,Permanent,2017-11-28,2017,2023-04-06,Voluntary,Career Growth,Terminated,5.35,3-5 tahun,Sales,Senior Sales Executive,L2,Jakarta,12590000.0,
282,EMP00282,Rina Simanjuntak,Female,1986-08-18,39,35-44,Millennial,Married,S1,rina.simanjuntak282@nusantaradigital.co.id,Permanent,2021-11-29,2021,,,,Active,4.09,3-5 tahun,Sales,Sales Manager,L4,Jakarta,30410000.0,
283,EMP00283,Aditya Sinaga,Male,1998-12-24,24,< 25,Gen Z,Married,S1,aditya.sinaga283@nusantaradigital.co.id,Contract,2022-10-12,2022,2023-07-21,Involuntary,Poor Performance,Terminated,0.77,< 1 tahun,Operations,Operations Staff,L1,Jakarta,7570000.0,
284,EMP00284,Irfan Daeng,Male,1985-09-20,38,35-44,Millennial,Married,D3,irfan.daeng284@nusantaradigital.co.id,Permanent,2016-04-19,2016,2024-08-27,Voluntary,Career Growth,Terminated,8.36,6-10 tahun,Operations,Senior Operations Staff,L2,Medan,10180000.0,
285,EMP00285,Yuni Wibowo,Female,2001-03-12,24,< 25,Gen Z,Married,SMA/SMK,yuni.wibowo285@nusantaradigital.co.id,Permanent,2021-05-06,2021,,,,Active,4.65,3-5 tahun,Sales,Sales Executive,L1,Yogyakarta,8760000.0,
286,EMP00286,Tari Pangaribuan,Female,1991-07-25,34,25-34,Millennial,Married,S1,tari.pangaribuan286@nusantaradigital.co.id,Permanent,2017-04-18,2017,,,,Active,8.7,6-10 tahun,Sales,Senior Sales Executive,L2,Jakarta,13010000.0,
287,EMP00287,Rahma Pangaribuan,Female,1988-08-29,34,25-34,Millennial,Married,D3,,Permanent,2010-02-09,2010,2023-06-07,Voluntary,Career Growth,Terminated,13.32,> 10 tahun,Sales,Sales Executive,L1,Jakarta,7860000.0,
288,EMP00288,Yoga Ramadhan,Male,1983-01-26,42,35-44,Millennial,Married,S1,yoga.ramadhan288@nusantaradigital.co.id,Permanent,2022-09-04,2022,,,,Active,3.32,3-5 tahun,Human Capital,Head of Human Capital,L5,Jakarta,48900000.0,
289,EMP00289,Dedi Santoso,Male,1993-08-01,32,25-34,Millennial,Married,S1,dedi.santoso289@nusantaradigital.co.id,Permanent,2022-08-29,2022,,,,Active,3.34,3-5 tahun,Operations,Senior Operations Staff,L2,Jakarta,11020000.0,
290,EMP00290,Dian Tanjung,Female,1989-08-26,36,35-44,Millennial,Married,S1,dian.tanjung290@nusantaradigital.co.id,Permanent,2021-12-05,2021,,,,Active,4.07,3-5 tahun,Information Technology,Head of Technology,L5,Jakarta,68410000.0,
291,EMP00291,Fajar Wijaya,Male,1985-12-18,40,35-44,Millennial,Divorced,S2,fajar.wijaya291@nusantaradigital.co.id,Permanent,2021-04-11,2021,,,,Active,4.72,3-5 tahun,Information Technology,Tech Lead,L3,Jakarta,24640000.0,
292,EMP00292,Gita Firmansyah,Female,1999-09-26,26,25-34,Gen Z,Single,S1,gita.firmansyah292@nusantaradigital.co.id,Permanent,2020-08-04,2020,,,,Active,5.41,3-5 tahun,Operations,Operations Staff,L1,Surabaya,7130000.0,
293,EMP00293,Muhammad Pratama,Male,1996-03-04,29,25-34,Millennial,Divorced,S1,muhammad.pratama293@nusantaradigital.co.id,Permanent,2022-12-27,2022,,,,Active,3.01,3-5 tahun,Sales,Senior Sales Executive,L2,Jakarta,10710000.0,
294,EMP00294,Novi Harahap,Female,1998-01-06,25,25-34,Gen Z,Divorced,S1,novi.harahap294@nusantaradigital.co.id,Permanent,2022-09-25,2022,2023-06-01,Voluntary,Relocation,Terminated,0.68,< 1 tahun,Marketing,Marketing Specialist,L1,Jakarta,6900000.0,
295,EMP00295,Nadia Anggraini,Female,2001-10-12,21,< 25,Gen Z,Married,S1,,Permanent,2022-11-01,2022,2023-09-08,Voluntary,Work-Life Balance,Terminated,0.85,< 1 tahun,Sales,Sales Executive,L1,Jakarta,8030000.0,
296,EMP00296,Eko Halim,Male,1994-11-25,31,25-34,Millennial,Single,SMA/SMK,eko.halim296@nusantaradigital.co.id,Permanent,2018-12-18,2018,,,,Active,7.04,6-10 tahun,Sales,Sales Executive,L1,Yogyakarta,7680000.0,
297,EMP00297,Rangga Purnomo,Male,1991-09-14,31,25-34,Millennial,Single,S1,rangga.purnomo297@nusantaradigital.co.id,Contract,2021-03-27,2021,2023-08-22,Voluntary,Further Study,Terminated,2.4,1-2 tahun,Operations,Operations Supervisor,L3,Medan,16320000.0,
298,EMP00298,Putra Wibowo,Male,1989-04-26,36,35-44,Millennial,Divorced,S1,putra.wibowo298@nusantaradigital.co.id,Permanent,2020-06-17,2020,,,,Active,5.54,3-5 tahun,Customer Service,CS Team Leader,L3,Jakarta,18540000.0,
299,EMP00299,Intan Hakim,Female,1969-05-15,55,55+,Gen X,Married,S1,intan.hakim299@nusantaradigital.co.id,Permanent,2019-09-09,2019,2025-05-08,Voluntary,Personal / Family,Terminated,5.66,3-5 tahun,Operations,Operations Staff,L1,Bandung,7750000.0,
300,EMP00300,Intan Hasibuan,Female,1996-04-07,29,25-34,Millennial,Single,S1,intan.hasibuan300@nusantaradigital.co.id,Permanent,2021-03-12,2021,,,,Active,4.8,3-5 tahun,Product,Product Analyst,L1,Medan,8670000.0,
301,EMP00301,Eka Simanjuntak,Female,1995-12-19,30,25-34,Millennial,Married,S1,eka.simanjuntak301@nusantaradigital.co.id,Permanent,2022-10-20,2022,,,,Active,3.2,3-5 tahun,Customer Service,Senior CS Agent,L2,Jakarta,11080000.0,
302,EMP00302,Ilham Situmorang,Male,1995-12-18,30,25-34,Millennial,Married,S1,ilham.situmorang302@nusantaradigital.co.id,Permanent,2022-04-13,2022,,,,Active,3.72,3-5 tahun,Sales,Sales Executive,L1,Jakarta,8800000.0,
303,EMP00303,Satria Ramadhan,Male,1992-01-03,33,25-34,Millennial,Married,S1,satria.ramadhan303@nusantaradigital.co.id,Permanent,2019-05-31,2019,,,,Active,6.59,6-10 tahun,Sales,Sales Executive,L1,Jakarta,8930000.0,
304,EMP00304,Putra Susanti,Male,1998-11-28,27,25-34,Gen Z,Single,S2,putra.susanti304@nusantaradigital.co.id,Permanent,2019-02-04,2019,,,,Active,6.9,6-10 tahun,Operations,Operations Staff,L1,Jakarta,7110000.0,
305,EMP00305,Wulan Sinaga,Female,1998-08-16,27,25-34,Gen Z,Married,D3,wulan.sinaga305@nusantaradigital.co.id,Permanent,2019-04-01,2019,,,,Active,6.75,6-10 tahun,Operations,Operations Staff,L1,Yogyakarta,6490000.0,
306,EMP00306,Oki Hakim,Male,1989-06-17,36,35-44,Millennial,Divorced,S1,oki.hakim306@nusantaradigital.co.id,Permanent,2022-04-20,2022,,,,Active,3.7,3-5 tahun,Sales,Sales Executive,L1,Makassar,9250000.0,
307,EMP00307,Kurniawan Santoso,Male,1995-01-15,30,25-34,Millennial,Divorced,S1,kurniawan.santoso307@nusantaradigital.co.id,Permanent,2019-06-23,2019,,,,Active,6.52,6-10 tahun,Product,Senior Product Analyst,L2,Yogyakarta,16440000.0,
308,EMP00308,Hadi Ramadhan,Male,1994-04-22,31,25-34,Millennial,Single,SMA/SMK,hadi.ramadhan308@nusantaradigital.co.id,Permanent,2020-07-09,2020,,,,Active,5.48,3-5 tahun,Human Capital,HR Officer,L1,Bandung,9170000.0,
309,EMP00309,Bayu Wijaya,Male,2001-12-22,24,< 25,Gen Z,Single,D3,bayu.wijaya309@nusantaradigital.co.id,Permanent,2022-10-22,2022,,,,Active,3.19,3-5 tahun,Sales,Sales Executive,L1,Jakarta,9360000.0,
310,EMP00310,Irfan Utami,Male,1988-07-20,37,35-44,Millennial,Single,D3,irfan.utami310@nusantaradigital.co.id,Permanent,2014-01-30,2014,,,,Active,11.92,> 10 tahun,Product,Product Analyst,L1,Jakarta,10990000.0,
311,EMP00311,Tiara Wibowo,Female,1986-12-03,39,35-44,Millennial,Married,S1,tiara.wibowo311@nusantaradigital.co.id,Permanent,2021-02-25,2021,,,,Active,4.85,3-5 tahun,Information Technology,Tech Lead,L3,Jakarta,22130000.0,
312,EMP00312,Anisa Suryadi,Female,1967-12-15,56,55+,Gen X,Married,D3,anisa.suryadi312@nusantaradigital.co.id,Permanent,2020-09-24,2020,2024-01-31,Retirement,Retirement,Terminated,3.35,3-5 tahun,Operations,Operations Staff,L1,Surabaya,7190000.0,
313,EMP00313,Yoga Nasution,Male,1989-06-28,36,35-44,Millennial,Married,S1,yoga.nasution313@nusantaradigital.co.id,Permanent,2022-05-11,2022,,,,Active,3.64,3-5 tahun,Operations,Senior Operations Staff,L2,Jakarta,12410000.0,
314,EMP00314,Dian Nasution,Female,1991-04-18,33,25-34,Millennial,Single,S1,dian.nasution314@nusantaradigital.co.id,Permanent,2021-06-18,2021,2025-01-10,Involuntary,Poor Performance,Terminated,3.56,3-5 tahun,Information Technology,IT Manager,L4,Jakarta,40570000.0,
315,EMP00315,Wahyu Wibowo,Male,1990-01-25,32,25-34,Millennial,Single,S1,wahyu.wibowo315@nusantaradigital.co.id,Permanent,2020-12-01,2020,2023-01-01,Involuntary,Misconduct,Terminated,2.08,1-2 tahun,Operations,Operations Supervisor,L3,Surabaya,17200000.0,
316,EMP00316,Hendra Utami,Male,1985-05-07,40,35-44,Millennial,Married,S1,hendra.utami316@nusantaradigital.co.id,Permanent,2020-12-02,2020,,,,Active,5.08,3-5 tahun,Product,Product Manager,L4,Jakarta,40610000.0,
317,EMP00317,Citra Suryadi,Female,1983-12-07,42,35-44,Millennial,Married,S1,citra.suryadi317@nusantaradigital.co.id,Permanent,2018-12-27,2018,,,,Active,7.01,6-10 tahun,Marketing,Senior Marketing Specialist,L2,Jakarta,11650000.0,
318,EMP00318,Citra Rahman,Female,1997-04-28,28,25-34,Gen Z,Single,S1,citra.rahman318@nusantaradigital.co.id,Permanent,2022-06-13,2022,,,,Active,3.55,3-5 tahun,Sales,Sales Executive,L1,Jakarta,8420000.0,
319,EMP00319,Ratna Purnomo,Female,2000-10-30,23,< 25,Gen Z,Single,S1,ratna.purnomo319@nusantaradigital.co.id,Permanent,2021-12-09,2021,2023-11-27,Involuntary,Misconduct,Terminated,1.97,1-2 tahun,Customer Service,Customer Service Agent,L1,Jakarta,6100000.0,
320,EMP00320,Kurniawan Susanti,Male,1998-11-28,27,25-34,Gen Z,Married,S1,kurniawan.susanti320@nusantaradigital.co.id,Permanent,2022-05-21,2022,,,,Active,3.61,3-5 tahun,Operations,Operations Supervisor,L3,Medan,17650000.0,
321,EMP00321,Intan Kusuma,Female,1989-07-14,36,35-44,Millennial,Married,S1,intan.kusuma321@nusantaradigital.co.id,Permanent,2013-03-25,2013,,,,Active,12.77,> 10 tahun,Sales,Sales Executive,L1,Jakarta,8870000.0,
322,EMP00322,Novi Mappasessu,Female,1999-10-14,26,25-34,Gen Z,Single,D3,novi.mappasessu322@nusantaradigital.co.id,Contract,2022-08-11,2022,,,,Active,3.39,3-5 tahun,Finance,Senior Accountant,L2,Yogyakarta,13860000.0,
323,EMP00323,Mega Ramadhan,Female,1998-01-24,26,25-34,Gen Z,Married,S1,mega.ramadhan323@nusantaradigital.co.id,Contract,2022-10-06,2022,2024-08-18,Voluntary,Career Growth,Terminated,1.87,1-2 tahun,Sales,Senior Sales Executive,L2,Jakarta,11180000.0,
324,EMP00324,Galih Saputra,Male,1983-04-06,42,35-44,Millennial,Divorced,S1,galih.saputra324@nusantaradigital.co.id,Permanent,2018-01-20,2018,,,,Active,7.95,6-10 tahun,Information Technology,IT Manager,L4,Jakarta,37220000.0,
325,EMP00325,Putra Siregar,Male,1995-09-24,28,25-34,Millennial,Married,S1,putra.siregar325@nusantaradigital.co.id,Permanent,2022-02-09,2022,2024-02-05,Voluntary,Work-Life Balance,Terminated,1.99,1-2 tahun,Sales,Senior Sales Executive,L2,Bandung,11800000.0,
326,EMP00326,Citra Sinaga,Female,1997-02-18,26,25-34,Gen Z,Married,S1,citra.sinaga326@nusantaradigital.co.id,Permanent,2020-08-06,2020,2023-02-23,Voluntary,Management Issues,Terminated,2.55,1-2 tahun,Marketing,Marketing Specialist,L1,Yogyakarta,6800000.0,
327,EMP00327,Arif Ramadhan,Male,1991-10-19,34,25-34,Millennial,Married,S1,arif.ramadhan327@nusantaradigital.co.id,Permanent,2020-08-15,2020,,,,Active,5.38,3-5 tahun,Operations,Senior Operations Staff,L2,Jakarta,11430000.0,
328,EMP00328,Oki Purnomo,Male,1991-08-31,31,25-34,Millennial,Married,S1,oki.purnomo328@nusantaradigital.co.id,Permanent,2022-10-30,2022,2023-07-06,Voluntary,Better Compensation,Terminated,0.68,< 1 tahun,Operations,Senior Operations Staff,L2,Jakarta,10200000.0,
329,EMP00329,Amelia Simanjuntak,Female,1991-02-04,34,25-34,Millennial,Single,S1,amelia.simanjuntak329@nusantaradigital.co.id,Permanent,2019-12-25,2019,,,,Active,6.02,6-10 tahun,Operations,Senior Operations Staff,L2,Surabaya,11130000.0,
330,EMP00330,Wahyu Sinaga,Male,1989-02-11,36,35-44,Millennial,Married,D3,wahyu.sinaga330@nusantaradigital.co.id,Permanent,2010-02-09,2010,,,,Active,15.89,> 10 tahun,Sales,Sales Executive,L1,Surabaya,8580000.0,
331,EMP00331,Rizki Pangaribuan,Male,1992-11-22,33,25-34,Millennial,Married,D3,rizki.pangaribuan331@nusantaradigital.co.id,Permanent,2020-08-14,2020,,,,Active,5.38,3-5 tahun,Information Technology,Senior Software Engineer,L2,Bandung,19180000.0,
332,EMP00332,Gita Harahap,Female,1995-12-05,27,25-34,Millennial,Married,SMA/SMK,gita.harahap332@nusantaradigital.co.id,Permanent,2022-11-29,2022,2023-07-31,Involuntary,Misconduct,Terminated,0.67,< 1 tahun,Customer Service,Senior CS Agent,L2,Yogyakarta,9000000.0,
333,EMP00333,Nurul Hidayat,Female,1997-03-03,28,25-34,Gen Z,Single,S1,nurul.hidayat333@nusantaradigital.co.id,Permanent,2020-06-26,2020,,,,Active,5.51,3-5 tahun,Customer Service,Customer Service Agent,L1,Jakarta,6240000.0,
334,EMP00334,Sari Permata,Female,1992-12-23,33,25-34,Millennial,Married,SMA/SMK,sari.permata334@nusantaradigital.co.id,Permanent,2020-08-23,2020,,,,Active,5.36,3-5 tahun,Customer Service,Senior CS Agent,L2,Makassar,12620000.0,
335,EMP00335,Anisa Wibowo,Female,1998-04-23,25,25-34,Gen Z,Single,S1,anisa.wibowo335@nusantaradigital.co.id,Permanent,2021-10-29,2021,2023-10-28,Involuntary,Misconduct,Terminated,2.0,1-2 tahun,Human Capital,HR Officer,L1,Jakarta,7800000.0,
336,EMP00336,Aditya Setiawan,Male,1993-06-21,32,25-34,Millennial,Single,S1,aditya.setiawan336@nusantaradigital.co.id,Permanent,2019-11-04,2019,,,,Active,6.16,6-10 tahun,Sales,Sales Executive,L1,Jakarta,9500000.0,
337,EMP00337,Ratna Permata,Female,1999-01-31,26,25-34,Gen Z,Married,S1,ratna.permata337@nusantaradigital.co.id,Permanent,2019-09-26,2019,,,,Active,6.26,6-10 tahun,Information Technology,Senior Software Engineer,L2,Jakarta,16520000.0,
338,EMP00338,Tari Halim,Female,2002-09-16,23,< 25,Gen Z,Married,S1,tari.halim338@nusantaradigital.co.id,Permanent,2022-10-25,2022,,,,Active,3.18,3-5 tahun,Customer Service,Customer Service Agent,L1,Jakarta,6270000.0,
339,EMP00339,Rangga Firmansyah,Male,1995-12-05,30,25-34,Millennial,Single,S1,rangga.firmansyah339@nusantaradigital.co.id,Contract,2021-10-31,2021,,,,Active,4.17,3-5 tahun,Finance,Accountant,L1,Bandung,8580000.0,
340,EMP00340,Galih Santoso,Male,1983-10-03,42,35-44,Millennial,Divorced,S1,galih.santoso340@nusantaradigital.co.id,Permanent,2010-02-09,2010,,,,Active,15.89,> 10 tahun,Customer Service,Customer Service Agent,L1,Medan,8660000.0,
341,EMP00341,Rian Hasibuan,Male,1997-06-05,28,25-34,Gen Z,Married,D3,rian.hasibuan341@nusantaradigital.co.id,Permanent,2020-02-26,2020,,,,Active,5.85,3-5 tahun,Sales,Sales Executive,L1,Jakarta,8510000.0,
342,EMP00342,Oki Firmansyah,Male,1992-08-13,30,25-34,Millennial,Single,S2,oki.firmansyah342@nusantaradigital.co.id,Permanent,2022-08-03,2022,2023-03-16,Involuntary,Poor Performance,Terminated,0.62,< 1 tahun,Customer Service,CS Team Leader,L3,Jakarta,12630000.0,
343,EMP00343,Novi Wijaya,Female,2000-05-15,25,25-34,Gen Z,Single,D3,novi.wijaya343@nusantaradigital.co.id,Permanent,2020-09-16,2020,,,,Active,5.29,3-5 tahun,Operations,Operations Staff,L1,Bandung,8680000.0,
344,EMP00344,Gita Rahman,Female,1989-02-20,34,25-34,Millennial,Single,S2,gita.rahman344@nusantaradigital.co.id,Permanent,2018-02-04,2018,2023-09-26,Involuntary,Poor Performance,Terminated,5.64,3-5 tahun,Customer Service,Senior CS Agent,L2,Makassar,10120000.0,
345,EMP00345,Gita Susanti,Female,1994-09-01,31,25-34,Millennial,Married,D3,gita.susanti345@nusantaradigital.co.id,Permanent,2020-06-20,2020,,,,Active,5.53,3-5 tahun,Information Technology,Software Engineer,L1,Jakarta,9250000.0,
346,EMP00346,Siti Simanjuntak,Female,1999-10-01,24,< 25,Gen Z,Single,SMA/SMK,siti.simanjuntak346@nusantaradigital.co.id,Permanent,2022-11-26,2022,2024-04-19,Voluntary,Relocation,Terminated,1.4,1-2 tahun,Sales,Sales Executive,L1,Bandung,7380000.0,
347,EMP00347,Reza Mappasessu,Male,1991-07-09,34,25-34,Millennial,Married,S1,reza.mappasessu347@nusantaradigital.co.id,Permanent,2012-05-27,2012,,,,Active,13.6,> 10 tahun,Customer Service,Customer Service Agent,L1,Surabaya,8300000.0,
348,EMP00348,Nanda Susanti,Male,1980-03-20,43,35-44,Gen X,Married,S1,nanda.susanti348@nusantaradigital.co.id,Permanent,2010-02-09,2010,2023-06-19,Voluntary,Further Study,Terminated,13.36,> 10 tahun,Operations,Senior Operations Staff,L2,Jakarta,9040000.0,
349,EMP00349,Citra Pangaribuan,Female,1979-07-03,46,45-54,Gen X,Single,S1,citra.pangaribuan349@nusantaradigital.co.id,Permanent,2017-09-11,2017,,,,Active,8.3,6-10 tahun,Operations,Operations Supervisor,L3,Yogyakarta,14550000.0,
350,EMP00350,Kartika Suryadi,Female,1994-08-14,31,25-34,Millennial,Single,S1,kartika.suryadi350@nusantaradigital.co.id,Permanent,2021-11-15,2021,,,,Active,4.13,3-5 tahun,Marketing,Senior Marketing Specialist,L2,Bandung,14990000.0,
351,EMP00351,Anisa Utami,Female,1999-07-15,24,< 25,Gen Z,Single,D3,anisa.utami351@nusantaradigital.co.id,Permanent,2020-05-21,2020,2024-06-18,Involuntary,Misconduct,Terminated,4.08,3-5 tahun,Human Capital,HR Officer,L1,Jakarta,7710000.0,
352,EMP00352,Tiara Rahman,Female,1995-08-09,29,25-34,Millennial,Married,S1,tiara.rahman352@nusantaradigital.co.id,Permanent,2021-03-22,2021,2024-09-05,Involuntary,Restructuring,Terminated,3.46,3-5 tahun,Operations,Senior Operations Staff,L2,Jakarta,10350000.0,
353,EMP00353,Hendra Siregar,Male,1990-03-26,35,35-44,Millennial,Single,SMA/SMK,hendra.siregar353@nusantaradigital.co.id,Permanent,2017-02-14,2017,,,,Active,8.88,6-10 tahun,Sales,Senior Sales Executive,L2,Jakarta,11460000.0,
354,EMP00354,Eka Tanjung,Female,1993-03-28,32,25-34,Millennial,Married,S1,eka.tanjung354@nusantaradigital.co.id,Permanent,2022-08-05,2022,,,,Active,3.41,3-5 tahun,Operations,Operations Staff,L1,Jakarta,6610000.0,
355,EMP00355,Dewi Mappasessu,Female,1983-12-16,39,35-44,Millennial,Married,S1,,Permanent,2017-02-09,2017,2023-01-09,Voluntary,Better Compensation,Terminated,5.91,3-5 tahun,Customer Service,CS Manager,L4,Jakarta,20200000.0,
356,EMP00356,Bayu Ramadhan,Male,1998-06-08,25,25-34,Gen Z,Single,S1,bayu.ramadhan356@nusantaradigital.co.id,Permanent,2020-07-22,2020,2024-03-27,Voluntary,Personal / Family,Terminated,3.68,3-5 tahun,Customer Service,Customer Service Agent,L1,Jakarta,6080000.0,
357,EMP00357,Sari Rahman,Female,1990-05-20,33,25-34,Millennial,Married,S1,sari.rahman357@nusantaradigital.co.id,Permanent,2015-05-12,2015,2024-03-09,Voluntary,Work-Life Balance,Terminated,8.83,6-10 tahun,Information Technology,Senior Software Engineer,L2,Jakarta,17460000.0,
358,EMP00358,Taufik Ramadhan,Male,1992-07-08,33,25-34,Millennial,Married,S1,taufik.ramadhan358@nusantaradigital.co.id,Permanent,2019-02-03,2019,,,,Active,6.91,6-10 tahun,Finance,Senior Accountant,L2,Jakarta,12200000.0,
359,EMP00359,Irfan Kusuma,Male,1994-01-16,31,25-34,Millennial,Single,S2,irfan.kusuma359@nusantaradigital.co.id,Permanent,2022-08-03,2022,,,,Active,3.41,3-5 tahun,Information Technology,Tech Lead,L3,Jakarta,22080000.0,
360,EMP00360,Nurul Kusuma,Female,1985-08-31,40,35-44,Millennial,Single,S1,nurul.kusuma360@nusantaradigital.co.id,Permanent,2012-11-24,2012,,,,Active,13.1,> 10 tahun,Operations,Senior Operations Staff,L2,Yogyakarta,12150000.0,
361,EMP00361,Dewi Pratama,Female,1988-05-07,37,35-44,Millennial,Married,S1,dewi.pratama361@nusantaradigital.co.id,Permanent,2017-05-27,2017,,,,Active,8.6,6-10 tahun,Sales,Sales Supervisor,L3,Makassar,21230000.0,
362,EMP00362,Hadi Hidayat,Male,1997-03-22,28,25-34,Gen Z,Married,SMA/SMK,hadi.hidayat362@nusantaradigital.co.id,Permanent,2019-10-16,2019,,,,Active,6.21,6-10 tahun,Customer Service,Customer Service Agent,L1,Jakarta,7400000.0,
363,EMP00363,Galih Lubis,Male,1978-10-14,45,45-54,Gen X,Married,S1,galih.lubis363@nusantaradigital.co.id,Permanent,2012-03-09,2012,2024-05-21,Voluntary,Career Growth,Terminated,12.2,> 10 tahun,Information Technology,Senior Software Engineer,L2,Jakarta,17910000.0,
364,EMP00364,Yoga Santoso,Male,1993-06-28,32,25-34,Millennial,Married,S1,yoga.santoso364@nusantaradigital.co.id,Contract,2022-01-01,2022,,,,Active,4.0,3-5 tahun,Operations,Senior Operations Staff,L2,Bandung,10680000.0,
365,EMP00365,Yoga Santoso,Male,1968-04-15,56,55+,Gen X,Divorced,S1,yoga.santoso365@nusantaradigital.co.id,Permanent,2020-09-23,2020,2024-05-31,Retirement,Retirement,Terminated,3.69,3-5 tahun,Customer Service,Senior CS Agent,L2,Jakarta,11120000.0,
366,EMP00366,Tari Simanjuntak,Female,1992-09-30,33,25-34,Millennial,Married,S1,tari.simanjuntak366@nusantaradigital.co.id,Permanent,2021-07-27,2021,,,,Active,4.43,3-5 tahun,Customer Service,Senior CS Agent,L2,Yogyakarta,11500000.0,
367,EMP00367,Agus Nugroho,Male,1992-11-14,33,25-34,Millennial,Divorced,S1,agus.nugroho367@nusantaradigital.co.id,Permanent,2022-09-20,2022,,,,Active,3.28,3-5 tahun,Human Capital,Senior HR Officer,L2,Jakarta,12170000.0,
368,EMP00368,Siti Rahman,Female,2001-04-02,22,< 25,Gen Z,Married,S1,siti.rahman368@nusantaradigital.co.id,Contract,2022-12-05,2022,2023-11-27,Voluntary,Better Compensation,Terminated,0.98,< 1 tahun,Sales,Sales Executive,L1,Jakarta,6450000.0,
369,EMP00369,Budi Pangaribuan,Male,1988-03-12,37,35-44,Millennial,Single,S2,budi.pangaribuan369@nusantaradigital.co.id,Permanent,2020-11-17,2020,,,,Active,5.12,3-5 tahun,Sales,Sales Supervisor,L3,Jakarta,20760000.0,
370,EMP00370,Galih Pangaribuan,Male,1988-03-19,37,35-44,Millennial,Married,S1,galih.pangaribuan370@nusantaradigital.co.id,Permanent,2022-09-02,2022,,,,Active,3.33,3-5 tahun,Product,Product Manager,L4,Jakarta,31920000.0,
371,EMP00371,Joko Kusuma,Male,1980-04-27,42,35-44,Gen X,Divorced,S1,joko.kusuma371@nusantaradigital.co.id,Permanent,2018-04-12,2018,2023-04-25,Voluntary,Career Growth,Terminated,5.03,3-5 tahun,Operations,Operations Supervisor,L3,Jakarta,15310000.0,
372,EMP00372,Kartika Harahap,Female,1992-10-11,33,25-34,Millennial,Single,S1,kartika.harahap372@nusantaradigital.co.id,Contract,2020-04-15,2020,,,,Active,5.71,3-5 tahun,Sales,Sales Executive,L1,Jakarta,8020000.0,
373,EMP00373,Anisa Mappasessu,Female,1987-04-12,38,35-44,Millennial,Married,S1,anisa.mappasessu373@nusantaradigital.co.id,Permanent,2019-04-14,2019,,,,Active,6.72,6-10 tahun,Marketing,Marketing Supervisor,L3,Jakarta,18200000.0,
374,EMP00374,Agus Simanjuntak,Male,1991-03-09,34,25-34,Millennial,Single,SMA/SMK,agus.simanjuntak374@nusantaradigital.co.id,Permanent,2017-01-17,2017,2025-12-26,Voluntary,Personal / Family,Terminated,8.94,6-10 tahun,Sales,Sales Executive,L1,Medan,9670000.0,
375,EMP00375,Rahma Harahap,Female,1985-04-11,40,35-44,Millennial,Single,S1,rahma.harahap375@nusantaradigital.co.id,Permanent,2010-10-09,2010,,,,Active,15.23,> 10 tahun,Finance,Senior Accountant,L2,Yogyakarta,15400000.0,
376,EMP00376,Adi Syahputra,Male,1998-10-26,27,25-34,Gen Z,Married,S1,adi.syahputra376@nusantaradigital.co.id,Permanent,2021-06-29,2021,,,,Active,4.51,3-5 tahun,Information Technology,Software Engineer,L1,Yogyakarta,9550000.0,
377,EMP00377,Anisa Hakim,Female,1980-03-23,45,45-54,Gen X,Married,S1,anisa.hakim377@nusantaradigital.co.id,Contract,2013-02-22,2013,,,,Active,12.85,> 10 tahun,Human Capital,HR Supervisor,L3,Surabaya,17500000.0,
378,EMP00378,Teguh Anggraini,Male,1987-09-05,38,35-44,Millennial,Married,S1,teguh.anggraini378@nusantaradigital.co.id,Permanent,2014-10-03,2014,,,,Active,11.24,> 10 tahun,Sales,Sales Executive,L1,Surabaya,8930000.0,
379,EMP00379,Agus Wibowo,Male,1994-12-11,31,25-34,Millennial,Single,S2,agus.wibowo379@nusantaradigital.co.id,Permanent,2017-10-21,2017,,,,Active,8.19,6-10 tahun,Sales,Sales Executive,L1,Jakarta,8290000.0,
380,EMP00380,Kartika Situmorang,Female,1992-01-19,33,25-34,Millennial,Single,S1,kartika.situmorang380@nusantaradigital.co.id,Permanent,2021-07-04,2021,,,,Active,4.49,3-5 tahun,Information Technology,Senior Software Engineer,L2,Medan,12710000.0,
381,EMP00381,Salsabila Saputra,Female,1980-03-29,45,45-54,Gen X,Married,S1,salsabila.saputra381@nusantaradigital.co.id,Permanent,2015-09-07,2015,,,,Active,10.32,6-10 tahun,Product,Product Lead,L3,Surabaya,21600000.0,
382,EMP00382,Teguh Kusuma,Male,2000-11-19,22,< 25,Gen Z,Married,S1,teguh.kusuma382@nusantaradigital.co.id,Permanent,2021-08-26,2021,2023-06-19,Voluntary,Relocation,Terminated,1.81,1-2 tahun,Information Technology,Software Engineer,L1,Yogyakarta,8420000.0,
383,EMP00383,Hadi Permata,Male,1992-03-01,33,25-34,Millennial,Married,S1,hadi.permata383@nusantaradigital.co.id,Contract,2019-08-30,2019,,,,Active,6.34,6-10 tahun,Human Capital,Senior HR Officer,L2,Surabaya,11390000.0,
384,EMP00384,Gita Santoso,Female,1992-11-01,33,25-34,Millennial,Married,S1,gita.santoso384@nusantaradigital.co.id,Permanent,2017-03-17,2017,,,,Active,8.79,6-10 tahun,Information Technology,Software Engineer,L1,Jakarta,10400000.0,
385,EMP00385,Ilham Syahputra,Male,2001-08-13,24,< 25,Gen Z,Married,S1,ilham.syahputra385@nusantaradigital.co.id,Permanent,2022-11-11,2022,,,,Active,3.14,3-5 tahun,Operations,Operations Supervisor,L3,Makassar,15990000.0,
386,EMP00386,Kartika Anggraini,Female,1983-11-14,42,35-44,Millennial,Married,D3,kartika.anggraini386@nusantaradigital.co.id,Permanent,2014-06-22,2014,,,,Active,11.53,> 10 tahun,Marketing,Marketing Specialist,L1,Jakarta,9600000.0,
387,EMP00387,Lukman Harahap,Male,1997-08-05,28,25-34,Gen Z,Single,S1,lukman.harahap387@nusantaradigital.co.id,Permanent,2021-06-23,2021,,,,Active,4.52,3-5 tahun,Information Technology,Software Engineer,L1,Jakarta,10150000.0,
388,EMP00388,Budi Santoso,Male,2001-04-18,24,< 25,Gen Z,Single,SMA/SMK,budi.santoso388@nusantaradigital.co.id,Permanent,2022-10-28,2022,2025-06-06,Voluntary,Career Growth,Terminated,2.61,1-2 tahun,Operations,Operations Staff,L1,Jakarta,6440000.0,
389,EMP00389,Oki Harahap,Male,1993-12-16,30,25-34,Millennial,Single,S1,oki.harahap389@nusantaradigital.co.id,Permanent,2018-07-09,2018,2024-08-15,Voluntary,Career Growth,Terminated,6.1,6-10 tahun,Operations,Operations Staff,L1,Surabaya,6080000.0,
390,EMP00390,Fikri Santoso,Male,1985-08-08,39,35-44,Millennial,Married,S2,fikri.santoso390@nusantaradigital.co.id,Contract,2018-10-17,2018,2024-12-31,Voluntary,Work-Life Balance,Terminated,6.21,6-10 tahun,Information Technology,Tech Lead,L3,Jakarta,20730000.0,
391,EMP00391,Budi Pangaribuan,Male,1992-09-03,33,25-34,Millennial,Single,S1,budi.pangaribuan391@nusantaradigital.co.id,Permanent,2019-09-18,2019,,,,Active,6.29,6-10 tahun,Operations,Senior Operations Staff,L2,Bandung,11700000.0,
392,EMP00392,Anisa Ramadhan,Female,1996-11-17,28,25-34,Millennial,Single,S1,anisa.ramadhan392@nusantaradigital.co.id,Permanent,2020-11-13,2020,2025-01-01,Voluntary,Better Compensation,Terminated,4.13,3-5 tahun,Customer Service,Senior CS Agent,L2,Jakarta,11280000.0,
393,EMP00393,Ilham Daeng,Male,1998-11-20,27,25-34,Gen Z,Married,S1,ilham.daeng393@nusantaradigital.co.id,Permanent,2019-08-03,2019,,,,Active,6.41,6-10 tahun,Operations,Operations Staff,L1,Makassar,7220000.0,
394,EMP00394,Indah Wijaya,Female,1996-09-18,26,25-34,Millennial,Married,S1,indah.wijaya394@nusantaradigital.co.id,Permanent,2022-03-24,2022,2023-01-10,Voluntary,Career Growth,Terminated,0.8,< 1 tahun,Operations,Senior Operations Staff,L2,Medan,10550000.0,
395,EMP00395,Ilham Hakim,Male,1967-01-15,56,55+,Gen X,Single,S2,ilham.hakim395@nusantaradigital.co.id,Permanent,2010-02-09,2010,2023-02-28,Retirement,Retirement,Terminated,13.05,> 10 tahun,Finance,Senior Accountant,L2,Jakarta,13250000.0,
396,EMP00396,Wahyu Nasution,Male,1996-10-05,29,25-34,Millennial,Single,S1,wahyu.nasution396@nusantaradigital.co.id,Permanent,2021-06-30,2021,,,,Active,4.5,3-5 tahun,Sales,Sales Executive,L1,Jakarta,7860000.0,
397,EMP00397,Sari Setiawan,Female,1997-06-29,28,25-34,Gen Z,Single,S1,sari.setiawan397@nusantaradigital.co.id,Permanent,2020-10-27,2020,,,,Active,5.18,3-5 tahun,Marketing,Senior Marketing Specialist,L2,Jakarta,12290000.0,
398,EMP00398,Salsabila Firmansyah,Female,1995-03-19,30,25-34,Millennial,Married,S1,salsabila.firmansyah398@nusantaradigital.co.id,Permanent,2022-03-07,2022,,,,Active,3.82,3-5 tahun,Information Technology,Senior Software Engineer,L2,Jakarta,13010000.0,
399,EMP00399,Oki Santoso,Male,1987-09-20,37,35-44,Millennial,Single,D3,oki.santoso399@nusantaradigital.co.id,Permanent,2010-02-09,2010,2025-04-20,Involuntary,Poor Performance,Terminated,15.19,> 10 tahun,Marketing,Marketing Specialist,L1,Jakarta,9020000.0,
400,EMP00400,Vina Halim,Female,1987-12-15,38,35-44,Millennial,Married,SMA/SMK,vina.halim400@nusantaradigital.co.id,Permanent,2020-09-28,2020,,,,Active,5.26,3-5 tahun,Operations,Senior Operations Staff,L2,Bandung,8930000.0,
401,EMP00401,Dedi Permata,Male,1988-12-29,37,35-44,Millennial,Divorced,S2,dedi.permata401@nusantaradigital.co.id,Contract,2021-06-21,2021,,,,Active,4.53,3-5 tahun,Human Capital,HR Manager,L4,Jakarta,37090000.0,
402,EMP00402,Teguh Rahman,Male,1985-10-19,38,35-44,Millennial,Married,S1,teguh.rahman402@nusantaradigital.co.id,Permanent,2016-11-30,2016,2023-12-28,Involuntary,Poor Performance,Terminated,7.07,6-10 tahun,Information Technology,Tech Lead,L3,Bandung,21890000.0,
403,EMP00403,Muhammad Pangaribuan,Male,1986-08-05,36,35-44,Millennial,Single,S1,muhammad.pangaribuan403@nusantaradigital.co.id,Permanent,2010-02-09,2010,2023-07-08,Voluntary,Career Growth,Terminated,13.41,> 10 tahun,Information Technology,Senior Software Engineer,L2,Jakarta,13150000.0,
404,EMP00404,Yuni Syahputra,Female,1988-03-31,37,35-44,Millennial,Single,S2,yuni.syahputra404@nusantaradigital.co.id,Permanent,2012-01-04,2012,,,,Active,13.99,> 10 tahun,Operations,Operations Staff,L1,Makassar,6350000.0,
405,EMP00405,Bunga Wibowo,Female,1991-08-22,33,25-34,Millennial,Married,S2,bunga.wibowo405@nusantaradigital.co.id,Permanent,2019-01-23,2019,2024-10-24,Voluntary,Work-Life Balance,Terminated,5.75,3-5 tahun,Information Technology,Senior Software Engineer,L2,Jakarta,14340000.0,
406,EMP00406,Maya Permata,Female,1991-06-30,34,25-34,Millennial,Married,S1,maya.permata406@nusantaradigital.co.id,Permanent,2021-03-11,2021,,,,Active,4.81,3-5 tahun,Information Technology,Software Engineer,L1,Surabaya,10760000.0,
407,EMP00407,Kartika Setiawan,Female,1983-02-26,41,35-44,Millennial,Divorced,S1,kartika.setiawan407@nusantaradigital.co.id,Permanent,2017-10-09,2017,2024-03-10,Voluntary,Personal / Family,Terminated,6.42,6-10 tahun,Information Technology,Senior Software Engineer,L2,Jakarta,14260000.0,
408,EMP00408,Taufik Mappasessu,Male,1989-04-28,34,25-34,Millennial,Married,D3,taufik.mappasessu408@nusantaradigital.co.id,Permanent,2014-10-16,2014,2024-04-02,Voluntary,Career Growth,Terminated,9.46,6-10 tahun,Information Technology,Senior Software Engineer,L2,Yogyakarta,14440000.0,
409,EMP00409,Arif Saputra,Male,1982-04-24,43,35-44,Millennial,Married,D3,arif.saputra409@nusantaradigital.co.id,Permanent,2010-02-09,2010,,,,Active,15.89,> 10 tahun,Operations,Operations Supervisor,L3,Jakarta,18860000.0,
410,EMP00410,Rahma Ramadhan,Female,1994-08-16,29,25-34,Millennial,Single,S1,rahma.ramadhan410@nusantaradigital.co.id,Contract,2020-11-17,2020,2024-05-05,Voluntary,Further Study,Terminated,3.46,3-5 tahun,Customer Service,CS Team Leader,L3,Jakarta,13900000.0,
411,EMP00411,Fitri Harahap,Female,1988-09-13,34,25-34,Millennial,Married,S1,fitri.harahap411@nusantaradigital.co.id,Permanent,2013-09-05,2013,2023-03-10,Involuntary,Restructuring,Terminated,9.51,6-10 tahun,Human Capital,HR Officer,L1,Bandung,7920000.0,
412,EMP00412,Aditya Daeng,Male,1995-03-06,29,25-34,Millennial,Married,S2,aditya.daeng412@nusantaradigital.co.id,Permanent,2020-01-08,2020,2025-02-04,Voluntary,Better Compensation,Terminated,5.08,3-5 tahun,Sales,Sales Executive,L1,Jakarta,7910000.0,
413,EMP00413,Wahyu Simanjuntak,Male,1994-11-01,31,25-34,Millennial,Single,S1,wahyu.simanjuntak413@nusantaradigital.co.id,Permanent,2022-10-27,2022,,,,Active,3.18,3-5 tahun,Customer Service,Customer Service Agent,L1,Bandung,6900000.0,
414,EMP00414,Putra Siregar,Male,1986-10-04,38,35-44,Millennial,Single,S1,putra.siregar414@nusantaradigital.co.id,Permanent,2013-04-30,2013,2025-01-08,Voluntary,Better Compensation,Terminated,11.69,> 10 tahun,Information Technology,Software Engineer,L1,Surabaya,9370000.0,
415,EMP00415,Yoga Syahputra,Male,1989-09-03,34,25-34,Millennial,Married,D3,yoga.syahputra415@nusantaradigital.co.id,Permanent,2015-06-20,2015,2024-05-08,Involuntary,Poor Performance,Terminated,8.88,6-10 tahun,Information Technology,Software Engineer,L1,Medan,9780000.0,
416,EMP00416,Teguh Rahman,Male,1992-10-06,31,25-34,Millennial,Married,SMA/SMK,teguh.rahman416@nusantaradigital.co.id,Permanent,2019-12-22,2019,2023-12-18,Voluntary,Better Compensation,Terminated,3.99,3-5 tahun,Sales,Sales Executive,L1,Jakarta,8090000.0,
417,EMP00417,Adi Ramadhan,Male,1998-05-13,27,25-34,Gen Z,Divorced,S1,adi.ramadhan417@nusantaradigital.co.id,Permanent,2022-11-29,2022,,,,Active,3.09,3-5 tahun,Operations,Operations Staff,L1,Surabaya,7050000.0,
418,EMP00418,Lukman Harahap,Male,1989-03-17,36,35-44,Millennial,Married,S1,lukman.harahap418@nusantaradigital.co.id,Contract,2020-01-27,2020,,,,Active,5.93,3-5 tahun,Operations,Operations Staff,L1,Jakarta,7210000.0,
419,EMP00419,Hendra Pangaribuan,Male,1984-08-22,41,35-44,Millennial,Married,S2,hendra.pangaribuan419@nusantaradigital.co.id,Permanent,2018-12-19,2018,,,,Active,7.03,6-10 tahun,Customer Service,CS Manager,L4,Jakarta,25730000.0,
420,EMP00420,Ayu Permata,Female,1991-10-05,34,25-34,Millennial,Single,S1,ayu.permata420@nusantaradigital.co.id,Permanent,2017-11-06,2017,,,,Active,8.15,6-10 tahun,Finance,Accountant,L1,Surabaya,9530000.0,
421,EMP00421,Ayu Kusuma,Female,1985-01-26,40,35-44,Millennial,Married,S1,ayu.kusuma421@nusantaradigital.co.id,Contract,2017-10-03,2017,2025-08-09,Voluntary,Management Issues,Terminated,7.85,6-10 tahun,Sales,Sales Manager,L4,Jakarta,25780000.0,
422,EMP00422,Dian Saputra,Female,1967-07-15,56,55+,Gen X,Married,S1,dian.saputra422@nusantaradigital.co.id,Permanent,2017-03-09,2017,2023-07-29,Voluntary,Relocation,Terminated,6.39,6-10 tahun,Operations,Senior Operations Staff,L2,Surabaya,9740000.0,
423,EMP00423,Bayu Situmorang,Male,2000-01-03,25,25-34,Gen Z,Married,S1,bayu.situmorang423@nusantaradigital.co.id,Permanent,2020-12-06,2020,,,,Active,5.07,3-5 tahun,Product,Product Analyst,L1,Medan,9320000.0,
424,EMP00424,Aditya Maharani,Male,2002-03-15,23,< 25,Gen Z,Single,D3,aditya.maharani424@nusantaradigital.co.id,Permanent,2022-12-13,2022,,,,Active,3.05,3-5 tahun,Information Technology,Software Engineer,L1,Jakarta,9570000.0,
425,EMP00425,Sari Susanti,Female,1990-02-10,35,35-44,Millennial,Single,S2,sari.susanti425@nusantaradigital.co.id,Permanent,2021-06-09,2021,,,,Active,4.56,3-5 tahun,Sales,Sales Supervisor,L3,Bandung,16470000.0,
426,EMP00426,Intan Halim,Female,1988-03-08,37,35-44,Millennial,Single,S2,intan.halim426@nusantaradigital.co.id,Permanent,2022-02-12,2022,,,,Active,3.88,3-5 tahun,Information Technology,IT Manager,L4,Makassar,42000000.0,
427,EMP00427,Wahyu Ramadhan,Male,2000-03-20,25,25-34,Gen Z,Single,SMA/SMK,wahyu.ramadhan427@nusantaradigital.co.id,Permanent,2022-07-09,2022,,,,Active,3.48,3-5 tahun,Sales,Sales Executive,L1,Makassar,9780000.0,
428,EMP00428,Agus Setiawan,Male,1986-12-09,37,35-44,Millennial,Married,S1,agus.setiawan428@nusantaradigital.co.id,Permanent,2022-03-12,2022,2024-04-30,Voluntary,Work-Life Balance,Terminated,2.14,1-2 tahun,Customer Service,CS Manager,L4,Makassar,27220000.0,
429,EMP00429,Eko Tanjung,Male,1991-03-01,34,25-34,Millennial,Married,D3,eko.tanjung429@nusantaradigital.co.id,Permanent,2020-11-16,2020,,,,Active,5.12,3-5 tahun,Operations,Operations Supervisor,L3,Jakarta,16920000.0,
430,EMP00430,Oki Syahputra,Male,1982-02-15,41,35-44,Millennial,Married,S1,oki.syahputra430@nusantaradigital.co.id,Contract,2020-03-29,2020,2023-12-04,Involuntary,Restructuring,Terminated,3.68,3-5 tahun,Sales,Sales Manager,L4,Jakarta,26570000.0,
431,EMP00431,Maya Wibowo,Female,1980-09-20,45,45-54,Gen X,Married,D3,,Permanent,2012-10-05,2012,,,,Active,13.24,> 10 tahun,Information Technology,Senior Software Engineer,L2,Surabaya,15600000.0,
432,EMP00432,Fikri Mappasessu,Male,1983-08-25,42,35-44,Millennial,Married,S1,fikri.mappasessu432@nusantaradigital.co.id,Contract,2021-07-31,2021,,,,Active,4.42,3-5 tahun,Sales,Sales Manager,L4,Jakarta,39900000.0,
433,EMP00433,Taufik Suryadi,Male,1975-09-11,50,45-54,Gen X,Married,S1,taufik.suryadi433@nusantaradigital.co.id,Permanent,2014-02-26,2014,,,,Active,11.84,> 10 tahun,Operations,Head of Operations,L5,Jakarta,50490000.0,
434,EMP00434,Aditya Hasibuan,Male,1994-10-10,28,25-34,Millennial,Single,S1,aditya.hasibuan434@nusantaradigital.co.id,Permanent,2022-04-04,2022,2023-03-25,Voluntary,Career Growth,Terminated,0.97,< 1 tahun,Sales,Senior Sales Executive,L2,Jakarta,11800000.0,
435,EMP00435,Rizki Rahman,Male,2002-05-21,21,< 25,Gen Z,Married,D3,rizki.rahman435@nusantaradigital.co.id,Permanent,2022-12-14,2022,2024-03-17,Voluntary,Better Compensation,Terminated,1.26,1-2 tahun,Customer Service,Customer Service Agent,L1,Bandung,5690000.0,
436,EMP00436,Galih Pratama,Male,1988-02-07,36,35-44,Millennial,Married,S1,galih.pratama436@nusantaradigital.co.id,Permanent,2020-02-08,2020,2024-12-11,Voluntary,Better Compensation,Terminated,4.84,3-5 tahun,Information Technology,Tech Lead,L3,Bandung,22330000.0,
437,EMP00437,Yusuf Rahman,Male,1995-02-27,28,25-34,Millennial,Single,S1,yusuf.rahman437@nusantaradigital.co.id,Permanent,2020-11-14,2020,2023-07-07,Voluntary,Better Compensation,Terminated,2.64,1-2 tahun,Customer Service,Customer Service Agent,L1,Jakarta,6340000.0,
438,EMP00438,Dewi Daeng,Female,1993-02-10,31,25-34,Millennial,Married,S1,dewi.daeng438@nusantaradigital.co.id,Permanent,2018-12-30,2018,2024-11-28,Voluntary,Career Growth,Terminated,5.91,3-5 tahun,Sales,Senior Sales Executive,L2,Surabaya,13410000.0,
439,EMP00439,Tari Siregar,Female,1989-10-17,36,35-44,Millennial,Married,S1,tari.siregar439@nusantaradigital.co.id,Permanent,2020-03-11,2020,,,,Active,5.81,3-5 tahun,Customer Service,Senior CS Agent,L2,Jakarta,10770000.0,
440,EMP00440,Taufik Sinaga,Male,1994-09-09,31,25-34,Millennial,Single,S1,taufik.sinaga440@nusantaradigital.co.id,Contract,2021-11-04,2021,,,,Active,4.16,3-5 tahun,Operations,Operations Staff,L1,Bandung,7110000.0,
441,EMP00441,Anisa Hasibuan,Female,1988-06-29,34,25-34,Millennial,Married,S1,anisa.hasibuan441@nusantaradigital.co.id,Permanent,2019-02-17,2019,2023-01-29,Involuntary,Poor Performance,Terminated,3.95,3-5 tahun,Information Technology,Senior Software Engineer,L2,Jakarta,13310000.0,
442,EMP00442,Vina Pangaribuan,Female,1995-12-28,30,25-34,Millennial,Married,S1,vina.pangaribuan442@nusantaradigital.co.id,Permanent,2018-05-02,2018,,,,Active,7.67,6-10 tahun,Customer Service,Customer Service Agent,L1,Surabaya,5820000.0,
443,EMP00443,Budi Situmorang,Male,1981-05-31,43,35-44,Millennial,Married,S1,budi.situmorang443@nusantaradigital.co.id,Permanent,2010-02-09,2010,2024-07-25,Voluntary,Career Growth,Terminated,14.46,> 10 tahun,Marketing,Marketing Specialist,L1,Jakarta,7090000.0,
444,EMP00444,Budi Saputra,Male,1996-08-09,28,25-34,Millennial,Single,D3,budi.saputra444@nusantaradigital.co.id,Permanent,2022-06-24,2022,2025-01-24,Voluntary,Better Compensation,Terminated,2.59,1-2 tahun,Sales,Sales Executive,L1,Jakarta,8180000.0,
445,EMP00445,Rahma Wibowo,Female,1980-05-06,45,45-54,Gen X,Married,S2,rahma.wibowo445@nusantaradigital.co.id,Permanent,2013-03-04,2013,,,,Active,12.83,> 10 tahun,Sales,Sales Manager,L4,Jakarta,30670000.0,
446,EMP00446,Anisa Sinaga,Female,1999-10-13,26,25-34,Gen Z,Married,D3,anisa.sinaga446@nusantaradigital.co.id,Permanent,2020-03-10,2020,,,,Active,5.81,3-5 tahun,Customer Service,Customer Service Agent,L1,Yogyakarta,6890000.0,
447,EMP00447,Gita Sinaga,Female,1999-01-09,26,25-34,Gen Z,Single,S1,gita.sinaga447@nusantaradigital.co.id,Permanent,2021-03-13,2021,,,,Active,4.8,3-5 tahun,Product,Product Analyst,L1,Jakarta,10540000.0,
448,EMP00448,Wahyu Pratama,Male,1987-03-06,36,35-44,Millennial,Single,D3,wahyu.pratama448@nusantaradigital.co.id,Permanent,2016-10-29,2016,2023-08-17,Voluntary,Career Growth,Terminated,6.8,6-10 tahun,Information Technology,Senior Software Engineer,L2,Makassar,15840000.0,
449,EMP00449,Fikri Utami,Male,1997-04-07,28,25-34,Gen Z,Married,S1,fikri.utami449@nusantaradigital.co.id,Contract,2021-08-06,2021,,,,Active,4.4,3-5 tahun,Sales,Senior Sales Executive,L2,Makassar,11170000.0,
450,EMP00450,Dedi Purnomo,Male,1985-09-30,40,35-44,Millennial,Single,S2,dedi.purnomo450@nusantaradigital.co.id,Permanent,2015-09-09,2015,,,,Active,10.31,6-10 tahun,Customer Service,CS Team Leader,L3,Jakarta,17850000.0,
451,EMP00451,Budi Ramadhan,Male,1967-08-15,55,55+,Gen X,Divorced,S1,budi.ramadhan451@nusantaradigital.co.id,Permanent,2020-04-08,2020,2023-04-19,Voluntary,Career Growth,Terminated,3.03,3-5 tahun,Customer Service,Customer Service Agent,L1,Bandung,7070000.0,
452,EMP00452,Joko Tanjung,Male,1992-11-30,33,25-34,Millennial,Divorced,S1,joko.tanjung452@nusantaradigital.co.id,Permanent,2019-11-04,2019,,,,Active,6.16,6-10 tahun,Information Technology,Senior Software Engineer,L2,Surabaya,15290000.0,
453,EMP00453,Bunga Syahputra,Female,1992-10-24,33,25-34,Millennial,Married,S2,bunga.syahputra453@nusantaradigital.co.id,Permanent,2020-06-09,2020,,,,Active,5.56,3-5 tahun,Customer Service,Customer Service Agent,L1,Surabaya,7970000.0,
454,EMP00454,Aditya Pratama,Male,1983-11-13,42,35-44,Millennial,Married,S2,aditya.pratama454@nusantaradigital.co.id,Permanent,2014-09-01,2014,,,,Active,11.33,> 10 tahun,Operations,Operations Manager,L4,Jakarta,25920000.0,
455,EMP00455,Rangga Setiawan,Male,1980-06-24,45,45-54,Gen X,Married,S1,rangga.setiawan455@nusantaradigital.co.id,Permanent,2020-12-06,2020,,,,Active,5.07,3-5 tahun,Product,Head of Product,L5,Makassar,63640000.0,
456,EMP00456,Tari Firmansyah,Female,1969-04-15,56,55+,Gen X,Single,S1,tari.firmansyah456@nusantaradigital.co.id,Permanent,2022-09-30,2022,2025-05-31,Retirement,Retirement,Terminated,2.67,1-2 tahun,Sales,Sales Executive,L1,Bandung,8780000.0,
457,EMP00457,Intan Siregar,Female,1985-02-24,40,35-44,Millennial,Single,S1,intan.siregar457@nusantaradigital.co.id,Permanent,2014-10-03,2014,,,,Active,11.24,> 10 tahun,Operations,Senior Operations Staff,L2,Bandung,12110000.0,
458,EMP00458,Hendra Hasibuan,Male,1998-03-01,27,25-34,Gen Z,Single,S1,hendra.hasibuan458@nusantaradigital.co.id,Permanent,2020-11-27,2020,,,,Active,5.09,3-5 tahun,Operations,Operations Staff,L1,Jakarta,7370000.0,
459,EMP00459,Yusuf Siregar,Male,1995-12-19,28,25-34,Millennial,Divorced,S1,yusuf.siregar459@nusantaradigital.co.id,Permanent,2021-05-30,2021,2024-09-15,Voluntary,Better Compensation,Terminated,3.3,3-5 tahun,Operations,Operations Staff,L1,Jakarta,6030000.0,
460,EMP00460,Amelia Maharani,Female,1991-06-19,34,25-34,Millennial,Married,S1,amelia.maharani460@nusantaradigital.co.id,Permanent,2020-11-08,2020,,,,Active,5.14,3-5 tahun,Marketing,Senior Marketing Specialist,L2,Jakarta,12480000.0,
461,EMP00461,Aditya Rahman,Male,1999-06-14,26,25-34,Gen Z,Married,S1,aditya.rahman461@nusantaradigital.co.id,Permanent,2023-01-20,2023,,,,Active,2.95,1-2 tahun,Product,Product Analyst,L1,Jakarta,11430000.0,
462,EMP00462,Budi Daeng,Male,1999-10-21,26,25-34,Gen Z,Single,S1,budi.daeng462@nusantaradigital.co.id,Permanent,2023-01-09,2023,,,,Active,2.98,1-2 tahun,Marketing,Marketing Specialist,L1,Jakarta,10880000.0,
463,EMP00463,Mega Saputra,Female,2000-08-18,25,25-34,Gen Z,Single,D3,mega.saputra463@nusantaradigital.co.id,Permanent,2023-01-25,2023,,,,Active,2.93,1-2 tahun,Finance,Accountant,L1,Jakarta,8460000.0,
464,EMP00464,Fitri Simanjuntak,Female,2002-04-27,22,< 25,Gen Z,Married,SMA/SMK,fitri.simanjuntak464@nusantaradigital.co.id,Permanent,2023-01-16,2023,2024-06-24,Voluntary,Better Compensation,Terminated,1.44,1-2 tahun,Operations,Operations Staff,L1,Yogyakarta,6540000.0,
465,EMP00465,Sari Maharani,Female,1996-10-29,29,25-34,Millennial,Married,S1,sari.maharani465@nusantaradigital.co.id,Permanent,2023-01-05,2023,,,,Active,2.99,1-2 tahun,Customer Service,Senior CS Agent,L2,Surabaya,9570000.0,
466,EMP00466,Ratna Tanjung,Female,1996-12-18,29,25-34,Millennial,Married,S1,ratna.tanjung466@nusantaradigital.co.id,Contract,2023-01-12,2023,,,,Active,2.97,1-2 tahun,Operations,Operations Staff,L1,Yogyakarta,7300000.0,
467,EMP00467,Tiara Nugroho,Female,1999-09-19,26,25-34,Gen Z,Married,S2,tiara.nugroho467@nusantaradigital.co.id,Permanent,2023-01-23,2023,,,,Active,2.94,1-2 tahun,Information Technology,Software Engineer,L1,Surabaya,11090000.0,
468,EMP00468,Satria Situmorang,Male,1995-09-26,27,25-34,Millennial,Divorced,S1,satria.situmorang468@nusantaradigital.co.id,Permanent,2023-01-06,2023,2023-03-07,Involuntary,Poor Performance,Terminated,0.16,< 1 tahun,Sales,Sales Supervisor,L3,Bandung,18570000.0,
469,EMP00469,Laras Mappasessu,Female,1998-12-25,27,25-34,Gen Z,Single,S1,laras.mappasessu469@nusantaradigital.co.id,Permanent,2023-01-06,2023,,,,Active,2.98,1-2 tahun,Operations,Operations Staff,L1,Jakarta,6820000.0,
470,EMP00470,Hadi Permata,Male,1997-06-11,28,25-34,Gen Z,Married,S1,hadi.permata470@nusantaradigital.co.id,Permanent,2023-01-27,2023,,,,Active,2.93,1-2 tahun,Sales,Sales Executive,L1,Jakarta,8430000.0,
471,EMP00471,Yoga Firmansyah,Male,1991-07-07,34,25-34,Millennial,Married,D3,yoga.firmansyah471@nusantaradigital.co.id,Permanent,2023-01-25,2023,,,,Active,2.93,1-2 tahun,Operations,Senior Operations Staff,L2,Bandung,12060000.0,
472,EMP00472,Putri Hidayat,Female,1997-03-24,28,25-34,Gen Z,Single,SMA/SMK,putri.hidayat472@nusantaradigital.co.id,Permanent,2023-01-30,2023,,,,Active,2.92,1-2 tahun,Marketing,Marketing Specialist,L1,Jakarta,7690000.0,
473,EMP00473,Agus Susanti,Male,1998-06-05,27,25-34,Gen Z,Single,S1,agus.susanti473@nusantaradigital.co.id,Permanent,2023-01-19,2023,,,,Active,2.95,1-2 tahun,Human Capital,HR Officer,L1,Jakarta,8360000.0,
474,EMP00474,Bunga Daeng,Female,1992-12-30,33,25-34,Millennial,Single,S1,,Permanent,2023-01-07,2023,,,,Active,2.98,1-2 tahun,Human Capital,Senior HR Officer,L2,Jakarta,12480000.0,
475,EMP00475,Putri Sinaga,Female,1993-04-30,30,25-34,Millennial,Single,S2,putri.sinaga475@nusantaradigital.co.id,Permanent,2023-02-21,2023,2023-09-27,Voluntary,Personal / Family,Terminated,0.6,< 1 tahun,Customer Service,Senior CS Agent,L2,Jakarta,8590000.0,
476,EMP00476,Rangga Syahputra,Male,1995-09-05,30,25-34,Millennial,Married,S1,rangga.syahputra476@nusantaradigital.co.id,Permanent,2023-02-22,2023,,,,Active,2.86,1-2 tahun,Operations,Operations Staff,L1,Jakarta,7670000.0,
477,EMP00477,Agus Daeng,Male,2001-11-07,22,< 25,Gen Z,Single,S1,agus.daeng477@nusantaradigital.co.id,Permanent,2023-02-14,2023,2023-12-28,Voluntary,Better Compensation,Terminated,0.87,< 1 tahun,Sales,Sales Executive,L1,Bandung,6730000.0,
478,EMP00478,Satria Firmansyah,Male,2001-11-02,23,< 25,Gen Z,Single,S1,satria.firmansyah478@nusantaradigital.co.id,Permanent,2023-02-19,2023,2025-09-08,Voluntary,Better Compensation,Terminated,2.55,1-2 tahun,Information Technology,Software Engineer,L1,Yogyakarta,8510000.0,
479,EMP00479,Kurniawan Syahputra,Male,1990-10-31,35,35-44,Millennial,Married,S1,kurniawan.syahputra479@nusantaradigital.co.id,Permanent,2023-02-12,2023,,,,Active,2.88,1-2 tahun,Marketing,Marketing Specialist,L1,Makassar,9380000.0,
480,EMP00480,Eka Permata,Female,1998-04-03,27,25-34,Gen Z,Single,S1,eka.permata480@nusantaradigital.co.id,Contract,2023-02-17,2023,,,,Active,2.87,1-2 tahun,Finance,Accountant,L1,Makassar,8550000.0,
481,EMP00481,Dimas Siregar,Male,1999-02-26,26,25-34,Gen Z,Married,SMA/SMK,dimas.siregar481@nusantaradigital.co.id,Permanent,2023-03-25,2023,,,,Active,2.77,1-2 tahun,Customer Service,Customer Service Agent,L1,Jakarta,8040000.0,
482,EMP00482,Dewi Hasibuan,Female,1998-04-20,26,25-34,Gen Z,Divorced,D3,dewi.hasibuan482@nusantaradigital.co.id,Permanent,2023-03-18,2023,2025-01-28,Voluntary,Better Compensation,Terminated,1.87,1-2 tahun,Operations,Operations Staff,L1,Bandung,6460000.0,
483,EMP00483,Vina Hidayat,Female,1993-07-09,32,25-34,Millennial,Single,S1,vina.hidayat483@nusantaradigital.co.id,Permanent,2023-03-01,2023,,,,Active,2.84,1-2 tahun,Customer Service,Senior CS Agent,L2,Jakarta,11470000.0,
484,EMP00484,Salsabila Hakim,Female,2002-06-08,21,< 25,Gen Z,Single,D3,salsabila.hakim484@nusantaradigital.co.id,Contract,2023-03-01,2023,2023-11-19,Involuntary,Restructuring,Terminated,0.72,< 1 tahun,Human Capital,HR Officer,L1,Jakarta,6500000.0,
485,EMP00485,Dedi Utami,Male,1999-08-17,26,25-34,Gen Z,Single,D3,dedi.utami485@nusantaradigital.co.id,Contract,2023-03-06,2023,,,,Active,2.82,1-2 tahun,Sales,Sales Executive,L1,Jakarta,7290000.0,
486,EMP00486,Hadi Nugroho,Male,1998-09-13,27,25-34,Gen Z,Married,S1,hadi.nugroho486@nusantaradigital.co.id,Permanent,2023-03-06,2023,,,,Active,2.82,1-2 tahun,Sales,Sales Executive,L1,Surabaya,7580000.0,
487,EMP00487,Oki Sinaga,Male,1999-08-20,26,25-34,Gen Z,Married,S1,oki.sinaga487@nusantaradigital.co.id,Permanent,2023-04-02,2023,,,,Active,2.75,1-2 tahun,Sales,Sales Executive,L1,Jakarta,7360000.0,
488,EMP00488,Gita Pangaribuan,Female,1994-06-25,29,25-34,Millennial,Married,S1,gita.pangaribuan488@nusantaradigital.co.id,Permanent,2023-04-22,2023,2024-05-15,Involuntary,Misconduct,Terminated,1.07,1-2 tahun,Operations,Operations Staff,L1,Jakarta,6350000.0,
489,EMP00489,Siti Daeng,Female,1995-08-19,28,25-34,Millennial,Married,S1,siti.daeng489@nusantaradigital.co.id,Contract,2023-04-07,2023,2023-10-25,Involuntary,Poor Performance,Terminated,0.55,< 1 tahun,Customer Service,Customer Service Agent,L1,Jakarta,6730000.0,
490,EMP00490,Indah Siregar,Female,2002-06-03,22,< 25,Gen Z,Married,S1,indah.siregar490@nusantaradigital.co.id,Permanent,2023-04-26,2023,2024-11-23,Voluntary,Better Compensation,Terminated,1.58,1-2 tahun,Information Technology,Software Engineer,L1,Yogyakarta,10270000.0,
491,EMP00491,Galih Saputra,Male,1997-04-14,28,25-34,Gen Z,Married,S1,galih.saputra491@nusantaradigital.co.id,Permanent,2023-04-06,2023,2025-12-22,Voluntary,Better Compensation,Terminated,2.71,1-2 tahun,Customer Service,Customer Service Agent,L1,Bandung,7400000.0,
492,EMP00492,Laras Susanti,Female,2002-12-23,23,< 25,Gen Z,Single,S1,laras.susanti492@nusantaradigital.co.id,Permanent,2023-04-10,2023,,,,Active,2.73,1-2 tahun,Customer Service,Customer Service Agent,L1,Medan,6300000.0,
493,EMP00493,Bayu Simanjuntak,Male,2003-01-11,22,< 25,Gen Z,Married,S1,bayu.simanjuntak493@nusantaradigital.co.id,Permanent,2023-04-17,2023,,,,Active,2.71,1-2 tahun,Information Technology,Software Engineer,L1,Jakarta,9570000.0,
494,EMP00494,Fikri Rahman,Male,1982-12-21,43,35-44,Millennial,Married,S2,fikri.rahman494@nusantaradigital.co.id,Permanent,2023-04-11,2023,,,,Active,2.72,1-2 tahun,Product,Product Manager,L4,Surabaya,41790000.0,
495,EMP00495,Eko Hakim,Male,2001-02-02,24,< 25,Gen Z,Divorced,S1,eko.hakim495@nusantaradigital.co.id,Permanent,2023-04-19,2023,,,,Active,2.7,1-2 tahun,Information Technology,Software Engineer,L1,Surabaya,10860000.0,
496,EMP00496,Reza Pratama,Male,,,Unknown,Unknown,Married,S2,reza.pratama496@nusantaradigital.co.id,Permanent,2023-04-03,2023,,,,Active,2.75,1-2 tahun,Operations,Operations Staff,L1,Surabaya,6660000.0,INVALID_BIRTH_DATE
497,EMP00497,Amelia Mappasessu,Female,1996-06-12,27,25-34,Millennial,Single,SMA/SMK,amelia.mappasessu497@nusantaradigital.co.id,Contract,2023-04-06,2023,2023-08-17,Voluntary,Better Compensation,Terminated,0.36,< 1 tahun,Customer Service,Customer Service Agent,L1,Jakarta,6440000.0,
498,EMP00498,Hendra Syahputra,Male,1998-02-02,27,25-34,Gen Z,Married,S1,hendra.syahputra498@nusantaradigital.co.id,Permanent,2023-04-01,2023,,,,Active,2.75,1-2 tahun,Operations,Senior Operations Staff,L2,Makassar,11000000.0,
499,EMP00499,Rian Santoso,Male,2001-10-24,24,< 25,Gen Z,Married,S1,rian.santoso499@nusantaradigital.co.id,Permanent,2023-04-16,2023,,,,Active,2.71,1-2 tahun,Sales,Senior Sales Executive,L2,Medan,14110000.0,
500,EMP00500,Novi Maharani,Female,1998-01-03,27,25-34,Gen Z,Single,S1,novi.maharani500@nusantaradigital.co.id,Permanent,2023-04-10,2023,,,,Active,2.73,1-2 tahun,Marketing,Marketing Specialist,L1,Surabaya,8800000.0,
501,EMP00501,Teguh Kusuma,Male,1992-08-05,33,25-34,Millennial,Married,S1,teguh.kusuma501@nusantaradigital.co.id,Permanent,2023-04-24,2023,,,,Active,2.69,1-2 tahun,Customer Service,Customer Service Agent,L1,Yogyakarta,5560000.0,
502,EMP00502,Tari Kusuma,Female,2002-06-18,23,< 25,Gen Z,Single,D3,tari.kusuma502@nusantaradigital.co.id,Permanent,2023-04-28,2023,,,,Active,2.68,1-2 tahun,Sales,Sales Executive,L1,Makassar,6950000.0,
503,EMP00503,Anisa Halim,Female,2003-03-19,21,< 25,Gen Z,Single,D3,anisa.halim503@nusantaradigital.co.id,Permanent,2023-04-14,2023,2024-04-22,Voluntary,Better Compensation,Terminated,1.02,1-2 tahun,Information Technology,Software Engineer,L1,Bandung,8280000.0,
504,EMP00504,Taufik Hakim,Male,1996-12-31,28,25-34,Millennial,Married,S1,taufik.hakim504@nusantaradigital.co.id,Permanent,2023-04-10,2023,,,,Active,2.73,1-2 tahun,Operations,Operations Staff,L1,Bandung,7590000.0,
505,EMP00505,Rian Wibowo,Male,1994-10-23,29,25-34,Millennial,Single,S1,rian.wibowo505@nusantaradigital.co.id,Permanent,2023-04-24,2023,2024-06-10,Voluntary,Better Compensation,Terminated,1.13,1-2 tahun,Marketing,Senior Marketing Specialist,L2,Bandung,11600000.0,
506,EMP00506,Tiara Simanjuntak,Female,1990-12-19,34,25-34,Millennial,Single,S1,tiara.simanjuntak506@nusantaradigital.co.id,Contract,2023-04-05,2023,2025-07-10,Voluntary,Better Compensation,Terminated,2.26,1-2 tahun,Information Technology,Senior Software Engineer,L2,Jakarta,14040000.0,
507,EMP00507,Anisa Hidayat,Female,2002-06-18,23,< 25,Gen Z,Single,D3,anisa.hidayat507@nusantaradigital.co.id,Contract,2023-04-08,2023,,,,Active,2.73,1-2 tahun,Marketing,Marketing Specialist,L1,Jakarta,10700000.0,
508,EMP00508,Sari Lubis,Female,1990-11-22,34,25-34,Millennial,Single,S1,sari.lubis508@nusantaradigital.co.id,Contract,2023-04-03,2023,2025-02-16,Voluntary,Relocation,Terminated,1.88,1-2 tahun,Operations,Operations Supervisor,L3,Jakarta,17120000.0,
509,EMP00509,Yusuf Susanti,Male,1997-08-19,28,25-34,Gen Z,Single,D3,yusuf.susanti509@nusantaradigital.co.id,Permanent,2023-04-29,2023,,,,Active,2.67,1-2 tahun,Operations,Operations Staff,L1,Jakarta,6440000.0,
510,EMP00510,Maya Utami,Female,2003-04-20,22,< 25,Gen Z,Married,S1,maya.utami510@nusantaradigital.co.id,Permanent,2023-05-05,2023,,,,Active,2.66,1-2 tahun,Information Technology,Software Engineer,L1,Bandung,8750000.0,
511,EMP00511,Nadia Sinaga,Female,2002-05-31,22,< 25,Gen Z,Married,S1,nadia.sinaga511@nusantaradigital.co.id,Permanent,2023-05-05,2023,2024-11-08,Involuntary,Restructuring,Terminated,1.51,1-2 tahun,Customer Service,Customer Service Agent,L1,Jakarta,5850000.0,
512,EMP00512,Bunga Nasution,Female,1996-04-26,27,25-34,Millennial,Married,S2,bunga.nasution512@nusantaradigital.co.id,Permanent,2023-05-05,2023,2024-02-07,Voluntary,Relocation,Terminated,0.76,< 1 tahun,Operations,Senior Operations Staff,L2,Jakarta,11280000.0,
513,EMP00513,Anisa Saputra,Female,2000-06-04,23,< 25,Gen Z,Married,S1,anisa.saputra513@nusantaradigital.co.id,Permanent,2023-05-02,2023,2024-02-09,Voluntary,Career Growth,Terminated,0.77,< 1 tahun,Operations,Operations Staff,L1,Jakarta,6180000.0,
514,EMP00514,Putri Pratama,Female,1995-12-07,28,25-34,Millennial,Single,S1,putri.pratama514@nusantaradigital.co.id,Contract,2023-05-01,2023,2024-09-06,Involuntary,Contract End,Terminated,1.35,1-2 tahun,Sales,Sales Executive,L1,Makassar,8660000.0,
515,EMP00515,Mega Pratama,Female,1995-09-30,28,25-34,Millennial,Married,S1,mega.pratama515@nusantaradigital.co.id,Permanent,2023-05-27,2023,2024-03-07,Voluntary,Management Issues,Terminated,0.78,< 1 tahun,Marketing,Senior Marketing Specialist,L2,Jakarta,10540000.0,
516,EMP00516,Putri Ramadhan,Female,1999-07-01,24,< 25,Gen Z,Divorced,S1,putri.ramadhan516@nusantaradigital.co.id,Permanent,2023-06-16,2023,2023-12-27,Voluntary,Management Issues,Terminated,0.53,< 1 tahun,Operations,Operations Staff,L1,Surabaya,7240000.0,
517,EMP00517,Vina Pratama,Female,1997-06-29,26,25-34,Gen Z,Married,D3,vina.pratama517@nusantaradigital.co.id,Contract,2023-06-14,2023,2023-09-29,Involuntary,Poor Performance,Terminated,0.29,< 1 tahun,Customer Service,Customer Service Agent,L1,Jakarta,7080000.0,
518,EMP00518,Adi Anggraini,Male,1994-09-27,31,25-34,Millennial,Married,S1,adi.anggraini518@nusantaradigital.co.id,Permanent,2023-06-19,2023,,,,Active,2.54,1-2 tahun,Marketing,Marketing Specialist,L1,Surabaya,8600000.0,
519,EMP00519,Ilham Permata,Male,2002-07-02,21,< 25,Gen Z,Single,S1,ilham.permata519@nusantaradigital.co.id,Contract,2023-06-25,2023,2024-05-01,Involuntary,Misconduct,Terminated,0.85,< 1 tahun,Customer Service,Customer Service Agent,L1,Jakarta,5930000.0,
520,EMP00520,Hendra Nugroho,Male,2002-08-28,22,< 25,Gen Z,Married,S1,hendra.nugroho520@nusantaradigital.co.id,Permanent,2023-06-28,2023,2024-10-24,Voluntary,Better Compensation,Terminated,1.33,1-2 tahun,Sales,Sales Executive,L1,Jakarta,7180000.0,
521,EMP00521,Dewi Wijaya,Female,1996-10-09,29,25-34,Millennial,Single,S1,dewi.wijaya521@nusantaradigital.co.id,Permanent,2023-06-02,2023,,,,Active,2.58,1-2 tahun,Operations,Operations Staff,L1,Surabaya,7810000.0,
522,EMP00522,Hadi Purnomo,Male,2000-02-29,23,< 25,Gen Z,Single,S1,hadi.purnomo522@nusantaradigital.co.id,Permanent,2023-06-16,2023,2024-02-05,Voluntary,Management Issues,Terminated,0.64,< 1 tahun,Operations,Operations Staff,L1,Jakarta,7500000.0,
523,EMP00523,Gilang Mappasessu,Male,1994-10-23,29,25-34,Millennial,Married,S1,gilang.mappasessu523@nusantaradigital.co.id,Permanent,2023-07-26,2023,2024-02-02,Voluntary,Better Compensation,Terminated,0.52,< 1 tahun,Customer Service,Senior CS Agent,L2,Jakarta,10700000.0,
524,EMP00524,Muhammad Firmansyah,Male,2002-06-19,23,< 25,Gen Z,Married,S1,muhammad.firmansyah524@nusantaradigital.co.id,Permanent,2023-07-22,2023,2025-07-26,Involuntary,Restructuring,Terminated,2.01,1-2 tahun,Operations,Senior Operations Staff,L2,Jakarta,11200000.0,
525,EMP00525,Fajar Kusuma,Male,1998-05-24,25,25-34,Gen Z,Married,D3,,Permanent,2023-07-20,2023,2023-08-14,Involuntary,Restructuring,Terminated,0.07,< 1 tahun,Information Technology,Software Engineer,L1,Makassar,7670000.0,
526,EMP00526,Nurul Setiawan,Female,1996-09-17,27,25-34,Millennial,Single,D3,nurul.setiawan526@nusantaradigital.co.id,Permanent,2023-07-04,2023,2024-06-07,Voluntary,Management Issues,Terminated,0.93,< 1 tahun,Customer Service,Customer Service Agent,L1,Jakarta,6960000.0,
527,EMP00527,Anisa Hasibuan,Female,1990-09-01,35,35-44,Millennial,Married,S1,anisa.hasibuan527@nusantaradigital.co.id,Permanent,2023-07-17,2023,,,,Active,2.46,1-2 tahun,Information Technology,IT Manager,L4,Jakarta,35510000.0,
528,EMP00528,Fikri Wijaya,Male,1991-06-10,34,25-34,Millennial,Married,S1,fikri.wijaya528@nusantaradigital.co.id,Permanent,2023-07-08,2023,,,,Active,2.48,1-2 tahun,Operations,Senior Operations Staff,L2,Bandung,10230000.0,
529,EMP00529,Wulan Saputra,Female,2002-07-09,23,< 25,Gen Z,Single,SMA/SMK,wulan.saputra529@nusantaradigital.co.id,Permanent,2023-07-13,2023,,,,Active,2.47,1-2 tahun,Customer Service,Customer Service Agent,L1,Medan,6900000.0,
530,EMP00530,Rina Wibowo,Female,1997-08-14,28,25-34,Gen Z,Married,S1,rina.wibowo530@nusantaradigital.co.id,Permanent,2023-07-12,2023,,,,Active,2.47,1-2 tahun,Operations,Operations Supervisor,L3,Jakarta,15390000.0,
531,EMP00531,Laras Daeng,Female,1999-09-24,25,25-34,Gen Z,Single,S1,laras.daeng531@nusantaradigital.co.id,Permanent,2023-07-27,2023,2025-07-20,Voluntary,Career Growth,Terminated,1.98,1-2 tahun,Sales,Senior Sales Executive,L2,Jakarta,13390000.0,
532,EMP00532,Rian Ramadhan,Male,1998-10-20,27,25-34,Gen Z,Single,S1,rian.ramadhan532@nusantaradigital.co.id,Permanent,2023-07-14,2023,,,,Active,2.47,1-2 tahun,Human Capital,HR Officer,L1,Jakarta,8820000.0,
533,EMP00533,Ayu Wibowo,Female,1999-02-21,24,< 25,Gen Z,Single,S1,ayu.wibowo533@nusantaradigital.co.id,Permanent,2023-07-11,2023,2024-02-06,Voluntary,Career Growth,Terminated,0.57,< 1 tahun,Product,Senior Product Analyst,L2,Jakarta,14830000.0,
534,EMP00534,Maya Setiawan,Female,1998-05-25,27,25-34,Gen Z,Married,D3,maya.setiawan534@nusantaradigital.co.id,Permanent,2023-08-31,2023,,,,Active,2.34,1-2 tahun,Customer Service,Customer Service Agent,L1,Jakarta,6110000.0,
535,EMP00535,Dian Daeng,Female,2001-05-28,24,< 25,Gen Z,Married,S2,dian.daeng535@nusantaradigital.co.id,Permanent,2023-08-21,2023,,,,Active,2.36,1-2 tahun,Finance,Accountant,L1,Bandung,9520000.0,
536,EMP00536,Fikri Siregar,Male,2001-11-11,24,< 25,Gen Z,Single,SMA/SMK,fikri.siregar536@nusantaradigital.co.id,Permanent,2023-08-10,2023,,,,Active,2.39,1-2 tahun,Information Technology,Software Engineer,L1,Jakarta,10220000.0,
537,EMP00537,Bayu Suryadi,Male,1998-03-30,27,25-34,Gen Z,Married,D3,bayu.suryadi537@nusantaradigital.co.id,Permanent,2023-08-15,2023,,,,Active,2.38,1-2 tahun,Operations,Operations Staff,L1,Jakarta,6780000.0,
538,EMP00538,Bunga Lubis,Female,2003-02-10,22,< 25,Gen Z,Married,SMA/SMK,bunga.lubis538@nusantaradigital.co.id,Contract,2023-08-20,2023,,,,Active,2.37,1-2 tahun,Information Technology,Software Engineer,L1,Bandung,9710000.0,
539,EMP00539,Putra Firmansyah,Male,1996-02-03,28,25-34,Millennial,Married,S2,putra.firmansyah539@nusantaradigital.co.id,Contract,2023-08-12,2023,2024-08-19,Voluntary,Career Growth,Terminated,1.02,1-2 tahun,Marketing,Senior Marketing Specialist,L2,Yogyakarta,13260000.0,
540,EMP00540,Intan Maharani,Female,1999-11-17,26,25-34,Gen Z,Single,S1,intan.maharani540@nusantaradigital.co.id,Permanent,2023-08-14,2023,,,,Active,2.38,1-2 tahun,Information Technology,Software Engineer,L1,Jakarta,12030000.0,
541,EMP00541,Yusuf Nasution,Male,2002-07-05,23,< 25,Gen Z,Divorced,S1,yusuf.nasution541@nusantaradigital.co.id,Permanent,2023-08-13,2023,,,,Active,2.38,1-2 tahun,Customer Service,Customer Service Agent,L1,Jakarta,7960000.0,
542,EMP00542,Putri Susanti,Female,2002-10-13,22,< 25,Gen Z,Single,SMA/SMK,putri.susanti542@nusantaradigital.co.id,Permanent,2023-08-10,2023,2024-10-23,Voluntary,Relocation,Terminated,1.2,1-2 tahun,Customer Service,Customer Service Agent,L1,Yogyakarta,7690000.0,
543,EMP00543,Hadi Lubis,Male,1998-12-27,27,25-34,Gen Z,Single,S1,hadi.lubis543@nusantaradigital.co.id,Permanent,2023-08-14,2023,,,,Active,2.38,1-2 tahun,Information Technology,Senior Software Engineer,L2,Jakarta,15070000.0,
544,EMP00544,Eka Syahputra,Female,1995-04-08,30,25-34,Millennial,Married,S1,eka.syahputra544@nusantaradigital.co.id,Permanent,2023-08-04,2023,,,,Active,2.41,1-2 tahun,Human Capital,HR Officer,L1,Jakarta,7930000.0,
545,EMP00545,Muhammad Tanjung,Male,1998-12-11,27,25-34,Gen Z,Single,SMA/SMK,muhammad.tanjung545@nusantaradigital.co.id,Contract,2023-08-09,2023,,,,Active,2.4,1-2 tahun,Product,Product Analyst,L1,Surabaya,9680000.0,
546,EMP00546,Adi Wibowo,Male,1988-09-20,35,35-44,Millennial,Married,S1,adi.wibowo546@nusantaradigital.co.id,Permanent,2023-08-30,2023,2024-07-06,Voluntary,Management Issues,Terminated,0.85,< 1 tahun,Marketing,Senior Marketing Specialist,L2,Jakarta,13140000.0,
547,EMP00547,Lestari Mappasessu,Female,1999-11-24,26,25-34,Gen Z,Single,S1,lestari.mappasessu547@nusantaradigital.co.id,Contract,2023-08-14,2023,,,,Active,2.38,1-2 tahun,Sales,Senior Sales Executive,L2,Surabaya,12680000.0,
548,EMP00548,Nanda Utami,Male,1998-11-26,27,25-34,Gen Z,Married,D3,nanda.utami548@nusantaradigital.co.id,Permanent,2023-09-30,2023,,,,Active,2.25,1-2 tahun,Sales,Sales Executive,L1,Medan,8480000.0,
549,EMP00549,Aditya Hasibuan,Male,1994-06-09,31,25-34,Millennial,Divorced,S1,aditya.hasibuan549@nusantaradigital.co.id,Permanent,2023-09-16,2023,,,,Active,2.29,1-2 tahun,Sales,Senior Sales Executive,L2,Jakarta,14810000.0,
550,EMP00550,Putri Wibowo,Female,1995-07-29,28,25-34,Millennial,Married,S1,putri.wibowo550@nusantaradigital.co.id,Permanent,2023-09-11,2023,2023-10-10,Voluntary,Career Growth,Terminated,0.08,< 1 tahun,Customer Service,Customer Service Agent,L1,Bandung,6970000.0,
551,EMP00551,Anisa Hasibuan,Female,1992-09-20,33,25-34,Millennial,Single,SMA/SMK,anisa.hasibuan551@nusantaradigital.co.id,Permanent,2023-09-02,2023,,,,Active,2.33,1-2 tahun,Customer Service,Customer Service Agent,L1,Surabaya,6510000.0,
552,EMP00552,Yoga Permata,Male,1993-03-07,32,25-34,Millennial,Married,S2,yoga.permata552@nusantaradigital.co.id,Permanent,2023-09-09,2023,,,,Active,2.31,1-2 tahun,Customer Service,CS Team Leader,L3,Medan,16620000.0,
553,EMP00553,Nurul Kusuma,Female,1999-12-14,24,< 25,Gen Z,Married,S1,nurul.kusuma553@nusantaradigital.co.id,Permanent,2023-10-19,2023,2024-03-06,Voluntary,Work-Life Balance,Terminated,0.38,< 1 tahun,Information Technology,Software Engineer,L1,Jakarta,7440000.0,
554,EMP00554,Rian Purnomo,Male,2003-03-20,21,< 25,Gen Z,Married,D3,rian.purnomo554@nusantaradigital.co.id,Contract,2023-10-22,2023,2024-12-26,Involuntary,Misconduct,Terminated,1.18,1-2 tahun,Sales,Sales Executive,L1,Medan,8280000.0,
555,EMP00555,Dian Suryadi,Female,2003-03-02,21,< 25,Gen Z,Married,SMA/SMK,dian.suryadi555@nusantaradigital.co.id,Permanent,2023-10-11,2023,2024-06-04,Voluntary,Further Study,Terminated,0.65,< 1 tahun,Customer Service,Customer Service Agent,L1,Surabaya,6550000.0,
556,EMP00556,Dewi Wibowo,Female,2000-10-30,25,25-34,Gen Z,Married,S1,dewi.wibowo556@nusantaradigital.co.id,Permanent,2023-10-29,2023,,,,Active,2.17,1-2 tahun,Marketing,Marketing Specialist,L1,Makassar,9040000.0,
557,EMP00557,Yusuf Santoso,Male,1994-11-30,29,25-34,Millennial,Single,S1,yusuf.santoso557@nusantaradigital.co.id,Permanent,2023-10-12,2023,2024-02-28,Voluntary,Management Issues,Terminated,0.38,< 1 tahun,Sales,Sales Executive,L1,Jakarta,7160000.0,
558,EMP00558,Mega Purnomo,Female,2003-04-11,22,< 25,Gen Z,Single,S1,mega.purnomo558@nusantaradigital.co.id,Permanent,2023-10-04,2023,,,,Active,2.24,1-2 tahun,Human Capital,HR Officer,L1,Jakarta,8070000.0,
559,EMP00559,Budi Firmansyah,Male,2003-08-08,22,< 25,Gen Z,Married,S1,budi.firmansyah559@nusantaradigital.co.id,Permanent,2023-10-29,2023,,,,Active,2.17,1-2 tahun,Customer Service,Customer Service Agent,L1,Jakarta,7860000.0,
560,EMP00560,Dimas Mappasessu,Male,1995-01-17,29,25-34,Millennial,Married,D3,dimas.mappasessu560@nusantaradigital.co.id,Contract,2023-10-06,2023,2024-10-27,Involuntary,Poor Performance,Terminated,1.06,1-2 tahun,Customer Service,Customer Service Agent,L1,Jakarta,5990000.0,
561,EMP00561,Novi Tanjung,Female,2002-12-11,22,< 25,Gen Z,Married,S1,novi.tanjung561@nusantaradigital.co.id,Permanent,2023-10-28,2023,2024-12-16,Involuntary,Poor Performance,Terminated,1.14,1-2 tahun,Marketing,Marketing Specialist,L1,Jakarta,7950000.0,
562,EMP00562,Vina Daeng,Female,1998-10-21,27,25-34,Gen Z,Single,S1,vina.daeng562@nusantaradigital.co.id,Permanent,2023-10-29,2023,,,,Active,2.17,1-2 tahun,Sales,Sales Executive,L1,Jakarta,8310000.0,
563,EMP00563,Fitri Hasibuan,Female,1997-05-02,28,25-34,Gen Z,Single,S1,fitri.hasibuan563@nusantaradigital.co.id,Permanent,2023-11-16,2023,,,,Active,2.12,1-2 tahun,Customer Service,Customer Service Agent,L1,Medan,7220000.0,
564,EMP00564,Rizki Pangaribuan,Male,1997-03-19,28,25-34,Gen Z,Single,D3,rizki.pangaribuan564@nusantaradigital.co.id,Permanent,2023-11-25,2023,,,,Active,2.1,1-2 tahun,Sales,Sales Executive,L1,Jakarta,7570000.0,
565,EMP00565,Putra Pratama,Male,1998-06-20,25,25-34,Gen Z,Divorced,S1,putra.pratama565@nusantaradigital.co.id,Permanent,2023-11-14,2023,2024-01-31,Voluntary,Management Issues,Terminated,0.21,< 1 tahun,Marketing,Senior Marketing Specialist,L2,Jakarta,12950000.0,
566,EMP00566,Fikri Nasution,Male,1997-11-29,28,25-34,Gen Z,Married,D3,fikri.nasution566@nusantaradigital.co.id,Permanent,2023-11-07,2023,,,,Active,2.15,1-2 tahun,Product,Product Analyst,L1,Medan,9100000.0,
567,EMP00567,Joko Ramadhan,Male,1993-09-14,30,25-34,Millennial,Married,S1,joko.ramadhan567@nusantaradigital.co.id,Permanent,2023-11-18,2023,2024-08-18,Voluntary,Better Compensation,Terminated,0.75,< 1 tahun,Customer Service,Senior CS Agent,L2,Makassar,9290000.0,
568,EMP00568,Dewi Nasution,Female,1995-01-16,29,25-34,Millennial,Married,S1,dewi.nasution568@nusantaradigital.co.id,Permanent,2023-11-18,2023,2024-09-25,Voluntary,Work-Life Balance,Terminated,0.85,< 1 tahun,Information Technology,Senior Software Engineer,L2,Medan,13310000.0,
569,EMP00569,Lukman Nasution,Male,1990-07-05,34,25-34,Millennial,Married,S1,lukman.nasution569@nusantaradigital.co.id,Permanent,2023-11-25,2023,2024-09-22,Involuntary,Poor Performance,Terminated,0.83,< 1 tahun,Customer Service,CS Team Leader,L3,Jakarta,15600000.0,
570,EMP00570,Satria Siregar,Male,1995-03-01,28,25-34,Millennial,Single,S1,satria.siregar570@nusantaradigital.co.id,Contract,2023-11-09,2023,2024-02-10,Voluntary,Career Growth,Terminated,0.25,< 1 tahun,Operations,Senior Operations Staff,L2,Jakarta,9040000.0,
571,EMP00571,Joko Daeng,Male,1996-05-09,28,25-34,Millennial,Married,D3,joko.daeng571@nusantaradigital.co.id,Permanent,2023-11-13,2023,2024-09-05,Voluntary,Career Growth,Terminated,0.81,< 1 tahun,Human Capital,HR Officer,L1,Makassar,7800000.0,
572,EMP00572,Sari Utami,Female,2000-11-08,25,25-34,Gen Z,Married,S1,sari.utami572@nusantaradigital.co.id,Permanent,2023-11-28,2023,,,,Active,2.09,1-2 tahun,Information Technology,Senior Software Engineer,L2,Jakarta,14110000.0,
573,EMP00573,Ilham Daeng,Male,1997-05-23,26,25-34,Gen Z,Single,S1,ilham.daeng573@nusantaradigital.co.id,Permanent,2023-11-28,2023,2024-05-13,Involuntary,Misconduct,Terminated,0.46,< 1 tahun,Product,Product Analyst,L1,Medan,7970000.0,
574,EMP00574,Putra Santoso,Male,1996-09-19,29,25-34,Millennial,Married,D3,putra.santoso574@nusantaradigital.co.id,Permanent,2023-11-25,2023,,,,Active,2.1,1-2 tahun,Finance,Accountant,L1,Medan,8230000.0,
575,EMP00575,Gilang Lubis,Male,1994-11-11,30,25-34,Millennial,Divorced,D3,gilang.lubis575@nusantaradigital.co.id,Contract,2023-11-03,2023,2025-06-08,Voluntary,Work-Life Balance,Terminated,1.6,1-2 tahun,Sales,Senior Sales Executive,L2,Yogyakarta,11020000.0,
576,EMP00576,Tari Wijaya,Female,1993-12-19,32,25-34,Millennial,Single,S1,tari.wijaya576@nusantaradigital.co.id,Permanent,2023-11-22,2023,,,,Active,2.11,1-2 tahun,Operations,Operations Staff,L1,Jakarta,7590000.0,
577,EMP00577,Budi Mappasessu,Male,1998-10-08,25,25-34,Gen Z,Married,SMA/SMK,budi.mappasessu577@nusantaradigital.co.id,Contract,2023-11-30,2023,2024-02-25,Involuntary,Restructuring,Terminated,0.24,< 1 tahun,Operations,Operations Staff,L1,Surabaya,7460000.0,
578,EMP00578,Putri Permata,Female,2002-05-30,23,< 25,Gen Z,Married,S1,putri.permata578@nusantaradigital.co.id,Permanent,2023-11-09,2023,,,,Active,2.14,1-2 tahun,Information Technology,Software Engineer,L1,Bandung,11050000.0,
579,EMP00579,Budi Firmansyah,Male,1998-05-28,25,25-34,Gen Z,Single,SMA/SMK,budi.firmansyah579@nusantaradigital.co.id,Permanent,2023-12-22,2023,2024-01-12,Voluntary,Better Compensation,Terminated,0.06,< 1 tahun,Customer Service,Customer Service Agent,L1,Makassar,6140000.0,
580,EMP00580,Maya Hasibuan,Female,2003-05-16,22,< 25,Gen Z,Married,S1,maya.hasibuan580@nusantaradigital.co.id,Permanent,2023-12-17,2023,,,,Active,2.04,1-2 tahun,Marketing,Marketing Specialist,L1,Medan,7730000.0,
581,EMP00581,Vina Rahman,Female,1997-06-12,26,25-34,Gen Z,Married,S1,vina.rahman581@nusantaradigital.co.id,Permanent,2023-12-15,2023,2024-02-15,Voluntary,Career Growth,Terminated,0.17,< 1 tahun,Information Technology,Tech Lead,L3,Medan,19850000.0,
582,EMP00582,Dian Firmansyah,Female,2000-02-17,25,25-34,Gen Z,Married,D3,dian.firmansyah582@nusantaradigital.co.id,Contract,2023-12-31,2023,2025-07-01,Voluntary,Career Growth,Terminated,1.5,1-2 tahun,Sales,Sales Executive,L1,Jakarta,7260000.0,
583,EMP00583,Ayu Kusuma,Female,1995-02-27,30,25-34,Millennial,Single,S1,ayu.kusuma583@nusantaradigital.co.id,Contract,2023-12-07,2023,,,,Active,2.07,1-2 tahun,Human Capital,HR Officer,L1,Medan,8080000.0,
584,EMP00584,Teguh Hidayat,Male,2001-11-22,24,< 25,Gen Z,Married,S1,teguh.hidayat584@nusantaradigital.co.id,Permanent,2023-12-04,2023,,,,Active,2.08,1-2 tahun,Information Technology,Software Engineer,L1,Bandung,9430000.0,
585,EMP00585,Agus Situmorang,Male,1996-04-05,28,25-34,Millennial,Single,D3,agus.situmorang585@nusantaradigital.co.id,Permanent,2023-12-03,2023,2024-12-18,Voluntary,Better Compensation,Terminated,1.04,1-2 tahun,Sales,Sales Supervisor,L3,Makassar,16440000.0,
586,EMP00586,Fajar Siregar,Male,2003-04-28,21,< 25,Gen Z,Divorced,D3,fajar.siregar586@nusantaradigital.co.id,Permanent,2023-12-02,2023,2024-07-13,Involuntary,Poor Performance,Terminated,0.61,< 1 tahun,Sales,Sales Executive,L1,Bandung,6720000.0,
587,EMP00587,Sari Pratama,Female,1994-07-08,31,25-34,Millennial,Married,S1,sari.pratama587@nusantaradigital.co.id,Permanent,2023-12-10,2023,,,,Active,2.06,1-2 tahun,Sales,Sales Executive,L1,Jakarta,7850000.0,
588,EMP00588,Adi Hidayat,Male,2003-04-29,20,< 25,Gen Z,Divorced,S1,adi.hidayat588@nusantaradigital.co.id,Contract,2023-12-21,2023,2024-03-14,Voluntary,Better Compensation,Terminated,0.23,< 1 tahun,Customer Service,Customer Service Agent,L1,Medan,5900000.0,
589,EMP00589,Rina Permata,Female,1996-11-09,27,25-34,Millennial,Single,S1,rina.permata589@nusantaradigital.co.id,Contract,2023-12-06,2023,2024-05-06,Involuntary,Poor Performance,Terminated,0.42,< 1 tahun,Sales,Sales Executive,L1,Jakarta,8350000.0,
590,EMP00590,Teguh Susanti,Male,2000-12-02,23,< 25,Gen Z,Divorced,SMA/SMK,teguh.susanti590@nusantaradigital.co.id,Permanent,2023-12-13,2023,2024-02-08,Voluntary,Better Compensation,Terminated,0.16,< 1 tahun,Customer Service,Customer Service Agent,L1,Bandung,6600000.0,
591,EMP00591,Bayu Sinaga,Male,1995-04-11,30,25-34,Millennial,Married,SMA/SMK,bayu.sinaga591@nusantaradigital.co.id,Permanent,2023-12-30,2023,,,,Active,2.0,1-2 tahun,Sales,Sales Executive,L1,Surabaya,8700000.0,
592,EMP00592,Gilang Syahputra,Male,2001-08-26,24,< 25,Gen Z,Single,S1,gilang.syahputra592@nusantaradigital.co.id,Contract,2024-01-19,2024,,,,Active,1.95,1-2 tahun,Operations,Operations Staff,L1,Makassar,6460000.0,
593,EMP00593,Agus Firmansyah,Male,1990-02-12,35,35-44,Millennial,Single,S1,agus.firmansyah593@nusantaradigital.co.id,Permanent,2024-01-14,2024,,,,Active,1.96,1-2 tahun,Operations,Operations Supervisor,L3,Bandung,16250000.0,
594,EMP00594,Kurniawan Susanti,Male,1995-05-12,28,25-34,Millennial,Married,S1,kurniawan.susanti594@nusantaradigital.co.id,Contract,2024-02-21,2024,2024-03-03,Voluntary,Further Study,Terminated,0.03,< 1 tahun,Operations,Operations Staff,L1,Makassar,6030000.0,
595,EMP00595,Budi Santoso,Male,1991-07-24,34,25-34,Millennial,Single,S1,budi.santoso595@nusantaradigital.co.id,Permanent,2024-02-01,2024,,,,Active,1.91,1-2 tahun,Operations,Senior Operations Staff,L2,Yogyakarta,10740000.0,
596,EMP00596,Siti Wijaya,Female,1992-11-02,33,25-34,Millennial,Married,S1,siti.wijaya596@nusantaradigital.co.id,Permanent,2024-02-10,2024,,,,Active,1.89,1-2 tahun,Finance,Accountant,L1,Jakarta,7690000.0,
597,EMP00597,Budi Siregar,Male,1995-10-09,30,25-34,Millennial,Single,D3,budi.siregar597@nusantaradigital.co.id,Permanent,2024-02-12,2024,,,,Active,1.88,1-2 tahun,Marketing,Marketing Specialist,L1,Jakarta,7920000.0,
598,EMP00598,Kurniawan Harahap,Male,1994-10-20,29,25-34,Millennial,Single,S1,,Permanent,2024-02-29,2024,2024-08-26,Voluntary,Better Compensation,Terminated,0.49,< 1 tahun,Sales,Senior Sales Executive,L2,Jakarta,10130000.0,
599,EMP00599,Muhammad Sinaga,Male,2000-06-14,25,25-34,Gen Z,Single,S1,muhammad.sinaga599@nusantaradigital.co.id,Permanent,2024-02-21,2024,,,,Active,1.86,1-2 tahun,Operations,Operations Staff,L1,Jakarta,6990000.0,
600,EMP00600,Fajar Simanjuntak,Male,2001-05-06,24,< 25,Gen Z,Married,S1,fajar.simanjuntak600@nusantaradigital.co.id,Permanent,2024-02-17,2024,,,,Active,1.87,1-2 tahun,Operations,Operations Staff,L1,Surabaya,5960000.0,
601,EMP00601,Gilang Lubis,Male,1999-02-04,26,25-34,Gen Z,Single,S1,gilang.lubis601@nusantaradigital.co.id,Permanent,2024-02-24,2024,,,,Active,1.85,1-2 tahun,Operations,Operations Staff,L1,Yogyakarta,6760000.0,
602,EMP00602,Sari Maharani,Female,1989-10-26,34,25-34,Millennial,Married,S1,sari.maharani602@nusantaradigital.co.id,Permanent,2024-02-25,2024,2024-08-05,Voluntary,Career Growth,Terminated,0.44,< 1 tahun,Customer Service,CS Team Leader,L3,Jakarta,15610000.0,
603,EMP00603,Anisa Suryadi,Female,2000-06-19,25,25-34,Gen Z,Single,D3,anisa.suryadi603@nusantaradigital.co.id,Permanent,2024-02-19,2024,,,,Active,1.86,1-2 tahun,Product,Product Analyst,L1,Bandung,8920000.0,
604,EMP00604,Joko Nasution,Male,2000-12-31,24,< 25,Gen Z,Married,SMA/SMK,joko.nasution604@nusantaradigital.co.id,Permanent,2024-02-16,2024,2025-06-23,Voluntary,Better Compensation,Terminated,1.35,1-2 tahun,Sales,Sales Executive,L1,Jakarta,8350000.0,
605,EMP00605,Fitri Ramadhan,Female,2000-01-30,25,25-34,Gen Z,Single,S1,fitri.ramadhan605@nusantaradigital.co.id,Permanent,2024-02-05,2024,,,,Active,1.9,1-2 tahun,Operations,Operations Staff,L1,Medan,7000000.0,
606,EMP00606,Nanda Situmorang,Male,1997-06-18,26,25-34,Gen Z,Married,SMA/SMK,,Permanent,2024-02-14,2024,2024-04-22,Voluntary,Career Growth,Terminated,0.19,< 1 tahun,Operations,Operations Staff,L1,Surabaya,6810000.0,
607,EMP00607,Tari Rahman,Female,2003-12-02,22,< 25,Gen Z,Single,S1,tari.rahman607@nusantaradigital.co.id,Permanent,2024-02-01,2024,,,,Active,1.91,1-2 tahun,Information Technology,Software Engineer,L1,Medan,9670000.0,
608,EMP00608,Salsabila Hasibuan,Female,2003-08-11,20,< 25,Gen Z,Married,S1,salsabila.hasibuan608@nusantaradigital.co.id,Permanent,2024-02-25,2024,2024-07-25,Voluntary,Career Growth,Terminated,0.41,< 1 tahun,Customer Service,Customer Service Agent,L1,Jakarta,6700000.0,
609,EMP00609,Joko Saputra,Male,1995-11-22,30,25-34,Millennial,Divorced,S1,joko.saputra609@nusantaradigital.co.id,Contract,2024-02-11,2024,,,,Active,1.89,1-2 tahun,Operations,Operations Staff,L1,Jakarta,8300000.0,
610,EMP00610,Adi Utami,Male,1998-04-23,27,25-34,Gen Z,Married,D3,adi.utami610@nusantaradigital.co.id,Permanent,2024-02-03,2024,,,,Active,1.91,1-2 tahun,Operations,Operations Staff,L1,Jakarta,7920000.0,
611,EMP00611,Maya Situmorang,Female,2000-01-02,25,25-34,Gen Z,Single,S1,maya.situmorang611@nusantaradigital.co.id,Permanent,2024-02-28,2024,,,,Active,1.84,1-2 tahun,Product,Senior Product Analyst,L2,Jakarta,16820000.0,
612,EMP00612,Ratna Susanti,Female,2000-06-03,25,25-34,Gen Z,Single,S1,ratna.susanti612@nusantaradigital.co.id,Permanent,2024-02-20,2024,,,,Active,1.86,1-2 tahun,Marketing,Marketing Specialist,L1,Surabaya,6960000.0,
613,EMP00613,Wulan Kusuma,Female,2002-10-15,23,< 25,Gen Z,Married,S1,wulan.kusuma613@nusantaradigital.co.id,Permanent,2024-02-05,2024,,,,Active,1.9,1-2 tahun,Customer Service,Customer Service Agent,L1,Medan,6580000.0,
614,EMP00614,Ayu Nugroho,Female,1998-04-02,26,25-34,Gen Z,Single,S1,,Permanent,2024-03-30,2024,2025-02-20,Voluntary,Personal / Family,Terminated,0.9,< 1 tahun,Customer Service,Customer Service Agent,L1,Jakarta,7720000.0,
615,EMP00615,Hadi Hidayat,Male,1994-04-10,30,25-34,Millennial,Single,S1,hadi.hidayat615@nusantaradigital.co.id,Permanent,2024-03-20,2024,2024-11-27,Involuntary,Restructuring,Terminated,0.69,< 1 tahun,Sales,Senior Sales Executive,L2,Surabaya,11210000.0,
616,EMP00616,Fikri Hakim,Male,1999-09-25,25,25-34,Gen Z,Divorced,D3,fikri.hakim616@nusantaradigital.co.id,Permanent,2024-03-18,2024,2024-12-12,Voluntary,Better Compensation,Terminated,0.74,< 1 tahun,Customer Service,Senior CS Agent,L2,Jakarta,11010000.0,
617,EMP00617,Maya Syahputra,Female,2003-12-03,22,< 25,Gen Z,Married,SMA/SMK,maya.syahputra617@nusantaradigital.co.id,Permanent,2024-03-08,2024,,,,Active,1.82,1-2 tahun,Information Technology,Software Engineer,L1,Medan,9040000.0,
618,EMP00618,Teguh Mappasessu,Male,1999-08-26,24,< 25,Gen Z,Married,S1,teguh.mappasessu618@nusantaradigital.co.id,Permanent,2024-03-08,2024,2024-07-08,Voluntary,Better Compensation,Terminated,0.33,< 1 tahun,Information Technology,Software Engineer,L1,Bandung,8070000.0,
619,EMP00619,Rina Kusuma,Female,1993-03-21,31,25-34,Millennial,Single,S1,rina.kusuma619@nusantaradigital.co.id,Contract,2024-03-31,2024,2024-04-07,Involuntary,Poor Performance,Terminated,0.02,< 1 tahun,Customer Service,Customer Service Agent,L1,Surabaya,5260000.0,
620,EMP00620,Nadia Siregar,Female,1998-04-09,27,25-34,Gen Z,Married,D3,nadia.siregar620@nusantaradigital.co.id,Contract,2024-03-12,2024,,,,Active,1.8,1-2 tahun,Marketing,Marketing Specialist,L1,Bandung,8530000.0,
621,EMP00621,Nadia Tanjung,Female,1997-11-24,28,25-34,Gen Z,Married,S1,nadia.tanjung621@nusantaradigital.co.id,Permanent,2024-03-02,2024,,,,Active,1.83,1-2 tahun,Information Technology,Senior Software Engineer,L2,Jakarta,13830000.0,
622,EMP00622,Ayu Nasution,Female,1993-10-09,32,25-34,Millennial,Married,SMA/SMK,ayu.nasution622@nusantaradigital.co.id,Permanent,2024-03-13,2024,,,,Active,1.8,1-2 tahun,Customer Service,Customer Service Agent,L1,Jakarta,6160000.0,
623,EMP00623,Salsabila Simanjuntak,Female,2002-07-03,23,< 25,Gen Z,Married,S1,salsabila.simanjuntak623@nusantaradigital.co.id,Contract,2024-03-13,2024,,,,Active,1.8,1-2 tahun,Operations,Operations Staff,L1,Jakarta,6080000.0,
624,EMP00624,Lestari Wibowo,Female,1994-02-10,31,25-34,Millennial,Single,S1,lestari.wibowo624@nusantaradigital.co.id,Permanent,2024-03-10,2024,,,,Active,1.81,1-2 tahun,Customer Service,Senior CS Agent,L2,Jakarta,9910000.0,
625,EMP00625,Bunga Maharani,Female,1989-09-22,36,35-44,Millennial,Married,S1,bunga.maharani625@nusantaradigital.co.id,Contract,2024-03-30,2024,,,,Active,1.75,1-2 tahun,Marketing,Senior Marketing Specialist,L2,Jakarta,13790000.0,
626,EMP00626,Budi Setiawan,Male,2000-06-23,25,25-34,Gen Z,Married,S1,budi.setiawan626@nusantaradigital.co.id,Permanent,2024-03-09,2024,,,,Active,1.81,1-2 tahun,Operations,Operations Staff,L1,Surabaya,7290000.0,
627,EMP00627,Yusuf Santoso,Male,2002-03-22,22,< 25,Gen Z,Single,SMA/SMK,yusuf.santoso627@nusantaradigital.co.id,Permanent,2024-03-27,2024,2024-04-04,Voluntary,Career Growth,Terminated,0.02,< 1 tahun,Marketing,Marketing Specialist,L1,Makassar,6950000.0,
628,EMP00628,Taufik Rahman,Male,2003-10-18,22,< 25,Gen Z,Married,SMA/SMK,taufik.rahman628@nusantaradigital.co.id,Contract,2024-04-27,2024,,,,Active,1.68,1-2 tahun,Operations,Operations Staff,L1,Makassar,7210000.0,
629,EMP00629,Wahyu Suryadi,Male,1995-09-13,30,25-34,Millennial,Married,S1,wahyu.suryadi629@nusantaradigital.co.id,Permanent,2024-04-04,2024,,,,Active,1.74,1-2 tahun,Sales,Senior Sales Executive,L2,Jakarta,10990000.0,
630,EMP00630,Galih Purnomo,Male,2003-04-21,22,< 25,Gen Z,Married,S1,galih.purnomo630@nusantaradigital.co.id,Contract,2024-04-08,2024,,,,Active,1.73,1-2 tahun,Information Technology,Software Engineer,L1,Yogyakarta,11140000.0,
631,EMP00631,Joko Harahap,Male,2001-05-15,24,< 25,Gen Z,Single,D3,joko.harahap631@nusantaradigital.co.id,Permanent,2024-04-19,2024,,,,Active,1.7,1-2 tahun,Sales,Sales Executive,L1,Surabaya,7110000.0,
632,EMP00632,Dian Suryadi,Female,1994-09-23,31,25-34,Millennial,Divorced,D3,dian.suryadi632@nusantaradigital.co.id,Permanent,2024-04-25,2024,,,,Active,1.68,1-2 tahun,Information Technology,Software Engineer,L1,Bandung,10900000.0,
633,EMP00633,Novi Pangaribuan,Female,2001-08-18,24,< 25,Gen Z,Single,S1,novi.pangaribuan633@nusantaradigital.co.id,Permanent,2024-04-25,2024,,,,Active,1.68,1-2 tahun,Customer Service,Customer Service Agent,L1,Jakarta,5750000.0,
634,EMP00634,Aditya Syahputra,Male,1997-07-25,28,25-34,Gen Z,Married,S1,aditya.syahputra634@nusantaradigital.co.id,Permanent,2024-04-01,2024,,,,Active,1.75,1-2 tahun,Information Technology,Software Engineer,L1,Surabaya,9570000.0,
635,EMP00635,Budi Wijaya,Male,2001-03-15,24,< 25,Gen Z,Single,S1,budi.wijaya635@nusantaradigital.co.id,Permanent,2024-04-03,2024,,,,Active,1.74,1-2 tahun,Operations,Operations Staff,L1,Surabaya,7380000.0,
636,EMP00636,Fikri Maharani,Male,2003-11-04,21,< 25,Gen Z,Single,D3,fikri.maharani636@nusantaradigital.co.id,Permanent,2024-04-11,2024,2024-11-29,Involuntary,Misconduct,Terminated,0.64,< 1 tahun,Customer Service,Customer Service Agent,L1,Bandung,6850000.0,
637,EMP00637,Ilham Syahputra,Male,1995-02-21,30,25-34,Millennial,Married,S1,ilham.syahputra637@nusantaradigital.co.id,Contract,2024-04-26,2024,,,,Active,1.68,1-2 tahun,Finance,Accountant,L1,Bandung,9300000.0,
638,EMP00638,Nanda Tanjung,Male,2000-07-30,24,< 25,Gen Z,Married,S1,nanda.tanjung638@nusantaradigital.co.id,Permanent,2024-04-30,2024,2024-10-21,Involuntary,Restructuring,Terminated,0.48,< 1 tahun,Sales,Sales Executive,L1,Jakarta,7940000.0,
639,EMP00639,Nurul Nugroho,Female,1995-06-24,30,25-34,Millennial,Married,D3,nurul.nugroho639@nusantaradigital.co.id,Permanent,2024-04-24,2024,,,,Active,1.69,1-2 tahun,Finance,Senior Accountant,L2,Yogyakarta,12140000.0,
640,EMP00640,Dian Simanjuntak,Female,1999-09-03,26,25-34,Gen Z,Single,S1,dian.simanjuntak640@nusantaradigital.co.id,Permanent,2024-04-20,2024,,,,Active,1.7,1-2 tahun,Human Capital,HR Officer,L1,Makassar,7900000.0,
641,EMP00641,Eka Purnomo,Female,1994-07-25,31,25-34,Millennial,Single,S2,eka.purnomo641@nusantaradigital.co.id,Permanent,2024-04-21,2024,,,,Active,1.69,1-2 tahun,Operations,Senior Operations Staff,L2,Yogyakarta,11360000.0,
642,EMP00642,Rangga Harahap,Male,1997-09-06,28,25-34,Gen Z,Single,S1,rangga.harahap642@nusantaradigital.co.id,Permanent,2024-04-04,2024,,,,Active,1.74,1-2 tahun,Finance,Accountant,L1,Jakarta,8870000.0,
643,EMP00643,Ratna Simanjuntak,Female,1994-12-16,31,25-34,Millennial,Single,S1,ratna.simanjuntak643@nusantaradigital.co.id,Permanent,2024-05-19,2024,,,,Active,1.62,1-2 tahun,Information Technology,Senior Software Engineer,L2,Jakarta,14040000.0,
644,EMP00644,Rina Wijaya,Female,1994-07-01,30,25-34,Millennial,Single,S1,rina.wijaya644@nusantaradigital.co.id,Permanent,2024-05-01,2024,2024-10-28,Voluntary,Better Compensation,Terminated,0.49,< 1 tahun,Operations,Operations Staff,L1,Jakarta,6110000.0,
645,EMP00645,Kartika Permata,Female,2004-02-14,21,< 25,Gen Z,Married,D3,,Permanent,2024-05-13,2024,,,,Active,1.63,1-2 tahun,Information Technology,Software Engineer,L1,Makassar,8270000.0,
646,EMP00646,Anisa Nasution,Female,1999-08-09,25,25-34,Gen Z,Married,S2,anisa.nasution646@nusantaradigital.co.id,Permanent,2024-05-20,2024,2024-12-28,Involuntary,Poor Performance,Terminated,0.61,< 1 tahun,Customer Service,Customer Service Agent,L1,Jakarta,5800000.0,
647,EMP00647,Reza Lubis,Male,1996-11-18,29,25-34,Millennial,Divorced,S1,reza.lubis647@nusantaradigital.co.id,Permanent,2024-05-25,2024,,,,Active,1.6,1-2 tahun,Operations,Operations Supervisor,L3,Makassar,16320000.0,
648,EMP00648,Bayu Halim,Male,1993-01-10,32,25-34,Millennial,Married,SMA/SMK,bayu.halim648@nusantaradigital.co.id,Contract,2024-05-24,2024,,,,Active,1.6,1-2 tahun,Operations,Operations Staff,L1,Surabaya,7500000.0,
649,EMP00649,Lukman Setiawan,Male,2000-12-20,25,25-34,Gen Z,Divorced,S1,lukman.setiawan649@nusantaradigital.co.id,Permanent,2024-05-13,2024,,,,Active,1.63,1-2 tahun,Customer Service,Customer Service Agent,L1,Jakarta,6580000.0,
650,EMP00650,Gita Syahputra,Female,1996-05-02,29,25-34,Millennial,Married,S1,gita.syahputra650@nusantaradigital.co.id,Contract,2024-05-18,2024,,,,Active,1.62,1-2 tahun,Customer Service,Customer Service Agent,L1,Bandung,7190000.0,
651,EMP00651,Dian Nasution,Female,1995-09-27,30,25-34,Millennial,Divorced,D3,dian.nasution651@nusantaradigital.co.id,Permanent,2024-05-04,2024,,,,Active,1.66,1-2 tahun,Product,Product Analyst,L1,Jakarta,8350000.0,
652,EMP00652,Ayu Mappasessu,Female,1997-05-27,28,25-34,Gen Z,Single,S1,ayu.mappasessu652@nusantaradigital.co.id,Permanent,2024-05-13,2024,,,,Active,1.63,1-2 tahun,Sales,Senior Sales Executive,L2,Surabaya,14180000.0,
653,EMP00653,Joko Utami,Male,1991-02-06,34,25-34,Millennial,Divorced,S1,joko.utami653@nusantaradigital.co.id,Permanent,2024-05-29,2024,2025-02-28,Involuntary,Restructuring,Terminated,0.75,< 1 tahun,Operations,Operations Supervisor,L3,Jakarta,17500000.0,
654,EMP00654,Hendra Saputra,Male,1995-12-07,30,25-34,Millennial,Single,D3,hendra.saputra654@nusantaradigital.co.id,Contract,2024-05-05,2024,,,,Active,1.66,1-2 tahun,Sales,Sales Executive,L1,Jakarta,6760000.0,
655,EMP00655,Ilham Susanti,Male,1995-07-13,28,25-34,Millennial,Married,S1,ilham.susanti655@nusantaradigital.co.id,Permanent,2024-05-28,2024,2024-06-16,Voluntary,Work-Life Balance,Terminated,0.05,< 1 tahun,Operations,Operations Staff,L1,Jakarta,6300000.0,
656,EMP00656,Agus Simanjuntak,Male,2002-01-08,23,< 25,Gen Z,Married,S1,agus.simanjuntak656@nusantaradigital.co.id,Permanent,2024-05-21,2024,,,,Active,1.61,1-2 tahun,Operations,Operations Staff,L1,Surabaya,6560000.0,
657,EMP00657,Nanda Utami,Male,1995-01-16,30,25-34,Millennial,Married,S1,nanda.utami657@nusantaradigital.co.id,Permanent,2024-06-12,2024,2025-03-15,Voluntary,Better Compensation,Terminated,0.76,< 1 tahun,Operations,Operations Staff,L1,Surabaya,6640000.0,
658,EMP00658,Irfan Anggraini,Male,1999-01-15,25,25-34,Gen Z,Married,S2,irfan.anggraini658@nusantaradigital.co.id,Permanent,2024-06-16,2024,2024-08-13,Involuntary,Misconduct,Terminated,0.16,< 1 tahun,Sales,Sales Executive,L1,Medan,6990000.0,
659,EMP00659,Lukman Maharani,Male,2003-08-19,22,< 25,Gen Z,Single,D3,lukman.maharani659@nusantaradigital.co.id,Permanent,2024-06-20,2024,,,,Active,1.53,1-2 tahun,Information Technology,Software Engineer,L1,Jakarta,7960000.0,
660,EMP00660,Yusuf Nugroho,Male,1997-06-17,28,25-34,Gen Z,Single,S1,yusuf.nugroho660@nusantaradigital.co.id,Permanent,2024-06-03,2024,2025-10-03,Voluntary,Management Issues,Terminated,1.33,1-2 tahun,Customer Service,Customer Service Agent,L1,Medan,6520000.0,
661,EMP00661,Putra Maharani,Male,1999-04-20,25,25-34,Gen Z,Married,S1,putra.maharani661@nusantaradigital.co.id,Permanent,2024-06-18,2024,2025-01-26,Involuntary,Poor Performance,Terminated,0.61,< 1 tahun,Customer Service,Customer Service Agent,L1,Jakarta,6790000.0,
662,EMP00662,Irfan Maharani,Male,2000-03-22,25,25-34,Gen Z,Single,S2,irfan.maharani662@nusantaradigital.co.id,Contract,2024-06-28,2024,,,,Active,1.51,1-2 tahun,Operations,Operations Staff,L1,Bandung,8250000.0,
663,EMP00663,Dewi Ramadhan,Female,2000-07-24,25,25-34,Gen Z,Married,S1,dewi.ramadhan663@nusantaradigital.co.id,Permanent,2024-06-15,2024,2025-10-12,Voluntary,Better Compensation,Terminated,1.33,1-2 tahun,Human Capital,HR Officer,L1,Yogyakarta,7540000.0,
664,EMP00664,Nurul Kusuma,Female,2003-11-03,22,< 25,Gen Z,Married,D3,nurul.kusuma664@nusantaradigital.co.id,Permanent,2024-06-21,2024,,,,Active,1.53,1-2 tahun,Operations,Operations Staff,L1,Jakarta,6250000.0,
665,EMP00665,Rangga Hasibuan,Male,1990-03-22,35,35-44,Millennial,Married,S2,rangga.hasibuan665@nusantaradigital.co.id,Permanent,2024-06-29,2024,,,,Active,1.51,1-2 tahun,Marketing,Marketing Supervisor,L3,Bandung,19130000.0,
666,EMP00666,Hadi Utami,Male,2000-12-20,24,< 25,Gen Z,Single,D3,hadi.utami666@nusantaradigital.co.id,Permanent,2024-06-10,2024,2025-04-07,Voluntary,Relocation,Terminated,0.82,< 1 tahun,Customer Service,Customer Service Agent,L1,Medan,6890000.0,
667,EMP00667,Siti Maharani,Female,1996-08-19,29,25-34,Millennial,Single,S1,siti.maharani667@nusantaradigital.co.id,Contract,2024-06-03,2024,,,,Active,1.58,1-2 tahun,Customer Service,Customer Service Agent,L1,Bandung,7370000.0,
668,EMP00668,Reza Daeng,Male,1997-04-10,28,25-34,Gen Z,Single,S1,reza.daeng668@nusantaradigital.co.id,Permanent,2024-06-28,2024,,,,Active,1.51,1-2 tahun,Operations,Operations Staff,L1,Bandung,6980000.0,
669,EMP00669,Lestari Maharani,Female,1994-07-18,31,25-34,Millennial,Single,S1,lestari.maharani669@nusantaradigital.co.id,Permanent,2024-07-20,2024,,,,Active,1.45,1-2 tahun,Information Technology,Senior Software Engineer,L2,Yogyakarta,16180000.0,
670,EMP00670,Wulan Daeng,Female,1993-09-07,31,25-34,Millennial,Single,S1,wulan.daeng670@nusantaradigital.co.id,Permanent,2024-07-11,2024,2025-02-19,Voluntary,Work-Life Balance,Terminated,0.61,< 1 tahun,Operations,Operations Supervisor,L3,Bandung,16560000.0,
671,EMP00671,Nurul Wijaya,Female,1999-03-07,26,25-34,Gen Z,Single,S1,nurul.wijaya671@nusantaradigital.co.id,Contract,2024-07-23,2024,,,,Active,1.44,1-2 tahun,Customer Service,Customer Service Agent,L1,Medan,6370000.0,
672,EMP00672,Joko Simanjuntak,Male,,,Unknown,Unknown,Married,S1,joko.simanjuntak672@nusantaradigital.co.id,Permanent,2024-07-17,2024,,,,Active,1.46,1-2 tahun,Marketing,Senior Marketing Specialist,L2,Yogyakarta,11130000.0,INVALID_BIRTH_DATE
673,EMP00673,Mega Hasibuan,Female,1994-11-18,31,25-34,Millennial,Single,S1,mega.hasibuan673@nusantaradigital.co.id,Contract,2024-07-20,2024,,,,Active,1.45,1-2 tahun,Marketing,Senior Marketing Specialist,L2,Surabaya,13120000.0,
674,EMP00674,Rizki Rahman,Male,2004-04-18,20,< 25,Gen Z,Married,SMA/SMK,rizki.rahman674@nusantaradigital.co.id,Permanent,2024-07-28,2024,2024-10-16,Involuntary,Misconduct,Terminated,0.22,< 1 tahun,Sales,Sales Executive,L1,Jakarta,8080000.0,
675,EMP00675,Nanda Firmansyah,Male,2004-06-18,21,< 25,Gen Z,Single,S1,nanda.firmansyah675@nusantaradigital.co.id,Permanent,2024-07-03,2024,,,,Active,1.49,1-2 tahun,Operations,Operations Staff,L1,Makassar,6970000.0,
676,EMP00676,Fikri Purnomo,Male,1996-02-15,29,25-34,Millennial,Married,D3,fikri.purnomo676@nusantaradigital.co.id,Permanent,2024-07-10,2024,,,,Active,1.48,1-2 tahun,Information Technology,Senior Software Engineer,L2,Jakarta,12930000.0,
677,EMP00677,Tiara Firmansyah,Female,2003-11-29,22,< 25,Gen Z,Divorced,S1,tiara.firmansyah677@nusantaradigital.co.id,Contract,2024-07-06,2024,,,,Active,1.49,1-2 tahun,Marketing,Marketing Specialist,L1,Jakarta,8580000.0,
678,EMP00678,Gilang Ramadhan,Male,1993-01-05,32,25-34,Millennial,Married,S1,gilang.ramadhan678@nusantaradigital.co.id,Permanent,2024-07-18,2024,,,,Active,1.45,1-2 tahun,Operations,Senior Operations Staff,L2,Surabaya,10730000.0,
679,EMP00679,Putri Pangaribuan,Female,2000-02-02,25,25-34,Gen Z,Married,D3,putri.pangaribuan679@nusantaradigital.co.id,Permanent,2024-07-21,2024,,,,Active,1.45,1-2 tahun,Customer Service,CS Team Leader,L3,Bandung,13730000.0,
680,EMP00680,Bayu Nugroho,Male,2000-12-16,24,< 25,Gen Z,Married,S1,bayu.nugroho680@nusantaradigital.co.id,Permanent,2024-07-04,2024,2025-06-03,Voluntary,Better Compensation,Terminated,0.91,< 1 tahun,Operations,Senior Operations Staff,L2,Makassar,10520000.0,
681,EMP00681,Fajar Harahap,Male,2002-06-09,22,< 25,Gen Z,Single,S1,fajar.harahap681@nusantaradigital.co.id,Permanent,2024-07-25,2024,2024-10-30,Voluntary,Career Growth,Terminated,0.27,< 1 tahun,Sales,Sales Executive,L1,Jakarta,6360000.0,
682,EMP00682,Rahma Sinaga,Female,1987-07-26,38,35-44,Millennial,Married,S1,rahma.sinaga682@nusantaradigital.co.id,Contract,2024-07-04,2024,,,,Active,1.49,1-2 tahun,Sales,Head of Sales,L5,Jakarta,47300000.0,
683,EMP00683,Yuni Purnomo,Female,1993-10-29,32,25-34,Millennial,Single,D3,yuni.purnomo683@nusantaradigital.co.id,Permanent,2024-07-08,2024,,,,Active,1.48,1-2 tahun,Customer Service,Customer Service Agent,L1,Bandung,6400000.0,
684,EMP00684,Ayu Firmansyah,Female,1994-01-16,31,25-34,Millennial,Married,S1,ayu.firmansyah684@nusantaradigital.co.id,Permanent,2024-07-23,2024,,,,Active,1.44,1-2 tahun,Customer Service,CS Team Leader,L3,Makassar,14790000.0,
685,EMP00685,Budi Pangaribuan,Male,1980-11-26,44,35-44,Gen X,Married,S2,budi.pangaribuan685@nusantaradigital.co.id,Permanent,2024-08-11,2024,2025-06-20,Involuntary,Restructuring,Terminated,0.86,< 1 tahun,Operations,Operations Manager,L4,Yogyakarta,29500000.0,
686,EMP00686,Sari Hasibuan,Female,1996-08-14,29,25-34,Millennial,Married,SMA/SMK,sari.hasibuan686@nusantaradigital.co.id,Permanent,2024-08-26,2024,,,,Active,1.35,1-2 tahun,Operations,Operations Staff,L1,Yogyakarta,7580000.0,
687,EMP00687,Salsabila Lubis,Female,1998-11-04,27,25-34,Gen Z,Married,D3,salsabila.lubis687@nusantaradigital.co.id,Permanent,2024-08-04,2024,,,,Active,1.41,1-2 tahun,Operations,Senior Operations Staff,L2,Jakarta,12450000.0,
688,EMP00688,Rangga Mappasessu,Male,2001-04-06,23,< 25,Gen Z,Married,D3,rangga.mappasessu688@nusantaradigital.co.id,Contract,2024-08-08,2024,2024-10-22,Involuntary,Poor Performance,Terminated,0.21,< 1 tahun,Sales,Sales Executive,L1,Surabaya,6750000.0,
689,EMP00689,Gita Mappasessu,Female,1992-10-26,33,25-34,Millennial,Married,SMA/SMK,gita.mappasessu689@nusantaradigital.co.id,Permanent,2024-08-14,2024,,,,Active,1.38,1-2 tahun,Marketing,Marketing Supervisor,L3,Jakarta,18460000.0,
690,EMP00690,Agus Hidayat,Male,1997-12-05,27,25-34,Gen Z,Married,S1,agus.hidayat690@nusantaradigital.co.id,Permanent,2024-08-17,2024,2025-11-01,Involuntary,Poor Performance,Terminated,1.21,1-2 tahun,Marketing,Marketing Specialist,L1,Jakarta,8220000.0,
691,EMP00691,Salsabila Kusuma,Female,1988-03-12,37,35-44,Millennial,Married,S1,salsabila.kusuma691@nusantaradigital.co.id,Permanent,2024-08-09,2024,,,,Active,1.39,1-2 tahun,Customer Service,Senior CS Agent,L2,Bandung,8680000.0,
692,EMP00692,Hadi Wijaya,Male,1993-10-20,32,25-34,Millennial,Married,S1,hadi.wijaya692@nusantaradigital.co.id,Permanent,2024-09-08,2024,,,,Active,1.31,1-2 tahun,Information Technology,Tech Lead,L3,Jakarta,22670000.0,
693,EMP00693,Irfan Daeng,Male,1999-03-29,26,25-34,Gen Z,Married,S2,irfan.daeng693@nusantaradigital.co.id,Permanent,2024-09-28,2024,,,,Active,1.26,1-2 tahun,Operations,Senior Operations Staff,L2,Yogyakarta,9120000.0,
694,EMP00694,Dimas Syahputra,Male,1999-11-01,26,25-34,Gen Z,Married,S1,dimas.syahputra694@nusantaradigital.co.id,Permanent,2024-09-16,2024,,,,Active,1.29,1-2 tahun,Operations,Senior Operations Staff,L2,Jakarta,11390000.0,
695,EMP00695,Ayu Ramadhan,Female,1989-10-05,35,35-44,Millennial,Single,S1,ayu.ramadhan695@nusantaradigital.co.id,Permanent,2024-09-26,2024,2024-12-09,Voluntary,Work-Life Balance,Terminated,0.2,< 1 tahun,Sales,Sales Manager,L4,Jakarta,33490000.0,
696,EMP00696,Ratna Daeng,Female,1994-12-07,31,25-34,Millennial,Married,S1,ratna.daeng696@nusantaradigital.co.id,Permanent,2024-09-14,2024,,,,Active,1.3,1-2 tahun,Marketing,Marketing Specialist,L1,Bandung,8960000.0,
697,EMP00697,Rahma Susanti,Female,1997-05-20,28,25-34,Gen Z,Married,S1,rahma.susanti697@nusantaradigital.co.id,Permanent,2024-09-22,2024,,,,Active,1.27,1-2 tahun,Customer Service,Customer Service Agent,L1,Jakarta,7010000.0,
698,EMP00698,Vina Firmansyah,Female,1998-12-12,27,25-34,Gen Z,Married,S1,vina.firmansyah698@nusantaradigital.co.id,Permanent,2024-09-06,2024,,,,Active,1.32,1-2 tahun,Human Capital,Senior HR Officer,L2,Bandung,11730000.0,
699,EMP00699,Fikri Sinaga,Male,2004-03-04,21,< 25,Gen Z,Married,S1,fikri.sinaga699@nusantaradigital.co.id,Contract,2024-09-23,2024,,,,Active,1.27,1-2 tahun,Operations,Operations Staff,L1,Jakarta,6970000.0,
700,EMP00700,Dian Pratama,Female,1995-01-15,30,25-34,Millennial,Single,S2,dian.pratama700@nusantaradigital.co.id,Permanent,2024-10-30,2024,2025-07-09,Voluntary,Better Compensation,Terminated,0.69,< 1 tahun,Marketing,Senior Marketing Specialist,L2,Surabaya,10060000.0,
701,EMP00701,Novi Utami,Female,2003-08-25,22,< 25,Gen Z,Single,S1,novi.utami701@nusantaradigital.co.id,Permanent,2024-10-16,2024,,,,Active,1.21,1-2 tahun,Customer Service,Customer Service Agent,L1,Surabaya,6320000.0,
702,EMP00702,Nanda Setiawan,Male,2001-08-09,23,< 25,Gen Z,Married,D3,nanda.setiawan702@nusantaradigital.co.id,Permanent,2024-10-11,2024,2025-07-11,Involuntary,Poor Performance,Terminated,0.75,< 1 tahun,Operations,Operations Staff,L1,Medan,6580000.0,
703,EMP00703,Intan Siregar,Female,2002-11-01,23,< 25,Gen Z,Single,S1,intan.siregar703@nusantaradigital.co.id,Permanent,2024-10-15,2024,,,,Active,1.21,1-2 tahun,Operations,Operations Staff,L1,Makassar,6080000.0,
704,EMP00704,Bunga Pangaribuan,Female,1995-11-06,29,25-34,Millennial,Single,D3,bunga.pangaribuan704@nusantaradigital.co.id,Permanent,2024-10-29,2024,2025-01-04,Involuntary,Restructuring,Terminated,0.18,< 1 tahun,Information Technology,Software Engineer,L1,Jakarta,8750000.0,
705,EMP00705,Vina Wibowo,Female,1996-04-03,29,25-34,Millennial,Married,SMA/SMK,vina.wibowo705@nusantaradigital.co.id,Permanent,2024-10-04,2024,,,,Active,1.24,1-2 tahun,Sales,Sales Executive,L1,Jakarta,6220000.0,
706,EMP00706,Nurul Purnomo,Female,1994-03-24,30,25-34,Millennial,Married,S1,nurul.purnomo706@nusantaradigital.co.id,Permanent,2024-10-25,2024,2024-12-05,Involuntary,Restructuring,Terminated,0.11,< 1 tahun,Customer Service,Customer Service Agent,L1,Medan,6390000.0,
707,EMP00707,Eko Pratama,Male,1996-07-07,29,25-34,Millennial,Married,D3,eko.pratama707@nusantaradigital.co.id,Permanent,2024-10-18,2024,,,,Active,1.2,1-2 tahun,Customer Service,Senior CS Agent,L2,Bandung,8340000.0,
708,EMP00708,Bayu Hidayat,Male,1998-01-06,27,25-34,Gen Z,Married,D3,bayu.hidayat708@nusantaradigital.co.id,Contract,2024-10-28,2024,2025-08-27,Voluntary,Better Compensation,Terminated,0.83,< 1 tahun,Sales,Sales Executive,L1,Jakarta,8530000.0,
709,EMP00709,Hendra Wijaya,Male,1996-11-23,29,25-34,Millennial,Single,D3,hendra.wijaya709@nusantaradigital.co.id,Permanent,2024-10-20,2024,,,,Active,1.2,1-2 tahun,Operations,Operations Staff,L1,Surabaya,7300000.0,
710,EMP00710,Fajar Pratama,Male,2003-01-06,22,< 25,Gen Z,Married,S1,fajar.pratama710@nusantaradigital.co.id,Permanent,2024-10-31,2024,,,,Active,1.17,1-2 tahun,Sales,Sales Executive,L1,Jakarta,6680000.0,
711,EMP00711,Dedi Susanti,Male,1995-09-19,30,25-34,Millennial,Married,S2,dedi.susanti711@nusantaradigital.co.id,Contract,2024-10-07,2024,,,,Active,1.23,1-2 tahun,Sales,Senior Sales Executive,L2,Jakarta,11060000.0,
712,EMP00712,Ratna Firmansyah,Female,1992-10-31,33,25-34,Millennial,Single,D3,ratna.firmansyah712@nusantaradigital.co.id,Permanent,2024-10-18,2024,,,,Active,1.2,1-2 tahun,Customer Service,Senior CS Agent,L2,Jakarta,9120000.0,
713,EMP00713,Fikri Kusuma,Male,1999-02-26,26,25-34,Gen Z,Divorced,SMA/SMK,fikri.kusuma713@nusantaradigital.co.id,Permanent,2024-10-23,2024,,,,Active,1.19,1-2 tahun,Information Technology,Software Engineer,L1,Surabaya,9040000.0,
714,EMP00714,Eka Siregar,Female,1989-09-25,36,35-44,Millennial,Married,S1,eka.siregar714@nusantaradigital.co.id,Permanent,2024-10-24,2024,,,,Active,1.19,1-2 tahun,Information Technology,IT Manager,L4,Bandung,32510000.0,
715,EMP00715,Agus Tanjung,Male,2002-01-05,23,< 25,Gen Z,Married,S1,agus.tanjung715@nusantaradigital.co.id,Permanent,2024-10-18,2024,,,,Active,1.2,1-2 tahun,Product,Product Analyst,L1,Jakarta,9740000.0,
716,EMP00716,Nurul Permata,Female,1993-11-06,32,25-34,Millennial,Married,S1,nurul.permata716@nusantaradigital.co.id,Permanent,2024-10-19,2024,,,,Active,1.2,1-2 tahun,Marketing,Marketing Supervisor,L3,Jakarta,16180000.0,
717,EMP00717,Joko Tanjung,Male,1991-09-30,34,25-34,Millennial,Married,S1,,Permanent,2024-10-21,2024,,,,Active,1.19,1-2 tahun,Human Capital,HR Officer,L1,Bandung,7870000.0,
718,EMP00718,Galih Nasution,Male,1997-09-18,28,25-34,Gen Z,Married,S1,galih.nasution718@nusantaradigital.co.id,Permanent,2024-10-10,2024,,,,Active,1.22,1-2 tahun,Information Technology,Software Engineer,L1,Jakarta,9000000.0,
719,EMP00719,Novi Simanjuntak,Female,2002-01-12,23,< 25,Gen Z,Single,S1,novi.simanjuntak719@nusantaradigital.co.id,Permanent,2024-10-06,2024,,,,Active,1.23,1-2 tahun,Sales,Sales Executive,L1,Medan,7800000.0,
720,EMP00720,Nurul Simanjuntak,Female,1999-01-01,26,25-34,Gen Z,Divorced,S1,nurul.simanjuntak720@nusantaradigital.co.id,Permanent,2024-11-20,2024,,,,Active,1.11,1-2 tahun,Operations,Operations Staff,L1,Surabaya,6590000.0,
721,EMP00721,Gilang Siregar,Male,2000-03-01,25,25-34,Gen Z,Married,S1,gilang.siregar721@nusantaradigital.co.id,Contract,2024-11-03,2024,,,,Active,1.16,1-2 tahun,Operations,Operations Staff,L1,Jakarta,6490000.0,
722,EMP00722,Dedi Hidayat,Male,1998-04-15,27,25-34,Gen Z,Single,S1,dedi.hidayat722@nusantaradigital.co.id,Permanent,2024-11-17,2024,,,,Active,1.12,1-2 tahun,Marketing,Marketing Specialist,L1,Medan,7640000.0,
723,EMP00723,Dedi Purnomo,Male,1995-07-11,30,25-34,Millennial,Married,S1,dedi.purnomo723@nusantaradigital.co.id,Permanent,2024-11-26,2024,,,,Active,1.1,1-2 tahun,Operations,Senior Operations Staff,L2,Jakarta,11530000.0,
724,EMP00724,Nanda Susanti,Male,2000-04-25,24,< 25,Gen Z,Single,S1,nanda.susanti724@nusantaradigital.co.id,Permanent,2024-11-30,2024,2025-02-03,Voluntary,Career Growth,Terminated,0.18,< 1 tahun,Sales,Sales Executive,L1,Surabaya,6650000.0,
725,EMP00725,Kurniawan Setiawan,Male,2003-07-29,22,< 25,Gen Z,Married,S1,kurniawan.setiawan725@nusantaradigital.co.id,Permanent,2024-11-04,2024,,,,Active,1.16,1-2 tahun,Sales,Sales Executive,L1,Jakarta,7090000.0,
726,EMP00726,Rian Pratama,Male,1997-11-23,27,25-34,Gen Z,Married,S1,rian.pratama726@nusantaradigital.co.id,Permanent,2024-11-20,2024,2025-09-29,Involuntary,Poor Performance,Terminated,0.86,< 1 tahun,Information Technology,Senior Software Engineer,L2,Yogyakarta,15980000.0,
727,EMP00727,Yoga Nasution,Male,1992-01-08,33,25-34,Millennial,Married,S1,yoga.nasution727@nusantaradigital.co.id,Contract,2024-11-22,2024,2025-12-10,Voluntary,Better Compensation,Terminated,1.05,1-2 tahun,Customer Service,Customer Service Agent,L1,Makassar,6640000.0,
728,EMP00728,Fikri Hidayat,Male,1996-05-24,29,25-34,Millennial,Single,S1,fikri.hidayat728@nusantaradigital.co.id,Permanent,2024-11-25,2024,,,,Active,1.1,1-2 tahun,Sales,Sales Executive,L1,Bandung,6440000.0,
729,EMP00729,Muhammad Maharani,Male,2002-04-26,23,< 25,Gen Z,Married,S1,muhammad.maharani729@nusantaradigital.co.id,Permanent,2024-11-28,2024,2025-10-24,Involuntary,Misconduct,Terminated,0.9,< 1 tahun,Customer Service,Senior CS Agent,L2,Jakarta,10730000.0,
730,EMP00730,Rian Saputra,Male,1999-03-09,26,25-34,Gen Z,Married,S1,rian.saputra730@nusantaradigital.co.id,Contract,2024-11-09,2024,2025-05-01,Voluntary,Better Compensation,Terminated,0.47,< 1 tahun,Sales,Sales Executive,L1,Bandung,7430000.0,
731,EMP00731,Tiara Nasution,Female,1996-12-24,29,25-34,Millennial,Single,S1,tiara.nasution731@nusantaradigital.co.id,Permanent,2024-11-14,2024,,,,Active,1.13,1-2 tahun,Information Technology,Tech Lead,L3,Jakarta,23100000.0,
732,EMP00732,Bunga Rahman,Female,1990-08-20,34,25-34,Millennial,Single,S1,bunga.rahman732@nusantaradigital.co.id,Permanent,2024-11-11,2024,2025-01-16,Voluntary,Further Study,Terminated,0.18,< 1 tahun,Operations,Operations Staff,L1,Surabaya,7680000.0,
733,EMP00733,Hendra Suryadi,Male,1999-12-17,26,25-34,Gen Z,Married,S1,hendra.suryadi733@nusantaradigital.co.id,Permanent,2024-11-21,2024,,,,Active,1.11,1-2 tahun,Operations,Senior Operations Staff,L2,Surabaya,8890000.0,
734,EMP00734,Reza Daeng,Male,2000-10-19,25,25-34,Gen Z,Married,S1,reza.daeng734@nusantaradigital.co.id,Contract,2024-12-20,2024,,,,Active,1.03,1-2 tahun,Information Technology,Software Engineer,L1,Jakarta,9810000.0,
735,EMP00735,Tiara Simanjuntak,Female,1997-06-13,28,25-34,Gen Z,Married,S1,tiara.simanjuntak735@nusantaradigital.co.id,Permanent,2024-12-06,2024,,,,Active,1.07,1-2 tahun,Information Technology,Software Engineer,L1,Jakarta,8940000.0,
736,EMP00736,Anisa Setiawan,Female,1998-08-02,27,25-34,Gen Z,Single,S1,anisa.setiawan736@nusantaradigital.co.id,Permanent,2024-12-27,2024,,,,Active,1.01,1-2 tahun,Sales,Sales Executive,L1,Jakarta,6630000.0,
737,EMP00737,Taufik Firmansyah,Male,1996-04-04,29,25-34,Millennial,Divorced,S1,taufik.firmansyah737@nusantaradigital.co.id,Permanent,2024-12-04,2024,,,,Active,1.07,1-2 tahun,Operations,Senior Operations Staff,L2,Jakarta,10910000.0,
738,EMP00738,Lestari Wijaya,Female,2004-09-10,21,< 25,Gen Z,Married,S1,lestari.wijaya738@nusantaradigital.co.id,Permanent,2024-12-09,2024,,,,Active,1.06,1-2 tahun,Sales,Sales Executive,L1,Yogyakarta,6780000.0,
739,EMP00739,Kartika Halim,Female,2003-12-01,22,< 25,Gen Z,Married,D3,kartika.halim739@nusantaradigital.co.id,Permanent,2024-12-17,2024,,,,Active,1.04,1-2 tahun,Customer Service,Customer Service Agent,L1,Jakarta,6840000.0,
740,EMP00740,Rian Pratama,Male,2000-05-22,25,25-34,Gen Z,Married,D3,rian.pratama740@nusantaradigital.co.id,Permanent,2024-12-15,2024,,,,Active,1.04,1-2 tahun,Marketing,Marketing Specialist,L1,Jakarta,7350000.0,
741,EMP00741,Nurul Halim,Female,1999-04-16,26,25-34,Gen Z,Single,SMA/SMK,nurul.halim741@nusantaradigital.co.id,Permanent,2024-12-26,2024,,,,Active,1.01,1-2 tahun,Operations,Senior Operations Staff,L2,Surabaya,9490000.0,
742,EMP00742,Fitri Halim,Female,1993-11-29,32,25-34,Millennial,Married,S1,fitri.halim742@nusantaradigital.co.id,Permanent,2024-12-02,2024,,,,Active,1.08,1-2 tahun,Customer Service,Customer Service Agent,L1,Jakarta,5970000.0,
743,EMP00743,Hendra Kusuma,Male,1999-11-19,26,25-34,Gen Z,Single,S1,hendra.kusuma743@nusantaradigital.co.id,Permanent,2024-12-21,2024,,,,Active,1.03,1-2 tahun,Sales,Sales Executive,L1,Makassar,7920000.0,
744,EMP00744,Novi Utami,Female,2000-03-20,25,25-34,Gen Z,Single,S1,novi.utami744@nusantaradigital.co.id,Permanent,2024-12-16,2024,,,,Active,1.04,1-2 tahun,Product,Product Analyst,L1,Makassar,8760000.0,
745,EMP00745,Budi Hasibuan,Male,1992-07-19,33,25-34,Millennial,Married,S1,budi.hasibuan745@nusantaradigital.co.id,Contract,2025-01-02,2025,,,,Active,0.99,< 1 tahun,Customer Service,Senior CS Agent,L2,Bandung,10380000.0,
746,EMP00746,Gita Lubis,Female,1994-02-26,31,25-34,Millennial,Single,S1,gita.lubis746@nusantaradigital.co.id,Permanent,2025-01-09,2025,,,,Active,0.97,< 1 tahun,Information Technology,Senior Software Engineer,L2,Jakarta,15180000.0,
747,EMP00747,Nanda Halim,Male,2002-07-19,23,< 25,Gen Z,Single,D3,nanda.halim747@nusantaradigital.co.id,Permanent,2025-01-31,2025,,,,Active,0.91,< 1 tahun,Information Technology,Software Engineer,L1,Medan,8820000.0,
748,EMP00748,Intan Purnomo,Female,1988-02-03,37,35-44,Millennial,Married,S1,intan.purnomo748@nusantaradigital.co.id,Permanent,2025-01-12,2025,,,,Active,0.97,< 1 tahun,Customer Service,Head of Customer Experience,L5,Makassar,36170000.0,
749,EMP00749,Dedi Simanjuntak,Male,1998-04-17,27,25-34,Gen Z,Married,D3,dedi.simanjuntak749@nusantaradigital.co.id,Permanent,2025-01-25,2025,,,,Active,0.93,< 1 tahun,Customer Service,Senior CS Agent,L2,Jakarta,11340000.0,
750,EMP00750,Rangga Tanjung,Male,2000-02-12,25,25-34,Gen Z,Divorced,S1,rangga.tanjung750@nusantaradigital.co.id,Permanent,2025-01-04,2025,2025-07-31,Involuntary,Poor Performance,Terminated,0.57,< 1 tahun,Operations,Operations Staff,L1,Jakarta,6760000.0,
751,EMP00751,Satria Santoso,Male,2000-12-19,25,25-34,Gen Z,Single,S1,satria.santoso751@nusantaradigital.co.id,Permanent,2025-01-03,2025,,,,Active,0.99,< 1 tahun,Operations,Operations Staff,L1,Surabaya,6230000.0,
752,EMP00752,Maya Lubis,Female,2002-03-29,23,< 25,Gen Z,Divorced,S1,maya.lubis752@nusantaradigital.co.id,Permanent,2025-01-14,2025,,,,Active,0.96,< 1 tahun,Customer Service,Customer Service Agent,L1,Bandung,6710000.0,
753,EMP00753,Hadi Ramadhan,Male,2001-03-15,24,< 25,Gen Z,Single,D3,hadi.ramadhan753@nusantaradigital.co.id,Permanent,2025-01-05,2025,,,,Active,0.99,< 1 tahun,Information Technology,Software Engineer,L1,Surabaya,7860000.0,
754,EMP00754,Eko Susanti,Male,1995-04-18,30,25-34,Millennial,Married,S1,eko.susanti754@nusantaradigital.co.id,Permanent,2025-01-23,2025,2025-12-11,Voluntary,Work-Life Balance,Terminated,0.88,< 1 tahun,Operations,Operations Supervisor,L3,Jakarta,13180000.0,
755,EMP00755,Aditya Utami,Male,2001-08-14,24,< 25,Gen Z,Married,S1,aditya.utami755@nusantaradigital.co.id,Contract,2025-01-25,2025,2025-10-19,Involuntary,Poor Performance,Terminated,0.73,< 1 tahun,Operations,Operations Staff,L1,Jakarta,6980000.0,
756,EMP00756,Tiara Lubis,Female,1995-04-06,30,25-34,Millennial,Single,SMA/SMK,tiara.lubis756@nusantaradigital.co.id,Contract,2025-02-26,2025,,,,Active,0.84,< 1 tahun,Sales,Sales Executive,L1,Jakarta,8280000.0,
757,EMP00757,Ratna Ramadhan,Female,2001-07-19,24,< 25,Gen Z,Divorced,S1,ratna.ramadhan757@nusantaradigital.co.id,Permanent,2025-02-23,2025,,,,Active,0.85,< 1 tahun,Information Technology,Software Engineer,L1,Bandung,9900000.0,
758,EMP00758,Nanda Setiawan,Male,2002-11-30,23,< 25,Gen Z,Single,S1,nanda.setiawan758@nusantaradigital.co.id,Permanent,2025-02-05,2025,,,,Active,0.9,< 1 tahun,Sales,Sales Executive,L1,Makassar,7740000.0,
759,EMP00759,Galih Firmansyah,Male,1998-10-06,27,25-34,Gen Z,Single,S1,galih.firmansyah759@nusantaradigital.co.id,Permanent,2025-02-15,2025,,,,Active,0.87,< 1 tahun,Customer Service,Customer Service Agent,L1,Makassar,5410000.0,
760,EMP00760,Aditya Tanjung,Male,1992-06-24,33,25-34,Millennial,Married,S1,aditya.tanjung760@nusantaradigital.co.id,Permanent,2025-02-07,2025,,,,Active,0.9,< 1 tahun,Sales,Senior Sales Executive,L2,Jakarta,10010000.0,
761,EMP00761,Dian Suryadi,Female,1991-12-02,34,25-34,Millennial,Married,S1,dian.suryadi761@nusantaradigital.co.id,Permanent,2025-02-19,2025,,,,Active,0.86,< 1 tahun,Operations,Operations Manager,L4,Jakarta,25870000.0,
762,EMP00762,Fitri Purnomo,Female,2001-04-01,24,< 25,Gen Z,Married,S1,fitri.purnomo762@nusantaradigital.co.id,Permanent,2025-02-25,2025,,,,Active,0.85,< 1 tahun,Customer Service,Customer Service Agent,L1,Jakarta,7030000.0,
763,EMP00763,Rian Halim,Male,2004-06-26,21,< 25,Gen Z,Married,SMA/SMK,rian.halim763@nusantaradigital.co.id,Permanent,2025-02-26,2025,,,,Active,0.84,< 1 tahun,Operations,Operations Staff,L1,Surabaya,7090000.0,
764,EMP00764,Hadi Harahap,Male,1997-10-18,28,25-34,Gen Z,Married,S1,hadi.harahap764@nusantaradigital.co.id,Permanent,2025-02-09,2025,,,,Active,0.89,< 1 tahun,Sales,Sales Executive,L1,Surabaya,7250000.0,
765,EMP00765,Hadi Susanti,Male,1998-08-20,27,25-34,Gen Z,Single,S1,hadi.susanti765@nusantaradigital.co.id,Permanent,2025-02-28,2025,,,,Active,0.84,< 1 tahun,Sales,Senior Sales Executive,L2,Jakarta,10810000.0,
766,EMP00766,Ilham Mappasessu,Male,1991-08-01,34,25-34,Millennial,Married,S1,ilham.mappasessu766@nusantaradigital.co.id,Permanent,2025-02-13,2025,,,,Active,0.88,< 1 tahun,Operations,Operations Staff,L1,Jakarta,6160000.0,
767,EMP00767,Lukman Rahman,Male,,,Unknown,Unknown,Married,S1,lukman.rahman767@nusantaradigital.co.id,Permanent,2025-02-02,2025,,,,Active,0.91,< 1 tahun,Customer Service,Senior CS Agent,L2,Jakarta,10740000.0,INVALID_BIRTH_DATE
768,EMP00768,Mega Ramadhan,Female,1999-12-05,26,25-34,Gen Z,Single,SMA/SMK,mega.ramadhan768@nusantaradigital.co.id,Permanent,2025-02-23,2025,,,,Active,0.85,< 1 tahun,Operations,Operations Staff,L1,Jakarta,7090000.0,
769,EMP00769,Bayu Sinaga,Male,1999-10-06,25,25-34,Gen Z,Single,SMA/SMK,bayu.sinaga769@nusantaradigital.co.id,Contract,2025-02-09,2025,2025-09-29,Involuntary,Poor Performance,Terminated,0.64,< 1 tahun,Information Technology,Senior Software Engineer,L2,Jakarta,12580000.0,
770,EMP00770,Nurul Daeng,Female,1998-07-07,27,25-34,Gen Z,Single,SMA/SMK,nurul.daeng770@nusantaradigital.co.id,Permanent,2025-02-13,2025,,,,Active,0.88,< 1 tahun,Customer Service,Customer Service Agent,L1,Medan,7010000.0,
771,EMP00771,Lestari Syahputra,Female,2004-09-29,21,< 25,Gen Z,Single,S1,lestari.syahputra771@nusantaradigital.co.id,Permanent,2025-02-01,2025,2025-10-06,Voluntary,Better Compensation,Terminated,0.68,< 1 tahun,Information Technology,Software Engineer,L1,Bandung,7800000.0,
772,EMP00772,Vina Wijaya,Female,1996-05-13,29,25-34,Millennial,Single,D3,vina.wijaya772@nusantaradigital.co.id,Contract,2025-02-19,2025,,,,Active,0.86,< 1 tahun,Sales,Sales Executive,L1,Jakarta,7790000.0,
773,EMP00773,Reza Wijaya,Male,1995-11-20,30,25-34,Millennial,Married,S1,reza.wijaya773@nusantaradigital.co.id,Permanent,2025-02-25,2025,,,,Active,0.85,< 1 tahun,Information Technology,Software Engineer,L1,Surabaya,7890000.0,
774,EMP00774,Putri Purnomo,Female,2004-12-17,20,< 25,Gen Z,Married,S1,putri.purnomo774@nusantaradigital.co.id,Permanent,2025-03-11,2025,2025-08-29,Voluntary,Better Compensation,Terminated,0.47,< 1 tahun,Human Capital,HR Officer,L1,Medan,7340000.0,
775,EMP00775,Gita Hasibuan,Female,1997-04-26,28,25-34,Gen Z,Single,SMA/SMK,gita.hasibuan775@nusantaradigital.co.id,Permanent,2025-03-01,2025,,,,Active,0.84,< 1 tahun,Human Capital,HR Officer,L1,Bandung,5930000.0,
776,EMP00776,Putra Syahputra,Male,2001-06-26,24,< 25,Gen Z,Married,S1,putra.syahputra776@nusantaradigital.co.id,Permanent,2025-03-20,2025,,,,Active,0.78,< 1 tahun,Customer Service,Customer Service Agent,L1,Surabaya,7070000.0,
777,EMP00777,Sari Nugroho,Female,1993-02-27,32,25-34,Millennial,Married,S1,sari.nugroho777@nusantaradigital.co.id,Permanent,2025-03-25,2025,,,,Active,0.77,< 1 tahun,Operations,Operations Staff,L1,Bandung,5610000.0,
778,EMP00778,Fajar Saputra,Male,1997-10-15,28,25-34,Gen Z,Single,S1,fajar.saputra778@nusantaradigital.co.id,Permanent,2025-03-10,2025,,,,Active,0.81,< 1 tahun,Information Technology,Senior Software Engineer,L2,Bandung,12030000.0,
779,EMP00779,Eko Lubis,Male,2004-05-14,21,< 25,Gen Z,Single,S1,eko.lubis779@nusantaradigital.co.id,Permanent,2025-04-20,2025,2025-11-21,Involuntary,Restructuring,Terminated,0.59,< 1 tahun,Marketing,Marketing Specialist,L1,Medan,7810000.0,
780,EMP00780,Bayu Nasution,Male,1993-12-03,32,25-34,Millennial,Married,S1,bayu.nasution780@nusantaradigital.co.id,Permanent,2025-04-11,2025,2025-12-12,Involuntary,Poor Performance,Terminated,0.67,< 1 tahun,Customer Service,CS Team Leader,L3,Yogyakarta,14450000.0,
781,EMP00781,Rahma Purnomo,Female,2000-05-22,25,25-34,Gen Z,Married,D3,rahma.purnomo781@nusantaradigital.co.id,Contract,2025-04-18,2025,2025-11-22,Voluntary,Better Compensation,Terminated,0.6,< 1 tahun,Finance,Accountant,L1,Yogyakarta,9220000.0,
782,EMP00782,Wulan Nasution,Female,1990-09-25,35,35-44,Millennial,Single,S1,wulan.nasution782@nusantaradigital.co.id,Permanent,2025-04-16,2025,,,,Active,0.71,< 1 tahun,Operations,Operations Supervisor,L3,Jakarta,12940000.0,
783,EMP00783,Dedi Saputra,Male,1988-08-03,37,35-44,Millennial,Married,SMA/SMK,dedi.saputra783@nusantaradigital.co.id,Permanent,2025-04-27,2025,,,,Active,0.68,< 1 tahun,Operations,Operations Staff,L1,Yogyakarta,7090000.0,
784,EMP00784,Novi Daeng,Female,2004-11-14,20,< 25,Gen Z,Married,S1,novi.daeng784@nusantaradigital.co.id,Permanent,2025-04-08,2025,2025-08-06,Voluntary,Career Growth,Terminated,0.33,< 1 tahun,Customer Service,Customer Service Agent,L1,Jakarta,6210000.0,
785,EMP00785,Gilang Santoso,Male,1998-08-11,27,25-34,Gen Z,Married,S1,gilang.santoso785@nusantaradigital.co.id,Permanent,2025-05-03,2025,,,,Active,0.66,< 1 tahun,Information Technology,Software Engineer,L1,Jakarta,11170000.0,
786,EMP00786,Muhammad Sinaga,Male,2002-10-25,23,< 25,Gen Z,Married,D3,muhammad.sinaga786@nusantaradigital.co.id,Permanent,2025-05-18,2025,,,,Active,0.62,< 1 tahun,Marketing,Senior Marketing Specialist,L2,Surabaya,12910000.0,
787,EMP00787,Indah Wijaya,Female,2001-11-17,24,< 25,Gen Z,Married,S1,indah.wijaya787@nusantaradigital.co.id,Permanent,2025-05-15,2025,,,,Active,0.63,< 1 tahun,Operations,Operations Staff,L1,Medan,7130000.0,
788,EMP00788,Arif Simanjuntak,Male,2003-07-19,22,< 25,Gen Z,Single,S1,arif.simanjuntak788@nusantaradigital.co.id,Permanent,2025-05-09,2025,,,,Active,0.65,< 1 tahun,Sales,Sales Executive,L1,Medan,7350000.0,
789,EMP00789,Kurniawan Hidayat,Male,2001-09-07,24,< 25,Gen Z,Single,S1,kurniawan.hidayat789@nusantaradigital.co.id,Permanent,2025-05-25,2025,,,,Active,0.6,< 1 tahun,Sales,Sales Executive,L1,Jakarta,6550000.0,
790,EMP00790,Rian Hakim,Male,2001-05-07,24,< 25,Gen Z,Single,S1,rian.hakim790@nusantaradigital.co.id,Permanent,2025-05-17,2025,,,,Active,0.62,< 1 tahun,Customer Service,Customer Service Agent,L1,Jakarta,5890000.0,
791,EMP00791,Lestari Maharani,Female,1999-06-26,26,25-34,Gen Z,Single,D3,lestari.maharani791@nusantaradigital.co.id,Contract,2025-05-31,2025,,,,Active,0.59,< 1 tahun,Marketing,Marketing Specialist,L1,Makassar,6960000.0,
792,EMP00792,Yusuf Hakim,Male,1997-10-24,28,25-34,Gen Z,Married,SMA/SMK,yusuf.hakim792@nusantaradigital.co.id,Permanent,2025-05-08,2025,,,,Active,0.65,< 1 tahun,Operations,Operations Staff,L1,Jakarta,6950000.0,
793,EMP00793,Hadi Purnomo,Male,2004-10-06,21,< 25,Gen Z,Married,SMA/SMK,hadi.purnomo793@nusantaradigital.co.id,Contract,2025-06-15,2025,,,,Active,0.54,< 1 tahun,Customer Service,Customer Service Agent,L1,Bandung,6980000.0,
794,EMP00794,Galih Ramadhan,Male,2004-04-12,21,< 25,Gen Z,Married,D3,galih.ramadhan794@nusantaradigital.co.id,Permanent,2025-06-26,2025,2025-07-06,Voluntary,Better Compensation,Terminated,0.03,< 1 tahun,Information Technology,Software Engineer,L1,Jakarta,10220000.0,
795,EMP00795,Putra Daeng,Male,1994-10-08,31,25-34,Millennial,Single,D3,putra.daeng795@nusantaradigital.co.id,Contract,2025-06-16,2025,2025-10-16,Involuntary,Poor Performance,Terminated,0.33,< 1 tahun,Operations,Senior Operations Staff,L2,Yogyakarta,9200000.0,
796,EMP00796,Satria Wibowo,Male,2000-06-29,25,25-34,Gen Z,Married,S1,satria.wibowo796@nusantaradigital.co.id,Permanent,2025-06-23,2025,2025-07-17,Voluntary,Work-Life Balance,Terminated,0.07,< 1 tahun,Sales,Sales Executive,L1,Jakarta,8690000.0,
797,EMP00797,Mega Hasibuan,Female,1998-03-26,27,25-34,Gen Z,Married,D3,mega.hasibuan797@nusantaradigital.co.id,Contract,2025-06-21,2025,,,,Active,0.53,< 1 tahun,Sales,Senior Sales Executive,L2,Bandung,12320000.0,
798,EMP00798,Dewi Harahap,Female,2000-06-17,25,25-34,Gen Z,Single,D3,dewi.harahap798@nusantaradigital.co.id,Permanent,2025-06-26,2025,,,,Active,0.51,< 1 tahun,Operations,Operations Staff,L1,Bandung,6300000.0,
799,EMP00799,Citra Pangaribuan,Female,2002-05-31,23,< 25,Gen Z,Married,D3,citra.pangaribuan799@nusantaradigital.co.id,Permanent,2025-06-18,2025,,,,Active,0.54,< 1 tahun,Operations,Operations Staff,L1,Surabaya,6930000.0,
800,EMP00800,Hendra Purnomo,Male,1997-03-11,28,25-34,Gen Z,Single,D3,hendra.purnomo800@nusantaradigital.co.id,Permanent,2025-06-26,2025,,,,Active,0.51,< 1 tahun,Customer Service,Customer Service Agent,L1,Yogyakarta,6400000.0,
801,EMP00801,Hendra Sinaga,Male,1997-01-14,28,25-34,Gen Z,Married,S1,hendra.sinaga801@nusantaradigital.co.id,Permanent,2025-06-03,2025,2025-10-25,Voluntary,Career Growth,Terminated,0.39,< 1 tahun,Customer Service,Senior CS Agent,L2,Medan,9880000.0,
802,EMP00802,Joko Purnomo,Male,1989-10-21,36,35-44,Millennial,Married,S1,joko.purnomo802@nusantaradigital.co.id,Permanent,2025-06-19,2025,,,,Active,0.53,< 1 tahun,Product,Product Lead,L3,Jakarta,20250000.0,
803,EMP00803,Eko Susanti,Male,1990-03-25,35,35-44,Millennial,Married,S1,eko.susanti803@nusantaradigital.co.id,Permanent,2025-06-08,2025,,,,Active,0.56,< 1 tahun,Customer Service,CS Manager,L4,Jakarta,24180000.0,
804,EMP00804,Lestari Wibowo,Female,1994-12-28,31,25-34,Millennial,Married,SMA/SMK,lestari.wibowo804@nusantaradigital.co.id,Contract,2025-07-02,2025,,,,Active,0.5,< 1 tahun,Customer Service,Customer Service Agent,L1,Medan,6480000.0,
805,EMP00805,Eko Daeng,Male,1988-07-25,37,35-44,Millennial,Married,S1,eko.daeng805@nusantaradigital.co.id,Permanent,2025-07-30,2025,,,,Active,0.42,< 1 tahun,Finance,Finance Supervisor,L3,Bandung,20890000.0,
806,EMP00806,Fajar Permata,Male,2000-01-07,25,25-34,Gen Z,Divorced,S1,fajar.permata806@nusantaradigital.co.id,Permanent,2025-07-07,2025,,,,Active,0.48,< 1 tahun,Operations,Operations Staff,L1,Bandung,5760000.0,
807,EMP00807,Teguh Hakim,Male,1999-01-08,26,25-34,Gen Z,Married,D3,teguh.hakim807@nusantaradigital.co.id,Permanent,2025-07-21,2025,,,,Active,0.45,< 1 tahun,Information Technology,Software Engineer,L1,Jakarta,9360000.0,
808,EMP00808,Bayu Nugroho,Male,1992-11-24,33,25-34,Millennial,Single,S2,bayu.nugroho808@nusantaradigital.co.id,Permanent,2025-07-18,2025,,,,Active,0.45,< 1 tahun,Operations,Senior Operations Staff,L2,Makassar,9870000.0,
809,EMP00809,Dimas Syahputra,Male,2000-12-29,25,25-34,Gen Z,Single,S1,dimas.syahputra809@nusantaradigital.co.id,Permanent,2025-07-16,2025,,,,Active,0.46,< 1 tahun,Sales,Senior Sales Executive,L2,Jakarta,11400000.0,
810,EMP00810,Dimas Simanjuntak,Male,2000-11-25,25,25-34,Gen Z,Single,S1,dimas.simanjuntak810@nusantaradigital.co.id,Permanent,2025-07-08,2025,,,,Active,0.48,< 1 tahun,Sales,Sales Executive,L1,Jakarta,7110000.0,
811,EMP00811,Lukman Rahman,Male,1997-10-10,27,25-34,Gen Z,Married,S1,lukman.rahman811@nusantaradigital.co.id,Permanent,2025-07-13,2025,2025-09-15,Involuntary,Poor Performance,Terminated,0.18,< 1 tahun,Marketing,Marketing Specialist,L1,Jakarta,7440000.0,
812,EMP00812,Sari Lubis,Female,2001-12-08,24,< 25,Gen Z,Married,S1,sari.lubis812@nusantaradigital.co.id,Permanent,2025-07-07,2025,,,,Active,0.48,< 1 tahun,Operations,Operations Staff,L1,Medan,6630000.0,
813,EMP00813,Ratna Pangaribuan,Female,2001-04-04,24,< 25,Gen Z,Divorced,S1,ratna.pangaribuan813@nusantaradigital.co.id,Permanent,2025-07-16,2025,,,,Active,0.46,< 1 tahun,Operations,Operations Staff,L1,Yogyakarta,6210000.0,
814,EMP00814,Irfan Harahap,Male,1993-03-11,32,25-34,Millennial,Married,S1,irfan.harahap814@nusantaradigital.co.id,Permanent,2025-07-14,2025,,,,Active,0.47,< 1 tahun,Information Technology,Senior Software Engineer,L2,Jakarta,12500000.0,
815,EMP00815,Bunga Setiawan,Female,2002-08-11,23,< 25,Gen Z,Married,S1,bunga.setiawan815@nusantaradigital.co.id,Permanent,2025-07-26,2025,,,,Active,0.43,< 1 tahun,Sales,Sales Executive,L1,Bandung,6630000.0,
816,EMP00816,Taufik Simanjuntak,Male,2003-03-13,22,< 25,Gen Z,Married,S1,taufik.simanjuntak816@nusantaradigital.co.id,Permanent,2025-08-05,2025,,,,Active,0.41,< 1 tahun,Sales,Sales Executive,L1,Medan,7020000.0,
817,EMP00817,Arif Purnomo,Male,,,Unknown,Unknown,Single,D3,arif.purnomo817@nusantaradigital.co.id,Permanent,2025-08-16,2025,,,,Active,0.38,< 1 tahun,Sales,Sales Executive,L1,Jakarta,7640000.0,INVALID_BIRTH_DATE
818,EMP00818,Ratna Nasution,Female,1997-12-02,28,25-34,Gen Z,Single,S1,ratna.nasution818@nusantaradigital.co.id,Permanent,2025-08-04,2025,,,,Active,0.41,< 1 tahun,Human Capital,Senior HR Officer,L2,Jakarta,11860000.0,
819,EMP00819,Dimas Wibowo,Male,1995-09-02,30,25-34,Millennial,Married,S1,dimas.wibowo819@nusantaradigital.co.id,Contract,2025-08-07,2025,,,,Active,0.4,< 1 tahun,Customer Service,Customer Service Agent,L1,Bandung,5340000.0,
820,EMP00820,Bayu Suryadi,Male,2001-02-15,24,< 25,Gen Z,Single,D3,bayu.suryadi820@nusantaradigital.co.id,Permanent,2025-08-16,2025,,,,Active,0.38,< 1 tahun,Human Capital,HR Officer,L1,Jakarta,7730000.0,
821,EMP00821,Teguh Situmorang,Male,2001-12-21,23,< 25,Gen Z,Married,S1,teguh.situmorang821@nusantaradigital.co.id,Permanent,2025-08-28,2025,2025-11-05,Voluntary,Work-Life Balance,Terminated,0.19,< 1 tahun,Sales,Sales Executive,L1,Bandung,6730000.0,
822,EMP00822,Vina Wijaya,Female,2005-01-23,20,< 25,Gen Z,Married,S1,vina.wijaya822@nusantaradigital.co.id,Permanent,2025-08-08,2025,,,,Active,0.4,< 1 tahun,Sales,Sales Executive,L1,Jakarta,6860000.0,
823,EMP00823,Joko Syahputra,Male,2003-07-19,22,< 25,Gen Z,Single,D3,joko.syahputra823@nusantaradigital.co.id,Contract,2025-08-25,2025,,,,Active,0.35,< 1 tahun,Customer Service,Customer Service Agent,L1,Medan,5990000.0,
824,EMP00824,Irfan Tanjung,Male,2004-01-10,21,< 25,Gen Z,Married,S1,irfan.tanjung824@nusantaradigital.co.id,Permanent,2025-08-28,2025,,,,Active,0.34,< 1 tahun,Information Technology,Software Engineer,L1,Yogyakarta,8910000.0,
825,EMP00825,Yuni Sinaga,Female,1999-06-30,26,25-34,Gen Z,Single,S1,yuni.sinaga825@nusantaradigital.co.id,Permanent,2025-08-13,2025,,,,Active,0.38,< 1 tahun,Information Technology,Software Engineer,L1,Jakarta,8930000.0,
826,EMP00826,Ayu Hidayat,Female,1988-09-17,37,35-44,Millennial,Married,S1,ayu.hidayat826@nusantaradigital.co.id,Contract,2025-09-27,2025,,,,Active,0.26,< 1 tahun,Information Technology,IT Manager,L4,Jakarta,32810000.0,
827,EMP00827,Yoga Setiawan,Male,1997-08-11,28,25-34,Gen Z,Married,SMA/SMK,yoga.setiawan827@nusantaradigital.co.id,Permanent,2025-09-11,2025,,,,Active,0.3,< 1 tahun,Operations,Operations Staff,L1,Jakarta,6860000.0,
828,EMP00828,Dewi Nugroho,Female,1997-11-30,28,25-34,Gen Z,Single,S1,dewi.nugroho828@nusantaradigital.co.id,Permanent,2025-09-09,2025,,,,Active,0.31,< 1 tahun,Information Technology,Senior Software Engineer,L2,Surabaya,13860000.0,
829,EMP00829,Citra Purnomo,Female,1997-07-17,28,25-34,Gen Z,Divorced,D3,citra.purnomo829@nusantaradigital.co.id,Permanent,2025-09-19,2025,,,,Active,0.28,< 1 tahun,Information Technology,Software Engineer,L1,Bandung,9850000.0,
830,EMP00830,Agus Rahman,Male,2003-07-05,22,< 25,Gen Z,Married,S1,agus.rahman830@nusantaradigital.co.id,Permanent,2025-09-01,2025,,,,Active,0.33,< 1 tahun,Information Technology,Software Engineer,L1,Bandung,10310000.0,
831,EMP00831,Joko Halim,Male,1999-03-27,26,25-34,Gen Z,Single,S1,joko.halim831@nusantaradigital.co.id,Permanent,2025-09-08,2025,,,,Active,0.31,< 1 tahun,Marketing,Senior Marketing Specialist,L2,Jakarta,13680000.0,
832,EMP00832,Adi Mappasessu,Male,1993-12-15,32,25-34,Millennial,Married,S1,adi.mappasessu832@nusantaradigital.co.id,Permanent,2025-09-12,2025,,,,Active,0.3,< 1 tahun,Operations,Senior Operations Staff,L2,Jakarta,9770000.0,
833,EMP00833,Anisa Nugroho,Female,1996-03-09,29,25-34,Millennial,Married,S1,anisa.nugroho833@nusantaradigital.co.id,Permanent,2025-09-19,2025,2025-11-09,Voluntary,Personal / Family,Terminated,0.14,< 1 tahun,Operations,Senior Operations Staff,L2,Makassar,10170000.0,
834,EMP00834,Taufik Sinaga,Male,2000-03-31,25,25-34,Gen Z,Single,S1,taufik.sinaga834@nusantaradigital.co.id,Permanent,2025-09-18,2025,,,,Active,0.28,< 1 tahun,Operations,Senior Operations Staff,L2,Jakarta,9440000.0,
835,EMP00835,Ilham Tanjung,Male,2002-09-24,23,< 25,Gen Z,Married,SMA/SMK,ilham.tanjung835@nusantaradigital.co.id,Permanent,2025-10-16,2025,,,,Active,0.21,< 1 tahun,Customer Service,Customer Service Agent,L1,Jakarta,6430000.0,
836,EMP00836,Lukman Sinaga,Male,2002-08-30,23,< 25,Gen Z,Married,S2,lukman.sinaga836@nusantaradigital.co.id,Permanent,2025-10-05,2025,,,,Active,0.24,< 1 tahun,Human Capital,HR Supervisor,L3,Yogyakarta,15830000.0,
837,EMP00837,Bunga Tanjung,Female,2003-12-04,22,< 25,Gen Z,Married,S1,bunga.tanjung837@nusantaradigital.co.id,Permanent,2025-10-05,2025,,,,Active,0.24,< 1 tahun,Customer Service,Customer Service Agent,L1,Bandung,6380000.0,
838,EMP00838,Vina Hidayat,Female,1996-07-10,29,25-34,Millennial,Single,S2,vina.hidayat838@nusantaradigital.co.id,Permanent,2025-10-13,2025,,,,Active,0.22,< 1 tahun,Operations,Senior Operations Staff,L2,Yogyakarta,11040000.0,
839,EMP00839,Joko Hidayat,Male,2001-08-15,24,< 25,Gen Z,Single,D3,joko.hidayat839@nusantaradigital.co.id,Permanent,2025-10-18,2025,2025-12-05,Involuntary,Poor Performance,Terminated,0.13,< 1 tahun,Information Technology,Software Engineer,L1,Medan,8340000.0,
840,EMP00840,Fajar Syahputra,Male,2004-12-26,21,< 25,Gen Z,Married,S1,fajar.syahputra840@nusantaradigital.co.id,Permanent,2025-10-02,2025,,,,Active,0.25,< 1 tahun,Operations,Operations Staff,L1,Makassar,5740000.0,
841,EMP00841,Joko Nugroho,Male,1994-01-17,31,25-34,Millennial,Married,S1,joko.nugroho841@nusantaradigital.co.id,Permanent,2025-10-24,2025,,,,Active,0.19,< 1 tahun,Customer Service,Senior CS Agent,L2,Medan,10320000.0,
842,EMP00842,Ayu Siregar,Female,2002-10-22,23,< 25,Gen Z,Married,S1,ayu.siregar842@nusantaradigital.co.id,Contract,2025-10-28,2025,,,,Active,0.18,< 1 tahun,Sales,Sales Executive,L1,Bandung,7130000.0,
843,EMP00843,Kartika Hakim,Female,1997-08-20,28,25-34,Gen Z,Married,D3,kartika.hakim843@nusantaradigital.co.id,Permanent,2025-11-10,2025,,,,Active,0.14,< 1 tahun,Finance,Accountant,L1,Jakarta,7580000.0,
844,EMP00844,Oki Santoso,Male,1994-12-18,31,25-34,Millennial,Married,S1,oki.santoso844@nusantaradigital.co.id,Permanent,2025-11-17,2025,,,,Active,0.12,< 1 tahun,Operations,Operations Staff,L1,Jakarta,7580000.0,
845,EMP00845,Fitri Hasibuan,Female,2005-08-30,20,< 25,Gen Z,Single,S1,fitri.hasibuan845@nusantaradigital.co.id,Contract,2025-11-04,2025,,,,Active,0.16,< 1 tahun,Marketing,Marketing Specialist,L1,Surabaya,8350000.0,
846,EMP00846,Ayu Firmansyah,Female,1994-11-12,31,25-34,Millennial,Married,S1,ayu.firmansyah846@nusantaradigital.co.id,Permanent,2025-11-25,2025,,,,Active,0.1,< 1 tahun,Marketing,Senior Marketing Specialist,L2,Jakarta,10850000.0,
847,EMP00847,Eka Permata,Female,2005-08-27,20,< 25,Gen Z,Married,S1,eka.permata847@nusantaradigital.co.id,Permanent,2025-11-23,2025,,,,Active,0.1,< 1 tahun,Information Technology,Software Engineer,L1,Jakarta,9400000.0,
848,EMP00848,Fitri Firmansyah,Female,1994-12-17,31,25-34,Millennial,Single,S1,fitri.firmansyah848@nusantaradigital.co.id,Contract,2025-11-08,2025,,,,Active,0.15,< 1 tahun,Sales,Sales Executive,L1,Bandung,7220000.0,
849,EMP00849,Yusuf Pratama,Male,1996-01-04,29,25-34,Millennial,Single,S1,yusuf.pratama849@nusantaradigital.co.id,Permanent,2025-11-17,2025,,,,Active,0.12,< 1 tahun,Sales,Senior Sales Executive,L2,Surabaya,9790000.0,
850,EMP00850,Arif Wibowo,Male,2004-03-30,21,< 25,Gen Z,Divorced,S1,arif.wibowo850@nusantaradigital.co.id,Permanent,2025-11-08,2025,,,,Active,0.15,< 1 tahun,Customer Service,Customer Service Agent,L1,Jakarta,6210000.0,
851,EMP00851,Lukman Wijaya,Male,1991-10-10,34,25-34,Millennial,Married,D3,lukman.wijaya851@nusantaradigital.co.id,Contract,2025-11-07,2025,,,,Active,0.15,< 1 tahun,Product,Product Lead,L3,Jakarta,21860000.0,
852,EMP00852,Putri Nasution,Female,1995-06-27,30,25-34,Millennial,Married,S1,putri.nasution852@nusantaradigital.co.id,Contract,2025-11-14,2025,,,,Active,0.13,< 1 tahun,Customer Service,Senior CS Agent,L2,Jakarta,10390000.0,
853,EMP00853,Putra Maharani,Male,1995-04-02,30,25-34,Millennial,Married,S1,putra.maharani853@nusantaradigital.co.id,Contract,2025-11-20,2025,,,,Active,0.11,< 1 tahun,Marketing,Senior Marketing Specialist,L2,Jakarta,11060000.0,
854,EMP00854,Fitri Susanti,Female,1980-09-16,45,45-54,Gen X,Married,S2,fitri.susanti854@nusantaradigital.co.id,Permanent,2025-11-30,2025,,,,Active,0.08,< 1 tahun,Operations,Head of Operations,L5,Surabaya,47410000.0,
855,EMP00855,Yoga Ramadhan,Male,2000-07-29,25,25-34,Gen Z,Single,S1,yoga.ramadhan855@nusantaradigital.co.id,Permanent,2025-12-29,2025,,,,Active,0.01,< 1 tahun,Sales,Sales Executive,L1,Surabaya,7010000.0,
856,EMP00856,Fitri Simanjuntak,Female,2002-07-06,23,< 25,Gen Z,Married,S1,fitri.simanjuntak856@nusantaradigital.co.id,Contract,2025-12-25,2025,,,,Active,0.02,< 1 tahun,Customer Service,Customer Service Agent,L1,Jakarta,6600000.0,
857,EMP00857,Rina Firmansyah,Female,1994-06-17,31,25-34,Millennial,Married,S1,rina.firmansyah857@nusantaradigital.co.id,Permanent,2025-12-20,2025,,,,Active,0.03,< 1 tahun,Customer Service,Senior CS Agent,L2,Jakarta,9270000.0,
858,EMP00858,Teguh Wibowo,Male,1997-03-02,28,25-34,Gen Z,Married,D3,teguh.wibowo858@nusantaradigital.co.id,Permanent,2025-12-06,2025,,,,Active,0.07,< 1 tahun,Operations,Operations Staff,L1,Jakarta,7020000.0,
859,EMP00859,Rian Harahap,Male,2000-08-02,25,25-34,Gen Z,Single,D3,rian.harahap859@nusantaradigital.co.id,Permanent,2025-12-20,2025,,,,Active,0.03,< 1 tahun,Operations,Operations Staff,L1,Surabaya,7910000.0,
860,EMP00860,Dian Wijaya,Female,2004-02-08,21,< 25,Gen Z,Married,S1,dian.wijaya860@nusantaradigital.co.id,Permanent,2025-12-19,2025,,,,Active,0.03,< 1 tahun,Information Technology,Software Engineer,L1,Bandung,9630000.0,
861,EMP00861,Maya Tanjung,Female,2002-11-24,23,< 25,Gen Z,Single,D3,maya.tanjung861@nusantaradigital.co.id,Permanent,2025-12-22,2025,,,,Active,0.02,< 1 tahun,Information Technology,Software Engineer,L1,Medan,8380000.0,
862,EMP00862,Dian Sinaga,Female,1996-07-21,29,25-34,Millennial,Divorced,S1,dian.sinaga862@nusantaradigital.co.id,Permanent,2025-12-09,2025,,,,Active,0.06,< 1 tahun,Sales,Sales Executive,L1,Jakarta,7750000.0,
863,EMP00863,Yoga Wibowo,Male,2002-06-15,23,< 25,Gen Z,Married,D3,yoga.wibowo863@nusantaradigital.co.id,Permanent,2025-12-02,2025,,,,Active,0.08,< 1 tahun,Sales,Senior Sales Executive,L2,Medan,12190000.0,
864,EMP00864,Rian Susanti,Male,2000-01-28,25,25-34,Gen Z,Married,S1,rian.susanti864@nusantaradigital.co.id,Permanent,2025-12-27,2025,,,,Active,0.01,< 1 tahun,Product,Product Analyst,L1,Yogyakarta,10400000.0,
