performance_key,review_id,date_key,employee_key,department_key,position_key,location_key,review_year,rating,rating_label,goal_achievement_pct,competency_score,is_high_performer,is_low_performer,calibrated
1,PR2022-00001,20221218,1,8,36,1,2022,4,4 - Exceeds Expectation,92.2,4.51,1,0,Yes
2,PR2022-00002,20221220,2,7,32,1,2022,3,3 - Meets Expectation,89.7,3.53,0,0,Yes
3,PR2022-00003,20221211,3,5,21,1,2022,2,2 - Below Expectation,76.8,3.21,0,1,Yes
4,PR2022-00004,20221210,4,7,32,1,2022,3,3 - Meets Expectation,85.7,3.76,0,0,Yes
5,PR2022-00005,20221210,5,8,36,1,2022,4,4 - Exceeds Expectation,103.5,4.24,1,0,Yes
6,PR2022-00006,20221212,6,1,1,1,2022,2,2 - Below Expectation,82.4,3.3,0,1,No
7,PR2022-00007,20221208,7,3,11,2,2022,3,3 - Meets Expectation,76.9,3.89,0,0,No
8,PR2022-00008,20221220,8,5,21,2,2022,2,2 - Below Expectation,59.9,3.03,0,1,Yes
9,PR2022-00009,20221213,9,8,36,3,2022,2,2 - Below Expectation,76.2,3.51,0,1,Yes
10,PR2022-00010,20221220,10,1,2,1,2022,2,2 - Below Expectation,74.6,2.83,0,1,Yes
11,PR2022-00011,20221215,11,8,36,6,2022,4,4 - Exceeds Expectation,96.2,3.93,1,0,Yes
12,PR2022-00012,20221226,12,2,6,3,2022,3,3 - Meets Expectation,85.8,3.99,0,0,Yes
13,PR2022-00013,20221226,13,2,7,2,2022,5,5 - Outstanding,102.8,4.96,1,0,Yes
14,PR2022-00014,20221215,14,8,36,2,2022,3,3 - Meets Expectation,98.1,3.82,0,0,Yes
15,PR2022-00015,20221224,15,4,16,1,2022,1,1 - Poor,63.9,3.69,0,1,Yes
16,PR2022-00016,20221212,16,1,1,5,2022,4,4 - Exceeds Expectation,99.9,4.06,1,0,Yes
17,PR2022-00017,20221212,17,6,26,3,2022,3,3 - Meets Expectation,77.2,3.81,0,0,Yes
18,PR2022-00018,20221216,18,8,36,1,2022,5,5 - Outstanding,117.6,4.8,1,0,No
19,PR2022-00019,20221210,19,5,24,1,2022,4,4 - Exceeds Expectation,104.9,4.39,1,0,Yes
20,PR2022-00020,20221208,20,8,36,1,2022,2,2 - Below Expectation,79.7,3.22,0,1,No
21,PR2022-00021,20221207,21,7,31,5,2022,4,4 - Exceeds Expectation,85.7,3.88,1,0,Yes
22,PR2022-00022,20221217,22,1,1,3,2022,3,3 - Meets Expectation,83.4,3.55,0,0,Yes
23,PR2022-00023,20221216,23,1,2,6,2022,4,4 - Exceeds Expectation,87.6,4.64,1,0,Yes
24,PR2022-00024,20221226,24,8,36,1,2022,3,3 - Meets Expectation,91.0,3.55,0,0,No
25,PR2022-00025,20221210,25,2,8,1,2022,2,2 - Below Expectation,88.3,3.37,0,1,Yes
26,PR2022-00026,20221222,26,8,37,4,2022,2,2 - Below Expectation,70.8,2.95,0,1,Yes
27,PR2022-00027,20221220,27,3,14,1,2022,5,5 - Outstanding,110.5,4.72,1,0,No
28,PR2022-00028,20221216,28,2,6,1,2022,3,3 - Meets Expectation,77.3,4.16,0,0,Yes
29,PR2022-00029,20221216,29,3,12,1,2022,3,3 - Meets Expectation,83.0,4.29,0,0,Yes
30,PR2022-00030,20221225,30,1,2,3,2022,2,2 - Below Expectation,78.2,3.34,0,1,Yes
31,PR2022-00031,20221212,31,2,6,4,2022,3,3 - Meets Expectation,86.9,4.26,0,0,Yes
32,PR2022-00032,20221218,32,8,36,3,2022,2,2 - Below Expectation,67.5,4.42,0,1,Yes
33,PR2022-00033,20221211,33,3,11,3,2022,2,2 - Below Expectation,88.6,3.12,0,1,Yes
34,PR2022-00034,20221222,34,8,36,5,2022,1,1 - Poor,60.8,2.92,0,1,Yes
35,PR2022-00035,20221216,35,1,3,6,2022,3,3 - Meets Expectation,96.4,3.47,0,0,Yes
36,PR2022-00036,20221215,37,1,3,1,2022,4,4 - Exceeds Expectation,94.0,5.0,1,0,Yes
37,PR2022-00037,20221213,38,3,11,1,2022,1,1 - Poor,66.3,2.68,0,1,No
38,PR2022-00038,20221221,39,4,16,3,2022,1,1 - Poor,80.0,2.85,0,1,Yes
39,PR2022-00039,20221209,40,3,11,5,2022,5,5 - Outstanding,106.6,4.58,1,0,Yes
40,PR2022-00040,20221220,41,7,31,1,2022,1,1 - Poor,69.8,3.34,0,1,Yes
41,PR2022-00041,20221218,43,5,21,1,2022,2,2 - Below Expectation,78.9,3.57,0,1,Yes
42,PR2022-00042,20221216,44,6,26,2,2022,3,3 - Meets Expectation,84.2,3.65,0,0,Yes
43,PR2022-00043,20221212,45,7,31,1,2022,2,2 - Below Expectation,67.9,3.02,0,1,Yes
44,PR2022-00044,20221223,47,7,31,4,2022,3,3 - Meets Expectation,87.2,3.61,0,0,Yes
45,PR2022-00045,20221215,48,7,31,5,2022,2,2 - Below Expectation,81.7,3.09,0,1,Yes
46,PR2022-00046,20221209,49,3,13,1,2022,2,2 - Below Expectation,79.3,3.4,0,1,No
47,PR2022-00047,20221218,50,3,13,1,2022,3,3 - Meets Expectation,87.5,4.31,0,0,No
48,PR2022-00048,20221224,51,7,31,1,2022,1,1 - Poor,68.6,2.7,0,1,No
49,PR2022-00049,20221208,52,8,38,1,2022,1,1 - Poor,67.1,2.66,0,1,No
50,PR2022-00050,20221226,53,7,32,1,2022,2,2 - Below Expectation,67.7,3.05,0,1,Yes
51,PR2022-00051,20221213,54,8,37,2,2022,3,3 - Meets Expectation,72.1,3.08,0,0,Yes
52,PR2022-00052,20221224,55,8,36,1,2022,3,3 - Meets Expectation,73.0,4.04,0,0,Yes
53,PR2022-00053,20221215,56,1,1,3,2022,3,3 - Meets Expectation,86.7,3.16,0,0,Yes
54,PR2022-00054,20221223,57,4,16,1,2022,3,3 - Meets Expectation,96.0,3.72,0,0,No
55,PR2022-00055,20221207,58,4,16,3,2022,5,5 - Outstanding,108.2,4.76,1,0,Yes
56,PR2022-00056,20221218,59,3,12,1,2022,1,1 - Poor,67.0,2.65,0,1,No
57,PR2022-00057,20221210,60,3,11,1,2022,3,3 - Meets Expectation,85.0,3.96,0,0,No
58,PR2022-00058,20221222,61,4,17,3,2022,2,2 - Below Expectation,80.0,3.01,0,1,Yes
59,PR2022-00059,20221208,62,2,6,4,2022,3,3 - Meets Expectation,90.7,4.0,0,0,Yes
60,PR2022-00060,20221208,63,3,11,5,2022,3,3 - Meets Expectation,85.5,3.61,0,0,Yes
61,PR2022-00061,20221220,64,7,31,1,2022,4,4 - Exceeds Expectation,97.6,4.48,1,0,Yes
62,PR2022-00062,20221214,65,3,11,1,2022,4,4 - Exceeds Expectation,96.9,4.63,1,0,Yes
63,PR2022-00063,20221211,66,1,3,4,2022,5,5 - Outstanding,95.3,4.99,1,0,No
64,PR2022-00064,20221207,67,7,31,6,2022,2,2 - Below Expectation,83.3,3.0,0,1,Yes
65,PR2022-00065,20221217,68,3,12,4,2022,1,1 - Poor,74.1,3.11,0,1,Yes
66,PR2022-00066,20221214,69,5,21,6,2022,4,4 - Exceeds Expectation,100.7,4.53,1,0,Yes
67,PR2022-00067,20221224,70,7,31,1,2022,3,3 - Meets Expectation,77.0,3.53,0,0,Yes
68,PR2022-00068,20221222,71,1,4,2,2022,3,3 - Meets Expectation,77.6,3.72,0,0,Yes
69,PR2022-00069,20221217,72,5,21,1,2022,5,5 - Outstanding,104.1,5.0,1,0,Yes
70,PR2022-00070,20221209,73,3,14,1,2022,3,3 - Meets Expectation,81.5,3.46,0,0,Yes
71,PR2022-00071,20221216,74,8,36,2,2022,2,2 - Below Expectation,74.5,3.67,0,1,Yes
72,PR2022-00072,20221215,75,4,16,6,2022,3,3 - Meets Expectation,90.4,3.31,0,0,Yes
73,PR2022-00073,20221214,76,3,13,5,2022,1,1 - Poor,71.3,2.63,0,1,Yes
74,PR2022-00074,20221215,77,5,21,1,2022,4,4 - Exceeds Expectation,91.4,4.28,1,0,Yes
75,PR2022-00075,20221210,78,8,38,3,2022,3,3 - Meets Expectation,91.2,3.85,0,0,Yes
76,PR2022-00076,20221209,79,8,39,1,2022,3,3 - Meets Expectation,95.0,4.15,0,0,Yes
77,PR2022-00077,20221215,80,7,33,2,2022,3,3 - Meets Expectation,91.9,3.92,0,0,Yes
78,PR2022-00078,20221222,81,1,1,6,2022,4,4 - Exceeds Expectation,109.5,4.13,1,0,Yes
79,PR2022-00079,20221223,83,6,27,2,2022,3,3 - Meets Expectation,91.1,4.17,0,0,Yes
80,PR2022-00080,20221221,84,4,16,3,2022,2,2 - Below Expectation,70.7,3.54,0,1,No
81,PR2022-00081,20221209,85,7,33,1,2022,2,2 - Below Expectation,69.2,3.08,0,1,Yes
82,PR2022-00082,20221216,86,3,13,1,2022,3,3 - Meets Expectation,85.9,3.55,0,0,Yes
83,PR2022-00083,20221209,87,6,26,1,2022,3,3 - Meets Expectation,83.0,4.0,0,0,Yes
84,PR2022-00084,20221214,88,1,1,5,2022,2,2 - Below Expectation,73.4,3.16,0,1,Yes
85,PR2022-00085,20221210,89,1,1,5,2022,4,4 - Exceeds Expectation,92.7,3.88,1,0,Yes
86,PR2022-00086,20221222,90,8,37,1,2022,4,4 - Exceeds Expectation,93.0,4.27,1,0,Yes
87,PR2022-00087,20221225,91,7,31,1,2022,3,3 - Meets Expectation,75.9,3.65,0,0,Yes
88,PR2022-00088,20221208,92,5,21,3,2022,3,3 - Meets Expectation,81.5,3.76,0,0,Yes
89,PR2022-00089,20221207,93,2,9,1,2022,3,3 - Meets Expectation,87.8,3.49,0,0,Yes
90,PR2022-00090,20221226,94,2,6,1,2022,3,3 - Meets Expectation,78.6,3.65,0,0,No
91,PR2022-00091,20221226,95,1,2,2,2022,1,1 - Poor,66.8,3.1,0,1,No
92,PR2022-00092,20221218,96,2,9,1,2022,3,3 - Meets Expectation,88.2,3.82,0,0,Yes
93,PR2022-00093,20221214,99,7,32,6,2022,4,4 - Exceeds Expectation,93.7,4.54,1,0,Yes
94,PR2022-00094,20221220,100,1,1,3,2022,3,3 - Meets Expectation,74.6,3.88,0,0,Yes
95,PR2022-00095,20221215,101,7,31,5,2022,3,3 - Meets Expectation,76.4,3.97,0,0,No
96,PR2022-00096,20221225,102,7,32,1,2022,2,2 - Below Expectation,73.2,2.72,0,1,Yes
97,PR2022-00097,20221225,103,7,31,2,2022,3,3 - Meets Expectation,94.7,3.31,0,0,No
98,PR2022-00098,20221217,104,2,6,1,2022,3,3 - Meets Expectation,82.7,3.69,0,0,Yes
99,PR2022-00099,20221223,105,8,36,3,2022,3,3 - Meets Expectation,81.4,3.86,0,0,Yes
100,PR2022-00100,20221207,106,8,36,3,2022,2,2 - Below Expectation,72.5,3.4,0,1,No
101,PR2022-00101,20221217,107,1,1,1,2022,2,2 - Below Expectation,74.6,3.11,0,1,No
102,PR2022-00102,20221219,108,4,17,3,2022,2,2 - Below Expectation,78.7,3.03,0,1,Yes
103,PR2022-00103,20221221,109,5,21,1,2022,2,2 - Below Expectation,80.3,3.51,0,1,No
104,PR2022-00104,20221207,110,2,6,4,2022,3,3 - Meets Expectation,93.3,3.9,0,0,Yes
105,PR2022-00105,20221222,111,1,2,1,2022,3,3 - Meets Expectation,74.4,3.78,0,0,Yes
106,PR2022-00106,20221221,116,1,5,1,2022,2,2 - Below Expectation,67.7,3.51,0,1,No
107,PR2022-00107,20221226,117,4,16,1,2022,2,2 - Below Expectation,76.9,3.61,0,1,Yes
108,PR2022-00108,20221214,118,7,31,5,2022,2,2 - Below Expectation,74.3,3.49,0,1,No
109,PR2022-00109,20221224,119,2,6,1,2022,3,3 - Meets Expectation,92.0,3.92,0,0,Yes
110,PR2022-00110,20221211,121,3,11,1,2022,3,3 - Meets Expectation,84.5,4.08,0,0,Yes
111,PR2022-00111,20221222,122,7,32,5,2022,3,3 - Meets Expectation,88.7,3.81,0,0,Yes
112,PR2022-00112,20221216,123,3,11,2,2022,3,3 - Meets Expectation,84.7,3.72,0,0,Yes
113,PR2022-00113,20221225,124,8,36,6,2022,3,3 - Meets Expectation,83.8,3.96,0,0,Yes
114,PR2022-00114,20221214,125,7,32,1,2022,4,4 - Exceeds Expectation,88.7,4.43,1,0,Yes
115,PR2022-00115,20221217,126,8,36,1,2022,2,2 - Below Expectation,75.7,3.25,0,1,No
116,PR2022-00116,20221219,127,1,1,6,2022,3,3 - Meets Expectation,78.8,3.93,0,0,Yes
117,PR2022-00117,20221216,128,4,16,2,2022,4,4 - Exceeds Expectation,85.0,4.02,1,0,Yes
118,PR2022-00118,20221224,129,6,26,1,2022,1,1 - Poor,68.7,2.62,0,1,Yes
119,PR2022-00119,20221217,130,3,11,2,2022,3,3 - Meets Expectation,82.1,4.02,0,0,Yes
120,PR2022-00120,20221219,131,1,5,1,2022,4,4 - Exceeds Expectation,92.5,4.58,1,0,Yes
121,PR2022-00121,20221215,132,3,12,1,2022,1,1 - Poor,72.7,2.51,0,1,Yes
122,PR2022-00122,20221207,133,1,3,1,2022,3,3 - Meets Expectation,82.2,3.98,0,0,Yes
123,PR2022-00123,20221208,134,3,12,1,2022,1,1 - Poor,76.7,2.25,0,1,Yes
124,PR2022-00124,20221219,135,1,1,1,2022,1,1 - Poor,75.5,3.03,0,1,Yes
125,PR2022-00125,20221212,136,7,32,2,2022,4,4 - Exceeds Expectation,93.8,4.67,1,0,Yes
126,PR2022-00126,20221210,137,1,1,3,2022,3,3 - Meets Expectation,82.4,3.82,0,0,Yes
127,PR2022-00127,20221218,138,6,29,1,2022,4,4 - Exceeds Expectation,103.5,4.47,1,0,Yes
128,PR2022-00128,20221225,139,7,32,4,2022,2,2 - Below Expectation,84.4,3.4,0,1,Yes
129,PR2022-00129,20221224,140,8,36,1,2022,3,3 - Meets Expectation,85.0,3.23,0,0,Yes
130,PR2022-00130,20221220,141,1,3,3,2022,4,4 - Exceeds Expectation,93.7,4.25,1,0,Yes
131,PR2022-00131,20221224,142,8,36,2,2022,1,1 - Poor,67.6,3.38,0,1,No
132,PR2022-00132,20221218,143,7,31,4,2022,4,4 - Exceeds Expectation,94.8,4.43,1,0,Yes
133,PR2022-00133,20221214,144,3,11,1,2022,3,3 - Meets Expectation,89.5,3.93,0,0,Yes
134,PR2022-00134,20221215,145,7,31,4,2022,4,4 - Exceeds Expectation,99.5,4.55,1,0,No
135,PR2022-00135,20221222,146,1,3,4,2022,4,4 - Exceeds Expectation,96.8,4.3,1,0,Yes
136,PR2022-00136,20221226,148,7,31,1,2022,5,5 - Outstanding,106.3,5.0,1,0,Yes
137,PR2022-00137,20221211,149,1,1,5,2022,2,2 - Below Expectation,73.6,2.84,0,1,No
138,PR2022-00138,20221221,150,7,32,5,2022,3,3 - Meets Expectation,82.0,3.6,0,0,Yes
139,PR2022-00139,20221214,151,8,36,3,2022,4,4 - Exceeds Expectation,85.0,4.52,1,0,No
140,PR2022-00140,20221211,152,6,26,1,2022,2,2 - Below Expectation,78.5,2.88,0,1,Yes
141,PR2022-00141,20221226,153,7,33,1,2022,2,2 - Below Expectation,82.7,3.12,0,1,No
142,PR2022-00142,20221226,154,1,5,1,2022,2,2 - Below Expectation,71.5,3.05,0,1,Yes
143,PR2022-00143,20221207,155,4,16,2,2022,3,3 - Meets Expectation,87.5,4.12,0,0,Yes
144,PR2022-00144,20221216,156,1,3,6,2022,2,2 - Below Expectation,72.6,3.58,0,1,Yes
145,PR2022-00145,20221222,157,1,5,1,2022,3,3 - Meets Expectation,87.2,3.97,0,0,Yes
146,PR2022-00146,20221210,158,8,36,1,2022,2,2 - Below Expectation,67.4,3.38,0,1,Yes
147,PR2022-00147,20221213,159,7,31,1,2022,3,3 - Meets Expectation,84.7,3.44,0,0,Yes
148,PR2022-00148,20221217,160,7,35,1,2022,4,4 - Exceeds Expectation,93.3,4.52,1,0,No
149,PR2022-00149,20221226,161,4,16,6,2022,2,2 - Below Expectation,74.7,3.83,0,1,Yes
150,PR2022-00150,20221215,162,4,16,1,2022,1,1 - Poor,72.0,2.88,0,1,Yes
151,PR2022-00151,20221218,163,3,11,1,2022,3,3 - Meets Expectation,83.9,4.16,0,0,No
152,PR2022-00152,20221210,164,1,5,1,2022,4,4 - Exceeds Expectation,98.1,4.65,1,0,Yes
153,PR2022-00153,20221223,165,5,21,2,2022,1,1 - Poor,63.5,2.64,0,1,Yes
154,PR2022-00154,20221211,166,6,26,1,2022,2,2 - Below Expectation,77.2,3.15,0,1,No
155,PR2022-00155,20221208,167,8,39,1,2022,3,3 - Meets Expectation,84.2,4.49,0,0,Yes
156,PR2022-00156,20221212,168,2,7,1,2022,2,2 - Below Expectation,77.4,2.82,0,1,Yes
157,PR2022-00157,20221215,169,1,1,1,2022,1,1 - Poor,67.8,2.46,0,1,No
158,PR2022-00158,20221219,170,1,2,6,2022,2,2 - Below Expectation,75.6,3.41,0,1,Yes
159,PR2022-00159,20221220,171,7,31,6,2022,3,3 - Meets Expectation,83.8,4.22,0,0,Yes
160,PR2022-00160,20221216,173,7,31,1,2022,3,3 - Meets Expectation,91.8,3.33,0,0,Yes
161,PR2022-00161,20221225,174,8,37,1,2022,2,2 - Below Expectation,80.8,3.44,0,1,Yes
162,PR2022-00162,20221215,175,8,38,3,2022,1,1 - Poor,68.3,2.36,0,1,No
163,PR2022-00163,20221219,176,3,14,1,2022,3,3 - Meets Expectation,82.8,3.92,0,0,Yes
164,PR2022-00164,20221208,177,1,1,1,2022,5,5 - Outstanding,102.5,4.98,1,0,Yes
165,PR2022-00165,20221216,179,1,4,1,2022,2,2 - Below Expectation,81.2,3.42,0,1,Yes
166,PR2022-00166,20221210,181,1,2,1,2022,3,3 - Meets Expectation,82.8,3.81,0,0,Yes
167,PR2022-00167,20221219,182,7,31,1,2022,5,5 - Outstanding,98.8,5.0,1,0,Yes
168,PR2022-00168,20221212,183,5,21,2,2022,2,2 - Below Expectation,63.0,3.76,0,1,Yes
169,PR2022-00169,20221213,184,8,36,1,2022,3,3 - Meets Expectation,82.8,4.74,0,0,Yes
170,PR2022-00170,20221209,185,7,31,3,2022,4,4 - Exceeds Expectation,101.8,4.79,1,0,Yes
171,PR2022-00171,20221216,186,7,31,2,2022,5,5 - Outstanding,90.0,4.93,1,0,No
172,PR2022-00172,20221218,187,8,36,3,2022,4,4 - Exceeds Expectation,104.8,4.61,1,0,Yes
173,PR2022-00173,20221217,188,4,16,1,2022,2,2 - Below Expectation,76.1,3.64,0,1,No
174,PR2022-00174,20221214,189,3,13,1,2022,3,3 - Meets Expectation,75.8,4.18,0,0,Yes
175,PR2022-00175,20221219,190,7,31,5,2022,2,2 - Below Expectation,78.9,3.69,0,1,Yes
176,PR2022-00176,20221208,191,4,16,1,2022,4,4 - Exceeds Expectation,89.3,4.57,1,0,Yes
177,PR2022-00177,20221207,192,1,5,2,2022,3,3 - Meets Expectation,81.6,3.74,0,0,Yes
178,PR2022-00178,20221209,193,1,2,1,2022,4,4 - Exceeds Expectation,82.5,4.51,1,0,Yes
179,PR2022-00179,20221225,194,8,39,1,2022,3,3 - Meets Expectation,84.7,3.69,0,0,Yes
180,PR2022-00180,20221212,195,7,32,1,2022,1,1 - Poor,61.2,2.44,0,1,No
181,PR2022-00181,20221218,196,7,32,6,2022,3,3 - Meets Expectation,78.4,3.72,0,0,Yes
182,PR2022-00182,20221213,197,6,28,3,2022,1,1 - Poor,64.3,2.33,0,1,Yes
183,PR2022-00183,20221219,198,6,26,6,2022,4,4 - Exceeds Expectation,94.7,3.95,1,0,Yes
184,PR2022-00184,20221219,199,6,26,1,2022,2,2 - Below Expectation,75.7,3.21,0,1,Yes
185,PR2022-00185,20221224,200,2,7,1,2022,2,2 - Below Expectation,81.2,3.2,0,1,Yes
186,PR2022-00186,20221211,201,5,21,5,2022,1,1 - Poor,75.6,2.47,0,1,Yes
187,PR2022-00187,20221226,202,1,2,3,2022,4,4 - Exceeds Expectation,94.8,4.3,1,0,Yes
188,PR2022-00188,20221225,204,1,1,1,2022,5,5 - Outstanding,109.6,5.0,1,0,Yes
189,PR2022-00189,20221207,205,8,36,4,2022,2,2 - Below Expectation,88.0,3.23,0,1,Yes
190,PR2022-00190,20221225,206,1,1,1,2022,5,5 - Outstanding,104.5,4.73,1,0,Yes
191,PR2022-00191,20221223,207,8,36,2,2022,3,3 - Meets Expectation,88.1,3.7,0,0,Yes
192,PR2022-00192,20221220,208,3,13,2,2022,5,5 - Outstanding,99.2,5.0,1,0,Yes
193,PR2022-00193,20221215,209,6,26,1,2022,5,5 - Outstanding,100.6,5.0,1,0,Yes
194,PR2022-00194,20221212,210,7,33,1,2022,3,3 - Meets Expectation,78.5,3.87,0,0,Yes
195,PR2022-00195,20221214,211,7,31,1,2022,4,4 - Exceeds Expectation,89.3,4.01,1,0,Yes
196,PR2022-00196,20221218,212,3,12,6,2022,3,3 - Meets Expectation,81.9,3.7,0,0,Yes
197,PR2022-00197,20221215,213,2,6,3,2022,4,4 - Exceeds Expectation,86.8,4.3,1,0,Yes
198,PR2022-00198,20221207,214,8,36,1,2022,3,3 - Meets Expectation,80.9,4.31,0,0,Yes
199,PR2022-00199,20221213,215,4,17,1,2022,2,2 - Below Expectation,71.4,2.95,0,1,Yes
200,PR2022-00200,20221207,216,4,16,6,2022,4,4 - Exceeds Expectation,93.2,4.09,1,0,Yes
201,PR2022-00201,20221213,217,5,21,1,2022,3,3 - Meets Expectation,92.6,3.41,0,0,No
202,PR2022-00202,20221215,218,3,11,1,2022,5,5 - Outstanding,101.5,4.54,1,0,Yes
203,PR2022-00203,20221218,219,3,11,1,2022,3,3 - Meets Expectation,71.6,3.75,0,0,Yes
204,PR2022-00204,20221218,220,8,38,1,2022,2,2 - Below Expectation,83.4,2.9,0,1,Yes
205,PR2022-00205,20221210,221,7,31,3,2022,4,4 - Exceeds Expectation,95.6,4.58,1,0,Yes
206,PR2022-00206,20221217,222,8,36,1,2022,2,2 - Below Expectation,70.7,3.36,0,1,Yes
207,PR2022-00207,20221212,223,1,1,3,2022,2,2 - Below Expectation,70.5,2.88,0,1,Yes
208,PR2022-00208,20221208,224,1,4,1,2022,3,3 - Meets Expectation,83.5,3.48,0,0,Yes
209,PR2022-00209,20221210,226,2,6,2,2022,5,5 - Outstanding,94.3,4.68,1,0,Yes
210,PR2022-00210,20221214,227,2,6,4,2022,1,1 - Poor,59.6,2.26,0,1,Yes
211,PR2022-00211,20221220,229,7,31,1,2022,4,4 - Exceeds Expectation,98.9,4.23,1,0,No
212,PR2022-00212,20221224,231,8,36,3,2022,4,4 - Exceeds Expectation,107.0,4.52,1,0,Yes
213,PR2022-00213,20221208,232,3,12,1,2022,4,4 - Exceeds Expectation,96.0,4.6,1,0,Yes
214,PR2022-00214,20221211,233,8,36,2,2022,3,3 - Meets Expectation,85.8,3.82,0,0,Yes
215,PR2022-00215,20221210,234,7,32,2,2022,4,4 - Exceeds Expectation,98.8,4.67,1,0,No
216,PR2022-00216,20221207,236,6,27,1,2022,3,3 - Meets Expectation,74.9,4.03,0,0,Yes
217,PR2022-00217,20221209,238,7,31,1,2022,3,3 - Meets Expectation,81.7,3.05,0,0,Yes
218,PR2022-00218,20221225,239,2,7,4,2022,3,3 - Meets Expectation,84.6,3.66,0,0,Yes
219,PR2022-00219,20221208,240,8,36,6,2022,4,4 - Exceeds Expectation,98.9,4.38,1,0,No
220,PR2022-00220,20221213,241,8,36,1,2022,3,3 - Meets Expectation,87.5,4.34,0,0,Yes
221,PR2022-00221,20221207,242,8,36,1,2022,2,2 - Below Expectation,70.3,3.73,0,1,Yes
222,PR2022-00222,20221217,243,7,31,1,2022,3,3 - Meets Expectation,89.5,4.29,0,0,Yes
223,PR2022-00223,20221213,244,3,13,6,2022,5,5 - Outstanding,106.5,5.0,1,0,Yes
224,PR2022-00224,20221224,245,1,1,1,2022,3,3 - Meets Expectation,95.8,4.04,0,0,Yes
225,PR2022-00225,20221213,246,8,37,1,2022,2,2 - Below Expectation,78.5,3.52,0,1,Yes
226,PR2022-00226,20221210,247,7,31,1,2022,5,5 - Outstanding,107.8,4.53,1,0,Yes
227,PR2022-00227,20221213,248,5,22,1,2022,3,3 - Meets Expectation,74.0,3.77,0,0,Yes
228,PR2022-00228,20221216,249,1,3,2,2022,2,2 - Below Expectation,81.5,3.52,0,1,No
229,PR2022-00229,20221217,250,1,1,1,2022,2,2 - Below Expectation,76.0,2.91,0,1,Yes
230,PR2022-00230,20221221,251,1,4,1,2022,4,4 - Exceeds Expectation,102.5,4.61,1,0,Yes
231,PR2022-00231,20221225,252,3,11,2,2022,3,3 - Meets Expectation,97.4,3.63,0,0,Yes
232,PR2022-00232,20221223,253,8,38,6,2022,3,3 - Meets Expectation,97.1,3.65,0,0,No
233,PR2022-00233,20221220,254,5,21,1,2022,3,3 - Meets Expectation,84.9,3.68,0,0,Yes
234,PR2022-00234,20221222,255,1,1,3,2022,5,5 - Outstanding,100.9,4.85,1,0,Yes
235,PR2022-00235,20221212,256,7,31,1,2022,3,3 - Meets Expectation,93.3,3.83,0,0,Yes
236,PR2022-00236,20221223,257,3,12,1,2022,5,5 - Outstanding,94.6,4.89,1,0,Yes
237,PR2022-00237,20221223,258,1,2,1,2022,3,3 - Meets Expectation,78.0,4.07,0,0,Yes
238,PR2022-00238,20221218,259,7,35,1,2022,3,3 - Meets Expectation,77.9,3.91,0,0,Yes
239,PR2022-00239,20221216,260,8,39,1,2022,5,5 - Outstanding,107.0,4.76,1,0,Yes
240,PR2022-00240,20221209,261,5,21,1,2022,3,3 - Meets Expectation,85.8,3.75,0,0,No
241,PR2022-00241,20221207,263,4,16,1,2022,5,5 - Outstanding,95.9,4.63,1,0,Yes
242,PR2022-00242,20221209,264,1,1,6,2022,3,3 - Meets Expectation,89.5,3.88,0,0,Yes
243,PR2022-00243,20221211,265,7,33,1,2022,3,3 - Meets Expectation,74.1,4.08,0,0,Yes
244,PR2022-00244,20221219,266,4,16,1,2022,4,4 - Exceeds Expectation,97.0,4.62,1,0,Yes
245,PR2022-00245,20221212,267,1,2,1,2022,1,1 - Poor,66.6,2.61,0,1,Yes
246,PR2022-00246,20221225,268,7,31,6,2022,2,2 - Below Expectation,80.2,3.17,0,1,Yes
247,PR2022-00247,20221222,269,8,36,1,2022,4,4 - Exceeds Expectation,90.4,4.49,1,0,Yes
248,PR2022-00248,20221220,270,3,11,1,2022,2,2 - Below Expectation,81.3,3.33,0,1,Yes
249,PR2022-00249,20221210,272,4,19,1,2022,4,4 - Exceeds Expectation,99.9,4.86,1,0,Yes
250,PR2022-00250,20221212,273,3,12,1,2022,2,2 - Below Expectation,77.6,3.27,0,1,Yes
251,PR2022-00251,20221216,274,7,31,5,2022,3,3 - Meets Expectation,78.4,3.88,0,0,Yes
252,PR2022-00252,20221226,275,3,11,1,2022,3,3 - Meets Expectation,83.0,3.64,0,0,Yes
253,PR2022-00253,20221212,276,8,36,1,2022,3,3 - Meets Expectation,92.5,3.49,0,0,Yes
254,PR2022-00254,20221208,277,3,11,1,2022,1,1 - Poor,59.9,3.13,0,1,Yes
255,PR2022-00255,20221222,278,3,14,1,2022,5,5 - Outstanding,105.8,5.0,1,0,No
256,PR2022-00256,20221211,279,3,11,3,2022,4,4 - Exceeds Expectation,95.6,4.16,1,0,Yes
257,PR2022-00257,20221211,280,2,10,1,2022,2,2 - Below Expectation,78.8,3.5,0,1,Yes
258,PR2022-00258,20221222,281,1,2,1,2022,4,4 - Exceeds Expectation,99.7,4.22,1,0,Yes
259,PR2022-00259,20221208,282,1,4,1,2022,4,4 - Exceeds Expectation,93.9,4.14,1,0,Yes
260,PR2022-00260,20221223,284,7,32,5,2022,4,4 - Exceeds Expectation,82.3,3.7,1,0,Yes
261,PR2022-00261,20221215,285,1,1,4,2022,4,4 - Exceeds Expectation,103.5,4.1,1,0,Yes
262,PR2022-00262,20221213,286,1,2,1,2022,4,4 - Exceeds Expectation,89.9,4.39,1,0,Yes
263,PR2022-00263,20221213,287,1,1,1,2022,3,3 - Meets Expectation,91.3,4.05,0,0,Yes
264,PR2022-00264,20221209,290,3,15,1,2022,3,3 - Meets Expectation,75.7,4.17,0,0,Yes
265,PR2022-00265,20221209,291,3,13,1,2022,3,3 - Meets Expectation,91.2,3.62,0,0,Yes
266,PR2022-00266,20221226,292,7,31,2,2022,5,5 - Outstanding,103.1,4.69,1,0,Yes
267,PR2022-00267,20221224,296,1,1,4,2022,2,2 - Below Expectation,73.1,2.97,0,1,Yes
268,PR2022-00268,20221215,297,7,33,5,2022,2,2 - Below Expectation,76.5,3.64,0,1,Yes
269,PR2022-00269,20221214,298,8,38,1,2022,3,3 - Meets Expectation,90.1,4.06,0,0,Yes
270,PR2022-00270,20221223,299,7,31,3,2022,3,3 - Meets Expectation,85.5,3.3,0,0,Yes
271,PR2022-00271,20221213,300,4,16,5,2022,4,4 - Exceeds Expectation,85.5,4.82,1,0,Yes
272,PR2022-00272,20221221,302,1,1,1,2022,4,4 - Exceeds Expectation,86.1,4.0,1,0,Yes
273,PR2022-00273,20221207,303,1,1,1,2022,5,5 - Outstanding,102.4,4.47,1,0,Yes
274,PR2022-00274,20221224,304,7,31,1,2022,3,3 - Meets Expectation,87.9,3.22,0,0,Yes
275,PR2022-00275,20221223,305,7,31,4,2022,3,3 - Meets Expectation,89.2,4.11,0,0,No
276,PR2022-00276,20221223,306,1,1,6,2022,3,3 - Meets Expectation,85.8,3.55,0,0,No
277,PR2022-00277,20221212,307,4,17,4,2022,4,4 - Exceeds Expectation,91.7,4.04,1,0,Yes
278,PR2022-00278,20221224,308,6,26,3,2022,4,4 - Exceeds Expectation,90.5,4.6,1,0,No
279,PR2022-00279,20221222,310,4,16,1,2022,4,4 - Exceeds Expectation,92.0,4.7,1,0,Yes
280,PR2022-00280,20221207,311,3,13,1,2022,4,4 - Exceeds Expectation,87.4,3.77,1,0,Yes
281,PR2022-00281,20221210,312,7,31,2,2022,4,4 - Exceeds Expectation,84.1,4.27,1,0,Yes
282,PR2022-00282,20221212,313,7,32,1,2022,4,4 - Exceeds Expectation,93.8,4.38,1,0,Yes
283,PR2022-00283,20221219,314,3,14,1,2022,3,3 - Meets Expectation,84.5,4.16,0,0,Yes
284,PR2022-00284,20221221,315,7,33,2,2022,1,1 - Poor,65.0,2.65,0,1,Yes
285,PR2022-00285,20221213,316,4,19,1,2022,3,3 - Meets Expectation,90.1,3.86,0,0,Yes
286,PR2022-00286,20221215,317,2,7,1,2022,3,3 - Meets Expectation,90.5,3.67,0,0,Yes
287,PR2022-00287,20221214,318,1,1,1,2022,3,3 - Meets Expectation,82.2,3.49,0,0,Yes
288,PR2022-00288,20221207,319,8,36,1,2022,2,2 - Below Expectation,79.2,3.25,0,1,No
289,PR2022-00289,20221215,320,7,33,5,2022,3,3 - Meets Expectation,86.8,3.67,0,0,Yes
290,PR2022-00290,20221224,321,1,1,1,2022,5,5 - Outstanding,98.4,4.52,1,0,Yes
291,PR2022-00291,20221214,324,3,14,1,2022,3,3 - Meets Expectation,84.7,3.36,0,0,Yes
292,PR2022-00292,20221220,325,1,2,3,2022,3,3 - Meets Expectation,86.9,4.03,0,0,No
293,PR2022-00293,20221221,326,2,6,4,2022,4,4 - Exceeds Expectation,95.3,4.11,1,0,Yes
294,PR2022-00294,20221209,327,7,32,1,2022,2,2 - Below Expectation,76.9,3.4,0,1,Yes
295,PR2022-00295,20221216,329,7,32,2,2022,4,4 - Exceeds Expectation,100.4,4.09,1,0,Yes
296,PR2022-00296,20221225,330,1,1,2,2022,3,3 - Meets Expectation,80.8,3.78,0,0,Yes
297,PR2022-00297,20221215,331,3,12,3,2022,4,4 - Exceeds Expectation,88.3,4.55,1,0,Yes
298,PR2022-00298,20221226,333,8,36,1,2022,2,2 - Below Expectation,68.2,3.67,0,1,Yes
299,PR2022-00299,20221221,334,8,37,6,2022,4,4 - Exceeds Expectation,100.3,4.54,1,0,Yes
300,PR2022-00300,20221226,335,6,26,1,2022,3,3 - Meets Expectation,80.1,3.64,0,0,Yes
301,PR2022-00301,20221211,336,1,1,1,2022,3,3 - Meets Expectation,92.2,3.38,0,0,Yes
302,PR2022-00302,20221220,337,3,12,1,2022,4,4 - Exceeds Expectation,90.4,4.19,1,0,Yes
303,PR2022-00303,20221210,339,5,21,3,2022,2,2 - Below Expectation,79.5,2.99,0,1,Yes
304,PR2022-00304,20221223,340,8,36,5,2022,5,5 - Outstanding,103.3,4.62,1,0,Yes
305,PR2022-00305,20221209,341,1,1,1,2022,2,2 - Below Expectation,80.1,3.34,0,1,No
306,PR2022-00306,20221212,343,7,31,3,2022,3,3 - Meets Expectation,88.8,4.16,0,0,Yes
307,PR2022-00307,20221211,344,8,37,6,2022,2,2 - Below Expectation,67.7,3.27,0,1,Yes
308,PR2022-00308,20221211,345,3,11,1,2022,2,2 - Below Expectation,87.7,2.99,0,1,Yes
309,PR2022-00309,20221216,347,8,36,2,2022,4,4 - Exceeds Expectation,90.0,4.63,1,0,Yes
310,PR2022-00310,20221225,348,7,32,1,2022,4,4 - Exceeds Expectation,101.2,4.0,1,0,Yes
311,PR2022-00311,20221225,349,7,33,4,2022,4,4 - Exceeds Expectation,95.5,4.4,1,0,No
312,PR2022-00312,20221221,350,2,7,3,2022,5,5 - Outstanding,119.1,5.0,1,0,Yes
313,PR2022-00313,20221213,351,6,26,1,2022,1,1 - Poor,57.5,2.74,0,1,Yes
314,PR2022-00314,20221219,352,7,32,1,2022,3,3 - Meets Expectation,79.1,3.68,0,0,No
315,PR2022-00315,20221226,353,1,2,1,2022,3,3 - Meets Expectation,85.5,3.85,0,0,Yes
316,PR2022-00316,20221223,355,8,39,1,2022,3,3 - Meets Expectation,82.2,4.67,0,0,Yes
317,PR2022-00317,20221210,356,8,36,1,2022,3,3 - Meets Expectation,86.5,3.87,0,0,Yes
318,PR2022-00318,20221219,357,3,12,1,2022,4,4 - Exceeds Expectation,86.7,3.9,1,0,Yes
319,PR2022-00319,20221214,358,5,22,1,2022,2,2 - Below Expectation,70.7,2.97,0,1,Yes
320,PR2022-00320,20221208,360,7,32,4,2022,3,3 - Meets Expectation,90.1,3.86,0,0,Yes
321,PR2022-00321,20221219,361,1,3,6,2022,5,5 - Outstanding,107.8,4.87,1,0,Yes
322,PR2022-00322,20221208,362,8,36,1,2022,2,2 - Below Expectation,87.6,2.61,0,1,Yes
323,PR2022-00323,20221214,363,3,12,1,2022,1,1 - Poor,67.5,2.97,0,1,Yes
324,PR2022-00324,20221216,364,7,32,3,2022,4,4 - Exceeds Expectation,101.0,4.34,1,0,Yes
325,PR2022-00325,20221218,365,8,37,1,2022,2,2 - Below Expectation,68.8,3.69,0,1,Yes
326,PR2022-00326,20221211,366,8,37,4,2022,2,2 - Below Expectation,79.3,3.17,0,1,Yes
327,PR2022-00327,20221216,369,1,3,1,2022,3,3 - Meets Expectation,101.4,4.35,0,0,No
328,PR2022-00328,20221224,371,7,33,1,2022,4,4 - Exceeds Expectation,100.8,4.47,1,0,No
329,PR2022-00329,20221219,372,1,1,1,2022,3,3 - Meets Expectation,90.6,3.72,0,0,Yes
330,PR2022-00330,20221216,373,2,8,1,2022,3,3 - Meets Expectation,79.8,3.09,0,0,Yes
331,PR2022-00331,20221225,374,1,1,5,2022,3,3 - Meets Expectation,78.4,3.98,0,0,No
332,PR2022-00332,20221212,375,5,22,4,2022,4,4 - Exceeds Expectation,90.1,4.3,1,0,Yes
333,PR2022-00333,20221211,376,3,11,4,2022,2,2 - Below Expectation,77.0,2.79,0,1,Yes
334,PR2022-00334,20221224,377,6,28,2,2022,1,1 - Poor,75.4,2.5,0,1,Yes
335,PR2022-00335,20221222,378,1,1,2,2022,3,3 - Meets Expectation,79.7,3.54,0,0,Yes
336,PR2022-00336,20221226,379,1,1,1,2022,5,5 - Outstanding,98.5,4.68,1,0,Yes
337,PR2022-00337,20221211,380,3,12,5,2022,3,3 - Meets Expectation,86.5,3.55,0,0,Yes
338,PR2022-00338,20221226,381,4,18,2,2022,5,5 - Outstanding,102.1,5.0,1,0,Yes
339,PR2022-00339,20221224,382,3,11,4,2022,4,4 - Exceeds Expectation,93.3,4.71,1,0,Yes
340,PR2022-00340,20221217,383,6,27,2,2022,2,2 - Below Expectation,66.2,3.12,0,1,Yes
341,PR2022-00341,20221219,384,3,11,1,2022,3,3 - Meets Expectation,84.3,3.26,0,0,Yes
342,PR2022-00342,20221211,386,2,6,1,2022,3,3 - Meets Expectation,84.2,4.28,0,0,Yes
343,PR2022-00343,20221217,387,3,11,1,2022,1,1 - Poor,65.4,2.79,0,1,Yes
344,PR2022-00344,20221210,389,7,31,2,2022,5,5 - Outstanding,113.7,4.82,1,0,No
345,PR2022-00345,20221211,390,3,13,1,2022,3,3 - Meets Expectation,73.7,3.89,0,0,No
346,PR2022-00346,20221208,391,7,32,3,2022,3,3 - Meets Expectation,80.9,3.92,0,0,Yes
347,PR2022-00347,20221224,392,8,37,1,2022,2,2 - Below Expectation,63.6,3.44,0,1,Yes
348,PR2022-00348,20221208,393,7,31,6,2022,3,3 - Meets Expectation,92.0,3.49,0,0,No
349,PR2022-00349,20221226,394,7,32,5,2022,2,2 - Below Expectation,79.3,3.44,0,1,Yes
350,PR2022-00350,20221210,395,5,22,1,2022,3,3 - Meets Expectation,84.3,3.75,0,0,Yes
351,PR2022-00351,20221224,396,1,1,1,2022,4,4 - Exceeds Expectation,97.1,4.44,1,0,Yes
352,PR2022-00352,20221216,397,2,7,1,2022,1,1 - Poor,68.9,2.51,0,1,Yes
353,PR2022-00353,20221226,398,3,12,1,2022,2,2 - Below Expectation,73.1,3.62,0,1,Yes
354,PR2022-00354,20221215,399,2,6,1,2022,3,3 - Meets Expectation,94.3,3.79,0,0,Yes
355,PR2022-00355,20221226,400,7,32,3,2022,2,2 - Below Expectation,70.4,3.31,0,1,Yes
356,PR2022-00356,20221213,401,6,29,1,2022,4,4 - Exceeds Expectation,90.0,5.0,1,0,Yes
357,PR2022-00357,20221216,402,3,13,3,2022,1,1 - Poor,70.2,2.6,0,1,No
358,PR2022-00358,20221223,403,3,12,1,2022,4,4 - Exceeds Expectation,105.2,4.21,1,0,Yes
359,PR2022-00359,20221212,404,7,31,6,2022,2,2 - Below Expectation,67.6,3.5,0,1,Yes
360,PR2022-00360,20221207,405,3,12,1,2022,2,2 - Below Expectation,70.2,3.39,0,1,Yes
361,PR2022-00361,20221217,406,3,11,2,2022,5,5 - Outstanding,105.6,4.75,1,0,Yes
362,PR2022-00362,20221208,407,3,12,1,2022,4,4 - Exceeds Expectation,83.9,5.0,1,0,Yes
363,PR2022-00363,20221212,408,3,12,4,2022,4,4 - Exceeds Expectation,106.3,4.74,1,0,No
364,PR2022-00364,20221221,409,7,33,1,2022,3,3 - Meets Expectation,81.7,3.31,0,0,Yes
365,PR2022-00365,20221218,410,8,38,1,2022,2,2 - Below Expectation,79.7,3.15,0,1,Yes
366,PR2022-00366,20221220,411,6,26,3,2022,2,2 - Below Expectation,62.6,3.39,0,1,Yes
367,PR2022-00367,20221219,412,1,1,1,2022,2,2 - Below Expectation,71.1,2.76,0,1,Yes
368,PR2022-00368,20221209,414,3,11,2,2022,2,2 - Below Expectation,81.6,3.53,0,1,No
369,PR2022-00369,20221223,415,3,11,5,2022,3,3 - Meets Expectation,85.4,4.51,0,0,Yes
370,PR2022-00370,20221216,416,1,1,1,2022,5,5 - Outstanding,98.4,4.83,1,0,Yes
371,PR2022-00371,20221221,418,7,31,1,2022,3,3 - Meets Expectation,90.5,4.02,0,0,Yes
372,PR2022-00372,20221214,419,8,39,1,2022,3,3 - Meets Expectation,83.4,3.45,0,0,No
373,PR2022-00373,20221215,420,5,21,2,2022,2,2 - Below Expectation,73.0,3.04,0,1,Yes
374,PR2022-00374,20221216,421,1,4,1,2022,3,3 - Meets Expectation,86.9,3.93,0,0,Yes
375,PR2022-00375,20221219,422,7,32,2,2022,2,2 - Below Expectation,71.5,3.81,0,1,Yes
376,PR2022-00376,20221225,423,4,16,5,2022,2,2 - Below Expectation,67.0,2.79,0,1,Yes
377,PR2022-00377,20221218,425,1,3,3,2022,3,3 - Meets Expectation,85.9,3.95,0,0,Yes
378,PR2022-00378,20221209,426,3,14,6,2022,4,4 - Exceeds Expectation,92.8,4.49,1,0,No
379,PR2022-00379,20221209,428,8,39,6,2022,2,2 - Below Expectation,70.1,2.97,0,1,Yes
380,PR2022-00380,20221212,429,7,33,1,2022,3,3 - Meets Expectation,81.9,3.54,0,0,Yes
381,PR2022-00381,20221214,430,1,4,1,2022,2,2 - Below Expectation,75.4,3.4,0,1,Yes
382,PR2022-00382,20221223,431,3,12,2,2022,4,4 - Exceeds Expectation,95.4,4.4,1,0,No
383,PR2022-00383,20221208,432,1,4,1,2022,4,4 - Exceeds Expectation,88.7,4.46,1,0,Yes
384,PR2022-00384,20221225,433,7,35,1,2022,3,3 - Meets Expectation,84.8,3.56,0,0,Yes
385,PR2022-00385,20221213,434,1,2,1,2022,1,1 - Poor,70.3,2.62,0,1,Yes
386,PR2022-00386,20221219,436,3,13,3,2022,3,3 - Meets Expectation,81.0,3.51,0,0,Yes
387,PR2022-00387,20221210,437,8,36,1,2022,4,4 - Exceeds Expectation,89.1,4.67,1,0,Yes
388,PR2022-00388,20221218,438,1,2,2,2022,2,2 - Below Expectation,68.6,3.4,0,1,Yes
389,PR2022-00389,20221212,439,8,37,1,2022,5,5 - Outstanding,101.7,5.0,1,0,Yes
390,PR2022-00390,20221210,440,7,31,3,2022,2,2 - Below Expectation,71.7,3.34,0,1,Yes
391,PR2022-00391,20221225,441,3,12,1,2022,2,2 - Below Expectation,72.5,3.77,0,1,Yes
392,PR2022-00392,20221209,442,8,36,2,2022,2,2 - Below Expectation,66.9,2.76,0,1,No
393,PR2022-00393,20221207,443,2,6,1,2022,3,3 - Meets Expectation,86.6,3.48,0,0,Yes
394,PR2022-00394,20221213,444,1,1,1,2022,3,3 - Meets Expectation,78.5,3.74,0,0,Yes
395,PR2022-00395,20221216,445,1,4,1,2022,4,4 - Exceeds Expectation,100.7,4.45,1,0,No
396,PR2022-00396,20221220,446,8,36,4,2022,3,3 - Meets Expectation,74.4,3.84,0,0,No
397,PR2022-00397,20221216,447,4,16,1,2022,4,4 - Exceeds Expectation,98.5,4.26,1,0,Yes
398,PR2022-00398,20221219,448,3,12,6,2022,4,4 - Exceeds Expectation,95.7,4.5,1,0,Yes
399,PR2022-00399,20221225,449,1,2,6,2022,3,3 - Meets Expectation,71.9,3.77,0,0,Yes
400,PR2022-00400,20221208,450,8,38,1,2022,3,3 - Meets Expectation,74.8,3.81,0,0,Yes
401,PR2022-00401,20221220,451,8,36,3,2022,2,2 - Below Expectation,87.1,2.72,0,1,No
402,PR2022-00402,20221225,452,3,12,2,2022,2,2 - Below Expectation,80.0,3.1,0,1,Yes
403,PR2022-00403,20221226,453,8,36,2,2022,4,4 - Exceeds Expectation,84.5,3.72,1,0,Yes
404,PR2022-00404,20221209,454,7,34,1,2022,3,3 - Meets Expectation,83.2,3.47,0,0,Yes
405,PR2022-00405,20221213,455,4,20,6,2022,3,3 - Meets Expectation,77.8,4.22,0,0,Yes
406,PR2022-00406,20221218,457,7,32,3,2022,2,2 - Below Expectation,60.2,3.21,0,1,Yes
407,PR2022-00407,20221223,458,7,31,1,2022,4,4 - Exceeds Expectation,98.7,4.37,1,0,Yes
408,PR2022-00408,20221220,459,7,31,1,2022,3,3 - Meets Expectation,84.7,3.66,0,0,Yes
409,PR2022-00409,20221214,460,2,7,1,2022,5,5 - Outstanding,113.1,4.99,1,0,Yes
410,PR2023-00410,20231225,2,7,32,1,2023,4,4 - Exceeds Expectation,90.4,4.35,1,0,Yes
411,PR2023-00411,20231214,3,5,21,1,2023,3,3 - Meets Expectation,86.1,4.29,0,0,Yes
412,PR2023-00412,20231224,5,8,36,1,2023,3,3 - Meets Expectation,75.1,4.02,0,0,Yes
413,PR2023-00413,20231215,6,1,1,1,2023,2,2 - Below Expectation,75.1,3.13,0,1,Yes
414,PR2023-00414,20231209,7,3,11,2,2023,3,3 - Meets Expectation,86.8,3.51,0,0,Yes
415,PR2023-00415,20231219,8,5,21,2,2023,2,2 - Below Expectation,81.4,3.27,0,1,Yes
416,PR2023-00416,20231213,9,8,36,3,2023,2,2 - Below Expectation,73.7,3.1,0,1,Yes
417,PR2023-00417,20231209,11,8,36,6,2023,5,5 - Outstanding,92.0,5.0,1,0,Yes
418,PR2023-00418,20231225,12,2,6,3,2023,3,3 - Meets Expectation,80.2,3.69,0,0,Yes
419,PR2023-00419,20231213,13,2,7,2,2023,5,5 - Outstanding,101.7,4.51,1,0,Yes
420,PR2023-00420,20231209,15,4,16,1,2023,2,2 - Below Expectation,81.5,3.58,0,1,No
421,PR2023-00421,20231207,16,1,1,5,2023,3,3 - Meets Expectation,88.2,3.58,0,0,Yes
422,PR2023-00422,20231222,17,6,26,3,2023,5,5 - Outstanding,115.8,5.0,1,0,Yes
423,PR2023-00423,20231225,19,5,24,1,2023,3,3 - Meets Expectation,94.0,3.7,0,0,Yes
424,PR2023-00425,20231207,22,1,1,3,2023,4,4 - Exceeds Expectation,100.8,3.88,1,0,Yes
425,PR2023-00426,20231224,23,1,2,6,2023,4,4 - Exceeds Expectation,88.8,4.16,1,0,Yes
426,PR2023-00427,20231220,24,8,36,1,2023,3,3 - Meets Expectation,83.5,3.79,0,0,Yes
427,PR2023-00428,20231210,25,2,8,1,2023,2,2 - Below Expectation,74.9,3.65,0,1,Yes
428,PR2023-00429,20231220,26,8,37,4,2023,2,2 - Below Expectation,74.9,3.27,0,1,Yes
429,PR2023-00430,20231220,27,3,14,1,2023,5,5 - Outstanding,107.2,5.0,1,0,Yes
430,PR2023-00431,20231213,28,2,6,1,2023,2,2 - Below Expectation,71.5,3.28,0,1,Yes
431,PR2023-00432,20231219,29,3,12,1,2023,2,2 - Below Expectation,67.6,3.41,0,1,Yes
432,PR2023-00433,20231225,30,1,2,3,2023,3,3 - Meets Expectation,90.6,3.91,0,0,Yes
433,PR2023-00434,20231207,31,2,6,4,2023,3,3 - Meets Expectation,81.8,3.61,0,0,Yes
434,PR2023-00435,20231221,33,3,11,3,2023,2,2 - Below Expectation,76.9,3.05,0,1,No
435,PR2023-00436,20231208,34,8,36,5,2023,1,1 - Poor,66.9,2.98,0,1,Yes
436,PR2023-00437,20231220,37,1,3,1,2023,3,3 - Meets Expectation,91.7,4.13,0,0,Yes
437,PR2023-00438,20231219,38,3,11,1,2023,1,1 - Poor,66.2,3.16,0,1,Yes
438,PR2023-00439,20231214,39,4,16,3,2023,2,2 - Below Expectation,68.6,3.22,0,1,Yes
439,PR2023-00440,20231207,40,3,11,5,2023,4,4 - Exceeds Expectation,85.2,4.24,1,0,No
440,PR2023-00441,20231207,41,7,31,1,2023,2,2 - Below Expectation,77.3,3.27,0,1,Yes
441,PR2023-00442,20231219,43,5,21,1,2023,3,3 - Meets Expectation,91.1,3.92,0,0,Yes
442,PR2023-00443,20231210,44,6,26,2,2023,3,3 - Meets Expectation,87.7,4.1,0,0,Yes
443,PR2023-00444,20231223,45,7,31,1,2023,2,2 - Below Expectation,74.6,3.48,0,1,Yes
444,PR2023-00445,20231213,46,7,31,2,2023,4,4 - Exceeds Expectation,95.4,4.36,1,0,No
445,PR2023-00446,20231218,47,7,31,4,2023,4,4 - Exceeds Expectation,96.4,4.39,1,0,Yes
446,PR2023-00447,20231218,48,7,31,5,2023,1,1 - Poor,68.1,2.77,0,1,Yes
447,PR2023-00448,20231209,49,3,13,1,2023,3,3 - Meets Expectation,85.6,3.75,0,0,Yes
448,PR2023-00449,20231210,50,3,13,1,2023,4,4 - Exceeds Expectation,100.4,4.4,1,0,No
449,PR2023-00450,20231216,51,7,31,1,2023,2,2 - Below Expectation,82.4,3.73,0,1,Yes
450,PR2023-00451,20231223,53,7,32,1,2023,3,3 - Meets Expectation,86.7,3.99,0,0,Yes
451,PR2023-00452,20231226,54,8,37,2,2023,4,4 - Exceeds Expectation,100.7,4.77,1,0,No
452,PR2023-00453,20231222,55,8,36,1,2023,3,3 - Meets Expectation,73.5,3.66,0,0,Yes
453,PR2023-00454,20231226,56,1,1,3,2023,4,4 - Exceeds Expectation,84.2,4.11,1,0,Yes
454,PR2023-00455,20231220,57,4,16,1,2023,3,3 - Meets Expectation,86.8,3.54,0,0,Yes
455,PR2023-00456,20231219,58,4,16,3,2023,5,5 - Outstanding,94.9,5.0,1,0,Yes
456,PR2023-00457,20231217,59,3,12,1,2023,2,2 - Below Expectation,81.5,3.07,0,1,No
457,PR2023-00458,20231222,60,3,11,1,2023,3,3 - Meets Expectation,75.5,3.78,0,0,Yes
458,PR2023-00459,20231225,61,4,17,3,2023,2,2 - Below Expectation,80.2,3.29,0,1,Yes
459,PR2023-00460,20231223,62,2,6,4,2023,4,4 - Exceeds Expectation,90.0,3.76,1,0,No
460,PR2023-00461,20231220,63,3,11,5,2023,2,2 - Below Expectation,67.2,2.94,0,1,Yes
461,PR2023-00462,20231209,64,7,31,1,2023,4,4 - Exceeds Expectation,82.7,4.23,1,0,Yes
462,PR2023-00463,20231226,65,3,11,1,2023,3,3 - Meets Expectation,86.5,3.86,0,0,Yes
463,PR2023-00464,20231211,66,1,3,4,2023,4,4 - Exceeds Expectation,92.3,4.92,1,0,Yes
464,PR2023-00465,20231207,67,7,31,6,2023,3,3 - Meets Expectation,83.1,3.63,0,0,Yes
465,PR2023-00466,20231216,69,5,21,6,2023,4,4 - Exceeds Expectation,106.5,4.62,1,0,Yes
466,PR2023-00467,20231210,71,1,4,2,2023,4,4 - Exceeds Expectation,86.5,4.1,1,0,Yes
467,PR2023-00468,20231214,72,5,21,1,2023,5,5 - Outstanding,107.4,4.9,1,0,No
468,PR2023-00469,20231216,73,3,14,1,2023,3,3 - Meets Expectation,86.5,4.24,0,0,Yes
469,PR2023-00470,20231217,74,8,36,2,2023,1,1 - Poor,67.2,2.98,0,1,Yes
470,PR2023-00471,20231213,75,4,16,6,2023,3,3 - Meets Expectation,89.3,3.25,0,0,Yes
471,PR2023-00472,20231222,76,3,13,5,2023,1,1 - Poor,74.3,2.75,0,1,Yes
472,PR2023-00473,20231221,77,5,21,1,2023,3,3 - Meets Expectation,83.2,3.75,0,0,Yes
473,PR2023-00474,20231214,79,8,39,1,2023,2,2 - Below Expectation,79.4,3.46,0,1,No
474,PR2023-00475,20231210,80,7,33,2,2023,3,3 - Meets Expectation,88.6,3.85,0,0,Yes
475,PR2023-00476,20231221,81,1,1,6,2023,3,3 - Meets Expectation,85.5,4.03,0,0,No
476,PR2023-00477,20231225,82,2,6,1,2023,1,1 - Poor,69.7,2.76,0,1,Yes
477,PR2023-00478,20231219,83,6,27,2,2023,2,2 - Below Expectation,73.2,2.9,0,1,Yes
478,PR2023-00479,20231209,84,4,16,3,2023,3,3 - Meets Expectation,88.1,4.09,0,0,No
479,PR2023-00480,20231209,85,7,33,1,2023,2,2 - Below Expectation,76.3,3.49,0,1,No
480,PR2023-00481,20231210,86,3,13,1,2023,3,3 - Meets Expectation,86.2,3.81,0,0,Yes
481,PR2023-00482,20231224,87,6,26,1,2023,2,2 - Below Expectation,82.9,3.61,0,1,Yes
482,PR2023-00483,20231226,88,1,1,5,2023,3,3 - Meets Expectation,86.5,3.91,0,0,Yes
483,PR2023-00484,20231221,89,1,1,5,2023,3,3 - Meets Expectation,87.8,4.45,0,0,Yes
484,PR2023-00485,20231223,91,7,31,1,2023,4,4 - Exceeds Expectation,90.4,4.18,1,0,Yes
485,PR2023-00486,20231210,92,5,21,3,2023,2,2 - Below Expectation,81.7,3.74,0,1,Yes
486,PR2023-00487,20231222,94,2,6,1,2023,4,4 - Exceeds Expectation,97.4,3.76,1,0,Yes
487,PR2023-00488,20231224,95,1,2,2,2023,1,1 - Poor,66.8,2.82,0,1,Yes
488,PR2023-00489,20231216,96,2,9,1,2023,2,2 - Below Expectation,67.3,2.95,0,1,Yes
489,PR2023-00490,20231215,98,8,36,1,2023,2,2 - Below Expectation,79.2,3.03,0,1,No
490,PR2023-00491,20231223,99,7,32,6,2023,3,3 - Meets Expectation,93.8,3.89,0,0,Yes
491,PR2023-00492,20231217,100,1,1,3,2023,3,3 - Meets Expectation,85.5,3.78,0,0,Yes
492,PR2023-00493,20231208,101,7,31,5,2023,3,3 - Meets Expectation,82.5,3.84,0,0,Yes
493,PR2023-00494,20231210,102,7,32,1,2023,2,2 - Below Expectation,73.4,2.73,0,1,Yes
494,PR2023-00495,20231221,103,7,31,2,2023,4,4 - Exceeds Expectation,98.0,4.84,1,0,Yes
495,PR2023-00496,20231209,104,2,6,1,2023,2,2 - Below Expectation,82.7,3.42,0,1,Yes
496,PR2023-00497,20231212,105,8,36,3,2023,3,3 - Meets Expectation,93.6,3.84,0,0,Yes
497,PR2023-00498,20231221,106,8,36,3,2023,3,3 - Meets Expectation,70.3,4.19,0,0,Yes
498,PR2023-00499,20231220,108,4,17,3,2023,3,3 - Meets Expectation,83.2,3.71,0,0,No
499,PR2023-00500,20231210,109,5,21,1,2023,1,1 - Poor,80.2,2.74,0,1,Yes
500,PR2023-00501,20231218,111,1,2,1,2023,4,4 - Exceeds Expectation,99.7,4.07,1,0,Yes
501,PR2023-00502,20231216,112,2,6,3,2023,3,3 - Meets Expectation,83.7,3.71,0,0,Yes
502,PR2023-00503,20231220,114,1,2,1,2023,5,5 - Outstanding,99.0,4.78,1,0,Yes
503,PR2023-00504,20231215,115,3,13,1,2023,4,4 - Exceeds Expectation,86.8,4.06,1,0,Yes
504,PR2023-00505,20231225,116,1,5,1,2023,1,1 - Poor,71.9,2.61,0,1,Yes
505,PR2023-00506,20231208,118,7,31,5,2023,1,1 - Poor,64.3,3.12,0,1,Yes
506,PR2023-00507,20231216,120,2,6,4,2023,2,2 - Below Expectation,69.3,3.76,0,1,Yes
507,PR2023-00509,20231213,122,7,32,5,2023,3,3 - Meets Expectation,85.0,3.79,0,0,Yes
508,PR2023-00510,20231225,123,3,11,2,2023,3,3 - Meets Expectation,81.1,3.57,0,0,No
509,PR2023-00511,20231224,124,8,36,6,2023,3,3 - Meets Expectation,85.0,3.32,0,0,Yes
510,PR2023-00512,20231222,125,7,32,1,2023,4,4 - Exceeds Expectation,92.6,4.45,1,0,Yes
511,PR2023-00513,20231222,127,1,1,6,2023,2,2 - Below Expectation,68.2,3.33,0,1,Yes
512,PR2023-00514,20231224,128,4,16,2,2023,3,3 - Meets Expectation,90.1,4.1,0,0,No
513,PR2023-00515,20231222,129,6,26,1,2023,2,2 - Below Expectation,79.0,3.19,0,1,Yes
514,PR2023-00516,20231221,131,1,5,1,2023,3,3 - Meets Expectation,93.4,4.09,0,0,Yes
515,PR2023-00517,20231218,132,3,12,1,2023,1,1 - Poor,75.0,2.84,0,1,Yes
516,PR2023-00518,20231207,133,1,3,1,2023,4,4 - Exceeds Expectation,93.0,4.43,1,0,Yes
517,PR2023-00519,20231226,135,1,1,1,2023,1,1 - Poor,64.4,2.77,0,1,Yes
518,PR2023-00520,20231210,136,7,32,2,2023,3,3 - Meets Expectation,86.3,3.65,0,0,Yes
519,PR2023-00521,20231207,137,1,1,3,2023,2,2 - Below Expectation,76.1,3.37,0,1,Yes
520,PR2023-00522,20231222,138,6,29,1,2023,1,1 - Poor,66.2,2.7,0,1,Yes
521,PR2023-00523,20231209,139,7,32,4,2023,2,2 - Below Expectation,66.7,3.37,0,1,Yes
522,PR2023-00524,20231218,140,8,36,1,2023,3,3 - Meets Expectation,79.4,4.06,0,0,Yes
523,PR2023-00525,20231219,141,1,3,3,2023,4,4 - Exceeds Expectation,91.6,4.33,1,0,No
524,PR2023-00526,20231210,143,7,31,4,2023,3,3 - Meets Expectation,81.1,4.17,0,0,Yes
525,PR2023-00527,20231223,146,1,3,4,2023,5,5 - Outstanding,95.1,4.62,1,0,No
526,PR2023-00528,20231216,148,7,31,1,2023,5,5 - Outstanding,101.5,4.85,1,0,No
527,PR2023-00529,20231218,149,1,1,5,2023,2,2 - Below Expectation,70.0,3.58,0,1,Yes
528,PR2023-00530,20231226,150,7,32,5,2023,3,3 - Meets Expectation,82.6,4.05,0,0,Yes
529,PR2023-00531,20231226,151,8,36,3,2023,3,3 - Meets Expectation,77.7,4.38,0,0,Yes
530,PR2023-00532,20231208,152,6,26,1,2023,3,3 - Meets Expectation,78.3,4.32,0,0,Yes
531,PR2023-00533,20231215,153,7,33,1,2023,2,2 - Below Expectation,84.0,3.16,0,1,Yes
532,PR2023-00534,20231214,154,1,5,1,2023,2,2 - Below Expectation,71.3,3.39,0,1,Yes
533,PR2023-00535,20231213,155,4,16,2,2023,4,4 - Exceeds Expectation,97.9,4.0,1,0,No
534,PR2023-00536,20231224,156,1,3,6,2023,2,2 - Below Expectation,80.8,3.51,0,1,Yes
535,PR2023-00537,20231213,157,1,5,1,2023,3,3 - Meets Expectation,82.7,3.46,0,0,Yes
536,PR2023-00538,20231221,159,7,31,1,2023,3,3 - Meets Expectation,84.3,4.15,0,0,Yes
537,PR2023-00539,20231209,160,7,35,1,2023,3,3 - Meets Expectation,89.0,3.64,0,0,Yes
538,PR2023-00540,20231207,162,4,16,1,2023,3,3 - Meets Expectation,89.7,3.4,0,0,Yes
539,PR2023-00541,20231225,165,5,21,2,2023,3,3 - Meets Expectation,89.8,4.43,0,0,Yes
540,PR2023-00542,20231226,166,6,26,1,2023,1,1 - Poor,68.1,3.06,0,1,Yes
541,PR2023-00543,20231213,167,8,39,1,2023,3,3 - Meets Expectation,80.7,4.12,0,0,Yes
542,PR2023-00544,20231218,168,2,7,1,2023,1,1 - Poor,65.2,2.84,0,1,Yes
543,PR2023-00545,20231226,169,1,1,1,2023,3,3 - Meets Expectation,89.0,3.89,0,0,No
544,PR2023-00546,20231211,170,1,2,6,2023,3,3 - Meets Expectation,87.3,3.63,0,0,Yes
545,PR2023-00547,20231221,171,7,31,6,2023,2,2 - Below Expectation,77.9,3.41,0,1,Yes
546,PR2023-00548,20231214,172,7,31,1,2023,2,2 - Below Expectation,79.6,3.7,0,1,Yes
547,PR2023-00549,20231221,173,7,31,1,2023,3,3 - Meets Expectation,87.0,4.22,0,0,Yes
548,PR2023-00550,20231216,174,8,37,1,2023,3,3 - Meets Expectation,75.2,3.67,0,0,Yes
549,PR2023-00551,20231223,175,8,38,3,2023,3,3 - Meets Expectation,78.8,4.41,0,0,Yes
550,PR2023-00552,20231219,176,3,14,1,2023,4,4 - Exceeds Expectation,92.0,4.44,1,0,Yes
551,PR2023-00553,20231215,178,7,33,1,2023,5,5 - Outstanding,103.1,5.0,1,0,Yes
552,PR2023-00554,20231214,179,1,4,1,2023,2,2 - Below Expectation,65.0,3.21,0,1,Yes
553,PR2023-00555,20231217,181,1,2,1,2023,3,3 - Meets Expectation,78.9,3.6,0,0,Yes
554,PR2023-00556,20231217,182,7,31,1,2023,5,5 - Outstanding,109.6,4.33,1,0,Yes
555,PR2023-00557,20231220,183,5,21,2,2023,2,2 - Below Expectation,79.1,3.72,0,1,Yes
556,PR2023-00558,20231215,184,8,36,1,2023,4,4 - Exceeds Expectation,96.1,4.8,1,0,No
557,PR2023-00559,20231213,186,7,31,2,2023,5,5 - Outstanding,104.6,4.8,1,0,No
558,PR2023-00560,20231216,187,8,36,3,2023,4,4 - Exceeds Expectation,95.4,4.37,1,0,Yes
559,PR2023-00561,20231213,188,4,16,1,2023,3,3 - Meets Expectation,92.5,3.93,0,0,No
560,PR2023-00562,20231207,189,3,13,1,2023,3,3 - Meets Expectation,89.0,4.08,0,0,Yes
561,PR2023-00563,20231217,190,7,31,5,2023,3,3 - Meets Expectation,79.1,4.06,0,0,No
562,PR2023-00564,20231208,191,4,16,1,2023,4,4 - Exceeds Expectation,88.3,4.29,1,0,Yes
563,PR2023-00565,20231210,193,1,2,1,2023,4,4 - Exceeds Expectation,101.3,4.2,1,0,Yes
564,PR2023-00566,20231210,194,8,39,1,2023,2,2 - Below Expectation,75.3,3.31,0,1,Yes
565,PR2023-00567,20231210,195,7,32,1,2023,2,2 - Below Expectation,76.9,3.67,0,1,Yes
566,PR2023-00568,20231221,196,7,32,6,2023,3,3 - Meets Expectation,93.7,4.26,0,0,Yes
567,PR2023-00569,20231208,197,6,28,3,2023,1,1 - Poor,57.5,2.96,0,1,Yes
568,PR2023-00570,20231218,198,6,26,6,2023,4,4 - Exceeds Expectation,85.7,4.29,1,0,No
569,PR2023-00571,20231208,199,6,26,1,2023,3,3 - Meets Expectation,104.8,3.95,0,0,Yes
570,PR2023-00572,20231222,200,2,7,1,2023,1,1 - Poor,68.8,2.76,0,1,Yes
571,PR2023-00573,20231224,201,5,21,5,2023,2,2 - Below Expectation,78.2,3.72,0,1,Yes
572,PR2023-00574,20231217,202,1,2,3,2023,5,5 - Outstanding,97.3,4.94,1,0,Yes
573,PR2023-00575,20231224,203,7,31,1,2023,3,3 - Meets Expectation,83.6,4.29,0,0,Yes
574,PR2023-00576,20231219,204,1,1,1,2023,4,4 - Exceeds Expectation,96.5,4.6,1,0,Yes
575,PR2023-00577,20231209,205,8,36,4,2023,3,3 - Meets Expectation,86.9,3.82,0,0,Yes
576,PR2023-00578,20231217,206,1,1,1,2023,5,5 - Outstanding,110.8,4.77,1,0,Yes
577,PR2023-00579,20231222,207,8,36,2,2023,2,2 - Below Expectation,70.7,3.11,0,1,Yes
578,PR2023-00580,20231220,208,3,13,2,2023,4,4 - Exceeds Expectation,76.8,4.58,1,0,No
579,PR2023-00581,20231215,209,6,26,1,2023,4,4 - Exceeds Expectation,91.8,3.89,1,0,Yes
580,PR2023-00582,20231224,210,7,33,1,2023,3,3 - Meets Expectation,91.4,4.03,0,0,Yes
581,PR2023-00583,20231220,211,7,31,1,2023,5,5 - Outstanding,98.3,5.0,1,0,No
582,PR2023-00584,20231207,212,3,12,6,2023,2,2 - Below Expectation,82.8,3.77,0,1,Yes
583,PR2023-00585,20231211,213,2,6,3,2023,3,3 - Meets Expectation,92.0,3.41,0,0,Yes
584,PR2023-00586,20231221,214,8,36,1,2023,2,2 - Below Expectation,80.9,3.59,0,1,Yes
585,PR2023-00587,20231209,215,4,17,1,2023,3,3 - Meets Expectation,78.5,3.88,0,0,Yes
586,PR2023-00588,20231207,216,4,16,6,2023,4,4 - Exceeds Expectation,97.0,3.97,1,0,Yes
587,PR2023-00589,20231224,217,5,21,1,2023,2,2 - Below Expectation,71.3,3.36,0,1,Yes
588,PR2023-00590,20231214,218,3,11,1,2023,4,4 - Exceeds Expectation,108.0,4.46,1,0,Yes
589,PR2023-00591,20231207,219,3,11,1,2023,2,2 - Below Expectation,78.7,3.15,0,1,Yes
590,PR2023-00592,20231215,220,8,38,1,2023,2,2 - Below Expectation,73.2,3.43,0,1,Yes
591,PR2023-00593,20231213,221,7,31,3,2023,2,2 - Below Expectation,71.2,3.65,0,1,Yes
592,PR2023-00594,20231224,222,8,36,1,2023,1,1 - Poor,71.8,2.87,0,1,Yes
593,PR2023-00595,20231220,223,1,1,3,2023,3,3 - Meets Expectation,91.9,3.66,0,0,Yes
594,PR2023-00596,20231224,224,1,4,1,2023,5,5 - Outstanding,93.7,4.71,1,0,Yes
595,PR2023-00597,20231210,225,1,1,6,2023,2,2 - Below Expectation,76.3,3.6,0,1,Yes
596,PR2023-00598,20231210,226,2,6,2,2023,3,3 - Meets Expectation,88.3,3.92,0,0,Yes
597,PR2023-00599,20231207,227,2,6,4,2023,3,3 - Meets Expectation,90.7,4.14,0,0,Yes
598,PR2023-00600,20231207,228,5,24,2,2023,5,5 - Outstanding,104.9,4.78,1,0,Yes
599,PR2023-00601,20231218,229,7,31,1,2023,3,3 - Meets Expectation,85.1,3.8,0,0,Yes
600,PR2023-00602,20231210,230,8,37,1,2023,3,3 - Meets Expectation,94.3,3.93,0,0,Yes
601,PR2023-00603,20231208,232,3,12,1,2023,3,3 - Meets Expectation,81.5,3.67,0,0,No
602,PR2023-00604,20231224,233,8,36,2,2023,3,3 - Meets Expectation,74.9,4.04,0,0,Yes
603,PR2023-00605,20231218,234,7,32,2,2023,3,3 - Meets Expectation,85.5,3.84,0,0,No
604,PR2023-00606,20231216,237,6,27,4,2023,4,4 - Exceeds Expectation,94.5,4.96,1,0,Yes
605,PR2023-00607,20231222,238,7,31,1,2023,2,2 - Below Expectation,78.3,2.99,0,1,Yes
606,PR2023-00608,20231208,239,2,7,4,2023,2,2 - Below Expectation,70.9,2.81,0,1,Yes
607,PR2023-00609,20231217,240,8,36,6,2023,4,4 - Exceeds Expectation,88.1,4.56,1,0,Yes
608,PR2023-00610,20231213,241,8,36,1,2023,3,3 - Meets Expectation,85.2,3.89,0,0,No
609,PR2023-00611,20231223,242,8,36,1,2023,1,1 - Poor,64.8,2.89,0,1,Yes
610,PR2023-00612,20231213,243,7,31,1,2023,3,3 - Meets Expectation,81.4,3.75,0,0,Yes
611,PR2023-00613,20231222,244,3,13,6,2023,5,5 - Outstanding,115.5,5.0,1,0,Yes
612,PR2023-00614,20231211,245,1,1,1,2023,3,3 - Meets Expectation,91.1,3.79,0,0,Yes
613,PR2023-00615,20231224,246,8,37,1,2023,3,3 - Meets Expectation,86.5,4.14,0,0,Yes
614,PR2023-00616,20231211,247,7,31,1,2023,4,4 - Exceeds Expectation,90.8,4.72,1,0,Yes
615,PR2023-00617,20231221,248,5,22,1,2023,2,2 - Below Expectation,77.7,3.6,0,1,Yes
616,PR2023-00618,20231223,250,1,1,1,2023,3,3 - Meets Expectation,83.5,3.96,0,0,No
617,PR2023-00619,20231210,251,1,4,1,2023,5,5 - Outstanding,101.4,4.98,1,0,Yes
618,PR2023-00620,20231210,252,3,11,2,2023,4,4 - Exceeds Expectation,101.4,4.44,1,0,Yes
619,PR2023-00621,20231225,253,8,38,6,2023,4,4 - Exceeds Expectation,94.6,4.4,1,0,No
620,PR2023-00622,20231220,254,5,21,1,2023,2,2 - Below Expectation,84.7,3.26,0,1,No
621,PR2023-00623,20231209,255,1,1,3,2023,4,4 - Exceeds Expectation,88.2,4.51,1,0,Yes
622,PR2023-00625,20231225,257,3,12,1,2023,4,4 - Exceeds Expectation,100.3,4.29,1,0,Yes
623,PR2023-00626,20231218,260,8,39,1,2023,5,5 - Outstanding,95.4,4.83,1,0,Yes
624,PR2023-00627,20231217,262,7,31,1,2023,3,3 - Meets Expectation,81.3,3.96,0,0,Yes
625,PR2023-00628,20231217,264,1,1,6,2023,3,3 - Meets Expectation,79.0,3.72,0,0,No
626,PR2023-00629,20231215,265,7,33,1,2023,3,3 - Meets Expectation,95.3,3.08,0,0,No
627,PR2023-00630,20231217,266,4,16,1,2023,4,4 - Exceeds Expectation,88.3,4.77,1,0,Yes
628,PR2023-00631,20231209,267,1,2,1,2023,1,1 - Poor,58.8,2.12,0,1,Yes
629,PR2023-00632,20231218,268,7,31,6,2023,2,2 - Below Expectation,77.4,3.16,0,1,Yes
630,PR2023-00633,20231207,270,3,11,1,2023,2,2 - Below Expectation,81.8,3.37,0,1,Yes
631,PR2023-00634,20231217,271,2,6,2,2023,2,2 - Below Expectation,74.2,3.31,0,1,Yes
632,PR2023-00635,20231223,272,4,19,1,2023,2,2 - Below Expectation,74.7,3.41,0,1,Yes
633,PR2023-00636,20231224,273,3,12,1,2023,4,4 - Exceeds Expectation,89.6,4.26,1,0,Yes
634,PR2023-00637,20231219,274,7,31,5,2023,4,4 - Exceeds Expectation,104.7,4.84,1,0,Yes
635,PR2023-00638,20231217,276,8,36,1,2023,4,4 - Exceeds Expectation,94.8,4.9,1,0,Yes
636,PR2023-00639,20231214,277,3,11,1,2023,2,2 - Below Expectation,77.1,2.78,0,1,Yes
637,PR2023-00640,20231222,278,3,14,1,2023,5,5 - Outstanding,105.8,5.0,1,0,Yes
638,PR2023-00641,20231212,280,2,10,1,2023,2,2 - Below Expectation,71.7,3.14,0,1,No
639,PR2023-00642,20231211,282,1,4,1,2023,4,4 - Exceeds Expectation,95.4,4.21,1,0,Yes
640,PR2023-00643,20231215,284,7,32,5,2023,4,4 - Exceeds Expectation,86.8,4.16,1,0,Yes
641,PR2023-00644,20231222,285,1,1,4,2023,4,4 - Exceeds Expectation,102.1,4.79,1,0,Yes
642,PR2023-00645,20231220,286,1,2,1,2023,4,4 - Exceeds Expectation,88.5,5.0,1,0,Yes
643,PR2023-00646,20231224,288,6,30,1,2023,2,2 - Below Expectation,81.9,2.89,0,1,Yes
644,PR2023-00647,20231221,289,7,32,1,2023,3,3 - Meets Expectation,97.5,3.57,0,0,No
645,PR2023-00648,20231220,290,3,15,1,2023,2,2 - Below Expectation,74.3,3.25,0,1,Yes
646,PR2023-00649,20231223,291,3,13,1,2023,4,4 - Exceeds Expectation,85.5,4.32,1,0,Yes
647,PR2023-00650,20231223,292,7,31,2,2023,3,3 - Meets Expectation,88.5,4.2,0,0,No
648,PR2023-00651,20231223,293,1,2,1,2023,3,3 - Meets Expectation,88.9,4.14,0,0,Yes
649,PR2023-00652,20231207,296,1,1,4,2023,3,3 - Meets Expectation,87.9,4.39,0,0,Yes
650,PR2023-00653,20231213,298,8,38,1,2023,4,4 - Exceeds Expectation,95.2,4.8,1,0,Yes
651,PR2023-00654,20231224,299,7,31,3,2023,3,3 - Meets Expectation,85.2,3.4,0,0,Yes
652,PR2023-00655,20231217,300,4,16,5,2023,4,4 - Exceeds Expectation,92.4,4.4,1,0,Yes
653,PR2023-00656,20231226,301,8,37,1,2023,4,4 - Exceeds Expectation,90.0,4.24,1,0,Yes
654,PR2023-00657,20231212,302,1,1,1,2023,3,3 - Meets Expectation,80.2,3.56,0,0,No
655,PR2023-00658,20231216,303,1,1,1,2023,5,5 - Outstanding,103.9,5.0,1,0,No
656,PR2023-00659,20231209,304,7,31,1,2023,3,3 - Meets Expectation,83.4,4.23,0,0,Yes
657,PR2023-00660,20231211,305,7,31,4,2023,4,4 - Exceeds Expectation,95.6,5.0,1,0,Yes
658,PR2023-00661,20231225,306,1,1,6,2023,5,5 - Outstanding,95.2,5.0,1,0,Yes
659,PR2023-00662,20231208,307,4,17,4,2023,4,4 - Exceeds Expectation,91.8,4.15,1,0,Yes
660,PR2023-00663,20231215,308,6,26,3,2023,5,5 - Outstanding,91.4,5.0,1,0,Yes
661,PR2023-00664,20231219,309,1,1,1,2023,5,5 - Outstanding,98.8,5.0,1,0,Yes
662,PR2023-00665,20231208,310,4,16,1,2023,5,5 - Outstanding,106.1,5.0,1,0,Yes
663,PR2023-00666,20231223,311,3,13,1,2023,3,3 - Meets Expectation,81.3,3.74,0,0,Yes
664,PR2023-00668,20231215,313,7,32,1,2023,4,4 - Exceeds Expectation,88.4,4.26,1,0,No
665,PR2023-00669,20231225,314,3,14,1,2023,2,2 - Below Expectation,78.8,2.99,0,1,Yes
666,PR2023-00670,20231219,316,4,19,1,2023,3,3 - Meets Expectation,102.2,3.99,0,0,Yes
667,PR2023-00671,20231208,317,2,7,1,2023,2,2 - Below Expectation,73.7,3.65,0,1,Yes
668,PR2023-00672,20231214,318,1,1,1,2023,4,4 - Exceeds Expectation,97.6,4.57,1,0,No
669,PR2023-00673,20231217,320,7,33,5,2023,4,4 - Exceeds Expectation,92.6,4.84,1,0,Yes
670,PR2023-00674,20231212,321,1,1,1,2023,4,4 - Exceeds Expectation,100.2,4.65,1,0,No
671,PR2023-00675,20231217,322,5,22,4,2023,3,3 - Meets Expectation,89.3,3.85,0,0,No
672,PR2023-00676,20231226,323,1,2,1,2023,2,2 - Below Expectation,70.6,3.52,0,1,No
673,PR2023-00677,20231220,324,3,14,1,2023,3,3 - Meets Expectation,85.8,3.58,0,0,Yes
674,PR2023-00678,20231208,325,1,2,3,2023,4,4 - Exceeds Expectation,100.3,4.35,1,0,Yes
675,PR2023-00679,20231217,327,7,32,1,2023,2,2 - Below Expectation,79.2,3.22,0,1,Yes
676,PR2023-00680,20231216,329,7,32,2,2023,4,4 - Exceeds Expectation,100.3,4.59,1,0,Yes
677,PR2023-00681,20231216,330,1,1,2,2023,4,4 - Exceeds Expectation,89.5,3.98,1,0,Yes
678,PR2023-00682,20231215,331,3,12,3,2023,4,4 - Exceeds Expectation,102.3,4.51,1,0,Yes
679,PR2023-00683,20231214,333,8,36,1,2023,3,3 - Meets Expectation,82.6,3.15,0,0,Yes
680,PR2023-00684,20231219,334,8,37,6,2023,4,4 - Exceeds Expectation,93.2,4.12,1,0,Yes
681,PR2023-00685,20231222,336,1,1,1,2023,3,3 - Meets Expectation,88.0,3.61,0,0,Yes
682,PR2023-00686,20231222,337,3,12,1,2023,3,3 - Meets Expectation,93.0,3.69,0,0,No
683,PR2023-00687,20231212,338,8,36,1,2023,4,4 - Exceeds Expectation,90.2,4.54,1,0,Yes
684,PR2023-00688,20231220,339,5,21,3,2023,2,2 - Below Expectation,82.1,3.41,0,1,Yes
685,PR2023-00689,20231220,340,8,36,5,2023,5,5 - Outstanding,111.8,5.0,1,0,Yes
686,PR2023-00690,20231218,341,1,1,1,2023,3,3 - Meets Expectation,84.1,4.19,0,0,Yes
687,PR2023-00691,20231208,343,7,31,3,2023,4,4 - Exceeds Expectation,98.3,4.18,1,0,Yes
688,PR2023-00692,20231208,345,3,11,1,2023,3,3 - Meets Expectation,90.4,3.9,0,0,Yes
689,PR2023-00693,20231208,346,1,1,3,2023,2,2 - Below Expectation,70.4,3.22,0,1,No
690,PR2023-00694,20231219,347,8,36,2,2023,5,5 - Outstanding,100.1,5.0,1,0,Yes
691,PR2023-00695,20231213,349,7,33,4,2023,3,3 - Meets Expectation,84.5,3.26,0,0,Yes
692,PR2023-00696,20231209,350,2,7,3,2023,3,3 - Meets Expectation,82.3,4.22,0,0,Yes
693,PR2023-00697,20231213,351,6,26,1,2023,1,1 - Poor,67.3,3.04,0,1,Yes
694,PR2023-00698,20231216,352,7,32,1,2023,4,4 - Exceeds Expectation,79.5,4.78,1,0,Yes
695,PR2023-00699,20231216,353,1,2,1,2023,2,2 - Below Expectation,70.2,2.98,0,1,Yes
696,PR2023-00700,20231221,354,7,31,1,2023,2,2 - Below Expectation,70.7,3.46,0,1,Yes
697,PR2023-00701,20231210,356,8,36,1,2023,3,3 - Meets Expectation,84.8,3.96,0,0,Yes
698,PR2023-00702,20231222,357,3,12,1,2023,4,4 - Exceeds Expectation,96.8,4.78,1,0,Yes
699,PR2023-00703,20231213,358,5,22,1,2023,2,2 - Below Expectation,77.7,2.92,0,1,Yes
700,PR2023-00704,20231224,359,3,13,1,2023,3,3 - Meets Expectation,87.3,3.94,0,0,Yes
701,PR2023-00705,20231225,360,7,32,4,2023,4,4 - Exceeds Expectation,91.3,4.03,1,0,Yes
702,PR2023-00706,20231224,361,1,3,6,2023,4,4 - Exceeds Expectation,92.9,4.13,1,0,Yes
703,PR2023-00707,20231223,362,8,36,1,2023,2,2 - Below Expectation,78.9,3.49,0,1,No
704,PR2023-00708,20231213,363,3,12,1,2023,3,3 - Meets Expectation,79.9,4.1,0,0,Yes
705,PR2023-00709,20231213,364,7,32,3,2023,3,3 - Meets Expectation,92.1,3.46,0,0,Yes
706,PR2023-00710,20231214,365,8,37,1,2023,2,2 - Below Expectation,75.6,3.31,0,1,Yes
707,PR2023-00711,20231226,366,8,37,4,2023,3,3 - Meets Expectation,74.7,3.76,0,0,Yes
708,PR2023-00712,20231210,367,6,27,1,2023,5,5 - Outstanding,104.0,5.0,1,0,Yes
709,PR2023-00713,20231209,369,1,3,1,2023,3,3 - Meets Expectation,88.2,3.78,0,0,Yes
710,PR2023-00714,20231214,370,4,19,1,2023,4,4 - Exceeds Expectation,93.6,4.0,1,0,No
711,PR2023-00715,20231226,372,1,1,1,2023,4,4 - Exceeds Expectation,82.7,4.79,1,0,Yes
712,PR2023-00716,20231216,373,2,8,1,2023,4,4 - Exceeds Expectation,101.1,3.79,1,0,Yes
713,PR2023-00717,20231215,374,1,1,5,2023,3,3 - Meets Expectation,86.5,3.59,0,0,Yes
714,PR2023-00718,20231220,375,5,22,4,2023,2,2 - Below Expectation,79.0,2.92,0,1,Yes
715,PR2023-00719,20231218,376,3,11,4,2023,2,2 - Below Expectation,89.2,2.77,0,1,Yes
716,PR2023-00720,20231215,377,6,28,2,2023,2,2 - Below Expectation,72.6,3.11,0,1,Yes
717,PR2023-00721,20231219,378,1,1,2,2023,3,3 - Meets Expectation,82.8,3.61,0,0,Yes
718,PR2023-00722,20231223,379,1,1,1,2023,4,4 - Exceeds Expectation,82.5,3.96,1,0,Yes
719,PR2023-00723,20231218,380,3,12,5,2023,3,3 - Meets Expectation,94.1,4.24,0,0,No
720,PR2023-00724,20231224,381,4,18,2,2023,3,3 - Meets Expectation,77.9,3.66,0,0,Yes
721,PR2023-00725,20231226,383,6,27,2,2023,1,1 - Poor,68.1,2.33,0,1,Yes
722,PR2023-00726,20231220,384,3,11,1,2023,3,3 - Meets Expectation,101.1,3.57,0,0,Yes
723,PR2023-00727,20231224,385,7,33,6,2023,2,2 - Below Expectation,72.5,3.45,0,1,Yes
724,PR2023-00728,20231209,386,2,6,1,2023,3,3 - Meets Expectation,85.5,4.11,0,0,Yes
725,PR2023-00729,20231222,387,3,11,1,2023,2,2 - Below Expectation,75.0,3.25,0,1,Yes
726,PR2023-00730,20231217,388,7,31,1,2023,3,3 - Meets Expectation,76.5,3.54,0,0,Yes
727,PR2023-00731,20231224,389,7,31,2,2023,3,3 - Meets Expectation,81.6,4.35,0,0,Yes
728,PR2023-00732,20231222,390,3,13,1,2023,2,2 - Below Expectation,74.7,3.78,0,1,Yes
729,PR2023-00733,20231224,391,7,32,3,2023,4,4 - Exceeds Expectation,87.5,4.46,1,0,Yes
730,PR2023-00734,20231217,392,8,37,1,2023,2,2 - Below Expectation,77.0,3.18,0,1,Yes
731,PR2023-00735,20231225,393,7,31,6,2023,3,3 - Meets Expectation,95.2,3.9,0,0,Yes
732,PR2023-00736,20231207,396,1,1,1,2023,5,5 - Outstanding,112.1,5.0,1,0,Yes
733,PR2023-00737,20231221,397,2,7,1,2023,2,2 - Below Expectation,71.5,3.1,0,1,Yes
734,PR2023-00738,20231207,398,3,12,1,2023,2,2 - Below Expectation,78.1,3.18,0,1,No
735,PR2023-00739,20231226,399,2,6,1,2023,4,4 - Exceeds Expectation,93.6,4.66,1,0,Yes
736,PR2023-00740,20231222,400,7,32,3,2023,2,2 - Below Expectation,69.3,3.33,0,1,Yes
737,PR2023-00741,20231218,401,6,29,1,2023,3,3 - Meets Expectation,83.0,3.92,0,0,Yes
738,PR2023-00742,20231216,404,7,31,6,2023,2,2 - Below Expectation,87.4,3.04,0,1,No
739,PR2023-00743,20231211,405,3,12,1,2023,3,3 - Meets Expectation,76.2,3.95,0,0,Yes
740,PR2023-00744,20231220,406,3,11,2,2023,5,5 - Outstanding,106.8,4.96,1,0,Yes
741,PR2023-00745,20231217,407,3,12,1,2023,4,4 - Exceeds Expectation,102.3,4.43,1,0,Yes
742,PR2023-00746,20231225,408,3,12,4,2023,4,4 - Exceeds Expectation,98.7,4.39,1,0,Yes
743,PR2023-00747,20231215,409,7,33,1,2023,4,4 - Exceeds Expectation,96.5,3.84,1,0,Yes
744,PR2023-00748,20231225,410,8,38,1,2023,2,2 - Below Expectation,64.2,3.4,0,1,No
745,PR2023-00749,20231213,412,1,1,1,2023,2,2 - Below Expectation,67.1,2.99,0,1,Yes
746,PR2023-00750,20231218,413,8,36,3,2023,5,5 - Outstanding,108.0,5.0,1,0,Yes
747,PR2023-00751,20231222,414,3,11,2,2023,3,3 - Meets Expectation,82.9,3.68,0,0,Yes
748,PR2023-00752,20231209,415,3,11,5,2023,3,3 - Meets Expectation,72.3,3.68,0,0,Yes
749,PR2023-00753,20231224,417,7,31,2,2023,2,2 - Below Expectation,82.7,3.17,0,1,Yes
750,PR2023-00754,20231221,418,7,31,1,2023,2,2 - Below Expectation,65.9,3.04,0,1,Yes
751,PR2023-00755,20231212,419,8,39,1,2023,1,1 - Poor,70.1,2.48,0,1,Yes
752,PR2023-00756,20231207,420,5,21,2,2023,2,2 - Below Expectation,70.6,2.93,0,1,No
753,PR2023-00757,20231219,421,1,4,1,2023,3,3 - Meets Expectation,80.7,3.98,0,0,Yes
754,PR2023-00758,20231210,423,4,16,5,2023,3,3 - Meets Expectation,80.3,3.93,0,0,Yes
755,PR2023-00759,20231223,424,3,11,1,2023,4,4 - Exceeds Expectation,95.5,3.96,1,0,Yes
756,PR2023-00760,20231211,425,1,3,3,2023,2,2 - Below Expectation,71.1,3.3,0,1,Yes
757,PR2023-00761,20231221,426,3,14,6,2023,3,3 - Meets Expectation,87.9,3.48,0,0,Yes
758,PR2023-00762,20231212,427,1,1,6,2023,4,4 - Exceeds Expectation,101.6,4.35,1,0,No
759,PR2023-00763,20231216,428,8,39,6,2023,2,2 - Below Expectation,66.4,2.76,0,1,No
760,PR2023-00764,20231211,429,7,33,1,2023,3,3 - Meets Expectation,84.0,4.11,0,0,Yes
761,PR2023-00765,20231225,431,3,12,2,2023,2,2 - Below Expectation,86.8,3.91,0,1,Yes
762,PR2023-00766,20231214,432,1,4,1,2023,4,4 - Exceeds Expectation,95.8,4.32,1,0,Yes
763,PR2023-00767,20231220,433,7,35,1,2023,4,4 - Exceeds Expectation,95.3,4.21,1,0,Yes
764,PR2023-00768,20231209,435,8,36,3,2023,2,2 - Below Expectation,70.1,3.06,0,1,Yes
765,PR2023-00769,20231226,436,3,13,3,2023,3,3 - Meets Expectation,82.4,3.78,0,0,Yes
766,PR2023-00770,20231218,438,1,2,2,2023,3,3 - Meets Expectation,93.1,3.18,0,0,Yes
767,PR2023-00771,20231226,439,8,37,1,2023,5,5 - Outstanding,96.7,4.88,1,0,Yes
768,PR2023-00772,20231225,440,7,31,3,2023,3,3 - Meets Expectation,82.2,4.02,0,0,No
769,PR2023-00773,20231215,442,8,36,2,2023,2,2 - Below Expectation,65.4,3.37,0,1,Yes
770,PR2023-00774,20231225,443,2,6,1,2023,3,3 - Meets Expectation,82.0,3.53,0,0,No
771,PR2023-00775,20231218,444,1,1,1,2023,3,3 - Meets Expectation,85.1,3.63,0,0,Yes
772,PR2023-00776,20231219,445,1,4,1,2023,4,4 - Exceeds Expectation,101.1,4.53,1,0,Yes
773,PR2023-00777,20231217,446,8,36,4,2023,4,4 - Exceeds Expectation,92.1,4.56,1,0,Yes
774,PR2023-00778,20231213,447,4,16,1,2023,3,3 - Meets Expectation,75.8,3.84,0,0,Yes
775,PR2023-00779,20231207,449,1,2,6,2023,3,3 - Meets Expectation,80.7,3.77,0,0,Yes
776,PR2023-00780,20231220,450,8,38,1,2023,4,4 - Exceeds Expectation,96.5,5.0,1,0,Yes
777,PR2023-00781,20231218,452,3,12,2,2023,3,3 - Meets Expectation,88.4,4.15,0,0,No
778,PR2023-00782,20231218,453,8,36,2,2023,3,3 - Meets Expectation,92.7,3.84,0,0,Yes
779,PR2023-00783,20231225,454,7,34,1,2023,2,2 - Below Expectation,78.7,2.94,0,1,Yes
780,PR2023-00784,20231220,455,4,20,6,2023,1,1 - Poor,62.6,2.77,0,1,Yes
781,PR2023-00785,20231209,456,1,1,3,2023,3,3 - Meets Expectation,94.7,4.32,0,0,Yes
782,PR2023-00786,20231225,457,7,32,3,2023,4,4 - Exceeds Expectation,94.6,4.42,1,0,Yes
783,PR2023-00787,20231224,458,7,31,1,2023,4,4 - Exceeds Expectation,90.3,4.29,1,0,Yes
784,PR2023-00788,20231212,459,7,31,1,2023,3,3 - Meets Expectation,93.6,3.85,0,0,Yes
785,PR2023-00789,20231209,460,2,7,1,2023,5,5 - Outstanding,109.7,4.42,1,0,Yes
786,PR2023-00790,20231214,461,4,16,1,2023,3,3 - Meets Expectation,80.7,3.7,0,0,Yes
787,PR2023-00791,20231212,462,2,6,1,2023,4,4 - Exceeds Expectation,103.8,4.02,1,0,Yes
788,PR2023-00792,20231226,463,5,21,1,2023,3,3 - Meets Expectation,87.5,3.83,0,0,Yes
789,PR2023-00793,20231217,464,7,31,4,2023,2,2 - Below Expectation,79.8,3.58,0,1,Yes
790,PR2023-00794,20231226,465,8,37,2,2023,4,4 - Exceeds Expectation,92.5,4.65,1,0,Yes
791,PR2023-00795,20231214,466,7,31,4,2023,4,4 - Exceeds Expectation,91.6,4.25,1,0,Yes
792,PR2023-00796,20231224,467,3,11,2,2023,3,3 - Meets Expectation,78.4,4.09,0,0,Yes
793,PR2023-00797,20231215,469,7,31,1,2023,1,1 - Poor,46.7,2.73,0,1,Yes
794,PR2023-00798,20231207,470,1,1,1,2023,4,4 - Exceeds Expectation,96.6,4.2,1,0,No
795,PR2023-00799,20231223,471,7,32,3,2023,3,3 - Meets Expectation,82.9,3.8,0,0,No
796,PR2023-00800,20231219,472,2,6,1,2023,3,3 - Meets Expectation,79.7,3.7,0,0,Yes
797,PR2023-00801,20231216,473,6,26,1,2023,3,3 - Meets Expectation,84.0,3.45,0,0,Yes
798,PR2023-00802,20231224,474,6,27,1,2023,4,4 - Exceeds Expectation,97.4,4.33,1,0,Yes
799,PR2023-00803,20231212,476,7,31,1,2023,3,3 - Meets Expectation,90.6,3.25,0,0,Yes
800,PR2023-00804,20231214,478,3,11,4,2023,3,3 - Meets Expectation,71.8,3.87,0,0,Yes
801,PR2023-00805,20231214,479,2,6,6,2023,2,2 - Below Expectation,74.9,3.09,0,1,No
802,PR2023-00806,20231220,480,5,21,6,2023,3,3 - Meets Expectation,82.1,3.46,0,0,Yes
803,PR2023-00807,20231220,481,8,36,1,2023,5,5 - Outstanding,99.5,4.63,1,0,Yes
804,PR2023-00808,20231218,482,7,31,3,2023,4,4 - Exceeds Expectation,91.3,4.22,1,0,Yes
805,PR2023-00809,20231213,483,8,37,1,2023,4,4 - Exceeds Expectation,94.2,4.79,1,0,Yes
806,PR2023-00810,20231213,485,1,1,1,2023,2,2 - Below Expectation,91.6,3.36,0,1,Yes
807,PR2023-00811,20231209,486,1,1,2,2023,1,1 - Poor,67.9,2.15,0,1,No
808,PR2023-00812,20231209,487,1,1,1,2023,3,3 - Meets Expectation,87.7,3.93,0,0,Yes
809,PR2023-00813,20231218,488,7,31,1,2023,3,3 - Meets Expectation,84.1,4.43,0,0,Yes
810,PR2023-00814,20231212,490,3,11,4,2023,5,5 - Outstanding,109.1,4.83,1,0,Yes
811,PR2023-00815,20231225,491,8,36,3,2023,4,4 - Exceeds Expectation,84.5,4.44,1,0,No
812,PR2023-00816,20231215,492,8,36,5,2023,2,2 - Below Expectation,74.0,2.8,0,1,Yes
813,PR2023-00817,20231209,493,3,11,1,2023,4,4 - Exceeds Expectation,90.8,4.21,1,0,Yes
814,PR2023-00818,20231210,494,4,19,2,2023,2,2 - Below Expectation,79.0,3.58,0,1,No
815,PR2023-00819,20231207,495,3,11,2,2023,5,5 - Outstanding,107.2,5.0,1,0,No
816,PR2023-00820,20231220,496,7,31,2,2023,2,2 - Below Expectation,66.3,3.4,0,1,Yes
817,PR2023-00821,20231218,498,7,32,6,2023,5,5 - Outstanding,106.0,5.0,1,0,Yes
818,PR2023-00822,20231221,499,1,2,5,2023,3,3 - Meets Expectation,92.9,3.5,0,0,Yes
819,PR2023-00823,20231212,500,2,6,2,2023,5,5 - Outstanding,103.5,4.99,1,0,Yes
820,PR2023-00824,20231218,501,8,36,4,2023,3,3 - Meets Expectation,86.3,3.87,0,0,Yes
821,PR2023-00825,20231225,502,1,1,6,2023,3,3 - Meets Expectation,91.3,3.95,0,0,Yes
822,PR2023-00826,20231211,503,3,11,3,2023,3,3 - Meets Expectation,70.4,3.78,0,0,No
823,PR2023-00827,20231224,504,7,31,3,2023,4,4 - Exceeds Expectation,90.3,4.23,1,0,Yes
824,PR2023-00828,20231225,505,2,7,3,2023,2,2 - Below Expectation,75.8,2.99,0,1,Yes
825,PR2023-00829,20231222,506,3,12,1,2023,4,4 - Exceeds Expectation,93.3,4.36,1,0,No
826,PR2023-00830,20231225,507,2,6,1,2023,5,5 - Outstanding,108.7,5.0,1,0,Yes
827,PR2023-00831,20231219,508,7,33,1,2023,2,2 - Below Expectation,73.9,3.24,0,1,No
828,PR2023-00832,20231218,509,7,31,1,2023,3,3 - Meets Expectation,87.6,3.93,0,0,Yes
829,PR2023-00833,20231218,510,3,11,3,2023,1,1 - Poor,57.7,2.93,0,1,Yes
830,PR2023-00834,20231210,511,8,36,1,2023,4,4 - Exceeds Expectation,89.0,4.43,1,0,Yes
831,PR2023-00835,20231208,512,7,32,1,2023,4,4 - Exceeds Expectation,89.6,4.55,1,0,Yes
832,PR2023-00836,20231207,513,7,31,1,2023,1,1 - Poor,77.4,2.64,0,1,Yes
833,PR2023-00837,20231219,514,1,1,6,2023,4,4 - Exceeds Expectation,90.7,4.48,1,0,Yes
834,PR2023-00838,20231222,515,2,7,1,2023,3,3 - Meets Expectation,82.0,3.86,0,0,Yes
835,PR2023-00839,20231207,518,2,6,2,2023,3,3 - Meets Expectation,80.1,3.72,0,0,Yes
836,PR2023-00840,20231207,519,8,36,1,2023,2,2 - Below Expectation,70.9,3.55,0,1,Yes
837,PR2023-00841,20231215,520,1,1,1,2023,3,3 - Meets Expectation,72.6,3.87,0,0,Yes
838,PR2023-00842,20231219,521,7,31,2,2023,2,2 - Below Expectation,84.7,3.17,0,1,Yes
839,PR2023-00843,20231213,522,7,31,1,2023,3,3 - Meets Expectation,80.2,4.08,0,0,Yes
840,PR2024-00844,20241218,2,7,32,1,2024,2,2 - Below Expectation,72.9,3.17,0,1,Yes
841,PR2024-00845,20241218,3,5,21,1,2024,4,4 - Exceeds Expectation,103.4,4.36,1,0,No
842,PR2024-00846,20241211,5,8,36,1,2024,3,3 - Meets Expectation,82.4,3.84,0,0,Yes
843,PR2024-00847,20241207,7,3,11,2,2024,3,3 - Meets Expectation,88.8,3.59,0,0,Yes
844,PR2024-00848,20241224,8,5,21,2,2024,1,1 - Poor,75.8,2.88,0,1,No
845,PR2024-00849,20241218,9,8,36,3,2024,2,2 - Below Expectation,74.9,2.87,0,1,Yes
846,PR2024-00850,20241225,11,8,36,6,2024,3,3 - Meets Expectation,88.7,4.28,0,0,Yes
847,PR2024-00851,20241209,12,2,6,3,2024,3,3 - Meets Expectation,73.1,4.12,0,0,Yes
848,PR2024-00852,20241226,13,2,7,2,2024,5,5 - Outstanding,106.0,4.69,1,0,No
849,PR2024-00853,20241218,15,4,16,1,2024,3,3 - Meets Expectation,90.1,3.14,0,0,No
850,PR2024-00854,20241216,16,1,1,5,2024,4,4 - Exceeds Expectation,78.7,4.51,1,0,Yes
851,PR2024-00855,20241224,17,6,26,3,2024,3,3 - Meets Expectation,84.2,4.23,0,0,Yes
852,PR2024-00856,20241223,19,5,24,1,2024,4,4 - Exceeds Expectation,100.6,4.3,1,0,Yes
853,PR2024-00857,20241216,21,7,31,5,2024,4,4 - Exceeds Expectation,101.0,4.2,1,0,Yes
854,PR2024-00858,20241226,22,1,1,3,2024,3,3 - Meets Expectation,72.1,4.3,0,0,Yes
855,PR2024-00859,20241220,23,1,2,6,2024,3,3 - Meets Expectation,84.1,4.0,0,0,Yes
856,PR2024-00860,20241224,24,8,36,1,2024,4,4 - Exceeds Expectation,93.3,4.09,1,0,Yes
857,PR2024-00861,20241226,25,2,8,1,2024,3,3 - Meets Expectation,79.0,3.72,0,0,Yes
858,PR2024-00862,20241211,26,8,37,4,2024,3,3 - Meets Expectation,87.7,3.92,0,0,Yes
859,PR2024-00863,20241220,27,3,14,1,2024,5,5 - Outstanding,100.1,5.0,1,0,Yes
860,PR2024-00864,20241207,28,2,6,1,2024,2,2 - Below Expectation,66.0,3.39,0,1,Yes
861,PR2024-00865,20241216,29,3,12,1,2024,2,2 - Below Expectation,78.3,3.3,0,1,Yes
862,PR2024-00866,20241226,30,1,2,3,2024,2,2 - Below Expectation,77.9,3.5,0,1,No
863,PR2024-00867,20241215,31,2,6,4,2024,3,3 - Meets Expectation,86.9,3.92,0,0,Yes
864,PR2024-00868,20241213,33,3,11,3,2024,2,2 - Below Expectation,78.2,3.28,0,1,Yes
865,PR2024-00869,20241223,34,8,36,5,2024,1,1 - Poor,70.4,3.53,0,1,No
866,PR2024-00870,20241208,37,1,3,1,2024,4,4 - Exceeds Expectation,93.0,4.4,1,0,Yes
867,PR2024-00871,20241224,38,3,11,1,2024,2,2 - Below Expectation,79.2,3.3,0,1,Yes
868,PR2024-00872,20241212,39,4,16,3,2024,1,1 - Poor,67.3,2.68,0,1,Yes
869,PR2024-00873,20241217,40,3,11,5,2024,4,4 - Exceeds Expectation,79.8,4.7,1,0,Yes
870,PR2024-00874,20241223,43,5,21,1,2024,4,4 - Exceeds Expectation,94.5,3.99,1,0,Yes
871,PR2024-00875,20241223,44,6,26,2,2024,2,2 - Below Expectation,81.2,3.42,0,1,Yes
872,PR2024-00876,20241207,46,7,31,2,2024,3,3 - Meets Expectation,79.2,4.04,0,0,No
873,PR2024-00877,20241220,47,7,31,4,2024,3,3 - Meets Expectation,84.2,3.7,0,0,No
874,PR2024-00878,20241223,48,7,31,5,2024,3,3 - Meets Expectation,82.8,4.04,0,0,No
875,PR2024-00879,20241207,49,3,13,1,2024,3,3 - Meets Expectation,82.9,3.52,0,0,Yes
876,PR2024-00880,20241211,50,3,13,1,2024,4,4 - Exceeds Expectation,89.1,4.49,1,0,Yes
877,PR2024-00881,20241223,51,7,31,1,2024,2,2 - Below Expectation,73.5,2.87,0,1,No
878,PR2024-00882,20241217,53,7,32,1,2024,3,3 - Meets Expectation,80.6,3.68,0,0,Yes
879,PR2024-00883,20241221,54,8,37,2,2024,4,4 - Exceeds Expectation,85.0,4.71,1,0,Yes
880,PR2024-00884,20241212,55,8,36,1,2024,4,4 - Exceeds Expectation,83.0,4.47,1,0,Yes
881,PR2024-00885,20241224,56,1,1,3,2024,4,4 - Exceeds Expectation,94.1,4.37,1,0,Yes
882,PR2024-00886,20241224,57,4,16,1,2024,3,3 - Meets Expectation,90.2,4.04,0,0,No
883,PR2024-00887,20241218,58,4,16,3,2024,4,4 - Exceeds Expectation,96.0,4.04,1,0,Yes
884,PR2024-00888,20241215,61,4,17,3,2024,4,4 - Exceeds Expectation,91.6,4.29,1,0,Yes
885,PR2024-00889,20241219,63,3,11,5,2024,3,3 - Meets Expectation,82.3,3.97,0,0,Yes
886,PR2024-00890,20241209,64,7,31,1,2024,5,5 - Outstanding,103.3,4.88,1,0,Yes
887,PR2024-00891,20241212,65,3,11,1,2024,2,2 - Below Expectation,70.1,3.66,0,1,Yes
888,PR2024-00892,20241208,66,1,3,4,2024,4,4 - Exceeds Expectation,91.4,4.37,1,0,Yes
889,PR2024-00893,20241220,67,7,31,6,2024,2,2 - Below Expectation,74.1,2.95,0,1,No
890,PR2024-00894,20241224,69,5,21,6,2024,4,4 - Exceeds Expectation,94.7,4.17,1,0,Yes
891,PR2024-00895,20241224,71,1,4,2,2024,3,3 - Meets Expectation,84.4,4.18,0,0,Yes
892,PR2024-00896,20241214,72,5,21,1,2024,5,5 - Outstanding,106.6,4.91,1,0,Yes
893,PR2024-00897,20241209,73,3,14,1,2024,3,3 - Meets Expectation,77.7,4.06,0,0,Yes
894,PR2024-00898,20241212,74,8,36,2,2024,2,2 - Below Expectation,74.7,3.32,0,1,Yes
895,PR2024-00899,20241219,75,4,16,6,2024,3,3 - Meets Expectation,82.4,3.51,0,0,Yes
896,PR2024-00900,20241208,76,3,13,5,2024,1,1 - Poor,67.7,3.13,0,1,Yes
897,PR2024-00901,20241209,77,5,21,1,2024,3,3 - Meets Expectation,79.4,3.08,0,0,No
898,PR2024-00902,20241212,79,8,39,1,2024,3,3 - Meets Expectation,83.5,3.47,0,0,Yes
899,PR2024-00903,20241220,80,7,33,2,2024,3,3 - Meets Expectation,83.9,4.04,0,0,Yes
900,PR2024-00905,20241208,82,2,6,1,2024,2,2 - Below Expectation,54.4,3.44,0,1,Yes
901,PR2024-00906,20241226,83,6,27,2,2024,2,2 - Below Expectation,78.9,3.24,0,1,Yes
902,PR2024-00907,20241224,84,4,16,3,2024,4,4 - Exceeds Expectation,95.2,4.21,1,0,Yes
903,PR2024-00908,20241216,87,6,26,1,2024,3,3 - Meets Expectation,78.7,4.36,0,0,Yes
904,PR2024-00909,20241225,89,1,1,5,2024,4,4 - Exceeds Expectation,89.4,4.71,1,0,Yes
905,PR2024-00910,20241224,91,7,31,1,2024,3,3 - Meets Expectation,78.5,3.38,0,0,Yes
906,PR2024-00911,20241218,92,5,21,3,2024,2,2 - Below Expectation,82.0,3.31,0,1,Yes
907,PR2024-00912,20241217,94,2,6,1,2024,2,2 - Below Expectation,82.4,3.28,0,1,Yes
908,PR2024-00913,20241210,95,1,2,2,2024,2,2 - Below Expectation,71.0,4.04,0,1,Yes
909,PR2024-00914,20241215,96,2,9,1,2024,3,3 - Meets Expectation,92.4,3.76,0,0,Yes
910,PR2024-00915,20241221,98,8,36,1,2024,2,2 - Below Expectation,74.4,3.07,0,1,Yes
911,PR2024-00916,20241221,99,7,32,6,2024,3,3 - Meets Expectation,88.5,3.76,0,0,Yes
912,PR2024-00917,20241215,100,1,1,3,2024,3,3 - Meets Expectation,98.5,3.86,0,0,Yes
913,PR2024-00918,20241225,101,7,31,5,2024,4,4 - Exceeds Expectation,100.1,4.69,1,0,No
914,PR2024-00919,20241217,102,7,32,1,2024,2,2 - Below Expectation,75.6,2.91,0,1,Yes
915,PR2024-00920,20241225,105,8,36,3,2024,2,2 - Below Expectation,76.7,4.04,0,1,Yes
916,PR2024-00921,20241223,106,8,36,3,2024,2,2 - Below Expectation,79.7,3.38,0,1,Yes
917,PR2024-00922,20241226,108,4,17,3,2024,2,2 - Below Expectation,73.6,3.05,0,1,Yes
918,PR2024-00923,20241211,109,5,21,1,2024,2,2 - Below Expectation,84.7,3.65,0,1,Yes
919,PR2024-00924,20241207,111,1,2,1,2024,3,3 - Meets Expectation,84.8,3.81,0,0,Yes
920,PR2024-00925,20241223,112,2,6,3,2024,2,2 - Below Expectation,76.2,3.19,0,1,Yes
921,PR2024-00926,20241225,114,1,2,1,2024,5,5 - Outstanding,102.6,4.97,1,0,Yes
922,PR2024-00927,20241221,115,3,13,1,2024,4,4 - Exceeds Expectation,87.5,4.13,1,0,No
923,PR2024-00928,20241220,116,1,5,1,2024,1,1 - Poor,56.8,2.9,0,1,Yes
924,PR2024-00929,20241210,120,2,6,4,2024,3,3 - Meets Expectation,74.7,3.91,0,0,Yes
925,PR2024-00930,20241221,123,3,11,2,2024,3,3 - Meets Expectation,80.2,3.17,0,0,Yes
926,PR2024-00931,20241209,125,7,32,1,2024,3,3 - Meets Expectation,84.2,3.71,0,0,Yes
927,PR2024-00932,20241221,127,1,1,6,2024,2,2 - Below Expectation,78.3,3.4,0,1,Yes
928,PR2024-00933,20241226,128,4,16,2,2024,3,3 - Meets Expectation,78.0,3.94,0,0,Yes
929,PR2024-00934,20241210,129,6,26,1,2024,2,2 - Below Expectation,78.3,2.87,0,1,Yes
930,PR2024-00935,20241220,131,1,5,1,2024,4,4 - Exceeds Expectation,93.2,4.63,1,0,Yes
931,PR2024-00936,20241215,132,3,12,1,2024,3,3 - Meets Expectation,93.9,3.89,0,0,Yes
932,PR2024-00937,20241213,135,1,1,1,2024,1,1 - Poor,67.8,2.96,0,1,Yes
933,PR2024-00938,20241210,136,7,32,2,2024,5,5 - Outstanding,108.6,5.0,1,0,Yes
934,PR2024-00939,20241207,137,1,1,3,2024,3,3 - Meets Expectation,84.7,3.86,0,0,No
935,PR2024-00940,20241210,138,6,29,1,2024,2,2 - Below Expectation,70.0,3.56,0,1,Yes
936,PR2024-00941,20241217,139,7,32,4,2024,2,2 - Below Expectation,77.4,3.28,0,1,Yes
937,PR2024-00942,20241225,141,1,3,3,2024,4,4 - Exceeds Expectation,93.1,4.38,1,0,Yes
938,PR2024-00943,20241211,143,7,31,4,2024,3,3 - Meets Expectation,82.1,4.25,0,0,Yes
939,PR2024-00944,20241209,146,1,3,4,2024,4,4 - Exceeds Expectation,94.3,3.67,1,0,Yes
940,PR2024-00945,20241216,148,7,31,1,2024,4,4 - Exceeds Expectation,86.5,4.99,1,0,Yes
941,PR2024-00946,20241211,149,1,1,5,2024,2,2 - Below Expectation,82.0,3.32,0,1,Yes
942,PR2024-00947,20241208,150,7,32,5,2024,2,2 - Below Expectation,68.4,3.06,0,1,Yes
943,PR2024-00948,20241224,151,8,36,3,2024,3,3 - Meets Expectation,83.5,3.84,0,0,Yes
944,PR2024-00949,20241221,152,6,26,1,2024,2,2 - Below Expectation,72.7,3.3,0,1,Yes
945,PR2024-00950,20241221,153,7,33,1,2024,4,4 - Exceeds Expectation,93.9,4.94,1,0,Yes
946,PR2024-00951,20241212,154,1,5,1,2024,3,3 - Meets Expectation,89.3,3.61,0,0,Yes
947,PR2024-00952,20241219,155,4,16,2,2024,4,4 - Exceeds Expectation,95.8,4.44,1,0,Yes
948,PR2024-00953,20241207,156,1,3,6,2024,2,2 - Below Expectation,88.5,3.55,0,1,Yes
949,PR2024-00954,20241220,157,1,5,1,2024,2,2 - Below Expectation,81.7,2.99,0,1,Yes
950,PR2024-00955,20241207,159,7,31,1,2024,4,4 - Exceeds Expectation,89.6,4.26,1,0,Yes
951,PR2024-00956,20241223,160,7,35,1,2024,4,4 - Exceeds Expectation,96.2,4.62,1,0,Yes
952,PR2024-00957,20241216,162,4,16,1,2024,3,3 - Meets Expectation,90.0,3.4,0,0,Yes
953,PR2024-00958,20241225,165,5,21,2,2024,2,2 - Below Expectation,79.6,3.5,0,1,No
954,PR2024-00959,20241225,167,8,39,1,2024,3,3 - Meets Expectation,83.2,3.65,0,0,Yes
955,PR2024-00960,20241223,168,2,7,1,2024,2,2 - Below Expectation,78.6,3.11,0,1,Yes
956,PR2024-00961,20241218,169,1,1,1,2024,3,3 - Meets Expectation,85.8,3.73,0,0,Yes
957,PR2024-00962,20241221,170,1,2,6,2024,3,3 - Meets Expectation,90.4,3.73,0,0,Yes
958,PR2024-00963,20241220,171,7,31,6,2024,2,2 - Below Expectation,75.9,3.29,0,1,Yes
959,PR2024-00964,20241213,174,8,37,1,2024,3,3 - Meets Expectation,86.3,3.97,0,0,Yes
960,PR2024-00965,20241224,175,8,38,3,2024,1,1 - Poor,82.4,2.22,0,1,Yes
961,PR2024-00966,20241225,176,3,14,1,2024,4,4 - Exceeds Expectation,99.5,4.9,1,0,Yes
962,PR2024-00967,20241218,178,7,33,1,2024,3,3 - Meets Expectation,88.8,4.29,0,0,No
963,PR2024-00968,20241222,179,1,4,1,2024,2,2 - Below Expectation,76.1,3.7,0,1,Yes
964,PR2024-00969,20241208,181,1,2,1,2024,3,3 - Meets Expectation,102.2,3.68,0,0,No
965,PR2024-00970,20241225,182,7,31,1,2024,4,4 - Exceeds Expectation,96.8,4.14,1,0,Yes
966,PR2024-00971,20241223,183,5,21,2,2024,2,2 - Below Expectation,74.2,3.46,0,1,Yes
967,PR2024-00972,20241225,184,8,36,1,2024,3,3 - Meets Expectation,79.1,3.85,0,0,No
968,PR2024-00973,20241214,188,4,16,1,2024,1,1 - Poor,67.5,2.8,0,1,No
969,PR2024-00974,20241210,190,7,31,5,2024,2,2 - Below Expectation,67.5,3.29,0,1,Yes
970,PR2024-00975,20241218,191,4,16,1,2024,4,4 - Exceeds Expectation,88.9,4.34,1,0,Yes
971,PR2024-00976,20241218,193,1,2,1,2024,3,3 - Meets Expectation,79.4,3.58,0,0,No
972,PR2024-00977,20241209,194,8,39,1,2024,3,3 - Meets Expectation,82.3,4.22,0,0,Yes
973,PR2024-00978,20241220,196,7,32,6,2024,1,1 - Poor,53.4,3.3,0,1,Yes
974,PR2024-00979,20241213,197,6,28,3,2024,1,1 - Poor,70.2,2.73,0,1,Yes
975,PR2024-00980,20241213,198,6,26,6,2024,5,5 - Outstanding,100.4,4.84,1,0,Yes
976,PR2024-00981,20241224,199,6,26,1,2024,3,3 - Meets Expectation,87.8,3.68,0,0,Yes
977,PR2024-00982,20241210,200,2,7,1,2024,2,2 - Below Expectation,72.0,3.73,0,1,Yes
978,PR2024-00983,20241220,201,5,21,5,2024,4,4 - Exceeds Expectation,97.9,4.13,1,0,Yes
979,PR2024-00984,20241217,203,7,31,1,2024,3,3 - Meets Expectation,83.6,4.63,0,0,Yes
980,PR2024-00985,20241215,204,1,1,1,2024,4,4 - Exceeds Expectation,92.6,4.65,1,0,Yes
981,PR2024-00986,20241221,205,8,36,4,2024,3,3 - Meets Expectation,86.2,3.87,0,0,Yes
982,PR2024-00987,20241218,206,1,1,1,2024,3,3 - Meets Expectation,80.8,3.45,0,0,Yes
983,PR2024-00988,20241219,208,3,13,2,2024,4,4 - Exceeds Expectation,92.6,4.5,1,0,Yes
984,PR2024-00989,20241210,209,6,26,1,2024,4,4 - Exceeds Expectation,91.8,3.82,1,0,No
985,PR2024-00990,20241225,210,7,33,1,2024,2,2 - Below Expectation,56.4,3.66,0,1,No
986,PR2024-00991,20241211,211,7,31,1,2024,4,4 - Exceeds Expectation,98.6,4.67,1,0,Yes
987,PR2024-00992,20241217,212,3,12,6,2024,1,1 - Poor,67.8,2.84,0,1,No
988,PR2024-00993,20241221,213,2,6,3,2024,3,3 - Meets Expectation,85.1,4.14,0,0,Yes
989,PR2024-00994,20241226,214,8,36,1,2024,3,3 - Meets Expectation,92.8,4.39,0,0,Yes
990,PR2024-00995,20241210,215,4,17,1,2024,3,3 - Meets Expectation,81.5,4.31,0,0,Yes
991,PR2024-00996,20241209,216,4,16,6,2024,5,5 - Outstanding,97.1,5.0,1,0,Yes
992,PR2024-00997,20241223,217,5,21,1,2024,3,3 - Meets Expectation,79.3,3.96,0,0,No
993,PR2024-00998,20241220,218,3,11,1,2024,3,3 - Meets Expectation,85.4,3.41,0,0,Yes
994,PR2024-00999,20241211,219,3,11,1,2024,2,2 - Below Expectation,84.4,2.95,0,1,Yes
995,PR2024-01000,20241225,220,8,38,1,2024,2,2 - Below Expectation,74.5,3.58,0,1,Yes
996,PR2024-01001,20241222,221,7,31,3,2024,3,3 - Meets Expectation,99.0,3.65,0,0,Yes
997,PR2024-01002,20241223,222,8,36,1,2024,3,3 - Meets Expectation,79.5,3.88,0,0,Yes
998,PR2024-01003,20241220,223,1,1,3,2024,1,1 - Poor,63.6,2.6,0,1,Yes
999,PR2024-01004,20241224,224,1,4,1,2024,3,3 - Meets Expectation,77.8,3.96,0,0,Yes
1000,PR2024-01005,20241226,226,2,6,2,2024,5,5 - Outstanding,108.4,4.75,1,0,No
1001,PR2024-01006,20241223,227,2,6,4,2024,2,2 - Below Expectation,74.0,2.92,0,1,Yes
1002,PR2024-01007,20241224,228,5,24,2,2024,4,4 - Exceeds Expectation,100.3,4.56,1,0,Yes
1003,PR2024-01008,20241213,229,7,31,1,2024,2,2 - Below Expectation,69.0,3.42,0,1,Yes
1004,PR2024-01009,20241226,230,8,37,1,2024,3,3 - Meets Expectation,82.0,3.91,0,0,No
1005,PR2024-01010,20241216,232,3,12,1,2024,4,4 - Exceeds Expectation,86.5,4.43,1,0,Yes
1006,PR2024-01011,20241216,233,8,36,2,2024,3,3 - Meets Expectation,88.5,3.95,0,0,Yes
1007,PR2024-01012,20241216,234,7,32,2,2024,1,1 - Poor,67.0,2.18,0,1,Yes
1008,PR2024-01013,20241211,237,6,27,4,2024,3,3 - Meets Expectation,79.2,3.99,0,0,Yes
1009,PR2024-01014,20241222,239,2,7,4,2024,3,3 - Meets Expectation,86.1,4.11,0,0,Yes
1010,PR2024-01015,20241208,240,8,36,6,2024,5,5 - Outstanding,99.3,5.0,1,0,Yes
1011,PR2024-01016,20241223,241,8,36,1,2024,3,3 - Meets Expectation,85.7,4.04,0,0,No
1012,PR2024-01017,20241219,242,8,36,1,2024,3,3 - Meets Expectation,75.6,4.15,0,0,No
1013,PR2024-01018,20241224,243,7,31,1,2024,3,3 - Meets Expectation,89.9,3.36,0,0,Yes
1014,PR2024-01019,20241210,244,3,13,6,2024,5,5 - Outstanding,93.8,5.0,1,0,No
1015,PR2024-01020,20241220,245,1,1,1,2024,3,3 - Meets Expectation,82.6,3.46,0,0,Yes
1016,PR2024-01021,20241215,247,7,31,1,2024,4,4 - Exceeds Expectation,91.0,4.34,1,0,Yes
1017,PR2024-01022,20241220,248,5,22,1,2024,2,2 - Below Expectation,64.4,2.94,0,1,Yes
1018,PR2024-01023,20241208,250,1,1,1,2024,2,2 - Below Expectation,87.5,3.49,0,1,Yes
1019,PR2024-01024,20241209,251,1,4,1,2024,4,4 - Exceeds Expectation,94.9,4.51,1,0,No
1020,PR2024-01025,20241213,252,3,11,2,2024,4,4 - Exceeds Expectation,85.1,4.5,1,0,Yes
1021,PR2024-01026,20241211,253,8,38,6,2024,5,5 - Outstanding,100.8,4.93,1,0,Yes
1022,PR2024-01027,20241218,254,5,21,1,2024,3,3 - Meets Expectation,80.9,3.99,0,0,Yes
1023,PR2024-01028,20241215,255,1,1,3,2024,5,5 - Outstanding,103.4,4.92,1,0,Yes
1024,PR2024-01029,20241222,256,7,31,1,2024,3,3 - Meets Expectation,92.1,4.07,0,0,Yes
1025,PR2024-01030,20241222,257,3,12,1,2024,3,3 - Meets Expectation,86.8,3.75,0,0,Yes
1026,PR2024-01031,20241225,260,8,39,1,2024,4,4 - Exceeds Expectation,101.0,4.46,1,0,Yes
1027,PR2024-01032,20241207,264,1,1,6,2024,3,3 - Meets Expectation,83.3,4.06,0,0,No
1028,PR2024-01033,20241220,265,7,33,1,2024,2,2 - Below Expectation,87.6,3.1,0,1,Yes
1029,PR2024-01034,20241211,266,4,16,1,2024,5,5 - Outstanding,95.4,4.59,1,0,Yes
1030,PR2024-01035,20241226,268,7,31,6,2024,3,3 - Meets Expectation,82.8,3.88,0,0,Yes
1031,PR2024-01036,20241220,271,2,6,2,2024,1,1 - Poor,71.8,2.81,0,1,No
1032,PR2024-01037,20241221,272,4,19,1,2024,4,4 - Exceeds Expectation,91.0,4.08,1,0,Yes
1033,PR2024-01038,20241222,273,3,12,1,2024,2,2 - Below Expectation,75.1,3.28,0,1,Yes
1034,PR2024-01039,20241221,274,7,31,5,2024,2,2 - Below Expectation,81.7,3.72,0,1,Yes
1035,PR2024-01040,20241218,276,8,36,1,2024,3,3 - Meets Expectation,74.3,4.13,0,0,Yes
1036,PR2024-01041,20241219,277,3,11,1,2024,1,1 - Poor,67.8,2.83,0,1,Yes
1037,PR2024-01042,20241220,278,3,14,1,2024,5,5 - Outstanding,101.5,4.96,1,0,Yes
1038,PR2024-01043,20241221,282,1,4,1,2024,4,4 - Exceeds Expectation,89.5,3.84,1,0,Yes
1039,PR2024-01044,20241208,285,1,1,4,2024,4,4 - Exceeds Expectation,92.0,4.29,1,0,Yes
1040,PR2024-01045,20241218,286,1,2,1,2024,5,5 - Outstanding,116.5,4.97,1,0,Yes
1041,PR2024-01047,20241220,289,7,32,1,2024,3,3 - Meets Expectation,84.1,3.8,0,0,Yes
1042,PR2024-01048,20241207,290,3,15,1,2024,4,4 - Exceeds Expectation,96.9,4.27,1,0,Yes
1043,PR2024-01049,20241213,291,3,13,1,2024,4,4 - Exceeds Expectation,94.8,3.68,1,0,No
1044,PR2024-01050,20241223,292,7,31,2,2024,4,4 - Exceeds Expectation,87.0,4.29,1,0,Yes
1045,PR2024-01051,20241218,293,1,2,1,2024,3,3 - Meets Expectation,96.6,4.01,0,0,Yes
1046,PR2024-01052,20241217,296,1,1,4,2024,3,3 - Meets Expectation,86.4,4.31,0,0,Yes
1047,PR2024-01053,20241209,298,8,38,1,2024,4,4 - Exceeds Expectation,102.2,4.3,1,0,Yes
1048,PR2024-01054,20241225,299,7,31,3,2024,3,3 - Meets Expectation,97.0,3.67,0,0,Yes
1049,PR2024-01055,20241213,300,4,16,5,2024,3,3 - Meets Expectation,94.7,3.25,0,0,Yes
1050,PR2024-01056,20241208,301,8,37,1,2024,3,3 - Meets Expectation,87.7,4.06,0,0,Yes
1051,PR2024-01057,20241219,302,1,1,1,2024,3,3 - Meets Expectation,77.4,3.95,0,0,Yes
1052,PR2024-01058,20241211,303,1,1,1,2024,5,5 - Outstanding,95.1,4.78,1,0,Yes
1053,PR2024-01059,20241225,304,7,31,1,2024,3,3 - Meets Expectation,90.1,3.71,0,0,Yes
1054,PR2024-01060,20241220,305,7,31,4,2024,4,4 - Exceeds Expectation,87.0,4.41,1,0,Yes
1055,PR2024-01061,20241222,306,1,1,6,2024,3,3 - Meets Expectation,81.0,4.14,0,0,Yes
1056,PR2024-01062,20241224,307,4,17,4,2024,4,4 - Exceeds Expectation,93.5,4.75,1,0,Yes
1057,PR2024-01063,20241217,308,6,26,3,2024,5,5 - Outstanding,116.0,4.73,1,0,Yes
1058,PR2024-01064,20241222,309,1,1,1,2024,3,3 - Meets Expectation,83.7,3.53,0,0,Yes
1059,PR2024-01065,20241210,310,4,16,1,2024,5,5 - Outstanding,98.6,4.69,1,0,Yes
1060,PR2024-01066,20241214,311,3,13,1,2024,5,5 - Outstanding,110.6,4.71,1,0,Yes
1061,PR2024-01067,20241216,313,7,32,1,2024,3,3 - Meets Expectation,80.8,3.65,0,0,Yes
1062,PR2024-01068,20241225,314,3,14,1,2024,2,2 - Below Expectation,77.4,2.52,0,1,Yes
1063,PR2024-01069,20241212,316,4,19,1,2024,2,2 - Below Expectation,72.1,3.58,0,1,Yes
1064,PR2024-01070,20241222,317,2,7,1,2024,3,3 - Meets Expectation,80.7,4.08,0,0,Yes
1065,PR2024-01071,20241226,318,1,1,1,2024,3,3 - Meets Expectation,80.8,4.02,0,0,Yes
1066,PR2024-01072,20241217,320,7,33,5,2024,3,3 - Meets Expectation,79.6,3.88,0,0,Yes
1067,PR2024-01073,20241226,321,1,1,1,2024,4,4 - Exceeds Expectation,91.3,4.09,1,0,Yes
1068,PR2024-01074,20241214,322,5,22,4,2024,2,2 - Below Expectation,77.0,3.52,0,1,Yes
1069,PR2024-01075,20241208,324,3,14,1,2024,3,3 - Meets Expectation,80.3,3.71,0,0,Yes
1070,PR2024-01076,20241212,327,7,32,1,2024,3,3 - Meets Expectation,89.2,4.05,0,0,Yes
1071,PR2024-01077,20241218,329,7,32,2,2024,4,4 - Exceeds Expectation,95.7,4.53,1,0,No
1072,PR2024-01078,20241207,330,1,1,2,2024,3,3 - Meets Expectation,78.5,3.54,0,0,Yes
1073,PR2024-01079,20241218,331,3,12,3,2024,4,4 - Exceeds Expectation,105.5,4.49,1,0,Yes
1074,PR2024-01080,20241217,333,8,36,1,2024,3,3 - Meets Expectation,90.6,3.97,0,0,Yes
1075,PR2024-01081,20241208,334,8,37,6,2024,4,4 - Exceeds Expectation,89.6,4.57,1,0,Yes
1076,PR2024-01082,20241212,336,1,1,1,2024,4,4 - Exceeds Expectation,91.6,4.72,1,0,Yes
1077,PR2024-01083,20241217,337,3,12,1,2024,3,3 - Meets Expectation,81.6,4.0,0,0,Yes
1078,PR2024-01084,20241217,338,8,36,1,2024,4,4 - Exceeds Expectation,101.7,4.69,1,0,Yes
1079,PR2024-01085,20241217,339,5,21,3,2024,2,2 - Below Expectation,75.8,2.97,0,1,No
1080,PR2024-01086,20241213,340,8,36,5,2024,5,5 - Outstanding,103.0,4.2,1,0,Yes
1081,PR2024-01087,20241208,341,1,1,1,2024,3,3 - Meets Expectation,89.7,3.49,0,0,Yes
1082,PR2024-01088,20241207,343,7,31,3,2024,4,4 - Exceeds Expectation,98.7,4.2,1,0,Yes
1083,PR2024-01089,20241219,345,3,11,1,2024,4,4 - Exceeds Expectation,94.3,3.86,1,0,Yes
1084,PR2024-01090,20241210,347,8,36,2,2024,3,3 - Meets Expectation,84.6,3.96,0,0,Yes
1085,PR2024-01091,20241226,349,7,33,4,2024,4,4 - Exceeds Expectation,87.5,4.72,1,0,Yes
1086,PR2024-01092,20241210,350,2,7,3,2024,4,4 - Exceeds Expectation,102.1,4.63,1,0,Yes
1087,PR2024-01093,20241207,353,1,2,1,2024,1,1 - Poor,67.8,2.82,0,1,Yes
1088,PR2024-01094,20241213,354,7,31,1,2024,2,2 - Below Expectation,78.1,3.09,0,1,Yes
1089,PR2024-01095,20241209,358,5,22,1,2024,1,1 - Poor,72.8,3.04,0,1,Yes
1090,PR2024-01096,20241211,359,3,13,1,2024,4,4 - Exceeds Expectation,99.8,4.21,1,0,Yes
1091,PR2024-01097,20241224,360,7,32,4,2024,4,4 - Exceeds Expectation,90.4,3.99,1,0,Yes
1092,PR2024-01098,20241222,361,1,3,6,2024,4,4 - Exceeds Expectation,83.3,4.08,1,0,Yes
1093,PR2024-01099,20241213,362,8,36,1,2024,3,3 - Meets Expectation,75.9,3.9,0,0,Yes
1094,PR2024-01100,20241223,364,7,32,3,2024,2,2 - Below Expectation,72.5,3.62,0,1,Yes
1095,PR2024-01101,20241221,366,8,37,4,2024,2,2 - Below Expectation,72.3,3.77,0,1,Yes
1096,PR2024-01102,20241213,367,6,27,1,2024,4,4 - Exceeds Expectation,98.7,3.9,1,0,Yes
1097,PR2024-01103,20241226,369,1,3,1,2024,3,3 - Meets Expectation,81.1,3.9,0,0,No
1098,PR2024-01104,20241207,370,4,19,1,2024,3,3 - Meets Expectation,83.5,3.93,0,0,Yes
1099,PR2024-01105,20241218,372,1,1,1,2024,3,3 - Meets Expectation,98.7,3.97,0,0,Yes
1100,PR2024-01106,20241220,373,2,8,1,2024,3,3 - Meets Expectation,77.8,4.13,0,0,Yes
1101,PR2024-01107,20241209,374,1,1,5,2024,4,4 - Exceeds Expectation,97.6,4.03,1,0,Yes
1102,PR2024-01108,20241218,375,5,22,4,2024,4,4 - Exceeds Expectation,85.3,4.3,1,0,Yes
1103,PR2024-01109,20241218,376,3,11,4,2024,2,2 - Below Expectation,80.4,3.42,0,1,Yes
1104,PR2024-01110,20241223,377,6,28,2,2024,1,1 - Poor,67.2,2.64,0,1,Yes
1105,PR2024-01111,20241218,378,1,1,2,2024,3,3 - Meets Expectation,78.1,4.07,0,0,Yes
1106,PR2024-01112,20241221,379,1,1,1,2024,4,4 - Exceeds Expectation,93.1,4.26,1,0,Yes
1107,PR2024-01113,20241209,380,3,12,5,2024,3,3 - Meets Expectation,66.5,4.2,0,0,Yes
1108,PR2024-01114,20241226,381,4,18,2,2024,4,4 - Exceeds Expectation,99.8,4.29,1,0,No
1109,PR2024-01115,20241219,383,6,27,2,2024,2,2 - Below Expectation,81.3,3.79,0,1,Yes
1110,PR2024-01116,20241216,384,3,11,1,2024,4,4 - Exceeds Expectation,99.3,4.11,1,0,No
1111,PR2024-01117,20241221,385,7,33,6,2024,3,3 - Meets Expectation,79.2,4.04,0,0,Yes
1112,PR2024-01118,20241216,386,2,6,1,2024,3,3 - Meets Expectation,75.0,3.72,0,0,Yes
1113,PR2024-01119,20241209,387,3,11,1,2024,2,2 - Below Expectation,60.1,3.18,0,1,Yes
1114,PR2024-01120,20241216,388,7,31,1,2024,2,2 - Below Expectation,82.0,2.79,0,1,Yes
1115,PR2024-01121,20241211,391,7,32,3,2024,3,3 - Meets Expectation,79.1,3.95,0,0,Yes
1116,PR2024-01122,20241211,392,8,37,1,2024,1,1 - Poor,73.9,2.39,0,1,Yes
1117,PR2024-01123,20241213,393,7,31,6,2024,3,3 - Meets Expectation,77.3,3.69,0,0,Yes
1118,PR2024-01124,20241207,396,1,1,1,2024,4,4 - Exceeds Expectation,95.9,4.53,1,0,No
1119,PR2024-01125,20241216,397,2,7,1,2024,2,2 - Below Expectation,65.4,2.71,0,1,Yes
1120,PR2024-01126,20241224,398,3,12,1,2024,4,4 - Exceeds Expectation,108.8,4.19,1,0,Yes
1121,PR2024-01127,20241220,399,2,6,1,2024,3,3 - Meets Expectation,84.0,4.04,0,0,Yes
1122,PR2024-01128,20241209,400,7,32,3,2024,3,3 - Meets Expectation,96.2,3.3,0,0,No
1123,PR2024-01129,20241215,401,6,29,1,2024,3,3 - Meets Expectation,93.1,4.03,0,0,No
1124,PR2024-01130,20241224,404,7,31,6,2024,2,2 - Below Expectation,73.6,3.53,0,1,Yes
1125,PR2024-01131,20241214,406,3,11,2,2024,5,5 - Outstanding,97.9,5.0,1,0,No
1126,PR2024-01132,20241220,409,7,33,1,2024,4,4 - Exceeds Expectation,99.7,4.55,1,0,Yes
1127,PR2024-01133,20241219,412,1,1,1,2024,2,2 - Below Expectation,71.6,3.27,0,1,Yes
1128,PR2024-01134,20241216,413,8,36,3,2024,5,5 - Outstanding,111.4,4.97,1,0,Yes
1129,PR2024-01135,20241226,414,3,11,2,2024,3,3 - Meets Expectation,97.0,3.12,0,0,Yes
1130,PR2024-01136,20241217,417,7,31,2,2024,2,2 - Below Expectation,85.5,3.36,0,1,Yes
1131,PR2024-01137,20241222,418,7,31,1,2024,2,2 - Below Expectation,65.7,3.63,0,1,No
1132,PR2024-01138,20241211,419,8,39,1,2024,2,2 - Below Expectation,83.4,3.62,0,1,Yes
1133,PR2024-01139,20241223,420,5,21,2,2024,2,2 - Below Expectation,63.7,3.53,0,1,Yes
1134,PR2024-01140,20241212,421,1,4,1,2024,3,3 - Meets Expectation,86.1,3.64,0,0,Yes
1135,PR2024-01141,20241213,423,4,16,5,2024,2,2 - Below Expectation,77.0,3.3,0,1,Yes
1136,PR2024-01142,20241215,424,3,11,1,2024,3,3 - Meets Expectation,88.2,3.49,0,0,Yes
1137,PR2024-01143,20241216,425,1,3,3,2024,3,3 - Meets Expectation,85.0,3.91,0,0,Yes
1138,PR2024-01144,20241213,426,3,14,6,2024,2,2 - Below Expectation,76.8,3.12,0,1,Yes
1139,PR2024-01145,20241216,427,1,1,6,2024,4,4 - Exceeds Expectation,79.5,4.9,1,0,No
1140,PR2024-01146,20241212,429,7,33,1,2024,4,4 - Exceeds Expectation,87.3,4.38,1,0,Yes
1141,PR2024-01147,20241218,431,3,12,2,2024,3,3 - Meets Expectation,78.5,4.0,0,0,Yes
1142,PR2024-01148,20241223,432,1,4,1,2024,4,4 - Exceeds Expectation,94.5,3.64,1,0,Yes
1143,PR2024-01149,20241222,433,7,35,1,2024,4,4 - Exceeds Expectation,95.4,4.4,1,0,Yes
1144,PR2024-01150,20241225,439,8,37,1,2024,4,4 - Exceeds Expectation,102.0,4.78,1,0,Yes
1145,PR2024-01151,20241208,440,7,31,3,2024,3,3 - Meets Expectation,74.9,4.02,0,0,Yes
1146,PR2024-01152,20241224,442,8,36,2,2024,2,2 - Below Expectation,78.9,3.12,0,1,No
1147,PR2024-01153,20241215,444,1,1,1,2024,4,4 - Exceeds Expectation,92.4,4.72,1,0,Yes
1148,PR2024-01154,20241222,445,1,4,1,2024,4,4 - Exceeds Expectation,101.2,3.88,1,0,Yes
1149,PR2024-01155,20241220,446,8,36,4,2024,3,3 - Meets Expectation,86.9,3.85,0,0,Yes
1150,PR2024-01156,20241223,447,4,16,1,2024,4,4 - Exceeds Expectation,95.9,4.35,1,0,Yes
1151,PR2024-01157,20241215,449,1,2,6,2024,3,3 - Meets Expectation,70.9,3.78,0,0,Yes
1152,PR2024-01158,20241216,450,8,38,1,2024,3,3 - Meets Expectation,86.8,3.78,0,0,Yes
1153,PR2024-01159,20241211,452,3,12,2,2024,4,4 - Exceeds Expectation,86.2,3.9,1,0,Yes
1154,PR2024-01160,20241223,453,8,36,2,2024,4,4 - Exceeds Expectation,84.0,4.34,1,0,Yes
1155,PR2024-01161,20241214,454,7,34,1,2024,2,2 - Below Expectation,71.1,3.11,0,1,Yes
1156,PR2024-01162,20241224,455,4,20,6,2024,1,1 - Poor,56.9,2.68,0,1,Yes
1157,PR2024-01163,20241211,456,1,1,3,2024,3,3 - Meets Expectation,93.7,4.14,0,0,Yes
1158,PR2024-01164,20241226,457,7,32,3,2024,3,3 - Meets Expectation,75.2,3.93,0,0,Yes
1159,PR2024-01165,20241207,458,7,31,1,2024,3,3 - Meets Expectation,84.2,3.46,0,0,Yes
1160,PR2024-01166,20241209,460,2,7,1,2024,5,5 - Outstanding,100.7,4.42,1,0,Yes
1161,PR2024-01167,20241208,461,4,16,1,2024,4,4 - Exceeds Expectation,98.6,4.12,1,0,No
1162,PR2024-01168,20241218,462,2,6,1,2024,5,5 - Outstanding,104.4,4.98,1,0,No
1163,PR2024-01169,20241210,463,5,21,1,2024,2,2 - Below Expectation,65.5,3.05,0,1,Yes
1164,PR2024-01170,20241214,465,8,37,2,2024,3,3 - Meets Expectation,94.0,3.71,0,0,Yes
1165,PR2024-01171,20241219,466,7,31,4,2024,2,2 - Below Expectation,70.5,3.21,0,1,Yes
1166,PR2024-01172,20241225,467,3,11,2,2024,3,3 - Meets Expectation,76.3,4.09,0,0,No
1167,PR2024-01173,20241210,469,7,31,1,2024,3,3 - Meets Expectation,94.6,3.42,0,0,Yes
1168,PR2024-01174,20241222,470,1,1,1,2024,4,4 - Exceeds Expectation,101.8,4.83,1,0,Yes
1169,PR2024-01175,20241225,471,7,32,3,2024,2,2 - Below Expectation,72.7,3.3,0,1,Yes
1170,PR2024-01176,20241217,472,2,6,1,2024,1,1 - Poor,62.1,3.43,0,1,Yes
1171,PR2024-01177,20241214,473,6,26,1,2024,4,4 - Exceeds Expectation,91.5,4.41,1,0,Yes
1172,PR2024-01178,20241226,474,6,27,1,2024,3,3 - Meets Expectation,89.7,4.33,0,0,Yes
1173,PR2024-01179,20241219,476,7,31,1,2024,3,3 - Meets Expectation,80.4,3.97,0,0,Yes
1174,PR2024-01180,20241214,478,3,11,4,2024,2,2 - Below Expectation,79.4,3.49,0,1,Yes
1175,PR2024-01181,20241207,479,2,6,6,2024,3,3 - Meets Expectation,81.0,3.33,0,0,Yes
1176,PR2024-01182,20241225,480,5,21,6,2024,4,4 - Exceeds Expectation,92.2,4.89,1,0,Yes
1177,PR2024-01183,20241214,481,8,36,1,2024,4,4 - Exceeds Expectation,81.5,4.35,1,0,Yes
1178,PR2024-01184,20241216,482,7,31,3,2024,2,2 - Below Expectation,79.9,3.65,0,1,Yes
1179,PR2024-01185,20241208,483,8,37,1,2024,4,4 - Exceeds Expectation,92.2,3.99,1,0,Yes
1180,PR2024-01186,20241216,485,1,1,1,2024,2,2 - Below Expectation,64.3,2.89,0,1,Yes
1181,PR2024-01187,20241222,486,1,1,2,2024,1,1 - Poor,70.2,2.85,0,1,Yes
1182,PR2024-01188,20241218,487,1,1,1,2024,3,3 - Meets Expectation,92.1,3.81,0,0,Yes
1183,PR2024-01189,20241225,491,8,36,3,2024,5,5 - Outstanding,102.0,5.0,1,0,Yes
1184,PR2024-01190,20241214,492,8,36,5,2024,3,3 - Meets Expectation,85.5,4.32,0,0,Yes
1185,PR2024-01191,20241215,493,3,11,1,2024,4,4 - Exceeds Expectation,89.6,4.69,1,0,Yes
1186,PR2024-01192,20241214,494,4,19,2,2024,3,3 - Meets Expectation,84.8,3.44,0,0,Yes
1187,PR2024-01193,20241209,495,3,11,2,2024,4,4 - Exceeds Expectation,84.9,4.33,1,0,Yes
1188,PR2024-01194,20241218,496,7,31,2,2024,2,2 - Below Expectation,71.0,3.15,0,1,Yes
1189,PR2024-01195,20241222,498,7,32,6,2024,4,4 - Exceeds Expectation,96.2,4.79,1,0,Yes
1190,PR2024-01196,20241217,499,1,2,5,2024,4,4 - Exceeds Expectation,96.2,4.75,1,0,Yes
1191,PR2024-01197,20241221,500,2,6,2,2024,5,5 - Outstanding,99.6,4.84,1,0,No
1192,PR2024-01198,20241223,501,8,36,4,2024,2,2 - Below Expectation,70.3,3.11,0,1,Yes
1193,PR2024-01199,20241208,502,1,1,6,2024,3,3 - Meets Expectation,82.9,4.05,0,0,Yes
1194,PR2024-01200,20241226,504,7,31,3,2024,5,5 - Outstanding,103.7,4.58,1,0,Yes
1195,PR2024-01201,20241223,506,3,12,1,2024,2,2 - Below Expectation,85.1,3.21,0,1,Yes
1196,PR2024-01202,20241225,507,2,6,1,2024,5,5 - Outstanding,97.6,5.0,1,0,Yes
1197,PR2024-01203,20241217,508,7,33,1,2024,2,2 - Below Expectation,73.0,2.85,0,1,Yes
1198,PR2024-01204,20241223,509,7,31,1,2024,2,2 - Below Expectation,63.8,2.98,0,1,Yes
1199,PR2024-01205,20241218,510,3,11,3,2024,1,1 - Poor,70.1,3.04,0,1,Yes
1200,PR2024-01206,20241223,518,2,6,2,2024,2,2 - Below Expectation,76.2,3.75,0,1,Yes
1201,PR2024-01207,20241217,521,7,31,2,2024,3,3 - Meets Expectation,92.5,3.98,0,0,Yes
1202,PR2024-01208,20241218,524,7,32,1,2024,1,1 - Poor,63.4,2.21,0,1,Yes
1203,PR2024-01209,20241224,527,3,14,1,2024,2,2 - Below Expectation,76.2,2.66,0,1,Yes
1204,PR2024-01210,20241219,528,7,32,3,2024,1,1 - Poor,69.8,2.09,0,1,Yes
1205,PR2024-01211,20241209,529,8,36,5,2024,2,2 - Below Expectation,72.1,3.34,0,1,No
1206,PR2024-01212,20241210,530,7,33,1,2024,1,1 - Poor,67.7,2.64,0,1,Yes
1207,PR2024-01213,20241217,531,1,2,1,2024,2,2 - Below Expectation,76.3,3.23,0,1,No
1208,PR2024-01214,20241207,532,6,26,1,2024,3,3 - Meets Expectation,89.9,4.33,0,0,Yes
1209,PR2024-01215,20241226,534,8,36,1,2024,4,4 - Exceeds Expectation,97.9,4.13,1,0,Yes
1210,PR2024-01216,20241222,535,5,21,3,2024,4,4 - Exceeds Expectation,92.7,3.9,1,0,Yes
1211,PR2024-01217,20241212,536,3,11,1,2024,5,5 - Outstanding,114.4,4.4,1,0,No
1212,PR2024-01218,20241212,537,7,31,1,2024,5,5 - Outstanding,109.1,4.93,1,0,Yes
1213,PR2024-01219,20241215,538,3,11,3,2024,4,4 - Exceeds Expectation,90.3,4.14,1,0,Yes
1214,PR2024-01220,20241213,540,3,11,1,2024,4,4 - Exceeds Expectation,97.5,4.2,1,0,Yes
1215,PR2024-01221,20241221,541,8,36,1,2024,2,2 - Below Expectation,76.7,3.34,0,1,Yes
1216,PR2024-01222,20241218,543,3,12,1,2024,3,3 - Meets Expectation,89.1,3.86,0,0,No
1217,PR2024-01223,20241208,544,6,26,1,2024,2,2 - Below Expectation,75.6,3.19,0,1,Yes
1218,PR2024-01224,20241207,545,4,16,2,2024,4,4 - Exceeds Expectation,100.1,4.65,1,0,Yes
1219,PR2024-01225,20241224,547,1,2,2,2024,2,2 - Below Expectation,77.3,3.28,0,1,Yes
1220,PR2024-01226,20241222,548,1,1,5,2024,1,1 - Poor,78.2,3.24,0,1,Yes
1221,PR2024-01227,20241210,549,1,2,1,2024,4,4 - Exceeds Expectation,94.5,3.74,1,0,Yes
1222,PR2024-01228,20241217,551,8,36,2,2024,4,4 - Exceeds Expectation,100.9,4.9,1,0,No
1223,PR2024-01229,20241217,552,8,38,5,2024,5,5 - Outstanding,105.3,5.0,1,0,No
1224,PR2024-01230,20241221,556,2,6,6,2024,4,4 - Exceeds Expectation,98.1,4.62,1,0,Yes
1225,PR2024-01231,20241215,558,6,26,1,2024,5,5 - Outstanding,102.9,4.8,1,0,No
1226,PR2024-01232,20241207,559,8,36,1,2024,4,4 - Exceeds Expectation,94.9,4.33,1,0,No
1227,PR2024-01233,20241221,562,1,1,1,2024,5,5 - Outstanding,100.9,5.0,1,0,Yes
1228,PR2024-01234,20241220,563,8,36,5,2024,2,2 - Below Expectation,74.9,3.51,0,1,Yes
1229,PR2024-01235,20241219,564,1,1,1,2024,2,2 - Below Expectation,70.0,3.4,0,1,Yes
1230,PR2024-01236,20241219,566,4,16,5,2024,3,3 - Meets Expectation,95.7,3.72,0,0,Yes
1231,PR2024-01237,20241226,572,3,12,1,2024,2,2 - Below Expectation,82.8,3.39,0,1,Yes
1232,PR2024-01238,20241224,574,5,21,5,2024,4,4 - Exceeds Expectation,91.0,4.3,1,0,Yes
1233,PR2024-01239,20241211,575,1,2,4,2024,2,2 - Below Expectation,75.0,3.23,0,1,Yes
1234,PR2024-01240,20241208,576,7,31,1,2024,2,2 - Below Expectation,70.3,3.39,0,1,Yes
1235,PR2024-01241,20241216,578,3,11,3,2024,3,3 - Meets Expectation,84.6,3.09,0,0,Yes
1236,PR2024-01242,20241219,580,2,6,5,2024,4,4 - Exceeds Expectation,92.6,4.51,1,0,Yes
1237,PR2024-01243,20241215,582,1,1,1,2024,3,3 - Meets Expectation,89.5,4.13,0,0,No
1238,PR2024-01244,20241212,583,6,26,5,2024,4,4 - Exceeds Expectation,85.8,4.33,1,0,Yes
1239,PR2024-01245,20241213,584,3,11,3,2024,3,3 - Meets Expectation,86.8,3.91,0,0,Yes
1240,PR2024-01246,20241207,587,1,1,1,2024,4,4 - Exceeds Expectation,105.6,4.45,1,0,Yes
1241,PR2024-01247,20241224,591,1,1,2,2024,3,3 - Meets Expectation,84.2,3.8,0,0,Yes
1242,PR2024-01248,20241222,592,7,31,6,2024,5,5 - Outstanding,97.4,5.0,1,0,Yes
1243,PR2024-01249,20241210,593,7,33,3,2024,3,3 - Meets Expectation,96.5,3.8,0,0,No
1244,PR2024-01250,20241221,595,7,32,4,2024,3,3 - Meets Expectation,79.5,3.86,0,0,Yes
1245,PR2024-01251,20241207,596,5,21,1,2024,4,4 - Exceeds Expectation,93.4,4.65,1,0,Yes
1246,PR2024-01252,20241209,597,2,6,1,2024,3,3 - Meets Expectation,87.4,4.05,0,0,Yes
1247,PR2024-01253,20241214,599,7,31,1,2024,1,1 - Poor,66.1,2.33,0,1,No
1248,PR2024-01254,20241210,600,7,31,2,2024,3,3 - Meets Expectation,87.3,3.76,0,0,No
1249,PR2024-01255,20241208,601,7,31,4,2024,4,4 - Exceeds Expectation,95.8,4.73,1,0,Yes
1250,PR2024-01256,20241218,603,4,16,3,2024,2,2 - Below Expectation,68.9,3.24,0,1,Yes
1251,PR2024-01257,20241214,604,1,1,1,2024,2,2 - Below Expectation,87.0,3.03,0,1,No
1252,PR2024-01258,20241207,605,7,31,5,2024,2,2 - Below Expectation,87.1,3.29,0,1,Yes
1253,PR2024-01259,20241212,607,3,11,5,2024,4,4 - Exceeds Expectation,103.0,4.19,1,0,Yes
1254,PR2024-01260,20241212,609,7,31,1,2024,3,3 - Meets Expectation,80.6,3.64,0,0,Yes
1255,PR2024-01261,20241208,610,7,31,1,2024,3,3 - Meets Expectation,94.6,3.8,0,0,Yes
1256,PR2024-01262,20241220,611,4,17,1,2024,3,3 - Meets Expectation,97.1,4.12,0,0,No
1257,PR2024-01263,20241213,612,2,6,2,2024,2,2 - Below Expectation,82.4,3.34,0,1,Yes
1258,PR2024-01264,20241224,613,8,36,5,2024,3,3 - Meets Expectation,73.8,3.89,0,0,No
1259,PR2024-01265,20241217,614,8,36,1,2024,3,3 - Meets Expectation,91.9,3.7,0,0,Yes
1260,PR2024-01266,20241225,617,3,11,5,2024,4,4 - Exceeds Expectation,81.8,4.34,1,0,Yes
1261,PR2024-01267,20241214,620,2,6,3,2024,1,1 - Poor,65.7,2.48,0,1,Yes
1262,PR2024-01268,20241210,621,3,12,1,2024,5,5 - Outstanding,90.0,5.0,1,0,Yes
1263,PR2024-01269,20241212,622,8,36,1,2024,3,3 - Meets Expectation,82.9,4.03,0,0,No
1264,PR2024-01270,20241224,623,7,31,1,2024,2,2 - Below Expectation,83.7,3.64,0,1,Yes
1265,PR2024-01271,20241217,624,8,37,1,2024,2,2 - Below Expectation,82.2,3.71,0,1,Yes
1266,PR2024-01272,20241215,625,2,7,1,2024,3,3 - Meets Expectation,93.5,3.75,0,0,Yes
1267,PR2024-01273,20241215,626,7,31,2,2024,1,1 - Poor,70.0,2.95,0,1,Yes
1268,PR2024-01274,20241222,628,7,31,6,2024,2,2 - Below Expectation,73.7,3.12,0,1,No
1269,PR2024-01275,20241226,629,1,2,1,2024,3,3 - Meets Expectation,87.8,3.86,0,0,No
1270,PR2024-01276,20241215,630,3,11,4,2024,4,4 - Exceeds Expectation,85.7,4.07,1,0,No
1271,PR2024-01277,20241209,631,1,1,2,2024,2,2 - Below Expectation,69.5,3.3,0,1,Yes
1272,PR2024-01278,20241213,632,3,11,3,2024,4,4 - Exceeds Expectation,92.0,4.83,1,0,Yes
1273,PR2024-01279,20241221,633,8,36,1,2024,4,4 - Exceeds Expectation,86.0,3.98,1,0,Yes
1274,PR2024-01280,20241216,634,3,11,2,2024,1,1 - Poor,64.4,2.8,0,1,Yes
1275,PR2024-01281,20241209,635,7,31,2,2024,3,3 - Meets Expectation,81.0,3.93,0,0,Yes
1276,PR2024-01282,20241210,637,5,21,3,2024,3,3 - Meets Expectation,82.2,3.81,0,0,Yes
1277,PR2024-01283,20241221,639,5,22,4,2024,3,3 - Meets Expectation,68.7,4.04,0,0,Yes
1278,PR2024-01284,20241210,640,6,26,6,2024,2,2 - Below Expectation,83.1,2.76,0,1,Yes
1279,PR2024-01285,20241220,641,7,32,4,2024,3,3 - Meets Expectation,83.7,4.1,0,0,Yes
1280,PR2024-01286,20241222,642,5,21,1,2024,4,4 - Exceeds Expectation,92.6,4.27,1,0,Yes
1281,PR2024-01287,20241221,643,3,12,1,2024,3,3 - Meets Expectation,93.8,3.63,0,0,Yes
1282,PR2024-01288,20241212,645,3,11,6,2024,3,3 - Meets Expectation,78.1,4.24,0,0,Yes
1283,PR2024-01289,20241220,647,7,33,6,2024,2,2 - Below Expectation,77.2,2.68,0,1,Yes
1284,PR2024-01290,20241219,648,7,31,2,2024,3,3 - Meets Expectation,77.1,3.54,0,0,Yes
1285,PR2024-01291,20241215,649,8,36,1,2024,2,2 - Below Expectation,82.7,3.35,0,1,Yes
1286,PR2024-01292,20241222,650,8,36,3,2024,3,3 - Meets Expectation,81.2,3.89,0,0,No
1287,PR2024-01293,20241220,651,4,16,1,2024,4,4 - Exceeds Expectation,91.7,4.31,1,0,Yes
1288,PR2024-01294,20241218,652,1,2,2,2024,5,5 - Outstanding,103.2,4.57,1,0,Yes
1289,PR2024-01295,20241218,653,7,33,1,2024,2,2 - Below Expectation,74.8,3.25,0,1,No
1290,PR2024-01296,20241215,654,1,1,1,2024,1,1 - Poor,69.6,2.67,0,1,Yes
1291,PR2024-01297,20241209,656,7,31,2,2024,3,3 - Meets Expectation,86.4,3.46,0,0,Yes
1292,PR2024-01298,20241220,657,7,31,2,2024,3,3 - Meets Expectation,94.2,3.59,0,0,Yes
1293,PR2024-01299,20241219,659,3,11,1,2024,2,2 - Below Expectation,59.2,3.56,0,1,Yes
1294,PR2024-01300,20241221,660,8,36,5,2024,2,2 - Below Expectation,73.8,3.08,0,1,Yes
1295,PR2024-01301,20241226,661,8,36,1,2024,1,1 - Poor,63.6,2.63,0,1,Yes
1296,PR2024-01302,20241223,662,7,31,3,2024,4,4 - Exceeds Expectation,84.6,4.6,1,0,Yes
1297,PR2024-01303,20241213,663,6,26,4,2024,3,3 - Meets Expectation,76.2,3.58,0,0,No
1298,PR2024-01304,20241216,664,7,31,1,2024,5,5 - Outstanding,98.4,4.76,1,0,Yes
1299,PR2024-01305,20241221,665,2,8,3,2024,3,3 - Meets Expectation,84.1,4.2,0,0,Yes
1300,PR2024-01306,20241222,666,8,36,5,2024,3,3 - Meets Expectation,83.9,3.82,0,0,Yes
1301,PR2024-01307,20241212,667,8,36,3,2024,2,2 - Below Expectation,65.4,3.38,0,1,No
1302,PR2024-01308,20241220,668,7,31,3,2024,1,1 - Poor,69.7,3.26,0,1,Yes
1303,PR2025-01309,20251209,2,7,32,1,2025,5,5 - Outstanding,110.4,5.0,1,0,Yes
1304,PR2025-01310,20251224,3,5,21,1,2025,4,4 - Exceeds Expectation,90.2,4.78,1,0,Yes
1305,PR2025-01311,20251208,5,8,36,1,2025,2,2 - Below Expectation,85.5,3.64,0,1,Yes
1306,PR2025-01312,20251217,7,3,11,2,2025,3,3 - Meets Expectation,85.8,3.74,0,0,No
1307,PR2025-01313,20251215,8,5,21,2,2025,1,1 - Poor,68.6,2.77,0,1,Yes
1308,PR2025-01314,20251217,9,8,36,3,2025,3,3 - Meets Expectation,75.6,3.74,0,0,Yes
1309,PR2025-01315,20251218,11,8,36,6,2025,5,5 - Outstanding,100.1,5.0,1,0,Yes
1310,PR2025-01316,20251208,12,2,6,3,2025,3,3 - Meets Expectation,84.7,4.38,0,0,Yes
1311,PR2025-01317,20251224,13,2,7,2,2025,4,4 - Exceeds Expectation,99.1,4.48,1,0,Yes
1312,PR2025-01318,20251215,15,4,16,1,2025,2,2 - Below Expectation,69.5,3.35,0,1,Yes
1313,PR2025-01319,20251220,16,1,1,5,2025,3,3 - Meets Expectation,95.1,3.96,0,0,Yes
1314,PR2025-01320,20251223,17,6,26,3,2025,3,3 - Meets Expectation,91.8,3.97,0,0,Yes
1315,PR2025-01321,20251210,19,5,24,1,2025,4,4 - Exceeds Expectation,96.3,4.14,1,0,Yes
1316,PR2025-01322,20251210,21,7,31,5,2025,3,3 - Meets Expectation,88.5,3.8,0,0,No
1317,PR2025-01323,20251223,22,1,1,3,2025,3,3 - Meets Expectation,71.4,3.9,0,0,Yes
1318,PR2025-01324,20251214,24,8,36,1,2025,4,4 - Exceeds Expectation,98.9,4.46,1,0,Yes
1319,PR2025-01325,20251218,25,2,8,1,2025,3,3 - Meets Expectation,81.4,3.74,0,0,Yes
1320,PR2025-01326,20251216,27,3,14,1,2025,5,5 - Outstanding,91.6,5.0,1,0,Yes
1321,PR2025-01327,20251210,28,2,6,1,2025,3,3 - Meets Expectation,84.2,3.67,0,0,Yes
1322,PR2025-01328,20251209,29,3,12,1,2025,2,2 - Below Expectation,71.7,3.48,0,1,Yes
1323,PR2025-01329,20251218,30,1,2,3,2025,2,2 - Below Expectation,71.8,3.2,0,1,Yes
1324,PR2025-01330,20251219,31,2,6,4,2025,2,2 - Below Expectation,84.8,3.54,0,1,Yes
1325,PR2025-01331,20251209,34,8,36,5,2025,2,2 - Below Expectation,77.3,3.86,0,1,Yes
1326,PR2025-01332,20251221,37,1,3,1,2025,5,5 - Outstanding,95.0,4.6,1,0,Yes
1327,PR2025-01333,20251215,38,3,11,1,2025,1,1 - Poor,66.7,3.13,0,1,Yes
1328,PR2025-01334,20251222,39,4,16,3,2025,2,2 - Below Expectation,64.9,3.16,0,1,No
1329,PR2025-01335,20251208,40,3,11,5,2025,3,3 - Meets Expectation,80.3,3.67,0,0,Yes
1330,PR2025-01336,20251214,44,6,26,2,2025,3,3 - Meets Expectation,88.4,3.86,0,0,Yes
1331,PR2025-01337,20251209,46,7,31,2,2025,3,3 - Meets Expectation,94.5,3.57,0,0,Yes
1332,PR2025-01338,20251218,47,7,31,4,2025,3,3 - Meets Expectation,90.0,3.84,0,0,Yes
1333,PR2025-01339,20251221,48,7,31,5,2025,2,2 - Below Expectation,74.3,2.84,0,1,Yes
1334,PR2025-01340,20251220,49,3,13,1,2025,2,2 - Below Expectation,74.1,3.38,0,1,Yes
1335,PR2025-01341,20251207,50,3,13,1,2025,4,4 - Exceeds Expectation,93.1,4.74,1,0,Yes
1336,PR2025-01342,20251215,51,7,31,1,2025,2,2 - Below Expectation,75.4,2.53,0,1,Yes
1337,PR2025-01343,20251214,53,7,32,1,2025,3,3 - Meets Expectation,77.0,3.99,0,0,Yes
1338,PR2025-01344,20251216,54,8,37,2,2025,3,3 - Meets Expectation,90.3,4.07,0,0,Yes
1339,PR2025-01345,20251222,55,8,36,1,2025,3,3 - Meets Expectation,78.3,3.67,0,0,Yes
1340,PR2025-01346,20251222,56,1,1,3,2025,3,3 - Meets Expectation,93.1,3.54,0,0,Yes
1341,PR2025-01347,20251215,57,4,16,1,2025,3,3 - Meets Expectation,84.5,3.71,0,0,Yes
1342,PR2025-01348,20251222,58,4,16,3,2025,5,5 - Outstanding,97.6,5.0,1,0,Yes
1343,PR2025-01349,20251220,61,4,17,3,2025,2,2 - Below Expectation,87.5,3.19,0,1,Yes
1344,PR2025-01350,20251226,63,3,11,5,2025,4,4 - Exceeds Expectation,85.6,4.38,1,0,Yes
1345,PR2025-01351,20251221,64,7,31,1,2025,4,4 - Exceeds Expectation,94.4,4.61,1,0,Yes
1346,PR2025-01352,20251207,65,3,11,1,2025,3,3 - Meets Expectation,92.5,4.01,0,0,Yes
1347,PR2025-01353,20251225,66,1,3,4,2025,5,5 - Outstanding,113.7,5.0,1,0,Yes
1348,PR2025-01354,20251221,67,7,31,6,2025,2,2 - Below Expectation,72.3,3.39,0,1,Yes
1349,PR2025-01355,20251223,69,5,21,6,2025,3,3 - Meets Expectation,91.0,3.82,0,0,Yes
1350,PR2025-01356,20251209,71,1,4,2,2025,3,3 - Meets Expectation,81.9,3.71,0,0,Yes
1351,PR2025-01357,20251224,73,3,14,1,2025,3,3 - Meets Expectation,82.8,3.26,0,0,Yes
1352,PR2025-01358,20251211,74,8,36,2,2025,1,1 - Poor,69.5,2.76,0,1,Yes
1353,PR2025-01359,20251225,75,4,16,6,2025,3,3 - Meets Expectation,88.9,3.46,0,0,No
1354,PR2025-01360,20251213,76,3,13,5,2025,1,1 - Poor,64.4,2.63,0,1,Yes
1355,PR2025-01361,20251213,77,5,21,1,2025,4,4 - Exceeds Expectation,99.6,4.71,1,0,Yes
1356,PR2025-01362,20251211,80,7,33,2,2025,4,4 - Exceeds Expectation,106.1,3.98,1,0,Yes
1357,PR2025-01363,20251226,81,1,1,6,2025,5,5 - Outstanding,114.4,5.0,1,0,Yes
1358,PR2025-01364,20251218,82,2,6,1,2025,2,2 - Below Expectation,79.2,3.11,0,1,Yes
1359,PR2025-01365,20251210,83,6,27,2,2025,3,3 - Meets Expectation,76.5,3.93,0,0,Yes
1360,PR2025-01366,20251221,84,4,16,3,2025,3,3 - Meets Expectation,70.0,4.27,0,0,Yes
1361,PR2025-01367,20251224,89,1,1,5,2025,3,3 - Meets Expectation,85.1,3.83,0,0,Yes
1362,PR2025-01368,20251219,91,7,31,1,2025,3,3 - Meets Expectation,89.8,3.78,0,0,Yes
1363,PR2025-01369,20251207,92,5,21,3,2025,2,2 - Below Expectation,71.5,3.7,0,1,Yes
1364,PR2025-01370,20251214,94,2,6,1,2025,4,4 - Exceeds Expectation,95.6,4.94,1,0,Yes
1365,PR2025-01371,20251221,95,1,2,2,2025,1,1 - Poor,54.7,2.44,0,1,Yes
1366,PR2025-01372,20251218,96,2,9,1,2025,3,3 - Meets Expectation,83.7,4.08,0,0,Yes
1367,PR2025-01373,20251213,99,7,32,6,2025,4,4 - Exceeds Expectation,97.3,4.27,1,0,Yes
1368,PR2025-01374,20251208,100,1,1,3,2025,2,2 - Below Expectation,75.5,3.63,0,1,Yes
1369,PR2025-01375,20251211,101,7,31,5,2025,2,2 - Below Expectation,89.7,3.73,0,1,No
1370,PR2025-01376,20251225,105,8,36,3,2025,2,2 - Below Expectation,63.8,3.51,0,1,Yes
1371,PR2025-01377,20251209,106,8,36,3,2025,2,2 - Below Expectation,77.0,3.15,0,1,Yes
1372,PR2025-01378,20251214,108,4,17,3,2025,4,4 - Exceeds Expectation,98.7,4.57,1,0,Yes
1373,PR2025-01379,20251225,109,5,21,1,2025,2,2 - Below Expectation,79.3,3.24,0,1,Yes
1374,PR2025-01380,20251208,111,1,2,1,2025,5,5 - Outstanding,89.6,4.79,1,0,Yes
1375,PR2025-01381,20251211,112,2,6,3,2025,3,3 - Meets Expectation,81.0,3.83,0,0,Yes
1376,PR2025-01382,20251208,114,1,2,1,2025,5,5 - Outstanding,108.5,5.0,1,0,Yes
1377,PR2025-01383,20251212,115,3,13,1,2025,3,3 - Meets Expectation,83.2,4.06,0,0,Yes
1378,PR2025-01384,20251215,116,1,5,1,2025,2,2 - Below Expectation,71.2,3.11,0,1,Yes
1379,PR2025-01385,20251212,120,2,6,4,2025,3,3 - Meets Expectation,80.0,4.13,0,0,Yes
1380,PR2025-01386,20251218,123,3,11,2,2025,3,3 - Meets Expectation,83.9,3.52,0,0,Yes
1381,PR2025-01387,20251224,125,7,32,1,2025,5,5 - Outstanding,103.3,5.0,1,0,Yes
1382,PR2025-01388,20251212,127,1,1,6,2025,3,3 - Meets Expectation,76.9,4.04,0,0,Yes
1383,PR2025-01389,20251219,128,4,16,2,2025,2,2 - Below Expectation,77.3,2.83,0,1,Yes
1384,PR2025-01390,20251215,129,6,26,1,2025,2,2 - Below Expectation,75.6,3.03,0,1,Yes
1385,PR2025-01391,20251225,131,1,5,1,2025,4,4 - Exceeds Expectation,101.7,4.37,1,0,Yes
1386,PR2025-01392,20251217,135,1,1,1,2025,1,1 - Poor,56.4,2.16,0,1,Yes
1387,PR2025-01393,20251211,136,7,32,2,2025,4,4 - Exceeds Expectation,90.7,4.53,1,0,Yes
1388,PR2025-01394,20251209,137,1,1,3,2025,3,3 - Meets Expectation,79.4,4.0,0,0,Yes
1389,PR2025-01395,20251220,138,6,29,1,2025,3,3 - Meets Expectation,89.3,3.8,0,0,Yes
1390,PR2025-01396,20251214,139,7,32,4,2025,1,1 - Poor,56.4,2.89,0,1,Yes
1391,PR2025-01397,20251221,141,1,3,3,2025,3,3 - Meets Expectation,87.6,3.67,0,0,Yes
1392,PR2025-01398,20251226,146,1,3,4,2025,4,4 - Exceeds Expectation,94.6,4.43,1,0,Yes
1393,PR2025-01399,20251207,148,7,31,1,2025,4,4 - Exceeds Expectation,91.9,4.24,1,0,Yes
1394,PR2025-01400,20251221,149,1,1,5,2025,2,2 - Below Expectation,76.1,3.19,0,1,Yes
1395,PR2025-01401,20251212,151,8,36,3,2025,1,1 - Poor,71.5,2.51,0,1,Yes
1396,PR2025-01402,20251213,153,7,33,1,2025,3,3 - Meets Expectation,83.2,3.69,0,0,Yes
1397,PR2025-01403,20251215,154,1,5,1,2025,3,3 - Meets Expectation,83.0,4.07,0,0,Yes
1398,PR2025-01404,20251217,155,4,16,2,2025,4,4 - Exceeds Expectation,95.4,4.7,1,0,Yes
1399,PR2025-01405,20251213,156,1,3,6,2025,2,2 - Below Expectation,82.0,3.21,0,1,Yes
1400,PR2025-01406,20251215,157,1,5,1,2025,3,3 - Meets Expectation,82.4,3.76,0,0,Yes
1401,PR2025-01407,20251216,159,7,31,1,2025,3,3 - Meets Expectation,86.7,3.46,0,0,Yes
1402,PR2025-01408,20251225,160,7,35,1,2025,4,4 - Exceeds Expectation,94.2,4.51,1,0,Yes
1403,PR2025-01409,20251219,162,4,16,1,2025,3,3 - Meets Expectation,100.3,3.45,0,0,Yes
1404,PR2025-01410,20251213,165,5,21,2,2025,2,2 - Below Expectation,83.6,3.55,0,1,Yes
1405,PR2025-01411,20251216,167,8,39,1,2025,3,3 - Meets Expectation,86.6,3.89,0,0,Yes
1406,PR2025-01412,20251212,168,2,7,1,2025,2,2 - Below Expectation,78.0,3.03,0,1,Yes
1407,PR2025-01413,20251225,170,1,2,6,2025,4,4 - Exceeds Expectation,86.2,4.1,1,0,Yes
1408,PR2025-01414,20251218,171,7,31,6,2025,4,4 - Exceeds Expectation,98.1,4.07,1,0,Yes
1409,PR2025-01415,20251215,174,8,37,1,2025,4,4 - Exceeds Expectation,90.3,3.93,1,0,Yes
1410,PR2025-01416,20251207,176,3,14,1,2025,3,3 - Meets Expectation,82.6,3.92,0,0,Yes
1411,PR2025-01417,20251210,178,7,33,1,2025,4,4 - Exceeds Expectation,90.3,4.26,1,0,Yes
1412,PR2025-01418,20251215,179,1,4,1,2025,3,3 - Meets Expectation,88.6,4.02,0,0,Yes
1413,PR2025-01419,20251224,181,1,2,1,2025,4,4 - Exceeds Expectation,92.0,4.13,1,0,Yes
1414,PR2025-01420,20251214,182,7,31,1,2025,5,5 - Outstanding,114.2,4.99,1,0,Yes
1415,PR2025-01421,20251225,183,5,21,2,2025,3,3 - Meets Expectation,88.2,3.92,0,0,Yes
1416,PR2025-01422,20251226,188,4,16,1,2025,3,3 - Meets Expectation,84.2,4.31,0,0,Yes
1417,PR2025-01423,20251221,190,7,31,5,2025,2,2 - Below Expectation,76.9,3.06,0,1,No
1418,PR2025-01424,20251219,191,4,16,1,2025,3,3 - Meets Expectation,80.1,3.92,0,0,No
1419,PR2025-01425,20251216,193,1,2,1,2025,4,4 - Exceeds Expectation,84.8,4.14,1,0,Yes
1420,PR2025-01426,20251208,194,8,39,1,2025,4,4 - Exceeds Expectation,99.8,4.23,1,0,Yes
1421,PR2025-01427,20251213,196,7,32,6,2025,3,3 - Meets Expectation,78.2,3.92,0,0,Yes
1422,PR2025-01428,20251210,197,6,28,3,2025,1,1 - Poor,67.0,2.47,0,1,No
1423,PR2025-01429,20251225,198,6,26,6,2025,4,4 - Exceeds Expectation,99.7,3.99,1,0,Yes
1424,PR2025-01430,20251212,199,6,26,1,2025,3,3 - Meets Expectation,88.4,3.88,0,0,No
1425,PR2025-01431,20251226,200,2,7,1,2025,2,2 - Below Expectation,75.1,3.64,0,1,Yes
1426,PR2025-01432,20251226,201,5,21,5,2025,3,3 - Meets Expectation,81.8,4.21,0,0,Yes
1427,PR2025-01433,20251210,203,7,31,1,2025,1,1 - Poor,52.8,2.63,0,1,Yes
1428,PR2025-01434,20251209,204,1,1,1,2025,4,4 - Exceeds Expectation,88.9,3.97,1,0,Yes
1429,PR2025-01435,20251211,205,8,36,4,2025,2,2 - Below Expectation,77.0,3.78,0,1,Yes
1430,PR2025-01436,20251222,206,1,1,1,2025,5,5 - Outstanding,103.0,4.79,1,0,Yes
1431,PR2025-01437,20251217,208,3,13,2,2025,3,3 - Meets Expectation,75.0,3.3,0,0,Yes
1432,PR2025-01438,20251218,209,6,26,1,2025,4,4 - Exceeds Expectation,86.0,4.32,1,0,Yes
1433,PR2025-01439,20251213,210,7,33,1,2025,3,3 - Meets Expectation,92.3,4.33,0,0,No
1434,PR2025-01440,20251221,211,7,31,1,2025,5,5 - Outstanding,101.4,4.91,1,0,No
1435,PR2025-01441,20251223,213,2,6,3,2025,3,3 - Meets Expectation,93.6,3.5,0,0,Yes
1436,PR2025-01442,20251224,214,8,36,1,2025,2,2 - Below Expectation,68.5,3.26,0,1,Yes
1437,PR2025-01443,20251224,215,4,17,1,2025,3,3 - Meets Expectation,84.1,4.1,0,0,Yes
1438,PR2025-01444,20251226,216,4,16,6,2025,5,5 - Outstanding,97.0,5.0,1,0,Yes
1439,PR2025-01445,20251207,217,5,21,1,2025,3,3 - Meets Expectation,90.7,3.88,0,0,Yes
1440,PR2025-01446,20251208,218,3,11,1,2025,3,3 - Meets Expectation,84.8,3.94,0,0,Yes
1441,PR2025-01447,20251225,219,3,11,1,2025,3,3 - Meets Expectation,81.5,4.23,0,0,Yes
1442,PR2025-01448,20251221,220,8,38,1,2025,2,2 - Below Expectation,70.9,3.23,0,1,Yes
1443,PR2025-01449,20251222,221,7,31,3,2025,2,2 - Below Expectation,72.5,2.87,0,1,Yes
1444,PR2025-01450,20251207,222,8,36,1,2025,2,2 - Below Expectation,73.1,3.18,0,1,Yes
1445,PR2025-01451,20251212,223,1,1,3,2025,3,3 - Meets Expectation,93.8,4.37,0,0,Yes
1446,PR2025-01452,20251207,224,1,4,1,2025,3,3 - Meets Expectation,90.1,4.03,0,0,Yes
1447,PR2025-01453,20251208,226,2,6,2,2025,5,5 - Outstanding,110.0,4.88,1,0,Yes
1448,PR2025-01454,20251219,228,5,24,2,2025,5,5 - Outstanding,107.4,5.0,1,0,Yes
1449,PR2025-01455,20251212,229,7,31,1,2025,2,2 - Below Expectation,70.8,3.86,0,1,Yes
1450,PR2025-01456,20251215,230,8,37,1,2025,3,3 - Meets Expectation,83.9,3.39,0,0,Yes
1451,PR2025-01457,20251225,232,3,12,1,2025,5,5 - Outstanding,118.1,4.92,1,0,Yes
1452,PR2025-01458,20251222,234,7,32,2,2025,3,3 - Meets Expectation,70.2,3.75,0,0,Yes
1453,PR2025-01459,20251217,237,6,27,4,2025,3,3 - Meets Expectation,94.2,3.9,0,0,Yes
1454,PR2025-01460,20251212,239,2,7,4,2025,2,2 - Below Expectation,68.1,3.23,0,1,Yes
1455,PR2025-01461,20251212,240,8,36,6,2025,4,4 - Exceeds Expectation,81.8,4.59,1,0,Yes
1456,PR2025-01462,20251215,241,8,36,1,2025,2,2 - Below Expectation,80.0,2.81,0,1,Yes
1457,PR2025-01463,20251225,242,8,36,1,2025,3,3 - Meets Expectation,89.1,3.99,0,0,Yes
1458,PR2025-01464,20251220,243,7,31,1,2025,3,3 - Meets Expectation,86.4,4.26,0,0,Yes
1459,PR2025-01465,20251220,244,3,13,6,2025,5,5 - Outstanding,106.7,4.75,1,0,Yes
1460,PR2025-01466,20251220,245,1,1,1,2025,3,3 - Meets Expectation,81.8,3.54,0,0,Yes
1461,PR2025-01467,20251212,247,7,31,1,2025,4,4 - Exceeds Expectation,97.9,4.79,1,0,Yes
1462,PR2025-01468,20251216,248,5,22,1,2025,3,3 - Meets Expectation,82.0,3.75,0,0,Yes
1463,PR2025-01469,20251219,250,1,1,1,2025,2,2 - Below Expectation,71.1,3.88,0,1,Yes
1464,PR2025-01470,20251220,251,1,4,1,2025,4,4 - Exceeds Expectation,91.1,4.97,1,0,Yes
1465,PR2025-01471,20251212,252,3,11,2,2025,3,3 - Meets Expectation,86.4,3.68,0,0,Yes
1466,PR2025-01472,20251213,253,8,38,6,2025,4,4 - Exceeds Expectation,94.6,4.87,1,0,Yes
1467,PR2025-01473,20251207,254,5,21,1,2025,3,3 - Meets Expectation,88.1,3.38,0,0,No
1468,PR2025-01474,20251216,255,1,1,3,2025,4,4 - Exceeds Expectation,104.9,4.87,1,0,Yes
1469,PR2025-01475,20251217,256,7,31,1,2025,3,3 - Meets Expectation,83.2,4.24,0,0,No
1470,PR2025-01476,20251226,257,3,12,1,2025,4,4 - Exceeds Expectation,98.9,4.1,1,0,Yes
1471,PR2025-01477,20251213,260,8,39,1,2025,5,5 - Outstanding,93.8,4.63,1,0,Yes
1472,PR2025-01478,20251210,264,1,1,6,2025,2,2 - Below Expectation,77.4,2.99,0,1,Yes
1473,PR2025-01479,20251220,265,7,33,1,2025,3,3 - Meets Expectation,82.1,4.0,0,0,Yes
1474,PR2025-01480,20251213,266,4,16,1,2025,4,4 - Exceeds Expectation,92.4,4.41,1,0,Yes
1475,PR2025-01481,20251223,268,7,31,6,2025,2,2 - Below Expectation,77.1,3.45,0,1,Yes
1476,PR2025-01482,20251224,271,2,6,2,2025,1,1 - Poor,67.5,2.95,0,1,Yes
1477,PR2025-01483,20251220,272,4,19,1,2025,3,3 - Meets Expectation,83.8,3.19,0,0,Yes
1478,PR2025-01484,20251211,273,3,12,1,2025,3,3 - Meets Expectation,70.9,3.52,0,0,Yes
1479,PR2025-01485,20251208,274,7,31,5,2025,2,2 - Below Expectation,77.1,3.5,0,1,Yes
1480,PR2025-01486,20251223,276,8,36,1,2025,4,4 - Exceeds Expectation,90.0,4.34,1,0,No
1481,PR2025-01487,20251207,278,3,14,1,2025,5,5 - Outstanding,103.8,4.81,1,0,Yes
1482,PR2025-01488,20251210,282,1,4,1,2025,5,5 - Outstanding,103.5,5.0,1,0,No
1483,PR2025-01489,20251216,285,1,1,4,2025,4,4 - Exceeds Expectation,93.2,4.31,1,0,Yes
1484,PR2025-01490,20251209,286,1,2,1,2025,4,4 - Exceeds Expectation,94.7,4.76,1,0,Yes
1485,PR2025-01491,20251212,288,6,30,1,2025,2,2 - Below Expectation,76.1,3.0,0,1,Yes
1486,PR2025-01492,20251210,289,7,32,1,2025,3,3 - Meets Expectation,81.9,4.03,0,0,Yes
1487,PR2025-01493,20251226,290,3,15,1,2025,2,2 - Below Expectation,58.6,3.27,0,1,Yes
1488,PR2025-01494,20251211,291,3,13,1,2025,5,5 - Outstanding,111.9,5.0,1,0,Yes
1489,PR2025-01495,20251223,292,7,31,2,2025,3,3 - Meets Expectation,94.2,3.58,0,0,Yes
1490,PR2025-01496,20251215,293,1,2,1,2025,2,2 - Below Expectation,68.5,3.4,0,1,Yes
1491,PR2025-01497,20251221,296,1,1,4,2025,1,1 - Poor,68.5,2.73,0,1,Yes
1492,PR2025-01498,20251225,298,8,38,1,2025,4,4 - Exceeds Expectation,85.3,4.22,1,0,No
1493,PR2025-01499,20251225,300,4,16,5,2025,3,3 - Meets Expectation,78.1,3.6,0,0,Yes
1494,PR2025-01500,20251218,301,8,37,1,2025,3,3 - Meets Expectation,82.1,3.99,0,0,Yes
1495,PR2025-01501,20251213,302,1,1,1,2025,4,4 - Exceeds Expectation,81.3,4.5,1,0,Yes
1496,PR2025-01502,20251225,303,1,1,1,2025,5,5 - Outstanding,89.3,4.87,1,0,Yes
1497,PR2025-01503,20251218,304,7,31,1,2025,4,4 - Exceeds Expectation,93.7,4.25,1,0,No
1498,PR2025-01504,20251216,305,7,31,4,2025,4,4 - Exceeds Expectation,89.5,4.2,1,0,Yes
1499,PR2025-01505,20251225,306,1,1,6,2025,4,4 - Exceeds Expectation,86.4,4.65,1,0,Yes
1500,PR2025-01506,20251210,307,4,17,4,2025,3,3 - Meets Expectation,90.0,3.73,0,0,Yes
1501,PR2025-01507,20251211,308,6,26,3,2025,5,5 - Outstanding,120.8,4.8,1,0,Yes
1502,PR2025-01508,20251207,309,1,1,1,2025,5,5 - Outstanding,102.3,5.0,1,0,Yes
1503,PR2025-01509,20251219,310,4,16,1,2025,4,4 - Exceeds Expectation,105.4,3.91,1,0,Yes
1504,PR2025-01510,20251219,311,3,13,1,2025,4,4 - Exceeds Expectation,94.7,4.24,1,0,Yes
1505,PR2025-01511,20251225,313,7,32,1,2025,4,4 - Exceeds Expectation,97.7,4.18,1,0,Yes
1506,PR2025-01512,20251210,316,4,19,1,2025,3,3 - Meets Expectation,88.8,4.4,0,0,Yes
1507,PR2025-01513,20251207,317,2,7,1,2025,2,2 - Below Expectation,69.8,3.0,0,1,Yes
1508,PR2025-01514,20251219,318,1,1,1,2025,3,3 - Meets Expectation,78.3,3.14,0,0,No
1509,PR2025-01515,20251211,320,7,33,5,2025,4,4 - Exceeds Expectation,87.9,4.76,1,0,Yes
1510,PR2025-01516,20251224,321,1,1,1,2025,4,4 - Exceeds Expectation,83.8,4.55,1,0,Yes
1511,PR2025-01517,20251209,322,5,22,4,2025,3,3 - Meets Expectation,88.5,3.9,0,0,Yes
1512,PR2025-01518,20251214,324,3,14,1,2025,3,3 - Meets Expectation,90.4,4.3,0,0,Yes
1513,PR2025-01519,20251219,327,7,32,1,2025,4,4 - Exceeds Expectation,99.8,4.21,1,0,Yes
1514,PR2025-01520,20251210,329,7,32,2,2025,5,5 - Outstanding,104.1,4.94,1,0,Yes
1515,PR2025-01521,20251218,330,1,1,2,2025,3,3 - Meets Expectation,84.4,3.2,0,0,No
1516,PR2025-01522,20251214,331,3,12,3,2025,4,4 - Exceeds Expectation,94.3,4.16,1,0,Yes
1517,PR2025-01523,20251208,333,8,36,1,2025,3,3 - Meets Expectation,86.2,3.3,0,0,Yes
1518,PR2025-01524,20251214,334,8,37,6,2025,4,4 - Exceeds Expectation,101.7,4.61,1,0,Yes
1519,PR2025-01525,20251220,336,1,1,1,2025,2,2 - Below Expectation,84.3,3.39,0,1,Yes
1520,PR2025-01526,20251220,337,3,12,1,2025,2,2 - Below Expectation,78.9,2.84,0,1,Yes
1521,PR2025-01527,20251208,338,8,36,1,2025,3,3 - Meets Expectation,98.6,3.89,0,0,Yes
1522,PR2025-01528,20251222,339,5,21,3,2025,1,1 - Poor,70.7,3.02,0,1,Yes
1523,PR2025-01529,20251221,340,8,36,5,2025,5,5 - Outstanding,106.2,4.3,1,0,Yes
1524,PR2025-01530,20251225,341,1,1,1,2025,3,3 - Meets Expectation,85.5,3.88,0,0,No
1525,PR2025-01531,20251208,343,7,31,3,2025,3,3 - Meets Expectation,94.0,4.09,0,0,Yes
1526,PR2025-01532,20251220,345,3,11,1,2025,3,3 - Meets Expectation,84.6,3.49,0,0,Yes
1527,PR2025-01533,20251220,347,8,36,2,2025,5,5 - Outstanding,105.9,5.0,1,0,Yes
1528,PR2025-01534,20251224,349,7,33,4,2025,4,4 - Exceeds Expectation,98.2,4.17,1,0,Yes
1529,PR2025-01535,20251223,350,2,7,3,2025,3,3 - Meets Expectation,77.9,3.8,0,0,Yes
1530,PR2025-01536,20251215,353,1,2,1,2025,2,2 - Below Expectation,80.4,3.32,0,1,Yes
1531,PR2025-01537,20251222,354,7,31,1,2025,2,2 - Below Expectation,75.5,3.41,0,1,Yes
1532,PR2025-01538,20251209,358,5,22,1,2025,1,1 - Poor,70.8,2.39,0,1,Yes
1533,PR2025-01539,20251213,359,3,13,1,2025,4,4 - Exceeds Expectation,80.0,3.87,1,0,Yes
1534,PR2025-01540,20251211,360,7,32,4,2025,2,2 - Below Expectation,79.7,3.6,0,1,Yes
1535,PR2025-01541,20251209,361,1,3,6,2025,5,5 - Outstanding,104.3,4.51,1,0,Yes
1536,PR2025-01542,20251213,362,8,36,1,2025,3,3 - Meets Expectation,89.1,3.7,0,0,Yes
1537,PR2025-01543,20251207,364,7,32,3,2025,4,4 - Exceeds Expectation,100.2,3.92,1,0,Yes
1538,PR2025-01544,20251214,366,8,37,4,2025,4,4 - Exceeds Expectation,100.2,4.55,1,0,Yes
1539,PR2025-01545,20251215,367,6,27,1,2025,3,3 - Meets Expectation,87.9,4.12,0,0,Yes
1540,PR2025-01546,20251211,369,1,3,1,2025,3,3 - Meets Expectation,94.1,4.09,0,0,Yes
1541,PR2025-01547,20251224,370,4,19,1,2025,2,2 - Below Expectation,77.7,3.4,0,1,Yes
1542,PR2025-01548,20251211,372,1,1,1,2025,4,4 - Exceeds Expectation,91.6,4.76,1,0,No
1543,PR2025-01549,20251207,373,2,8,1,2025,3,3 - Meets Expectation,90.8,3.93,0,0,Yes
1544,PR2025-01550,20251226,375,5,22,4,2025,4,4 - Exceeds Expectation,90.4,4.46,1,0,Yes
1545,PR2025-01551,20251218,376,3,11,4,2025,3,3 - Meets Expectation,90.4,3.79,0,0,Yes
1546,PR2025-01552,20251213,377,6,28,2,2025,1,1 - Poor,60.6,3.29,0,1,Yes
1547,PR2025-01553,20251224,378,1,1,2,2025,3,3 - Meets Expectation,85.1,4.15,0,0,Yes
1548,PR2025-01554,20251223,379,1,1,1,2025,4,4 - Exceeds Expectation,93.7,4.86,1,0,Yes
1549,PR2025-01555,20251219,380,3,12,5,2025,4,4 - Exceeds Expectation,102.6,4.78,1,0,Yes
1550,PR2025-01556,20251209,381,4,18,2,2025,5,5 - Outstanding,99.4,5.0,1,0,Yes
1551,PR2025-01557,20251214,383,6,27,2,2025,2,2 - Below Expectation,67.8,3.28,0,1,Yes
1552,PR2025-01558,20251211,384,3,11,1,2025,4,4 - Exceeds Expectation,93.8,4.85,1,0,Yes
1553,PR2025-01559,20251223,385,7,33,6,2025,2,2 - Below Expectation,80.5,3.55,0,1,Yes
1554,PR2025-01560,20251226,386,2,6,1,2025,3,3 - Meets Expectation,86.5,3.69,0,0,No
1555,PR2025-01562,20251226,391,7,32,3,2025,3,3 - Meets Expectation,100.5,3.6,0,0,Yes
1556,PR2025-01563,20251213,393,7,31,6,2025,4,4 - Exceeds Expectation,89.2,4.64,1,0,Yes
1557,PR2025-01564,20251211,396,1,1,1,2025,5,5 - Outstanding,104.7,4.87,1,0,No
1558,PR2025-01565,20251210,397,2,7,1,2025,1,1 - Poor,78.4,2.82,0,1,Yes
1559,PR2025-01566,20251221,398,3,12,1,2025,3,3 - Meets Expectation,99.2,3.72,0,0,Yes
1560,PR2025-01567,20251216,400,7,32,3,2025,2,2 - Below Expectation,75.5,3.27,0,1,Yes
1561,PR2025-01568,20251224,401,6,29,1,2025,2,2 - Below Expectation,76.9,3.12,0,1,Yes
1562,PR2025-01569,20251219,404,7,31,6,2025,1,1 - Poor,63.9,2.62,0,1,Yes
1563,PR2025-01570,20251208,406,3,11,2,2025,5,5 - Outstanding,98.3,4.46,1,0,Yes
1564,PR2025-01571,20251219,409,7,33,1,2025,3,3 - Meets Expectation,81.6,3.42,0,0,Yes
1565,PR2025-01572,20251226,413,8,36,3,2025,4,4 - Exceeds Expectation,100.8,4.79,1,0,No
1566,PR2025-01573,20251221,417,7,31,2,2025,2,2 - Below Expectation,78.4,3.05,0,1,Yes
1567,PR2025-01574,20251210,418,7,31,1,2025,2,2 - Below Expectation,76.6,3.41,0,1,Yes
1568,PR2025-01575,20251209,419,8,39,1,2025,2,2 - Below Expectation,75.3,3.25,0,1,Yes
1569,PR2025-01576,20251207,420,5,21,2,2025,2,2 - Below Expectation,67.8,3.0,0,1,Yes
1570,PR2025-01577,20251211,423,4,16,5,2025,2,2 - Below Expectation,78.1,3.6,0,1,Yes
1571,PR2025-01578,20251226,424,3,11,1,2025,5,5 - Outstanding,104.4,5.0,1,0,Yes
1572,PR2025-01579,20251211,425,1,3,3,2025,4,4 - Exceeds Expectation,96.4,4.29,1,0,Yes
1573,PR2025-01580,20251224,426,3,14,6,2025,3,3 - Meets Expectation,72.5,3.81,0,0,Yes
1574,PR2025-01581,20251226,427,1,1,6,2025,3,3 - Meets Expectation,91.9,4.25,0,0,No
1575,PR2025-01582,20251207,429,7,33,1,2025,4,4 - Exceeds Expectation,93.5,4.75,1,0,Yes
1576,PR2025-01583,20251225,431,3,12,2,2025,3,3 - Meets Expectation,79.0,3.7,0,0,Yes
1577,PR2025-01584,20251213,432,1,4,1,2025,4,4 - Exceeds Expectation,86.8,4.19,1,0,No
1578,PR2025-01585,20251214,433,7,35,1,2025,3,3 - Meets Expectation,84.3,3.89,0,0,No
1579,PR2025-01586,20251209,439,8,37,1,2025,5,5 - Outstanding,111.9,4.55,1,0,Yes
1580,PR2025-01587,20251209,440,7,31,3,2025,3,3 - Meets Expectation,96.0,3.57,0,0,Yes
1581,PR2025-01588,20251211,442,8,36,2,2025,3,3 - Meets Expectation,81.1,4.09,0,0,Yes
1582,PR2025-01589,20251219,445,1,4,1,2025,4,4 - Exceeds Expectation,96.7,4.47,1,0,Yes
1583,PR2025-01590,20251210,446,8,36,4,2025,3,3 - Meets Expectation,86.3,4.07,0,0,Yes
1584,PR2025-01591,20251209,447,4,16,1,2025,5,5 - Outstanding,107.8,5.0,1,0,No
1585,PR2025-01592,20251221,449,1,2,6,2025,3,3 - Meets Expectation,83.5,3.84,0,0,Yes
1586,PR2025-01593,20251210,450,8,38,1,2025,4,4 - Exceeds Expectation,94.2,4.21,1,0,No
1587,PR2025-01594,20251215,452,3,12,2,2025,3,3 - Meets Expectation,77.6,3.58,0,0,No
1588,PR2025-01595,20251213,453,8,36,2,2025,3,3 - Meets Expectation,86.7,3.72,0,0,Yes
1589,PR2025-01596,20251225,454,7,34,1,2025,3,3 - Meets Expectation,75.7,4.08,0,0,No
1590,PR2025-01597,20251215,455,4,20,6,2025,2,2 - Below Expectation,67.6,3.48,0,1,Yes
1591,PR2025-01598,20251212,457,7,32,3,2025,2,2 - Below Expectation,72.0,3.19,0,1,Yes
1592,PR2025-01599,20251218,458,7,31,1,2025,4,4 - Exceeds Expectation,91.8,4.68,1,0,Yes
1593,PR2025-01601,20251208,461,4,16,1,2025,3,3 - Meets Expectation,86.5,4.12,0,0,Yes
1594,PR2025-01602,20251218,462,2,6,1,2025,5,5 - Outstanding,111.8,5.0,1,0,Yes
1595,PR2025-01603,20251216,463,5,21,1,2025,4,4 - Exceeds Expectation,98.3,4.21,1,0,No
1596,PR2025-01604,20251222,465,8,37,2,2025,3,3 - Meets Expectation,95.5,3.69,0,0,Yes
1597,PR2025-01605,20251210,466,7,31,4,2025,2,2 - Below Expectation,71.4,2.69,0,1,No
1598,PR2025-01606,20251221,467,3,11,2,2025,3,3 - Meets Expectation,89.7,3.72,0,0,Yes
1599,PR2025-01608,20251207,470,1,1,1,2025,5,5 - Outstanding,95.7,4.97,1,0,Yes
1600,PR2025-01609,20251214,471,7,32,3,2025,3,3 - Meets Expectation,90.5,3.86,0,0,Yes
1601,PR2025-01610,20251213,472,2,6,1,2025,2,2 - Below Expectation,66.5,3.66,0,1,Yes
1602,PR2025-01611,20251207,473,6,26,1,2025,3,3 - Meets Expectation,85.6,4.14,0,0,No
1603,PR2025-01612,20251215,474,6,27,1,2025,4,4 - Exceeds Expectation,96.7,4.56,1,0,Yes
1604,PR2025-01613,20251223,476,7,31,1,2025,4,4 - Exceeds Expectation,97.4,4.07,1,0,No
1605,PR2025-01614,20251219,479,2,6,6,2025,4,4 - Exceeds Expectation,80.9,4.37,1,0,Yes
1606,PR2025-01615,20251208,480,5,21,6,2025,3,3 - Meets Expectation,87.5,3.67,0,0,Yes
1607,PR2025-01616,20251216,481,8,36,1,2025,4,4 - Exceeds Expectation,92.9,4.15,1,0,Yes
1608,PR2025-01617,20251212,483,8,37,1,2025,5,5 - Outstanding,112.2,4.42,1,0,Yes
1609,PR2025-01618,20251208,485,1,1,1,2025,3,3 - Meets Expectation,90.7,3.87,0,0,Yes
1610,PR2025-01619,20251215,486,1,1,2,2025,1,1 - Poor,65.0,3.36,0,1,No
1611,PR2025-01620,20251214,487,1,1,1,2025,3,3 - Meets Expectation,79.1,4.02,0,0,No
1612,PR2025-01621,20251210,492,8,36,5,2025,4,4 - Exceeds Expectation,96.5,4.54,1,0,Yes
1613,PR2025-01622,20251218,493,3,11,1,2025,4,4 - Exceeds Expectation,94.5,4.56,1,0,Yes
1614,PR2025-01623,20251212,494,4,19,2,2025,2,2 - Below Expectation,76.0,2.7,0,1,Yes
1615,PR2025-01624,20251217,495,3,11,2,2025,5,5 - Outstanding,102.0,4.79,1,0,Yes
1616,PR2025-01625,20251214,496,7,31,2,2025,2,2 - Below Expectation,78.6,3.31,0,1,Yes
1617,PR2025-01626,20251222,498,7,32,6,2025,4,4 - Exceeds Expectation,103.2,4.19,1,0,Yes
1618,PR2025-01627,20251223,499,1,2,5,2025,4,4 - Exceeds Expectation,96.9,4.68,1,0,No
1619,PR2025-01628,20251209,500,2,6,2,2025,5,5 - Outstanding,92.8,5.0,1,0,No
1620,PR2025-01629,20251214,501,8,36,4,2025,4,4 - Exceeds Expectation,81.8,4.53,1,0,Yes
1621,PR2025-01630,20251214,502,1,1,6,2025,4,4 - Exceeds Expectation,89.7,4.5,1,0,Yes
1622,PR2025-01631,20251212,504,7,31,3,2025,3,3 - Meets Expectation,85.9,4.17,0,0,Yes
1623,PR2025-01632,20251223,507,2,6,1,2025,5,5 - Outstanding,95.8,5.0,1,0,Yes
1624,PR2025-01633,20251226,509,7,31,1,2025,3,3 - Meets Expectation,85.8,4.08,0,0,Yes
1625,PR2025-01634,20251220,510,3,11,3,2025,1,1 - Poor,71.5,3.33,0,1,Yes
1626,PR2025-01635,20251225,518,2,6,2,2025,1,1 - Poor,66.6,3.08,0,1,No
1627,PR2025-01636,20251226,521,7,31,2,2025,3,3 - Meets Expectation,90.8,4.02,0,0,Yes
1628,PR2025-01637,20251225,527,3,14,1,2025,3,3 - Meets Expectation,83.2,3.69,0,0,Yes
1629,PR2025-01638,20251211,528,7,32,3,2025,2,2 - Below Expectation,65.3,3.63,0,1,Yes
1630,PR2025-01639,20251217,529,8,36,5,2025,3,3 - Meets Expectation,79.5,3.36,0,0,Yes
1631,PR2025-01640,20251209,530,7,33,1,2025,1,1 - Poor,58.9,2.26,0,1,Yes
1632,PR2025-01641,20251223,532,6,26,1,2025,2,2 - Below Expectation,82.7,3.56,0,1,No
1633,PR2025-01642,20251211,534,8,36,1,2025,4,4 - Exceeds Expectation,95.1,5.0,1,0,Yes
1634,PR2025-01643,20251216,535,5,21,3,2025,3,3 - Meets Expectation,86.7,4.19,0,0,Yes
1635,PR2025-01644,20251222,536,3,11,1,2025,5,5 - Outstanding,97.2,4.61,1,0,Yes
1636,PR2025-01645,20251210,537,7,31,1,2025,5,5 - Outstanding,111.0,4.95,1,0,Yes
1637,PR2025-01646,20251220,538,3,11,3,2025,4,4 - Exceeds Expectation,93.4,4.3,1,0,Yes
1638,PR2025-01647,20251210,540,3,11,1,2025,4,4 - Exceeds Expectation,100.8,4.77,1,0,Yes
1639,PR2025-01648,20251224,541,8,36,1,2025,4,4 - Exceeds Expectation,95.1,4.71,1,0,No
1640,PR2025-01649,20251218,543,3,12,1,2025,3,3 - Meets Expectation,93.8,3.77,0,0,Yes
1641,PR2025-01650,20251213,544,6,26,1,2025,3,3 - Meets Expectation,82.7,4.21,0,0,Yes
1642,PR2025-01651,20251211,545,4,16,2,2025,3,3 - Meets Expectation,90.8,3.88,0,0,Yes
1643,PR2025-01652,20251221,547,1,2,2,2025,1,1 - Poor,69.5,2.87,0,1,No
1644,PR2025-01653,20251216,548,1,1,5,2025,2,2 - Below Expectation,81.3,3.09,0,1,Yes
1645,PR2025-01654,20251225,549,1,2,1,2025,3,3 - Meets Expectation,89.7,4.14,0,0,Yes
1646,PR2025-01655,20251212,551,8,36,2,2025,3,3 - Meets Expectation,91.6,4.22,0,0,Yes
1647,PR2025-01656,20251218,552,8,38,5,2025,5,5 - Outstanding,100.8,4.57,1,0,Yes
1648,PR2025-01657,20251225,556,2,6,6,2025,4,4 - Exceeds Expectation,85.9,4.59,1,0,Yes
1649,PR2025-01658,20251222,558,6,26,1,2025,5,5 - Outstanding,82.3,5.0,1,0,Yes
1650,PR2025-01659,20251219,559,8,36,1,2025,4,4 - Exceeds Expectation,101.5,4.51,1,0,Yes
1651,PR2025-01660,20251225,562,1,1,1,2025,4,4 - Exceeds Expectation,97.3,4.23,1,0,Yes
1652,PR2025-01661,20251212,563,8,36,5,2025,3,3 - Meets Expectation,76.9,3.66,0,0,Yes
1653,PR2025-01662,20251220,564,1,1,1,2025,2,2 - Below Expectation,65.6,3.37,0,1,Yes
1654,PR2025-01663,20251221,566,4,16,5,2025,3,3 - Meets Expectation,83.9,3.58,0,0,Yes
1655,PR2025-01664,20251223,572,3,12,1,2025,2,2 - Below Expectation,72.8,3.07,0,1,Yes
1656,PR2025-01665,20251213,574,5,21,5,2025,4,4 - Exceeds Expectation,96.1,4.75,1,0,No
1657,PR2025-01666,20251210,576,7,31,1,2025,2,2 - Below Expectation,75.8,3.1,0,1,Yes
1658,PR2025-01667,20251225,578,3,11,3,2025,4,4 - Exceeds Expectation,89.8,4.51,1,0,Yes
1659,PR2025-01668,20251219,580,2,6,5,2025,4,4 - Exceeds Expectation,96.6,4.35,1,0,Yes
1660,PR2025-01669,20251210,583,6,26,5,2025,4,4 - Exceeds Expectation,101.4,4.05,1,0,Yes
1661,PR2025-01670,20251216,584,3,11,3,2025,3,3 - Meets Expectation,83.4,4.2,0,0,Yes
1662,PR2025-01671,20251225,587,1,1,1,2025,4,4 - Exceeds Expectation,104.2,4.67,1,0,Yes
1663,PR2025-01672,20251226,591,1,1,2,2025,3,3 - Meets Expectation,77.1,4.46,0,0,Yes
1664,PR2025-01673,20251211,592,7,31,6,2025,5,5 - Outstanding,104.6,5.0,1,0,No
1665,PR2025-01674,20251210,593,7,33,3,2025,2,2 - Below Expectation,73.5,3.34,0,1,Yes
1666,PR2025-01675,20251220,595,7,32,4,2025,3,3 - Meets Expectation,87.8,3.91,0,0,Yes
1667,PR2025-01676,20251207,596,5,21,1,2025,4,4 - Exceeds Expectation,83.8,4.16,1,0,Yes
1668,PR2025-01677,20251226,597,2,6,1,2025,3,3 - Meets Expectation,86.2,3.96,0,0,Yes
1669,PR2025-01678,20251219,599,7,31,1,2025,1,1 - Poor,61.1,2.87,0,1,No
1670,PR2025-01679,20251211,600,7,31,2,2025,3,3 - Meets Expectation,82.7,4.57,0,0,No
1671,PR2025-01680,20251221,601,7,31,4,2025,3,3 - Meets Expectation,82.8,3.47,0,0,Yes
1672,PR2025-01681,20251216,603,4,16,3,2025,3,3 - Meets Expectation,81.6,4.27,0,0,No
1673,PR2025-01682,20251226,605,7,31,5,2025,2,2 - Below Expectation,71.1,3.3,0,1,Yes
1674,PR2025-01683,20251217,607,3,11,5,2025,4,4 - Exceeds Expectation,102.7,4.64,1,0,Yes
1675,PR2025-01684,20251211,609,7,31,1,2025,4,4 - Exceeds Expectation,100.6,4.97,1,0,Yes
1676,PR2025-01685,20251212,610,7,31,1,2025,3,3 - Meets Expectation,88.5,3.68,0,0,No
1677,PR2025-01686,20251208,611,4,17,1,2025,3,3 - Meets Expectation,92.0,3.56,0,0,Yes
1678,PR2025-01687,20251211,612,2,6,2,2025,3,3 - Meets Expectation,74.2,3.67,0,0,No
1679,PR2025-01688,20251221,613,8,36,5,2025,3,3 - Meets Expectation,85.8,3.53,0,0,Yes
1680,PR2025-01689,20251224,617,3,11,5,2025,4,4 - Exceeds Expectation,96.4,4.45,1,0,No
1681,PR2025-01690,20251211,620,2,6,3,2025,2,2 - Below Expectation,78.0,3.27,0,1,Yes
1682,PR2025-01691,20251222,621,3,12,1,2025,3,3 - Meets Expectation,82.9,3.7,0,0,Yes
1683,PR2025-01692,20251219,622,8,36,1,2025,3,3 - Meets Expectation,83.0,4.4,0,0,Yes
1684,PR2025-01693,20251215,623,7,31,1,2025,3,3 - Meets Expectation,88.7,4.43,0,0,Yes
1685,PR2025-01694,20251225,624,8,37,1,2025,1,1 - Poor,72.2,3.06,0,1,Yes
1686,PR2025-01695,20251223,625,2,7,1,2025,3,3 - Meets Expectation,87.7,3.62,0,0,Yes
1687,PR2025-01696,20251221,626,7,31,2,2025,2,2 - Below Expectation,66.7,2.9,0,1,Yes
1688,PR2025-01697,20251222,628,7,31,6,2025,2,2 - Below Expectation,78.8,3.3,0,1,Yes
1689,PR2025-01698,20251210,629,1,2,1,2025,3,3 - Meets Expectation,83.0,3.83,0,0,Yes
1690,PR2025-01699,20251208,630,3,11,4,2025,4,4 - Exceeds Expectation,92.4,4.39,1,0,No
1691,PR2025-01700,20251220,631,1,1,2,2025,2,2 - Below Expectation,79.0,2.82,0,1,No
1692,PR2025-01701,20251211,632,3,11,3,2025,5,5 - Outstanding,103.3,4.88,1,0,Yes
1693,PR2025-01702,20251223,633,8,36,1,2025,4,4 - Exceeds Expectation,105.9,4.52,1,0,Yes
1694,PR2025-01703,20251221,634,3,11,2,2025,2,2 - Below Expectation,63.0,3.62,0,1,Yes
1695,PR2025-01704,20251226,635,7,31,2,2025,4,4 - Exceeds Expectation,96.6,4.69,1,0,Yes
1696,PR2025-01705,20251223,637,5,21,3,2025,4,4 - Exceeds Expectation,92.0,5.0,1,0,Yes
1697,PR2025-01706,20251212,639,5,22,4,2025,3,3 - Meets Expectation,80.0,3.79,0,0,Yes
1698,PR2025-01707,20251226,640,6,26,6,2025,2,2 - Below Expectation,73.7,3.5,0,1,Yes
1699,PR2025-01708,20251219,641,7,32,4,2025,4,4 - Exceeds Expectation,86.8,5.0,1,0,Yes
1700,PR2025-01709,20251210,642,5,21,1,2025,3,3 - Meets Expectation,85.5,3.71,0,0,Yes
1701,PR2025-01710,20251222,643,3,12,1,2025,3,3 - Meets Expectation,87.5,4.19,0,0,Yes
1702,PR2025-01711,20251208,645,3,11,6,2025,4,4 - Exceeds Expectation,98.6,4.24,1,0,Yes
1703,PR2025-01712,20251218,647,7,33,6,2025,3,3 - Meets Expectation,83.3,4.13,0,0,Yes
1704,PR2025-01713,20251212,648,7,31,2,2025,4,4 - Exceeds Expectation,79.2,4.04,1,0,Yes
1705,PR2025-01714,20251210,649,8,36,1,2025,2,2 - Below Expectation,75.2,2.94,0,1,Yes
1706,PR2025-01715,20251226,650,8,36,3,2025,3,3 - Meets Expectation,84.5,4.03,0,0,Yes
1707,PR2025-01716,20251226,651,4,16,1,2025,4,4 - Exceeds Expectation,106.2,4.59,1,0,No
1708,PR2025-01717,20251207,652,1,2,2,2025,4,4 - Exceeds Expectation,96.6,4.73,1,0,No
1709,PR2025-01718,20251214,654,1,1,1,2025,1,1 - Poor,60.7,2.83,0,1,Yes
1710,PR2025-01719,20251217,656,7,31,2,2025,4,4 - Exceeds Expectation,88.2,4.41,1,0,Yes
1711,PR2025-01720,20251207,659,3,11,1,2025,3,3 - Meets Expectation,81.1,3.67,0,0,No
1712,PR2025-01721,20251225,662,7,31,3,2025,5,5 - Outstanding,101.1,5.0,1,0,No
1713,PR2025-01722,20251218,664,7,31,1,2025,4,4 - Exceeds Expectation,82.6,4.46,1,0,Yes
1714,PR2025-01723,20251209,665,2,8,3,2025,3,3 - Meets Expectation,86.4,3.84,0,0,Yes
1715,PR2025-01724,20251210,667,8,36,3,2025,2,2 - Below Expectation,67.3,3.05,0,1,Yes
1716,PR2025-01725,20251209,668,7,31,3,2025,2,2 - Below Expectation,75.0,4.15,0,1,Yes
1717,PR2025-01726,20251221,669,3,12,4,2025,3,3 - Meets Expectation,84.1,3.2,0,0,Yes
1718,PR2025-01727,20251225,671,8,36,5,2025,3,3 - Meets Expectation,86.5,3.86,0,0,Yes
1719,PR2025-01728,20251210,672,2,7,4,2025,3,3 - Meets Expectation,82.4,3.66,0,0,No
1720,PR2025-01729,20251223,673,2,7,2,2025,3,3 - Meets Expectation,87.8,3.62,0,0,No
1721,PR2025-01730,20251214,675,7,31,6,2025,2,2 - Below Expectation,90.0,3.23,0,1,Yes
1722,PR2025-01731,20251224,676,3,12,1,2025,3,3 - Meets Expectation,83.9,4.36,0,0,Yes
1723,PR2025-01732,20251215,677,2,6,1,2025,2,2 - Below Expectation,81.4,3.78,0,1,No
1724,PR2025-01733,20251226,678,7,32,2,2025,4,4 - Exceeds Expectation,86.1,4.06,1,0,Yes
1725,PR2025-01734,20251222,679,8,38,3,2025,3,3 - Meets Expectation,77.7,3.93,0,0,No
1726,PR2025-01735,20251223,682,1,5,1,2025,4,4 - Exceeds Expectation,88.2,4.83,1,0,Yes
1727,PR2025-01736,20251220,683,8,36,3,2025,2,2 - Below Expectation,83.2,2.97,0,1,Yes
1728,PR2025-01737,20251211,684,8,38,6,2025,3,3 - Meets Expectation,77.2,3.73,0,0,Yes
1729,PR2025-01738,20251214,686,7,31,4,2025,3,3 - Meets Expectation,83.8,3.86,0,0,Yes
1730,PR2025-01739,20251219,687,7,32,1,2025,5,5 - Outstanding,107.7,4.82,1,0,Yes
1731,PR2025-01740,20251212,689,2,8,1,2025,1,1 - Poor,60.2,3.43,0,1,Yes
1732,PR2025-01741,20251218,691,8,37,3,2025,5,5 - Outstanding,103.9,4.67,1,0,Yes
1733,PR2025-01742,20251208,692,3,13,1,2025,2,2 - Below Expectation,79.6,2.99,0,1,No
1734,PR2025-01743,20251215,693,7,32,4,2025,3,3 - Meets Expectation,70.4,4.55,0,0,Yes
1735,PR2025-01744,20251209,694,7,32,1,2025,3,3 - Meets Expectation,87.5,3.95,0,0,Yes
1736,PR2025-01745,20251224,696,2,6,3,2025,3,3 - Meets Expectation,89.4,3.81,0,0,Yes
1737,PR2025-01746,20251214,697,8,36,1,2025,2,2 - Below Expectation,83.8,3.83,0,1,Yes
1738,PR2025-01747,20251220,698,6,27,3,2025,1,1 - Poor,67.0,2.7,0,1,No
1739,PR2025-01748,20251217,699,7,31,1,2025,4,4 - Exceeds Expectation,101.2,4.45,1,0,Yes
1740,PR2025-01749,20251219,701,8,36,2,2025,2,2 - Below Expectation,78.5,2.93,0,1,Yes
1741,PR2025-01750,20251209,703,7,31,6,2025,2,2 - Below Expectation,60.0,3.04,0,1,No
1742,PR2025-01751,20251225,705,1,1,1,2025,4,4 - Exceeds Expectation,84.9,4.63,1,0,Yes
1743,PR2025-01752,20251207,707,8,37,3,2025,3,3 - Meets Expectation,89.5,4.12,0,0,Yes
1744,PR2025-01753,20251220,709,7,31,2,2025,2,2 - Below Expectation,76.9,3.29,0,1,Yes
1745,PR2025-01754,20251220,710,1,1,1,2025,2,2 - Below Expectation,69.4,3.03,0,1,Yes
1746,PR2025-01755,20251213,711,1,2,1,2025,1,1 - Poor,62.3,2.95,0,1,Yes
1747,PR2025-01756,20251222,712,8,37,1,2025,3,3 - Meets Expectation,89.6,4.36,0,0,Yes
1748,PR2025-01757,20251212,713,3,11,2,2025,3,3 - Meets Expectation,82.5,4.03,0,0,No
1749,PR2025-01758,20251211,714,3,14,3,2025,4,4 - Exceeds Expectation,93.5,4.12,1,0,Yes
1750,PR2025-01759,20251218,715,4,16,1,2025,3,3 - Meets Expectation,93.5,4.13,0,0,Yes
1751,PR2025-01760,20251215,716,2,8,1,2025,1,1 - Poor,76.7,2.43,0,1,Yes
1752,PR2025-01761,20251212,717,6,26,3,2025,4,4 - Exceeds Expectation,92.2,4.75,1,0,Yes
1753,PR2025-01762,20251214,718,3,11,1,2025,3,3 - Meets Expectation,94.1,3.09,0,0,Yes
1754,PR2025-01763,20251223,719,1,1,5,2025,2,2 - Below Expectation,76.7,3.1,0,1,Yes
1755,PR2025-01764,20251208,720,7,31,2,2025,3,3 - Meets Expectation,86.2,3.88,0,0,Yes
1756,PR2025-01765,20251222,721,7,31,1,2025,3,3 - Meets Expectation,79.3,4.23,0,0,Yes
1757,PR2025-01766,20251224,722,2,6,5,2025,2,2 - Below Expectation,78.4,3.27,0,1,No
1758,PR2025-01767,20251225,723,7,32,1,2025,1,1 - Poor,72.6,2.82,0,1,Yes
1759,PR2025-01768,20251219,725,1,1,1,2025,3,3 - Meets Expectation,73.6,2.79,0,0,No
1760,PR2025-01769,20251209,728,1,1,3,2025,4,4 - Exceeds Expectation,102.3,4.39,1,0,Yes
1761,PR2025-01770,20251221,731,3,13,1,2025,4,4 - Exceeds Expectation,89.7,4.33,1,0,Yes
1762,PR2025-01771,20251224,733,7,32,2,2025,4,4 - Exceeds Expectation,91.1,4.06,1,0,Yes
1763,PR2025-01772,20251226,734,3,11,1,2025,5,5 - Outstanding,101.4,5.0,1,0,Yes
1764,PR2025-01773,20251208,735,3,11,1,2025,5,5 - Outstanding,95.9,4.93,1,0,Yes
1765,PR2025-01774,20251222,736,1,1,1,2025,2,2 - Below Expectation,66.9,3.64,0,1,No
1766,PR2025-01775,20251222,737,7,32,1,2025,2,2 - Below Expectation,71.1,3.32,0,1,Yes
1767,PR2025-01776,20251225,738,1,1,4,2025,2,2 - Below Expectation,82.3,3.35,0,1,Yes
1768,PR2025-01777,20251212,739,8,36,1,2025,5,5 - Outstanding,102.6,5.0,1,0,Yes
1769,PR2025-01778,20251221,740,2,6,1,2025,3,3 - Meets Expectation,93.8,3.86,0,0,Yes
1770,PR2025-01779,20251213,741,7,32,2,2025,3,3 - Meets Expectation,80.0,3.62,0,0,Yes
1771,PR2025-01780,20251214,742,8,36,1,2025,3,3 - Meets Expectation,77.3,4.05,0,0,Yes
1772,PR2025-01781,20251211,743,1,1,6,2025,4,4 - Exceeds Expectation,84.0,5.0,1,0,No
1773,PR2025-01782,20251216,744,4,16,6,2025,3,3 - Meets Expectation,85.7,4.15,0,0,Yes
1774,PR2025-01783,20251215,745,8,37,3,2025,2,2 - Below Expectation,76.0,3.59,0,1,Yes
1775,PR2025-01784,20251226,746,3,12,1,2025,2,2 - Below Expectation,81.5,2.89,0,1,Yes
1776,PR2025-01785,20251218,747,3,11,5,2025,5,5 - Outstanding,101.5,4.99,1,0,Yes
1777,PR2025-01786,20251219,748,8,40,6,2025,3,3 - Meets Expectation,93.2,4.18,0,0,No
1778,PR2025-01787,20251211,749,8,37,1,2025,2,2 - Below Expectation,76.7,2.87,0,1,Yes
1779,PR2025-01788,20251221,751,7,31,2,2025,3,3 - Meets Expectation,71.6,3.58,0,0,Yes
1780,PR2025-01789,20251219,752,8,36,3,2025,4,4 - Exceeds Expectation,98.4,4.22,1,0,Yes
1781,PR2025-01790,20251218,753,3,11,2,2025,4,4 - Exceeds Expectation,94.1,4.71,1,0,No
1782,PR2025-01791,20251207,756,1,1,1,2025,4,4 - Exceeds Expectation,100.5,4.26,1,0,Yes
1783,PR2025-01792,20251214,757,3,11,3,2025,4,4 - Exceeds Expectation,95.5,4.48,1,0,Yes
1784,PR2025-01793,20251220,758,1,1,6,2025,2,2 - Below Expectation,68.8,3.12,0,1,No
1785,PR2025-01794,20251213,759,8,36,6,2025,4,4 - Exceeds Expectation,97.5,4.78,1,0,Yes
1786,PR2025-01795,20251207,760,1,2,1,2025,4,4 - Exceeds Expectation,95.6,4.82,1,0,Yes
1787,PR2025-01796,20251214,761,7,34,1,2025,3,3 - Meets Expectation,85.0,3.93,0,0,Yes
1788,PR2025-01797,20251221,762,8,36,1,2025,5,5 - Outstanding,106.4,4.88,1,0,Yes
1789,PR2025-01798,20251226,763,7,31,2,2025,3,3 - Meets Expectation,82.8,3.89,0,0,Yes
1790,PR2025-01799,20251213,764,1,1,2,2025,2,2 - Below Expectation,76.8,3.01,0,1,Yes
1791,PR2025-01800,20251226,765,1,2,1,2025,4,4 - Exceeds Expectation,87.1,4.54,1,0,Yes
1792,PR2025-01801,20251213,766,7,31,1,2025,3,3 - Meets Expectation,88.8,4.44,0,0,Yes
1793,PR2025-01802,20251213,767,8,37,1,2025,3,3 - Meets Expectation,81.4,4.0,0,0,Yes
1794,PR2025-01803,20251226,768,7,31,1,2025,4,4 - Exceeds Expectation,96.8,4.33,1,0,No
1795,PR2025-01804,20251211,770,8,36,5,2025,4,4 - Exceeds Expectation,83.5,4.35,1,0,Yes
1796,PR2025-01805,20251207,772,1,1,1,2025,3,3 - Meets Expectation,85.2,3.96,0,0,Yes
1797,PR2025-01806,20251224,773,3,11,2,2025,4,4 - Exceeds Expectation,91.9,4.03,1,0,Yes
1798,PR2025-01807,20251217,775,6,26,3,2025,4,4 - Exceeds Expectation,86.7,3.99,1,0,Yes
1799,PR2025-01808,20251217,776,8,36,2,2025,5,5 - Outstanding,97.3,5.0,1,0,Yes
1800,PR2025-01809,20251216,777,7,31,3,2025,3,3 - Meets Expectation,83.1,4.15,0,0,Yes
1801,PR2025-01810,20251208,778,3,12,3,2025,4,4 - Exceeds Expectation,96.7,4.53,1,0,Yes
1802,PR2025-01811,20251218,782,7,33,1,2025,2,2 - Below Expectation,71.3,3.99,0,1,Yes
1803,PR2025-01812,20251215,783,7,31,4,2025,2,2 - Below Expectation,80.1,2.98,0,1,Yes
1804,PR2025-01813,20251226,785,3,11,1,2025,4,4 - Exceeds Expectation,95.9,3.85,1,0,Yes
1805,PR2025-01814,20251223,786,2,7,2,2025,2,2 - Below Expectation,68.0,3.34,0,1,Yes
1806,PR2025-01815,20251221,787,7,31,5,2025,2,2 - Below Expectation,66.0,3.2,0,1,Yes
1807,PR2025-01816,20251222,788,1,1,5,2025,3,3 - Meets Expectation,88.9,3.93,0,0,Yes
1808,PR2025-01817,20251209,789,1,1,1,2025,3,3 - Meets Expectation,84.8,3.7,0,0,Yes
1809,PR2025-01818,20251218,790,8,36,1,2025,3,3 - Meets Expectation,83.0,4.17,0,0,Yes
1810,PR2025-01819,20251219,791,2,6,6,2025,3,3 - Meets Expectation,77.3,3.76,0,0,Yes
1811,PR2025-01820,20251220,792,7,31,1,2025,3,3 - Meets Expectation,89.4,4.02,0,0,Yes
1812,PR2025-01821,20251208,793,8,36,3,2025,3,3 - Meets Expectation,92.2,3.39,0,0,Yes
1813,PR2025-01822,20251219,797,1,2,3,2025,4,4 - Exceeds Expectation,103.2,4.3,1,0,Yes
1814,PR2025-01823,20251215,798,7,31,3,2025,3,3 - Meets Expectation,89.2,4.32,0,0,Yes
1815,PR2025-01824,20251225,799,7,31,2,2025,2,2 - Below Expectation,76.4,2.82,0,1,No
1816,PR2025-01825,20251225,800,8,36,4,2025,1,1 - Poor,68.8,2.94,0,1,Yes
1817,PR2025-01826,20251211,802,4,18,1,2025,4,4 - Exceeds Expectation,96.6,4.65,1,0,Yes
1818,PR2025-01827,20251211,803,8,39,1,2025,1,1 - Poor,57.7,2.21,0,1,No
