training_key,training_id,date_key,end_date_key,employee_key,department_key,location_key,course_key,duration_hours,completed_hours,cost_idr,status,is_completed,post_test_score
1,TR000046,20230101,20230101,23,1,6,3,3,0,0.0,Not Completed,0,
2,TR000140,20230101,20230101,67,7,6,1,4,4,0.0,Completed,1,90.0
3,TR000316,20230101,20230101,136,7,2,3,3,3,0.0,Completed,1,75.0
4,TR000350,20230101,20230101,149,1,5,10,8,8,300000.0,Completed,1,87.0
5,TR000433,20230101,20230101,191,4,1,1,4,4,0.0,Completed,1,96.0
6,TR000568,20230101,20230101,249,1,2,10,8,8,300000.0,Completed,1,87.0
7,TR000722,20230101,20230101,315,7,2,3,3,3,0.0,Completed,1,96.0
8,TR000740,20230101,20230101,324,3,1,2,4,4,0.0,Completed,1,83.0
9,TR000815,20230101,20230101,355,8,1,2,4,4,0.0,Completed,1,92.0
10,TR000816,20230101,20230101,355,8,1,10,8,8,300000.0,Completed,1,79.0
11,TR000571,20230102,20230102,249,1,2,16,8,0,250000.0,Not Completed,0,
12,TR000882,20230102,20230102,383,6,2,1,4,4,0.0,Completed,1,69.0
13,TR000029,20230103,20230103,14,8,2,3,3,3,0.0,Completed,1,77.0
14,TR000123,20230103,20230103,60,3,1,3,3,3,0.0,Completed,1,85.0
15,TR000263,20230103,20230103,113,3,5,18,12,12,4000000.0,Completed,1,76.0
16,TR000569,20230103,20230103,249,1,2,12,12,12,2500000.0,Completed,1,84.0
17,TR000281,20230104,20230104,121,3,1,16,8,8,250000.0,Completed,1,88.0
18,TR000800,20230104,20230104,349,7,4,1,4,4,0.0,Completed,1,96.0
19,TR000817,20230104,20230104,355,8,1,7,8,8,500000.0,Completed,1,71.0
20,TR000818,20230104,20230104,355,8,1,13,6,6,200000.0,Completed,1,82.0
21,TR000906,20230104,20230104,394,7,5,9,6,6,0.0,Completed,1,82.0
22,TR001056,20230104,20230104,456,1,3,3,3,0,0.0,Not Completed,0,
23,TR000176,20230105,20230105,79,8,1,11,12,0,1800000.0,Not Completed,0,
24,TR000329,20230105,20230108,141,1,3,6,32,32,7500000.0,Completed,1,88.0
25,TR000570,20230105,20230108,249,1,2,6,32,32,7500000.0,Completed,1,74.0
26,TR000907,20230105,20230105,394,7,5,16,8,8,250000.0,Completed,1,86.0
27,TR000233,20230106,20230106,101,7,5,9,6,6,0.0,Completed,1,92.0
28,TR000273,20230106,20230106,117,4,1,3,3,3,0.0,Completed,1,83.0
29,TR000274,20230106,20230106,117,4,1,10,8,8,300000.0,Completed,1,90.0
30,TR000556,20230106,20230109,244,3,6,6,32,32,7500000.0,Completed,1,89.0
31,TR000567,20230106,20230106,249,1,2,1,4,4,0.0,Completed,1,88.0
32,TR001003,20230106,20230106,434,1,1,2,4,4,0.0,Completed,1,79.0
33,TR000150,20230107,20230107,70,7,1,9,6,6,0.0,Completed,1,76.0
34,TR000357,20230107,20230107,153,7,1,16,8,0,250000.0,Not Completed,0,
35,TR000582,20230107,20230107,254,5,1,16,8,8,250000.0,Completed,1,82.0
36,TR000633,20230107,20230107,276,8,1,2,4,4,0.0,Completed,1,77.0
37,TR000782,20230107,20230107,341,1,1,12,12,0,2500000.0,Not Completed,0,
38,TR001012,20230107,20230107,437,8,1,2,4,4,0.0,Completed,1,87.0
39,TR000192,20230108,20230109,84,4,3,5,16,0,3000000.0,Not Completed,0,
40,TR000786,20230108,20230108,342,8,1,10,8,0,300000.0,Not Completed,0,
41,TR000840,20230108,20230108,366,8,4,11,12,12,1800000.0,Completed,1,81.0
42,TR000856,20230108,20230108,371,7,1,7,8,8,500000.0,Completed,1,86.0
43,TR000905,20230108,20230108,394,7,5,2,4,4,0.0,Completed,1,79.0
44,TR001060,20230108,20230109,457,7,3,5,16,16,3000000.0,Completed,1,82.0
45,TR001085,20230108,20230108,468,1,3,7,8,8,500000.0,Completed,1,80.0
46,TR000229,20230109,20230109,99,7,6,16,8,8,250000.0,Completed,1,93.0
47,TR000842,20230109,20230109,367,6,1,1,4,4,0.0,Completed,1,85.0
48,TR001021,20230109,20230109,441,3,1,2,4,4,0.0,Completed,1,82.0
49,TR001083,20230109,20230109,468,1,3,1,4,4,0.0,Completed,1,78.0
50,TR000264,20230110,20230111,113,3,5,5,16,16,3000000.0,Completed,1,87.0
51,TR000364,20230110,20230110,156,1,6,3,3,3,0.0,Completed,1,84.0
52,TR000839,20230110,20230110,366,8,4,10,8,8,300000.0,Completed,1,82.0
53,TR000946,20230110,20230110,409,7,1,1,4,0,0.0,Not Completed,0,
54,TR000015,20230111,20230111,7,3,2,2,4,4,0.0,Completed,1,87.0
55,TR000245,20230111,20230111,107,1,1,3,3,0,0.0,Not Completed,0,
56,TR000634,20230111,20230111,277,3,1,3,3,3,0.0,Completed,1,88.0
57,TR000337,20230112,20230112,144,3,1,18,12,12,4000000.0,Completed,1,80.0
58,TR000560,20230112,20230112,245,1,1,12,12,12,2500000.0,Completed,1,69.0
59,TR000798,20230112,20230112,348,7,1,3,3,3,0.0,Completed,1,83.0
60,TR000917,20230112,20230113,397,2,1,4,16,16,1200000.0,Completed,1,84.0
61,TR000647,20230113,20230113,281,1,1,9,6,6,0.0,Completed,1,99.0
62,TR000684,20230113,20230113,295,1,1,10,8,8,300000.0,Completed,1,82.0
63,TR000715,20230113,20230114,311,3,1,15,16,0,3500000.0,Not Completed,0,
64,TR000778,20230113,20230113,340,8,5,10,8,8,300000.0,Completed,1,77.0
65,TR000524,20230114,20230114,231,8,3,10,8,8,300000.0,Completed,1,64.0
66,TR000540,20230114,20230114,237,6,4,10,8,8,300000.0,Completed,1,84.0
67,TR000754,20230114,20230114,329,7,2,13,6,6,200000.0,Completed,1,71.0
68,TR000998,20230114,20230114,432,1,1,9,6,6,0.0,Completed,1,82.0
69,TR000082,20230115,20230117,38,3,1,14,24,24,1500000.0,Completed,1,84.0
70,TR000132,20230115,20230115,63,3,5,18,12,12,4000000.0,Completed,1,72.0
71,TR000162,20230115,20230115,74,8,2,1,4,4,0.0,Completed,1,90.0
72,TR000278,20230115,20230115,119,2,1,12,12,12,2500000.0,Completed,1,83.0
73,TR000805,20230115,20230116,350,2,3,17,16,16,2000000.0,Completed,1,70.0
74,TR000879,20230115,20230115,382,3,4,18,12,0,4000000.0,Not Completed,0,
75,TR000041,20230116,20230116,20,8,1,1,4,4,0.0,Completed,1,63.0
76,TR000291,20230116,20230116,125,7,1,1,4,4,0.0,Completed,1,79.0
77,TR000739,20230116,20230116,323,1,1,10,8,8,300000.0,Completed,1,84.0
78,TR000758,20230116,20230116,330,1,2,12,12,12,2500000.0,Completed,1,68.0
79,TR000075,20230117,20230117,36,8,4,9,6,6,0.0,Completed,1,83.0
80,TR000375,20230117,20230119,163,3,1,14,24,24,1500000.0,Completed,1,73.0
81,TR000914,20230117,20230117,396,1,1,10,8,8,300000.0,Completed,1,86.0
82,TR000989,20230117,20230117,429,7,1,2,4,4,0.0,Completed,1,75.0
83,TR000074,20230118,20230118,36,8,4,3,3,3,0.0,Completed,1,67.0
84,TR000187,20230118,20230118,83,6,2,1,4,4,0.0,Completed,1,69.0
85,TR000277,20230118,20230118,119,2,1,3,3,3,0.0,Completed,1,82.0
86,TR000583,20230118,20230118,255,1,3,3,3,3,0.0,Completed,1,96.0
87,TR000657,20230118,20230118,285,1,4,2,4,0,0.0,Not Completed,0,
88,TR000908,20230118,20230118,395,5,1,1,4,4,0.0,Completed,1,93.0
89,TR000921,20230118,20230119,399,2,1,17,16,16,2000000.0,Completed,1,71.0
90,TR000232,20230119,20230119,101,7,5,1,4,4,0.0,Completed,1,75.0
91,TR000471,20230119,20230119,206,1,1,9,6,6,0.0,Completed,1,63.0
92,TR000730,20230119,20230119,319,8,1,16,8,0,250000.0,Not Completed,0,
93,TR000793,20230119,20230119,346,1,3,2,4,4,0.0,Completed,1,80.0
94,TR001080,20230119,20230120,466,7,4,5,16,16,3000000.0,Completed,1,82.0
95,TR000142,20230120,20230120,67,7,6,13,6,6,200000.0,Completed,1,83.0
96,TR001005,20230120,20230120,434,1,1,9,6,6,0.0,Completed,1,73.0
97,TR001022,20230120,20230122,441,3,1,14,24,0,1500000.0,Not Completed,0,
98,TR000309,20230121,20230121,132,3,1,1,4,4,0.0,Completed,1,91.0
99,TR000125,20230122,20230122,61,4,3,1,4,4,0.0,Completed,1,82.0
100,TR000221,20230122,20230122,96,2,1,2,4,4,0.0,Completed,1,70.0
101,TR000492,20230122,20230122,216,4,6,1,4,4,0.0,Completed,1,85.0
102,TR000169,20230123,20230123,77,5,1,3,3,3,0.0,Completed,1,88.0
103,TR000399,20230123,20230123,177,1,1,9,6,6,0.0,Completed,1,84.0
104,TR000600,20230123,20230123,262,7,1,13,6,6,200000.0,Completed,1,76.0
105,TR000149,20230124,20230124,70,7,1,3,3,3,0.0,Completed,1,98.0
106,TR000156,20230124,20230125,73,3,1,15,16,16,3500000.0,Completed,1,84.0
107,TR000261,20230124,20230126,113,3,5,14,24,24,1500000.0,Completed,1,78.0
108,TR000361,20230124,20230128,154,1,1,8,40,0,15000000.0,Not Completed,0,
109,TR000646,20230124,20230124,281,1,1,1,4,4,0.0,Completed,1,85.0
110,TR000751,20230124,20230124,328,7,1,16,8,8,250000.0,Completed,1,73.0
111,TR000936,20230124,20230124,405,3,1,18,12,12,4000000.0,Completed,1,69.0
112,TR000953,20230124,20230125,411,6,3,5,16,16,3000000.0,Completed,1,81.0
113,TR000124,20230125,20230125,60,3,1,13,6,6,200000.0,Completed,1,72.0
114,TR000522,20230125,20230125,230,8,1,3,3,3,0.0,Completed,1,95.0
115,TR001084,20230125,20230125,468,1,3,10,8,8,300000.0,Completed,1,84.0
116,TR000206,20230126,20230126,90,8,1,3,3,3,0.0,Completed,1,87.0
117,TR000244,20230126,20230126,106,8,3,10,8,8,300000.0,Completed,1,83.0
118,TR000076,20230127,20230127,36,8,4,13,6,6,200000.0,Completed,1,78.0
119,TR000387,20230127,20230127,169,1,1,13,6,6,200000.0,Completed,1,76.0
120,TR000637,20230127,20230129,278,3,1,14,24,24,1500000.0,Completed,1,73.0
121,TR000148,20230128,20230129,69,5,6,5,16,16,3000000.0,Completed,1,92.0
122,TR000523,20230128,20230128,231,8,3,3,3,3,0.0,Completed,1,66.0
123,TR000548,20230128,20230128,241,8,1,10,8,8,300000.0,Completed,1,77.0
124,TR000601,20230128,20230128,263,4,1,1,4,4,0.0,Completed,1,80.0
125,TR000663,20230128,20230128,287,1,1,10,8,8,300000.0,Completed,1,85.0
126,TR000794,20230128,20230128,346,1,3,12,12,12,2500000.0,Completed,1,86.0
127,TR000002,20230129,20230129,2,7,1,3,3,3,0.0,Completed,1,74.0
128,TR000525,20230129,20230129,231,8,3,11,12,12,1800000.0,Completed,1,79.0
129,TR000595,20230129,20230129,259,7,1,16,8,8,250000.0,Completed,1,92.0
130,TR000249,20230130,20230201,108,4,3,14,24,24,1500000.0,Completed,1,70.0
131,TR000463,20230130,20230130,203,7,1,16,8,0,250000.0,Not Completed,0,
132,TR000407,20230131,20230131,180,8,2,9,6,6,0.0,Completed,1,88.0
133,TR000061,20230201,20230201,30,1,3,10,8,8,300000.0,Completed,1,83.0
134,TR000086,20230201,20230201,39,4,3,3,3,3,0.0,Completed,1,74.0
135,TR000307,20230201,20230201,131,1,1,2,4,4,0.0,Completed,1,68.0
136,TR000615,20230201,20230201,269,8,1,1,4,4,0.0,Completed,1,73.0
137,TR000498,20230202,20230205,220,8,1,6,32,32,7500000.0,Completed,1,78.0
138,TR000617,20230202,20230202,270,3,1,3,3,3,0.0,Completed,1,81.0
139,TR000721,20230202,20230202,314,3,1,10,8,8,300000.0,Completed,1,91.0
140,TR000943,20230202,20230202,408,3,4,1,4,4,0.0,Completed,1,86.0
141,TR000993,20230202,20230202,430,1,1,12,12,12,2500000.0,Completed,1,90.0
142,TR000554,20230203,20230203,244,3,6,3,3,3,0.0,Completed,1,82.0
143,TR000618,20230203,20230204,270,3,1,5,16,0,3000000.0,Not Completed,0,
144,TR000746,20230203,20230203,326,2,4,12,12,12,2500000.0,Completed,1,88.0
145,TR000903,20230203,20230203,393,7,6,3,3,3,0.0,Completed,1,75.0
146,TR001001,20230203,20230203,432,1,1,7,8,8,500000.0,Completed,1,80.0
147,TR000820,20230204,20230204,356,8,1,10,8,8,300000.0,Completed,1,80.0
148,TR000184,20230205,20230205,81,1,6,12,12,12,2500000.0,Completed,1,83.0
149,TR000118,20230206,20230206,56,1,3,2,4,4,0.0,Completed,1,78.0
150,TR000144,20230206,20230206,68,3,4,1,4,4,0.0,Completed,1,89.0
151,TR000208,20230206,20230206,90,8,1,10,8,8,300000.0,Completed,1,81.0
152,TR000558,20230206,20230206,245,1,1,1,4,4,0.0,Completed,1,82.0
153,TR001047,20230206,20230208,452,3,2,14,24,24,1500000.0,Completed,1,86.0
154,TR000073,20230207,20230207,35,1,6,10,8,0,300000.0,Not Completed,0,
155,TR000454,20230207,20230207,199,6,1,1,4,4,0.0,Completed,1,74.0
156,TR000685,20230207,20230207,296,1,4,3,3,3,0.0,Completed,1,80.0
157,TR000744,20230207,20230207,326,2,4,3,3,0,0.0,Not Completed,0,
158,TR000120,20230208,20230208,58,4,3,2,4,4,0.0,Completed,1,91.0
159,TR000437,20230208,20230208,193,1,1,1,4,4,0.0,Completed,1,68.0
160,TR000467,20230208,20230208,205,8,4,2,4,4,0.0,Completed,1,84.0
161,TR000941,20230208,20230209,407,3,1,15,16,16,3500000.0,Completed,1,82.0
162,TR000053,20230209,20230210,27,3,1,15,16,16,3500000.0,Completed,1,77.0
163,TR000062,20230209,20230209,30,1,3,9,6,6,0.0,Completed,1,82.0
164,TR000103,20230209,20230209,48,7,5,9,6,6,0.0,Completed,1,85.0
165,TR000321,20230209,20230209,138,6,1,16,8,8,250000.0,Completed,1,86.0
166,TR000673,20230209,20230209,291,3,1,1,4,4,0.0,Completed,1,78.0
167,TR000745,20230209,20230210,326,2,4,4,16,16,1200000.0,Completed,1,86.0
168,TR000587,20230210,20230210,256,7,1,13,6,6,200000.0,Completed,1,68.0
169,TR000737,20230210,20230210,322,5,4,13,6,6,200000.0,Completed,1,90.0
170,TR000112,20230211,20230211,52,8,1,10,8,8,300000.0,Completed,1,88.0
171,TR000231,20230211,20230211,100,1,3,3,3,3,0.0,Completed,1,95.0
172,TR000382,20230211,20230211,167,8,1,3,3,3,0.0,Completed,1,61.0
173,TR000513,20230211,20230211,227,2,4,3,3,0,0.0,Not Completed,0,
174,TR000007,20230212,20230212,4,7,1,3,3,3,0.0,Completed,1,73.0
175,TR000909,20230212,20230212,395,5,1,16,8,8,250000.0,Completed,1,97.0
176,TR000950,20230212,20230212,410,8,1,9,6,0,0.0,Not Completed,0,
177,TR000008,20230213,20230213,4,7,1,9,6,6,0.0,Completed,1,87.0
178,TR000432,20230213,20230213,190,7,5,16,8,0,250000.0,Not Completed,0,
179,TR000260,20230214,20230214,113,3,5,3,3,3,0.0,Completed,1,76.0
180,TR000416,20230214,20230214,183,5,2,16,8,8,250000.0,Completed,1,88.0
181,TR000546,20230214,20230214,240,8,6,3,3,3,0.0,Completed,1,91.0
182,TR000182,20230215,20230215,81,1,6,2,4,4,0.0,Completed,1,77.0
183,TR000262,20230215,20230216,113,3,5,15,16,16,3500000.0,Completed,1,82.0
184,TR000775,20230215,20230215,339,5,3,16,8,8,250000.0,Completed,1,84.0
185,TR000967,20230215,20230215,419,8,1,1,4,4,0.0,Completed,1,74.0
186,TR000040,20230216,20230216,19,5,1,16,8,8,250000.0,Completed,1,87.0
187,TR000052,20230216,20230216,27,3,1,1,4,4,0.0,Completed,1,80.0
188,TR000115,20230216,20230216,54,8,2,2,4,4,0.0,Completed,1,90.0
189,TR000327,20230216,20230216,141,1,3,9,6,6,0.0,Completed,1,78.0
190,TR001091,20230216,20230216,471,7,3,3,3,3,0.0,Completed,1,85.0
191,TR000911,20230217,20230217,395,5,1,13,6,6,200000.0,Completed,1,70.0
192,TR000823,20230218,20230218,358,5,1,2,4,4,0.0,Completed,1,97.0
193,TR000932,20230218,20230218,404,7,6,13,6,6,200000.0,Completed,1,76.0
194,TR000372,20230219,20230219,161,4,6,1,4,4,0.0,Completed,1,88.0
195,TR000612,20230219,20230219,268,7,6,3,3,3,0.0,Completed,1,74.0
196,TR000032,20230220,20230220,16,1,5,1,4,4,0.0,Completed,1,91.0
197,TR000254,20230220,20230220,109,5,1,10,8,8,300000.0,Completed,1,61.0
198,TR000104,20230221,20230221,48,7,5,13,6,6,200000.0,Completed,1,77.0
199,TR000247,20230221,20230221,107,1,1,13,6,6,200000.0,Completed,1,79.0
200,TR000564,20230221,20230221,247,7,1,13,6,6,200000.0,Completed,1,79.0
201,TR000877,20230221,20230221,382,3,4,2,4,0,0.0,Not Completed,0,
202,TR001002,20230221,20230221,433,7,1,1,4,4,0.0,Completed,1,63.0
203,TR000246,20230222,20230222,107,1,1,12,12,12,2500000.0,Completed,1,82.0
204,TR000930,20230222,20230223,403,3,1,5,16,16,3000000.0,Completed,1,82.0
205,TR000979,20230222,20230222,424,3,1,3,3,3,0.0,Completed,1,89.0
206,TR000331,20230223,20230223,142,8,2,9,6,6,0.0,Completed,1,86.0
207,TR000880,20230223,20230224,382,3,4,5,16,16,3000000.0,Completed,1,80.0
208,TR001043,20230224,20230224,451,8,3,1,4,4,0.0,Completed,1,86.0
209,TR000172,20230225,20230225,78,8,3,2,4,4,0.0,Completed,1,92.0
210,TR000419,20230225,20230225,185,7,3,1,4,4,0.0,Completed,1,87.0
211,TR000963,20230225,20230225,416,1,1,10,8,8,300000.0,Completed,1,78.0
212,TR000766,20230226,20230226,334,8,6,2,4,4,0.0,Completed,1,73.0
213,TR000910,20230226,20230227,395,5,1,17,16,16,2000000.0,Completed,1,71.0
214,TR000948,20230226,20230226,410,8,1,1,4,4,0.0,Completed,1,79.0
215,TR001078,20230226,20230226,466,7,4,13,6,6,200000.0,Completed,1,79.0
216,TR000020,20230227,20230227,10,1,1,1,4,4,0.0,Completed,1,84.0
217,TR000023,20230227,20230227,11,8,6,9,6,6,0.0,Completed,1,71.0
218,TR000133,20230227,20230227,64,7,1,3,3,3,0.0,Completed,1,64.0
219,TR000876,20230227,20230227,381,4,2,1,4,4,0.0,Completed,1,72.0
220,TR000969,20230227,20230302,419,8,1,6,32,32,7500000.0,Completed,1,97.0
221,TR000174,20230228,20230301,78,8,3,5,16,16,3000000.0,Completed,1,79.0
222,TR000535,20230228,20230228,235,8,1,3,3,3,0.0,Completed,1,83.0
223,TR000831,20230228,20230228,362,8,1,3,3,3,0.0,Completed,1,75.0
224,TR000928,20230228,20230228,402,3,3,1,4,4,0.0,Completed,1,90.0
225,TR000390,20230301,20230301,170,1,6,13,6,6,200000.0,Completed,1,75.0
226,TR000616,20230301,20230301,269,8,1,9,6,6,0.0,Completed,1,77.0
227,TR000787,20230301,20230304,342,8,1,6,32,32,7500000.0,Completed,1,100.0
228,TR000038,20230302,20230302,18,8,1,9,6,6,0.0,Completed,1,67.0
229,TR000534,20230302,20230302,234,7,2,9,6,6,0.0,Completed,1,80.0
230,TR001004,20230303,20230303,434,1,1,10,8,8,300000.0,Completed,1,88.0
231,TR001103,20230303,20230303,477,1,3,1,4,4,0.0,Completed,1,87.0
232,TR000163,20230304,20230304,74,8,2,9,6,6,0.0,Completed,1,78.0
233,TR000374,20230304,20230304,163,3,1,3,3,3,0.0,Completed,1,80.0
234,TR000526,20230304,20230304,232,3,1,2,4,4,0.0,Completed,1,70.0
235,TR000976,20230304,20230304,422,7,2,16,8,8,250000.0,Completed,1,95.0
236,TR000733,20230305,20230305,320,7,5,7,8,8,500000.0,Completed,1,83.0
237,TR000785,20230305,20230305,342,8,1,3,3,3,0.0,Completed,1,90.0
238,TR000093,20230306,20230306,41,7,1,16,8,8,250000.0,Completed,1,73.0
239,TR000171,20230306,20230306,77,5,1,16,8,8,250000.0,Completed,1,84.0
240,TR000286,20230306,20230306,123,3,2,18,12,12,4000000.0,Completed,1,86.0
241,TR000415,20230306,20230306,183,5,2,2,4,4,0.0,Completed,1,80.0
242,TR000594,20230306,20230306,259,7,1,9,6,6,0.0,Completed,1,92.0
243,TR000716,20230306,20230306,312,7,2,1,4,0,0.0,Not Completed,0,
244,TR000295,20230307,20230307,126,8,1,10,8,8,300000.0,Completed,1,77.0
245,TR000459,20230307,20230307,201,5,5,2,4,4,0.0,Completed,1,85.0
246,TR000681,20230307,20230307,294,2,1,3,3,0,0.0,Not Completed,0,
247,TR001014,20230307,20230307,437,8,1,16,8,8,250000.0,Completed,1,82.0
248,TR001077,20230307,20230307,466,7,4,3,3,3,0.0,Completed,1,92.0
249,TR000952,20230308,20230308,411,6,3,1,4,4,0.0,Completed,1,88.0
250,TR001015,20230308,20230308,438,1,2,1,4,4,0.0,Completed,1,75.0
251,TR000315,20230309,20230309,135,1,1,1,4,4,0.0,Completed,1,90.0
252,TR000436,20230309,20230310,192,1,2,5,16,16,3000000.0,Completed,1,75.0
253,TR000470,20230309,20230309,206,1,1,3,3,3,0.0,Completed,1,89.0
254,TR000532,20230309,20230310,233,8,2,5,16,16,3000000.0,Completed,1,84.0
255,TR000665,20230309,20230310,288,6,1,17,16,16,2000000.0,Completed,1,88.0
256,TR000776,20230309,20230309,339,5,3,10,8,8,300000.0,Completed,1,79.0
257,TR000881,20230309,20230309,382,3,4,13,6,6,200000.0,Completed,1,81.0
258,TR001126,20230309,20230310,484,6,1,17,16,16,2000000.0,Completed,1,80.0
259,TR000698,20230310,20230310,302,1,1,2,4,4,0.0,Completed,1,85.0
260,TR000710,20230310,20230310,308,6,3,16,8,8,250000.0,Completed,1,72.0
261,TR000789,20230310,20230310,344,8,6,3,3,3,0.0,Completed,1,91.0
262,TR000898,20230310,20230310,389,7,2,16,8,8,250000.0,Completed,1,86.0
263,TR000384,20230311,20230311,168,2,1,3,3,3,0.0,Completed,1,85.0
264,TR000575,20230311,20230311,252,3,2,3,3,3,0.0,Completed,1,91.0
265,TR000355,20230312,20230312,152,6,1,16,8,8,250000.0,Completed,1,73.0
266,TR000452,20230312,20230313,198,6,6,17,16,16,2000000.0,Completed,1,82.0
267,TR000648,20230312,20230312,281,1,1,12,12,12,2500000.0,Completed,1,73.0
268,TR000858,20230312,20230312,372,1,1,9,6,0,0.0,Not Completed,0,
269,TR001076,20230312,20230312,465,8,2,11,12,12,1800000.0,Completed,1,72.0
270,TR000050,20230313,20230313,25,2,1,12,12,12,2500000.0,Completed,1,74.0
271,TR000240,20230313,20230313,104,2,1,3,3,3,0.0,Completed,1,79.0
272,TR000270,20230313,20230313,116,1,1,3,3,3,0.0,Completed,1,89.0
273,TR000413,20230313,20230313,182,7,1,9,6,6,0.0,Completed,1,86.0
274,TR000495,20230313,20230313,218,3,1,2,4,0,0.0,Not Completed,0,
275,TR001039,20230313,20230313,449,1,6,9,6,0,0.0,Not Completed,0,
276,TR000122,20230314,20230314,59,3,1,1,4,4,0.0,Completed,1,92.0
277,TR000592,20230314,20230314,259,7,1,1,4,0,0.0,Not Completed,0,
278,TR000719,20230314,20230314,314,3,1,2,4,4,0.0,Completed,1,85.0
279,TR000773,20230314,20230314,339,5,3,2,4,0,0.0,Not Completed,0,
280,TR001048,20230314,20230315,452,3,2,5,16,16,3000000.0,Completed,1,70.0
281,TR000036,20230315,20230315,18,8,1,2,4,4,0.0,Completed,1,87.0
282,TR001065,20230315,20230316,460,2,1,4,16,16,1200000.0,Completed,1,85.0
283,TR000175,20230316,20230316,79,8,1,3,3,0,0.0,Not Completed,0,
284,TR000476,20230316,20230316,209,6,1,2,4,4,0.0,Completed,1,84.0
285,TR000652,20230316,20230316,283,7,1,2,4,4,0.0,Completed,1,79.0
286,TR000984,20230316,20230316,427,1,6,10,8,8,300000.0,Completed,1,72.0
287,TR000444,20230317,20230318,197,6,3,17,16,16,2000000.0,Completed,1,85.0
288,TR000593,20230317,20230317,259,7,1,13,6,6,200000.0,Completed,1,71.0
289,TR000661,20230317,20230317,287,1,1,1,4,4,0.0,Completed,1,72.0
290,TR000762,20230317,20230317,332,8,4,9,6,6,0.0,Completed,1,83.0
291,TR000863,20230317,20230317,373,2,1,13,6,6,200000.0,Completed,1,72.0
292,TR000021,20230318,20230318,10,1,1,16,8,8,250000.0,Completed,1,71.0
293,TR000255,20230318,20230318,110,2,4,1,4,4,0.0,Completed,1,84.0
294,TR000676,20230318,20230318,292,7,2,9,6,6,0.0,Completed,1,76.0
295,TR000139,20230319,20230319,66,1,4,10,8,8,300000.0,Completed,1,88.0
296,TR000282,20230319,20230319,122,7,5,2,4,4,0.0,Completed,1,71.0
297,TR000488,20230319,20230319,214,8,1,11,12,12,1800000.0,Completed,1,70.0
298,TR000549,20230319,20230319,241,8,1,13,6,6,200000.0,Completed,1,86.0
299,TR000608,20230319,20230319,265,7,1,13,6,6,200000.0,Completed,1,81.0
300,TR001110,20230319,20230319,479,2,6,12,12,12,2500000.0,Completed,1,87.0
301,TR000654,20230320,20230320,283,7,1,9,6,6,0.0,Completed,1,96.0
302,TR000679,20230320,20230320,292,7,2,10,8,8,300000.0,Completed,1,79.0
303,TR000865,20230320,20230320,374,1,5,10,8,8,300000.0,Completed,1,80.0
304,TR000129,20230321,20230321,62,2,4,12,12,12,2500000.0,Completed,1,82.0
305,TR000293,20230321,20230321,125,7,1,16,8,8,250000.0,Completed,1,97.0
306,TR000649,20230321,20230321,281,1,1,10,8,8,300000.0,Completed,1,87.0
307,TR000771,20230321,20230321,338,8,1,1,4,4,0.0,Completed,1,59.0
308,TR000923,20230321,20230321,400,7,3,16,8,8,250000.0,Completed,1,75.0
309,TR000949,20230321,20230321,410,8,1,11,12,12,1800000.0,Completed,1,71.0
310,TR000276,20230322,20230322,118,7,5,16,8,8,250000.0,Completed,1,89.0
311,TR000502,20230322,20230322,222,8,1,11,12,12,1800000.0,Completed,1,88.0
312,TR000555,20230322,20230323,244,3,6,5,16,16,3000000.0,Completed,1,73.0
313,TR000489,20230323,20230324,214,8,1,5,16,16,3000000.0,Completed,1,80.0
314,TR000727,20230323,20230323,317,2,1,13,6,6,200000.0,Completed,1,97.0
315,TR000196,20230324,20230325,85,7,1,5,16,16,3000000.0,Completed,1,85.0
316,TR000397,20230324,20230327,176,3,1,6,32,32,7500000.0,Completed,1,83.0
317,TR000810,20230324,20230324,353,1,1,1,4,4,0.0,Completed,1,65.0
318,TR001123,20230324,20230324,484,6,1,3,3,3,0.0,Completed,1,84.0
319,TR000328,20230325,20230325,141,1,3,10,8,8,300000.0,Completed,1,77.0
320,TR000339,20230326,20230327,145,7,4,5,16,16,3000000.0,Completed,1,80.0
321,TR000378,20230326,20230326,164,1,1,12,12,0,2500000.0,Not Completed,0,
322,TR000561,20230327,20230327,246,8,1,2,4,4,0.0,Completed,1,74.0
323,TR001044,20230327,20230327,451,8,3,10,8,8,300000.0,Completed,1,72.0
324,TR000033,20230328,20230329,16,1,5,5,16,16,3000000.0,Completed,1,90.0
325,TR000042,20230328,20230328,20,8,1,9,6,6,0.0,Completed,1,74.0
326,TR000434,20230328,20230328,192,1,2,3,3,3,0.0,Completed,1,76.0
327,TR000446,20230328,20230328,197,6,3,10,8,8,300000.0,Completed,1,77.0
328,TR000632,20230328,20230328,275,3,1,1,4,4,0.0,Completed,1,64.0
329,TR000682,20230328,20230328,294,2,1,12,12,12,2500000.0,Completed,1,87.0
330,TR000895,20230328,20230328,388,7,1,13,6,6,200000.0,Completed,1,65.0
331,TR000279,20230330,20230330,120,2,4,2,4,4,0.0,Completed,1,86.0
332,TR000284,20230330,20230330,122,7,5,9,6,6,0.0,Completed,1,74.0
333,TR000369,20230330,20230330,159,7,1,2,4,4,0.0,Completed,1,77.0
334,TR000480,20230330,20230330,210,7,1,16,8,8,250000.0,Completed,1,69.0
335,TR000602,20230330,20230331,263,4,1,5,16,0,3000000.0,Not Completed,0,
336,TR000669,20230330,20230330,289,7,1,3,3,3,0.0,Completed,1,80.0
337,TR000686,20230330,20230330,296,1,4,13,6,6,200000.0,Completed,1,91.0
338,TR000717,20230330,20230330,312,7,2,16,8,8,250000.0,Completed,1,83.0
339,TR000718,20230330,20230330,313,7,1,2,4,4,0.0,Completed,1,92.0
340,TR000974,20230330,20230330,421,1,1,3,3,0,0.0,Not Completed,0,
341,TR000017,20230331,20230331,8,5,2,3,3,3,0.0,Completed,1,73.0
342,TR000207,20230331,20230331,90,8,1,11,12,12,1800000.0,Completed,1,84.0
343,TR000048,20230401,20230401,24,8,1,9,6,6,0.0,Completed,1,84.0
344,TR000173,20230401,20230401,78,8,3,7,8,8,500000.0,Completed,1,79.0
345,TR000448,20230401,20230401,197,6,3,13,6,6,200000.0,Completed,1,81.0
346,TR000728,20230401,20230401,318,1,1,1,4,4,0.0,Completed,1,91.0
347,TR000767,20230401,20230401,334,8,6,11,12,12,1800000.0,Completed,1,72.0
348,TR000078,20230402,20230402,37,1,1,12,12,12,2500000.0,Completed,1,71.0
349,TR000204,20230402,20230402,89,1,5,9,6,6,0.0,Completed,1,69.0
350,TR000519,20230402,20230402,228,5,2,16,8,8,250000.0,Completed,1,90.0
351,TR000130,20230403,20230404,62,2,4,17,16,0,2000000.0,Not Completed,0,
352,TR000542,20230403,20230403,238,7,1,9,6,6,0.0,Completed,1,67.0
353,TR000653,20230404,20230404,283,7,1,16,8,8,250000.0,Completed,1,79.0
354,TR000712,20230404,20230404,309,1,1,9,6,6,0.0,Completed,1,83.0
355,TR001086,20230404,20230404,469,7,1,2,4,4,0.0,Completed,1,75.0
356,TR000411,20230405,20230405,181,1,1,10,8,8,300000.0,Completed,1,71.0
357,TR000514,20230405,20230405,227,2,4,12,12,12,2500000.0,Completed,1,78.0
358,TR000916,20230405,20230406,397,2,1,17,16,16,2000000.0,Completed,1,78.0
359,TR001034,20230405,20230405,446,8,4,3,3,3,0.0,Completed,1,91.0
360,TR001098,20230406,20230406,475,8,1,3,3,3,0.0,Completed,1,82.0
361,TR001149,20230406,20230406,496,7,2,13,6,6,200000.0,Completed,1,72.0
362,TR000091,20230407,20230408,40,3,5,5,16,16,3000000.0,Completed,1,81.0
363,TR000111,20230407,20230407,52,8,1,1,4,4,0.0,Completed,1,80.0
364,TR000205,20230407,20230408,89,1,5,5,16,16,3000000.0,Completed,1,74.0
365,TR000217,20230407,20230407,95,1,2,2,4,4,0.0,Completed,1,79.0
366,TR000420,20230407,20230407,185,7,3,16,8,8,250000.0,Completed,1,90.0
367,TR001020,20230407,20230407,440,7,3,16,8,8,250000.0,Completed,1,82.0
368,TR000203,20230408,20230408,89,1,5,1,4,4,0.0,Completed,1,85.0
369,TR000515,20230408,20230409,227,2,4,4,16,16,1200000.0,Completed,1,91.0
370,TR000536,20230408,20230408,235,8,1,9,6,6,0.0,Completed,1,87.0
371,TR000591,20230408,20230408,258,1,1,10,8,8,300000.0,Completed,1,85.0
372,TR000973,20230408,20230409,420,5,2,5,16,16,3000000.0,Completed,1,88.0
373,TR001018,20230408,20230408,439,8,1,11,12,12,1800000.0,Completed,1,81.0
374,TR001093,20230408,20230408,472,2,1,1,4,4,0.0,Completed,1,80.0
375,TR000024,20230409,20230409,12,2,3,2,4,4,0.0,Completed,1,83.0
376,TR000100,20230409,20230409,46,7,2,2,4,4,0.0,Completed,1,81.0
377,TR000069,20230410,20230410,33,3,3,3,3,3,0.0,Completed,1,83.0
378,TR000190,20230410,20230411,84,4,3,17,16,16,2000000.0,Completed,1,88.0
379,TR000668,20230410,20230410,288,6,1,13,6,6,200000.0,Completed,1,78.0
380,TR000320,20230411,20230411,138,6,1,10,8,0,300000.0,Not Completed,0,
381,TR000635,20230411,20230411,278,3,1,2,4,4,0.0,Completed,1,64.0
382,TR000859,20230411,20230411,373,2,1,3,3,3,0.0,Completed,1,91.0
383,TR000956,20230411,20230411,413,8,3,2,4,4,0.0,Completed,1,67.0
384,TR000702,20230412,20230412,304,7,1,9,6,6,0.0,Completed,1,82.0
385,TR000749,20230412,20230412,328,7,1,9,6,6,0.0,Completed,1,79.0
386,TR000089,20230413,20230413,40,3,5,3,3,3,0.0,Completed,1,75.0
387,TR000222,20230413,20230413,96,2,1,12,12,12,2500000.0,Completed,1,97.0
388,TR000783,20230413,20230413,341,1,1,10,8,8,300000.0,Completed,1,85.0
389,TR000929,20230413,20230413,403,3,1,3,3,3,0.0,Completed,1,73.0
390,TR001037,20230413,20230413,448,3,6,2,4,4,0.0,Completed,1,85.0
391,TR000014,20230414,20230414,6,1,1,10,8,8,300000.0,Completed,1,75.0
392,TR000058,20230415,20230415,29,3,1,3,3,3,0.0,Completed,1,59.0
393,TR000484,20230415,20230415,213,2,3,2,4,4,0.0,Completed,1,65.0
394,TR000517,20230415,20230415,227,2,4,10,8,8,300000.0,Completed,1,85.0
395,TR001036,20230415,20230415,447,4,1,1,4,0,0.0,Not Completed,0,
396,TR001090,20230415,20230415,470,1,1,9,6,0,0.0,Not Completed,0,
397,TR001114,20230415,20230415,481,8,1,9,6,6,0.0,Completed,1,84.0
398,TR000055,20230416,20230419,27,3,1,6,32,32,7500000.0,Completed,1,85.0
399,TR000215,20230416,20230417,93,2,1,17,16,0,2000000.0,Not Completed,0,
400,TR000457,20230416,20230416,200,2,1,1,4,4,0.0,Completed,1,87.0
401,TR000666,20230416,20230416,288,6,1,16,8,8,250000.0,Completed,1,91.0
402,TR000458,20230417,20230417,200,2,1,12,12,12,2500000.0,Completed,1,83.0
403,TR000485,20230417,20230418,213,2,3,17,16,16,2000000.0,Completed,1,82.0
404,TR000878,20230417,20230419,382,3,4,14,24,24,1500000.0,Completed,1,76.0
405,TR000113,20230418,20230418,53,7,1,1,4,4,0.0,Completed,1,82.0
406,TR000154,20230418,20230418,72,5,1,16,8,8,250000.0,Completed,1,82.0
407,TR000670,20230418,20230418,289,7,1,9,6,6,0.0,Completed,1,83.0
408,TR000596,20230419,20230419,260,8,1,2,4,4,0.0,Completed,1,89.0
409,TR000059,20230421,20230422,29,3,1,5,16,16,3000000.0,Completed,1,71.0
410,TR000114,20230421,20230421,53,7,1,13,6,6,200000.0,Completed,1,90.0
411,TR000185,20230421,20230421,81,1,6,9,6,6,0.0,Completed,1,80.0
412,TR000604,20230421,20230421,264,1,6,10,8,8,300000.0,Completed,1,96.0
413,TR000855,20230421,20230421,371,7,1,3,3,3,0.0,Completed,1,84.0
414,TR001116,20230421,20230422,481,8,1,5,16,16,3000000.0,Completed,1,84.0
415,TR000227,20230422,20230422,98,8,1,9,6,6,0.0,Completed,1,61.0
416,TR000551,20230422,20230422,242,8,1,10,8,8,300000.0,Completed,1,84.0
417,TR000915,20230422,20230422,397,2,1,2,4,4,0.0,Completed,1,79.0
418,TR000306,20230423,20230424,130,3,2,5,16,0,3000000.0,Not Completed,0,
419,TR000338,20230423,20230423,145,7,4,1,4,0,0.0,Not Completed,0,
420,TR000447,20230423,20230423,197,6,3,7,8,8,500000.0,Completed,1,80.0
421,TR000784,20230423,20230423,341,1,1,13,6,6,200000.0,Completed,1,86.0
422,TR000126,20230425,20230425,61,4,3,16,8,8,250000.0,Completed,1,74.0
423,TR000183,20230425,20230425,81,1,6,10,8,8,300000.0,Completed,1,94.0
424,TR000893,20230425,20230425,387,3,1,2,4,4,0.0,Completed,1,75.0
425,TR001031,20230425,20230425,444,1,1,12,12,12,2500000.0,Completed,1,83.0
426,TR000018,20230426,20230426,9,8,3,2,4,4,0.0,Completed,1,77.0
427,TR000365,20230426,20230429,156,1,6,6,32,32,7500000.0,Completed,1,73.0
428,TR000631,20230426,20230426,274,7,5,16,8,0,250000.0,Not Completed,0,
429,TR000690,20230426,20230426,298,8,1,7,8,8,500000.0,Completed,1,93.0
430,TR000867,20230426,20230427,375,5,4,5,16,16,3000000.0,Completed,1,91.0
431,TR000090,20230427,20230427,40,3,5,18,12,12,4000000.0,Completed,1,67.0
432,TR000667,20230427,20230501,288,6,1,8,40,40,15000000.0,Completed,1,79.0
433,TR000829,20230427,20230427,361,1,6,12,12,12,2500000.0,Completed,1,95.0
434,TR000197,20230428,20230428,86,3,1,3,3,3,0.0,Completed,1,71.0
435,TR000287,20230428,20230429,123,3,2,5,16,16,3000000.0,Completed,1,86.0
436,TR000370,20230428,20230428,160,7,1,2,4,4,0.0,Completed,1,81.0
437,TR000477,20230428,20230428,209,6,1,16,8,8,250000.0,Completed,1,100.0
438,TR000662,20230428,20230428,287,1,1,9,6,6,0.0,Completed,1,88.0
439,TR000854,20230428,20230501,370,4,1,6,32,32,7500000.0,Completed,1,87.0
440,TR000971,20230428,20230428,420,5,2,16,8,8,250000.0,Completed,1,80.0
441,TR001112,20230428,20230428,480,5,6,2,4,4,0.0,Completed,1,77.0
442,TR000239,20230429,20230429,103,7,2,16,8,8,250000.0,Completed,1,77.0
443,TR000832,20230429,20230429,363,3,1,3,3,3,0.0,Completed,1,82.0
444,TR001142,20230429,20230429,493,3,1,1,4,4,0.0,Completed,1,69.0
445,TR000064,20230430,20230430,31,2,4,1,4,4,0.0,Completed,1,83.0
446,TR000368,20230430,20230430,158,8,1,2,4,4,0.0,Completed,1,71.0
447,TR001171,20230501,20230502,505,2,3,4,16,16,1200000.0,Completed,1,92.0
448,TR000504,20230502,20230502,223,1,3,10,8,8,300000.0,Completed,1,94.0
449,TR001041,20230502,20230502,450,8,1,9,6,6,0.0,Completed,1,87.0
450,TR000738,20230503,20230503,323,1,1,3,3,3,0.0,Completed,1,83.0
451,TR000013,20230504,20230504,6,1,1,3,3,3,0.0,Completed,1,70.0
452,TR000151,20230504,20230504,71,1,2,2,4,4,0.0,Completed,1,81.0
453,TR001011,20230504,20230504,436,3,3,16,8,8,250000.0,Completed,1,88.0
454,TR000256,20230505,20230506,110,2,4,17,16,16,2000000.0,Completed,1,83.0
455,TR000266,20230505,20230505,115,3,1,1,4,0,0.0,Not Completed,0,
456,TR000586,20230505,20230505,256,7,1,2,4,4,0.0,Completed,1,84.0
457,TR000621,20230505,20230505,270,3,1,10,8,8,300000.0,Completed,1,90.0
458,TR001013,20230505,20230505,437,8,1,11,12,12,1800000.0,Completed,1,79.0
459,TR000049,20230506,20230506,25,2,1,3,3,3,0.0,Completed,1,74.0
460,TR000167,20230506,20230508,76,3,5,14,24,24,1500000.0,Completed,1,85.0
461,TR000311,20230506,20230506,133,1,1,1,4,4,0.0,Completed,1,80.0
462,TR000319,20230506,20230506,138,6,1,2,4,4,0.0,Completed,1,79.0
463,TR000688,20230506,20230506,297,7,5,7,8,8,500000.0,Completed,1,74.0
464,TR000814,20230506,20230506,354,7,1,16,8,8,250000.0,Completed,1,81.0
465,TR000336,20230507,20230507,144,3,1,3,3,3,0.0,Completed,1,86.0
466,TR000640,20230507,20230507,279,3,3,18,12,12,4000000.0,Completed,1,82.0
467,TR000860,20230507,20230508,373,2,1,4,16,16,1200000.0,Completed,1,79.0
468,TR000610,20230508,20230508,267,1,1,1,4,4,0.0,Completed,1,76.0
469,TR000672,20230508,20230509,290,3,1,15,16,16,3500000.0,Completed,1,84.0
470,TR001125,20230508,20230508,484,6,1,16,8,8,250000.0,Completed,1,72.0
471,TR000403,20230509,20230509,179,1,1,12,12,12,2500000.0,Completed,1,81.0
472,TR000404,20230509,20230509,179,1,1,7,8,8,500000.0,Completed,1,76.0
473,TR001106,20230509,20230510,478,3,4,5,16,16,3000000.0,Completed,1,83.0
474,TR000160,20230510,20230510,73,3,1,7,8,8,500000.0,Completed,1,88.0
475,TR000269,20230510,20230513,115,3,1,6,32,32,7500000.0,Completed,1,82.0
476,TR000559,20230510,20230510,245,1,1,9,6,6,0.0,Completed,1,89.0
477,TR000624,20230510,20230511,271,2,2,4,16,16,1200000.0,Completed,1,78.0
478,TR000838,20230510,20230510,366,8,4,2,4,4,0.0,Completed,1,89.0
479,TR000872,20230510,20230510,378,1,2,2,4,4,0.0,Completed,1,85.0
480,TR000035,20230511,20230511,17,6,3,10,8,8,300000.0,Completed,1,96.0
481,TR000742,20230511,20230511,325,1,3,12,12,12,2500000.0,Completed,1,90.0
482,TR000507,20230514,20230514,225,1,6,2,4,4,0.0,Completed,1,87.0
483,TR001143,20230514,20230514,494,4,2,1,4,4,0.0,Completed,1,93.0
484,TR000360,20230515,20230515,154,1,1,10,8,8,300000.0,Completed,1,71.0
485,TR000874,20230515,20230515,379,1,1,3,3,3,0.0,Completed,1,86.0
486,TR000084,20230516,20230516,38,3,1,18,12,12,4000000.0,Completed,1,67.0
487,TR000379,20230516,20230516,165,5,2,1,4,4,0.0,Completed,1,83.0
488,TR000393,20230516,20230516,173,7,1,2,4,4,0.0,Completed,1,77.0
489,TR000850,20230516,20230519,369,1,1,6,32,32,7500000.0,Completed,1,83.0
490,TR001023,20230516,20230516,442,8,2,1,4,4,0.0,Completed,1,74.0
491,TR001118,20230516,20230516,482,7,3,16,8,8,250000.0,Completed,1,83.0
492,TR000159,20230517,20230518,73,3,1,5,16,0,3000000.0,Not Completed,0,
493,TR000400,20230517,20230517,178,7,1,2,4,4,0.0,Completed,1,93.0
494,TR000533,20230517,20230517,234,7,2,3,3,3,0.0,Completed,1,77.0
495,TR000341,20230518,20230518,146,1,4,12,12,12,2500000.0,Completed,1,90.0
496,TR000729,20230518,20230518,319,8,1,3,3,3,0.0,Completed,1,94.0
497,TR000791,20230518,20230518,344,8,6,9,6,6,0.0,Completed,1,80.0
498,TR000894,20230518,20230518,388,7,1,3,3,3,0.0,Completed,1,83.0
499,TR001107,20230518,20230518,478,3,4,10,8,8,300000.0,Completed,1,90.0
500,TR001167,20230518,20230518,504,7,3,1,4,4,0.0,Completed,1,72.0
501,TR000427,20230519,20230521,188,4,1,14,24,24,1500000.0,Completed,1,76.0
502,TR000694,20230519,20230519,299,7,3,10,8,8,300000.0,Completed,1,85.0
503,TR000164,20230520,20230520,74,8,2,13,6,6,200000.0,Completed,1,82.0
504,TR000356,20230520,20230520,153,7,1,3,3,3,0.0,Completed,1,81.0
505,TR000897,20230520,20230520,389,7,2,3,3,3,0.0,Completed,1,79.0
506,TR001170,20230520,20230520,505,2,3,1,4,4,0.0,Completed,1,81.0
507,TR000225,20230521,20230521,97,3,3,16,8,8,250000.0,Completed,1,86.0
508,TR001087,20230521,20230521,470,1,1,1,4,4,0.0,Completed,1,84.0
509,TR000037,20230522,20230522,18,8,1,10,8,8,300000.0,Completed,1,79.0
510,TR000479,20230522,20230525,210,7,1,6,32,32,7500000.0,Completed,1,74.0
511,TR000541,20230522,20230522,238,7,1,2,4,4,0.0,Completed,1,85.0
512,TR000565,20230522,20230522,248,5,1,1,4,0,0.0,Not Completed,0,
513,TR000750,20230522,20230522,328,7,1,13,6,6,200000.0,Completed,1,69.0
514,TR000354,20230523,20230523,152,6,1,1,4,4,0.0,Completed,1,81.0
515,TR000373,20230523,20230523,162,4,1,3,3,0,0.0,Not Completed,0,
516,TR000603,20230523,20230523,264,1,6,1,4,4,0.0,Completed,1,77.0
517,TR000806,20230523,20230523,351,6,1,3,3,3,0.0,Completed,1,76.0
518,TR001024,20230523,20230523,442,8,2,11,12,12,1800000.0,Completed,1,79.0
519,TR001144,20230523,20230523,494,4,2,13,6,6,200000.0,Completed,1,83.0
520,TR000194,20230524,20230524,85,7,1,16,8,8,250000.0,Completed,1,72.0
521,TR000609,20230524,20230524,266,4,1,2,4,4,0.0,Completed,1,68.0
522,TR000942,20230524,20230524,407,3,1,13,6,0,200000.0,Not Completed,0,
523,TR000456,20230525,20230525,199,6,1,13,6,6,200000.0,Completed,1,70.0
524,TR000813,20230525,20230525,354,7,1,13,6,6,200000.0,Completed,1,84.0
525,TR001108,20230525,20230525,479,2,6,1,4,4,0.0,Completed,1,83.0
526,TR001151,20230525,20230525,497,8,1,3,3,0,0.0,Not Completed,0,
527,TR000490,20230526,20230526,215,4,1,2,4,4,0.0,Completed,1,88.0
528,TR000899,20230526,20230526,390,3,1,3,3,3,0.0,Completed,1,87.0
529,TR000992,20230526,20230526,430,1,1,2,4,4,0.0,Completed,1,68.0
530,TR000071,20230527,20230527,34,8,5,2,4,4,0.0,Completed,1,92.0
531,TR000435,20230527,20230527,192,1,2,10,8,8,300000.0,Completed,1,82.0
532,TR000487,20230527,20230527,214,8,1,2,4,4,0.0,Completed,1,82.0
533,TR000613,20230527,20230527,268,7,6,16,8,8,250000.0,Completed,1,76.0
534,TR000927,20230527,20230527,401,6,1,7,8,8,500000.0,Completed,1,69.0
535,TR000039,20230528,20230528,19,5,1,3,3,3,0.0,Completed,1,88.0
536,TR000098,20230528,20230528,44,6,2,10,8,8,300000.0,Completed,1,89.0
537,TR000528,20230529,20230529,232,3,1,16,8,8,250000.0,Completed,1,74.0
538,TR000606,20230529,20230529,265,7,1,3,3,3,0.0,Completed,1,74.0
539,TR000659,20230529,20230529,286,1,1,2,4,0,0.0,Not Completed,0,
540,TR000900,20230529,20230529,391,7,3,1,4,4,0.0,Completed,1,80.0
541,TR000933,20230529,20230529,404,7,6,9,6,6,0.0,Completed,1,81.0
542,TR000056,20230531,20230531,27,3,1,10,8,8,300000.0,Completed,1,79.0
543,TR000105,20230531,20230531,48,7,5,16,8,8,250000.0,Completed,1,95.0
544,TR000323,20230531,20230531,140,8,1,3,3,3,0.0,Completed,1,76.0
545,TR000401,20230531,20230531,178,7,1,9,6,6,0.0,Completed,1,84.0
546,TR000764,20230531,20230531,333,8,1,2,4,4,0.0,Completed,1,92.0
547,TR000010,20230601,20230601,5,8,1,11,12,12,1800000.0,Completed,1,85.0
548,TR001189,20230601,20230601,512,7,1,16,8,8,250000.0,Completed,1,85.0
549,TR000031,20230602,20230602,15,4,1,16,8,8,250000.0,Completed,1,83.0
550,TR000180,20230602,20230602,80,7,2,2,4,4,0.0,Completed,1,81.0
551,TR000188,20230602,20230602,83,6,2,13,6,6,200000.0,Completed,1,77.0
552,TR000926,20230602,20230602,401,6,1,10,8,8,300000.0,Completed,1,82.0
553,TR000070,20230603,20230604,33,3,3,5,16,16,3000000.0,Completed,1,79.0
554,TR000253,20230603,20230603,109,5,1,16,8,0,250000.0,Not Completed,0,
555,TR000644,20230603,20230604,280,2,1,17,16,16,2000000.0,Completed,1,74.0
556,TR000804,20230603,20230603,350,2,3,2,4,4,0.0,Completed,1,82.0
557,TR001070,20230603,20230603,462,2,1,16,8,8,250000.0,Completed,1,85.0
558,TR001211,20230603,20230603,521,7,2,13,6,6,200000.0,Completed,1,86.0
559,TR000068,20230604,20230604,32,8,3,9,6,6,0.0,Completed,1,71.0
560,TR000343,20230604,20230604,146,1,4,10,8,8,300000.0,Completed,1,83.0
561,TR000451,20230604,20230604,198,6,6,16,8,8,250000.0,Completed,1,78.0
562,TR001051,20230604,20230604,454,7,1,1,4,4,0.0,Completed,1,93.0
563,TR001082,20230604,20230606,467,3,2,14,24,24,1500000.0,Completed,1,84.0
564,TR001153,20230604,20230604,497,8,1,9,6,6,0.0,Completed,1,77.0
565,TR000691,20230605,20230605,299,7,3,3,3,3,0.0,Completed,1,65.0
566,TR000756,20230605,20230605,330,1,2,10,8,8,300000.0,Completed,1,74.0
567,TR000763,20230605,20230605,332,8,4,10,8,8,300000.0,Completed,1,89.0
568,TR000777,20230605,20230605,340,8,5,1,4,4,0.0,Completed,1,67.0
569,TR001049,20230605,20230605,452,3,2,18,12,0,4000000.0,Not Completed,0,
570,TR000003,20230606,20230606,2,7,1,16,8,8,250000.0,Completed,1,90.0
571,TR000079,20230606,20230606,37,1,1,10,8,8,300000.0,Completed,1,82.0
572,TR000332,20230606,20230606,142,8,2,11,12,12,1800000.0,Completed,1,86.0
573,TR000799,20230606,20230606,348,7,1,13,6,6,200000.0,Completed,1,87.0
574,TR000345,20230607,20230607,147,8,3,10,8,8,300000.0,Completed,1,98.0
575,TR000349,20230607,20230607,149,1,5,12,12,12,2500000.0,Completed,1,75.0
576,TR000547,20230608,20230608,241,8,1,1,4,4,0.0,Completed,1,80.0
577,TR000645,20230608,20230609,280,2,1,4,16,16,1200000.0,Completed,1,76.0
578,TR000333,20230609,20230609,143,7,4,2,4,4,0.0,Completed,1,88.0
579,TR000406,20230609,20230609,180,8,2,3,3,3,0.0,Completed,1,89.0
580,TR000576,20230609,20230611,252,3,2,14,24,24,1500000.0,Completed,1,93.0
581,TR000934,20230609,20230609,404,7,6,16,8,8,250000.0,Completed,1,82.0
582,TR000997,20230609,20230609,432,1,1,1,4,4,0.0,Completed,1,66.0
583,TR001133,20230609,20230609,488,7,1,3,3,3,0.0,Completed,1,98.0
584,TR000121,20230610,20230611,58,4,3,5,16,16,3000000.0,Completed,1,94.0
585,TR000351,20230610,20230610,150,7,5,2,4,0,0.0,Not Completed,0,
586,TR000398,20230610,20230610,177,1,1,2,4,4,0.0,Completed,1,83.0
587,TR000638,20230610,20230610,279,3,3,3,3,0,0.0,Not Completed,0,
588,TR000047,20230611,20230611,24,8,1,1,4,4,0.0,Completed,1,83.0
589,TR000639,20230611,20230613,279,3,3,14,24,24,1500000.0,Completed,1,72.0
590,TR000545,20230612,20230613,239,2,4,4,16,16,1200000.0,Completed,1,97.0
591,TR000614,20230612,20230612,268,7,6,10,8,8,300000.0,Completed,1,98.0
592,TR000828,20230612,20230612,361,1,6,2,4,4,0.0,Completed,1,88.0
593,TR000166,20230613,20230613,76,3,5,1,4,4,0.0,Completed,1,76.0
594,TR000198,20230613,20230613,86,3,1,18,12,12,4000000.0,Completed,1,80.0
595,TR000945,20230615,20230616,408,3,4,5,16,16,3000000.0,Completed,1,86.0
596,TR001109,20230615,20230616,479,2,6,17,16,16,2000000.0,Completed,1,86.0
597,TR000272,20230616,20230620,116,1,1,8,40,40,15000000.0,Completed,1,91.0
598,TR000280,20230616,20230616,121,3,1,3,3,3,0.0,Completed,1,81.0
599,TR000317,20230616,20230616,137,1,3,2,4,4,0.0,Completed,1,83.0
600,TR000461,20230616,20230616,202,1,3,9,6,6,0.0,Completed,1,78.0
601,TR000981,20230616,20230616,425,1,3,2,4,4,0.0,Completed,1,85.0
602,TR001088,20230616,20230616,470,1,1,10,8,8,300000.0,Completed,1,90.0
603,TR001176,20230616,20230616,507,2,1,12,12,12,2500000.0,Completed,1,75.0
604,TR000067,20230617,20230617,32,8,3,11,12,12,1800000.0,Completed,1,95.0
605,TR000462,20230617,20230617,203,7,1,1,4,4,0.0,Completed,1,87.0
606,TR000539,20230617,20230617,237,6,4,1,4,4,0.0,Completed,1,92.0
607,TR000664,20230617,20230617,288,6,1,3,3,3,0.0,Completed,1,81.0
608,TR001210,20230617,20230617,521,7,2,1,4,0,0.0,Not Completed,0,
609,TR000146,20230618,20230618,69,5,6,16,8,8,250000.0,Completed,1,78.0
610,TR000508,20230618,20230618,225,1,6,12,12,12,2500000.0,Completed,1,87.0
611,TR000761,20230618,20230618,332,8,4,3,3,3,0.0,Completed,1,87.0
612,TR000892,20230618,20230618,386,2,1,10,8,8,300000.0,Completed,1,84.0
613,TR001190,20230618,20230618,513,7,1,3,3,3,0.0,Completed,1,82.0
614,TR000579,20230619,20230619,253,8,6,9,6,6,0.0,Completed,1,92.0
615,TR000607,20230619,20230619,265,7,1,9,6,6,0.0,Completed,1,85.0
616,TR000869,20230619,20230620,376,3,4,15,16,16,3500000.0,Completed,1,79.0
617,TR000975,20230620,20230620,422,7,2,3,3,3,0.0,Completed,1,81.0
618,TR001033,20230620,20230620,445,1,1,13,6,6,200000.0,Completed,1,81.0
619,TR001137,20230620,20230620,489,8,1,11,12,12,1800000.0,Completed,1,72.0
620,TR000216,20230621,20230621,94,2,1,3,3,3,0.0,Completed,1,75.0
621,TR000852,20230621,20230623,370,4,1,14,24,24,1500000.0,Completed,1,88.0
622,TR000959,20230621,20230621,414,3,2,3,3,3,0.0,Completed,1,81.0
623,TR000790,20230622,20230622,344,8,6,11,12,12,1800000.0,Completed,1,73.0
624,TR000145,20230624,20230624,69,5,6,1,4,4,0.0,Completed,1,77.0
625,TR000705,20230624,20230624,306,1,6,3,3,3,0.0,Completed,1,75.0
626,TR000796,20230624,20230624,347,8,2,2,4,4,0.0,Completed,1,89.0
627,TR001185,20230624,20230624,510,3,3,18,12,12,4000000.0,Completed,1,75.0
628,TR000045,20230625,20230625,22,1,3,1,4,4,0.0,Completed,1,85.0
629,TR000506,20230625,20230625,224,1,1,12,12,12,2500000.0,Completed,1,87.0
630,TR000703,20230625,20230626,304,7,1,5,16,16,3000000.0,Completed,1,88.0
631,TR000001,20230626,20230626,1,8,1,1,4,4,0.0,Completed,1,75.0
632,TR000248,20230626,20230626,108,4,3,3,3,3,0.0,Completed,1,82.0
633,TR000505,20230626,20230626,224,1,1,3,3,0,0.0,Not Completed,0,
634,TR000955,20230626,20230626,412,1,1,12,12,12,2500000.0,Completed,1,84.0
635,TR001111,20230626,20230627,479,2,6,4,16,0,1200000.0,Not Completed,0,
636,TR000473,20230627,20230627,208,3,2,2,4,4,0.0,Completed,1,85.0
637,TR000748,20230627,20230627,328,7,1,1,4,4,0.0,Completed,1,83.0
638,TR000845,20230627,20230627,367,6,1,16,8,0,250000.0,Not Completed,0,
639,TR000200,20230628,20230628,87,6,1,2,4,4,0.0,Completed,1,80.0
640,TR000469,20230628,20230628,205,8,4,13,6,6,200000.0,Completed,1,82.0
641,TR001181,20230628,20230628,509,7,1,16,8,8,250000.0,Completed,1,82.0
642,TR000108,20230629,20230630,50,3,1,5,16,16,3000000.0,Completed,1,62.0
643,TR000303,20230629,20230629,129,6,1,16,8,8,250000.0,Completed,1,79.0
644,TR000428,20230629,20230629,189,3,1,1,4,4,0.0,Completed,1,73.0
645,TR000475,20230629,20230630,208,3,2,5,16,16,3000000.0,Completed,1,65.0
646,TR000552,20230630,20230630,243,7,1,1,4,4,0.0,Completed,1,92.0
647,TR000620,20230630,20230702,270,3,1,14,24,24,1500000.0,Completed,1,66.0
648,TR000875,20230630,20230630,380,3,5,2,4,4,0.0,Completed,1,89.0
649,TR000445,20230701,20230701,197,6,3,16,8,8,250000.0,Completed,1,86.0
650,TR000109,20230702,20230702,51,7,1,3,3,0,0.0,Not Completed,0,
651,TR000127,20230702,20230702,62,2,4,2,4,4,0.0,Completed,1,84.0
652,TR000213,20230702,20230702,93,2,1,1,4,4,0.0,Completed,1,80.0
653,TR000330,20230702,20230702,142,8,2,1,4,4,0.0,Completed,1,85.0
654,TR000931,20230702,20230702,404,7,6,1,4,4,0.0,Completed,1,85.0
655,TR000944,20230702,20230703,408,3,4,15,16,16,3500000.0,Completed,1,83.0
656,TR001200,20230702,20230702,517,8,1,1,4,0,0.0,Not Completed,0,
657,TR000362,20230703,20230704,154,1,1,5,16,16,3000000.0,Completed,1,72.0
658,TR000590,20230703,20230703,258,1,1,3,3,3,0.0,Completed,1,85.0
659,TR000868,20230703,20230703,376,3,4,1,4,4,0.0,Completed,1,74.0
660,TR001161,20230703,20230703,502,1,6,1,4,4,0.0,Completed,1,86.0
661,TR000224,20230704,20230704,97,3,3,3,3,3,0.0,Completed,1,90.0
662,TR000425,20230704,20230704,188,4,1,1,4,0,0.0,Not Completed,0,
663,TR001193,20230704,20230704,514,1,6,9,6,6,0.0,Completed,1,76.0
664,TR000578,20230706,20230706,253,8,6,2,4,4,0.0,Completed,1,66.0
665,TR001054,20230706,20230707,455,4,6,17,16,16,2000000.0,Completed,1,83.0
666,TR001130,20230706,20230706,486,1,2,10,8,8,300000.0,Completed,1,88.0
667,TR000313,20230707,20230707,133,1,1,9,6,6,0.0,Completed,1,77.0
668,TR000383,20230707,20230707,167,8,1,10,8,8,300000.0,Completed,1,83.0
669,TR000494,20230707,20230707,217,5,1,16,8,8,250000.0,Completed,1,77.0
670,TR000170,20230708,20230709,77,5,1,17,16,16,2000000.0,Completed,1,87.0
671,TR000961,20230708,20230708,415,3,5,2,4,4,0.0,Completed,1,76.0
672,TR001183,20230709,20230709,510,3,3,2,4,4,0.0,Completed,1,91.0
673,TR000034,20230710,20230710,17,6,3,3,3,3,0.0,Completed,1,85.0
674,TR000228,20230710,20230710,99,7,6,3,3,3,0.0,Completed,1,100.0
675,TR001129,20230710,20230710,486,1,2,2,4,0,0.0,Not Completed,0,
676,TR000912,20230711,20230711,396,1,1,2,4,4,0.0,Completed,1,71.0
677,TR001138,20230711,20230711,490,3,4,1,4,4,0.0,Completed,1,83.0
678,TR001186,20230711,20230712,510,3,3,15,16,16,3500000.0,Completed,1,93.0
679,TR000186,20230712,20230712,82,2,1,1,4,4,0.0,Completed,1,85.0
680,TR000675,20230712,20230712,292,7,2,1,4,4,0.0,Completed,1,86.0
681,TR000689,20230712,20230712,298,8,1,2,4,4,0.0,Completed,1,99.0
682,TR001095,20230712,20230713,472,2,1,4,16,16,1200000.0,Completed,1,80.0
683,TR001131,20230712,20230712,487,1,1,2,4,4,0.0,Completed,1,74.0
684,TR000011,20230713,20230713,5,8,1,10,8,8,300000.0,Completed,1,85.0
685,TR000380,20230713,20230713,165,5,2,16,8,8,250000.0,Completed,1,82.0
686,TR000562,20230713,20230713,246,8,1,10,8,8,300000.0,Completed,1,79.0
687,TR000940,20230713,20230713,407,3,1,1,4,4,0.0,Completed,1,76.0
688,TR001052,20230713,20230713,454,7,1,16,8,8,250000.0,Completed,1,82.0
689,TR000704,20230714,20230714,305,7,4,1,4,4,0.0,Completed,1,100.0
690,TR000891,20230714,20230714,386,2,1,12,12,12,2500000.0,Completed,1,83.0
691,TR001179,20230714,20230717,508,7,1,6,32,0,7500000.0,Not Completed,0,
692,TR000258,20230715,20230715,111,1,1,10,8,8,300000.0,Completed,1,88.0
693,TR000708,20230715,20230715,307,4,4,2,4,0,0.0,Not Completed,0,
694,TR001229,20230715,20230715,529,8,5,3,3,3,0.0,Completed,1,81.0
695,TR000016,20230716,20230717,7,3,2,5,16,16,3000000.0,Completed,1,82.0
696,TR000450,20230716,20230716,198,6,6,10,8,8,300000.0,Completed,1,85.0
697,TR000890,20230716,20230716,386,2,1,1,4,0,0.0,Not Completed,0,
698,TR000101,20230717,20230717,47,7,4,2,4,4,0.0,Completed,1,78.0
699,TR000179,20230717,20230717,79,8,1,10,8,8,300000.0,Completed,1,70.0
700,TR000302,20230717,20230717,129,6,1,2,4,4,0.0,Completed,1,88.0
701,TR000826,20230717,20230717,360,7,4,16,8,8,250000.0,Completed,1,86.0
702,TR001135,20230717,20230717,488,7,1,13,6,6,200000.0,Completed,1,87.0
703,TR000358,20230718,20230719,153,7,1,5,16,0,3000000.0,Not Completed,0,
704,TR000509,20230718,20230718,226,2,2,1,4,4,0.0,Completed,1,97.0
705,TR000544,20230718,20230719,239,2,4,17,16,16,2000000.0,Completed,1,79.0
706,TR000755,20230718,20230718,330,1,2,2,4,4,0.0,Completed,1,81.0
707,TR000768,20230718,20230718,335,6,1,2,4,4,0.0,Completed,1,94.0
708,TR000887,20230718,20230718,385,7,6,9,6,6,0.0,Completed,1,82.0
709,TR000257,20230719,20230719,111,1,1,1,4,4,0.0,Completed,1,80.0
710,TR000300,20230719,20230719,128,4,2,2,4,4,0.0,Completed,1,79.0
711,TR000312,20230719,20230719,133,1,1,10,8,8,300000.0,Completed,1,76.0
712,TR000496,20230719,20230719,219,3,1,1,4,4,0.0,Completed,1,84.0
713,TR000521,20230719,20230719,229,7,1,16,8,8,250000.0,Completed,1,75.0
714,TR000937,20230719,20230720,405,3,1,5,16,16,3000000.0,Completed,1,99.0
715,TR000960,20230719,20230720,414,3,2,5,16,16,3000000.0,Completed,1,77.0
716,TR000990,20230719,20230719,429,7,1,16,8,8,250000.0,Completed,1,94.0
717,TR000223,20230720,20230723,96,2,1,6,32,32,7500000.0,Completed,1,79.0
718,TR000389,20230720,20230720,170,1,6,10,8,8,300000.0,Completed,1,65.0
719,TR000835,20230720,20230721,363,3,1,5,16,0,3000000.0,Not Completed,0,
720,TR000925,20230720,20230720,401,6,1,3,3,3,0.0,Completed,1,72.0
721,TR001017,20230720,20230720,439,8,1,3,3,3,0.0,Completed,1,93.0
722,TR001050,20230720,20230720,453,8,2,3,3,3,0.0,Completed,1,91.0
723,TR000753,20230721,20230721,329,7,2,16,8,8,250000.0,Completed,1,98.0
724,TR000866,20230722,20230722,375,5,4,2,4,4,0.0,Completed,1,84.0
725,TR000388,20230723,20230723,170,1,6,3,3,3,0.0,Completed,1,95.0
726,TR000422,20230723,20230723,187,8,3,2,4,4,0.0,Completed,1,82.0
727,TR000438,20230723,20230723,193,1,1,9,6,6,0.0,Completed,1,79.0
728,TR001132,20230723,20230723,487,1,1,9,6,6,0.0,Completed,1,75.0
729,TR001155,20230723,20230723,498,7,6,13,6,6,200000.0,Completed,1,89.0
730,TR001162,20230723,20230723,502,1,6,12,12,12,2500000.0,Completed,1,76.0
731,TR000177,20230724,20230724,79,8,1,9,6,6,0.0,Completed,1,100.0
732,TR000268,20230724,20230725,115,3,1,15,16,16,3500000.0,Completed,1,100.0
733,TR000431,20230724,20230724,190,7,5,1,4,4,0.0,Completed,1,74.0
734,TR000743,20230724,20230724,325,1,3,10,8,8,300000.0,Completed,1,82.0
735,TR000844,20230724,20230725,367,6,1,17,16,16,2000000.0,Completed,1,86.0
736,TR001046,20230724,20230725,452,3,2,15,16,16,3500000.0,Completed,1,90.0
737,TR000085,20230726,20230726,38,3,1,10,8,8,300000.0,Completed,1,72.0
738,TR000713,20230727,20230727,310,4,1,1,4,4,0.0,Completed,1,92.0
739,TR001220,20230727,20230727,525,3,6,1,4,4,0.0,Completed,1,94.0
740,TR000344,20230729,20230729,147,8,3,3,3,3,0.0,Completed,1,90.0
741,TR000779,20230729,20230729,340,8,5,9,6,6,0.0,Completed,1,94.0
742,TR000825,20230729,20230729,360,7,4,3,3,3,0.0,Completed,1,96.0
743,TR000499,20230730,20230730,221,7,3,2,4,4,0.0,Completed,1,84.0
744,TR000597,20230730,20230730,261,5,1,2,4,4,0.0,Completed,1,85.0
745,TR001139,20230730,20230730,490,3,4,10,8,0,300000.0,Not Completed,0,
746,TR000251,20230731,20230801,108,4,3,17,16,16,2000000.0,Completed,1,75.0
747,TR000283,20230731,20230731,122,7,5,16,8,8,250000.0,Completed,1,88.0
748,TR001221,20230731,20230731,526,8,1,2,4,4,0.0,Completed,1,72.0
749,TR000243,20230801,20230801,106,8,3,2,4,4,0.0,Completed,1,87.0
750,TR000195,20230802,20230802,85,7,1,7,8,8,500000.0,Completed,1,77.0
751,TR000622,20230802,20230802,271,2,2,3,3,3,0.0,Completed,1,93.0
752,TR000760,20230802,20230804,331,3,3,14,24,24,1500000.0,Completed,1,87.0
753,TR000128,20230803,20230804,62,2,4,4,16,16,1200000.0,Completed,1,76.0
754,TR000736,20230803,20230803,322,5,4,2,4,4,0.0,Completed,1,82.0
755,TR000097,20230804,20230804,44,6,2,3,3,3,0.0,Completed,1,94.0
756,TR000218,20230804,20230804,95,1,2,10,8,8,300000.0,Completed,1,80.0
757,TR000757,20230804,20230804,330,1,2,9,6,6,0.0,Completed,1,80.0
758,TR000965,20230804,20230804,417,7,2,16,8,8,250000.0,Completed,1,94.0
759,TR001068,20230804,20230804,462,2,1,2,4,4,0.0,Completed,1,97.0
760,TR001244,20230804,20230805,533,4,1,17,16,16,2000000.0,Completed,1,75.0
761,TR000391,20230805,20230805,171,7,6,1,4,4,0.0,Completed,1,82.0
762,TR000537,20230805,20230805,236,6,1,1,4,4,0.0,Completed,1,73.0
763,TR001008,20230805,20230805,436,3,3,2,4,4,0.0,Completed,1,82.0
764,TR001061,20230805,20230805,458,7,1,2,4,4,0.0,Completed,1,78.0
765,TR000335,20230806,20230806,143,7,4,13,6,6,200000.0,Completed,1,84.0
766,TR000822,20230806,20230807,357,3,1,15,16,16,3500000.0,Completed,1,85.0
767,TR001094,20230806,20230806,472,2,1,12,12,0,2500000.0,Not Completed,0,
768,TR001201,20230806,20230807,517,8,1,5,16,16,3000000.0,Completed,1,82.0
769,TR001222,20230806,20230806,526,8,1,11,12,12,1800000.0,Completed,1,85.0
770,TR000371,20230807,20230807,160,7,1,13,6,6,200000.0,Completed,1,81.0
771,TR000394,20230807,20230807,174,8,1,3,3,3,0.0,Completed,1,86.0
772,TR000680,20230807,20230807,293,1,1,2,4,4,0.0,Completed,1,79.0
773,TR000972,20230807,20230808,420,5,2,17,16,16,2000000.0,Completed,1,79.0
774,TR000752,20230808,20230808,329,7,2,3,3,3,0.0,Completed,1,86.0
775,TR000966,20230808,20230808,418,7,1,2,4,4,0.0,Completed,1,96.0
776,TR000980,20230808,20230810,424,3,1,14,24,24,1500000.0,Completed,1,84.0
777,TR000991,20230808,20230811,429,7,1,6,32,32,7500000.0,Completed,1,87.0
778,TR000298,20230809,20230809,127,1,6,9,6,6,0.0,Completed,1,85.0
779,TR000580,20230809,20230809,254,5,1,2,4,0,0.0,Not Completed,0,
780,TR000161,20230810,20230810,73,3,1,13,6,6,200000.0,Completed,1,85.0
781,TR000577,20230810,20230811,252,3,2,5,16,16,3000000.0,Completed,1,85.0
782,TR000711,20230810,20230810,309,1,1,2,4,4,0.0,Completed,1,77.0
783,TR001194,20230810,20230810,515,2,1,1,4,0,0.0,Not Completed,0,
784,TR000367,20230811,20230811,157,1,1,9,6,6,0.0,Completed,1,82.0
785,TR001217,20230811,20230811,523,8,1,10,8,8,300000.0,Completed,1,79.0
786,TR000656,20230812,20230813,284,7,5,5,16,0,3000000.0,Not Completed,0,
787,TR000687,20230812,20230812,297,7,5,3,3,3,0.0,Completed,1,73.0
788,TR000873,20230812,20230812,378,1,2,10,8,0,300000.0,Not Completed,0,
789,TR001113,20230812,20230812,481,8,1,2,4,4,0.0,Completed,1,87.0
790,TR001120,20230812,20230812,483,8,1,3,3,3,0.0,Completed,1,86.0
791,TR000695,20230813,20230813,300,4,5,1,4,4,0.0,Completed,1,80.0
792,TR001177,20230813,20230813,507,2,1,16,8,8,250000.0,Completed,1,84.0
793,TR000092,20230814,20230814,41,7,1,2,4,4,0.0,Completed,1,81.0
794,TR001096,20230814,20230814,473,6,1,3,3,3,0.0,Completed,1,73.0
795,TR001195,20230814,20230815,515,2,1,4,16,16,1200000.0,Completed,1,77.0
796,TR000005,20230815,20230815,3,5,1,16,8,8,250000.0,Completed,1,92.0
797,TR000381,20230815,20230815,166,6,1,1,4,4,0.0,Completed,1,77.0
798,TR000392,20230815,20230815,172,7,1,1,4,4,0.0,Completed,1,69.0
799,TR000904,20230815,20230815,393,7,6,16,8,8,250000.0,Completed,1,74.0
800,TR000978,20230815,20230816,423,4,5,17,16,16,2000000.0,Completed,1,89.0
801,TR000265,20230816,20230816,114,1,1,2,4,4,0.0,Completed,1,81.0
802,TR000581,20230816,20230817,254,5,1,17,16,0,2000000.0,Not Completed,0,
803,TR000870,20230816,20230816,377,6,2,3,3,3,0.0,Completed,1,97.0
804,TR001029,20230816,20230816,443,2,1,10,8,8,300000.0,Completed,1,68.0
805,TR001152,20230816,20230816,497,8,1,10,8,0,300000.0,Not Completed,0,
806,TR001199,20230816,20230816,516,7,2,10,8,8,300000.0,Completed,1,68.0
807,TR000235,20230817,20230817,102,7,1,16,8,0,250000.0,Not Completed,0,
808,TR000629,20230817,20230817,274,7,5,2,4,0,0.0,Not Completed,0,
809,TR000022,20230818,20230818,11,8,6,3,3,3,0.0,Completed,1,66.0
810,TR000077,20230818,20230818,37,1,1,1,4,4,0.0,Completed,1,94.0
811,TR000677,20230818,20230818,292,7,2,13,6,6,200000.0,Completed,1,75.0
812,TR000999,20230818,20230818,432,1,1,10,8,8,300000.0,Completed,1,86.0
813,TR001172,20230819,20230819,506,3,1,2,4,4,0.0,Completed,1,97.0
814,TR000289,20230820,20230820,124,8,6,11,12,12,1800000.0,Completed,1,70.0
815,TR000919,20230820,20230820,399,2,1,3,3,3,0.0,Completed,1,83.0
816,TR000423,20230821,20230821,187,8,3,11,12,12,1800000.0,Completed,1,75.0
817,TR000557,20230821,20230821,244,3,6,10,8,0,300000.0,Not Completed,0,
818,TR000030,20230822,20230822,15,4,1,2,4,4,0.0,Completed,1,77.0
819,TR000189,20230822,20230822,84,4,3,3,3,3,0.0,Completed,1,84.0
820,TR000214,20230822,20230823,93,2,1,4,16,16,1200000.0,Completed,1,97.0
821,TR000520,20230822,20230822,229,7,1,3,3,3,0.0,Completed,1,92.0
822,TR001197,20230822,20230822,516,7,2,3,3,3,0.0,Completed,1,83.0
823,TR000314,20230823,20230823,134,3,1,2,4,4,0.0,Completed,1,92.0
824,TR000481,20230823,20230823,211,7,1,3,3,3,0.0,Completed,1,82.0
825,TR000625,20230823,20230823,271,2,2,10,8,8,300000.0,Completed,1,81.0
826,TR000720,20230823,20230826,314,3,1,6,32,32,7500000.0,Completed,1,78.0
827,TR001026,20230824,20230824,443,2,1,2,4,4,0.0,Completed,1,94.0
828,TR000342,20230825,20230825,146,1,4,7,8,8,500000.0,Completed,1,79.0
829,TR000408,20230825,20230825,181,1,1,2,4,0,0.0,Not Completed,0,
830,TR001208,20230825,20230825,520,1,1,9,6,6,0.0,Completed,1,76.0
831,TR001264,20230826,20230826,540,3,1,10,8,8,300000.0,Completed,1,86.0
832,TR000516,20230827,20230828,227,2,4,17,16,16,2000000.0,Completed,1,78.0
833,TR000683,20230827,20230827,295,1,1,2,4,4,0.0,Completed,1,77.0
834,TR000797,20230827,20230827,347,8,2,11,12,12,1800000.0,Completed,1,94.0
835,TR001127,20230827,20230827,485,1,1,2,4,4,0.0,Completed,1,83.0
836,TR001128,20230827,20230827,485,1,1,12,12,12,2500000.0,Completed,1,68.0
837,TR001237,20230827,20230828,531,1,1,5,16,16,3000000.0,Completed,1,100.0
838,TR001256,20230827,20230827,538,3,3,1,4,4,0.0,Completed,1,86.0
839,TR000072,20230828,20230828,35,1,6,2,4,4,0.0,Completed,1,90.0
840,TR000359,20230828,20230828,154,1,1,2,4,0,0.0,Not Completed,0,
841,TR001053,20230828,20230828,455,4,6,2,4,4,0.0,Completed,1,75.0
842,TR000165,20230829,20230829,75,4,6,2,4,4,0.0,Completed,1,82.0
843,TR000325,20230829,20230829,140,8,1,9,6,6,0.0,Completed,1,77.0
844,TR000486,20230829,20230830,213,2,3,4,16,16,1200000.0,Completed,1,71.0
845,TR001032,20230829,20230829,445,1,1,2,4,4,0.0,Completed,1,90.0
846,TR001214,20230829,20230829,522,7,1,16,8,8,250000.0,Completed,1,74.0
847,TR000009,20230830,20230830,5,8,1,2,4,0,0.0,Not Completed,0,
848,TR000107,20230830,20230830,50,3,1,1,4,4,0.0,Completed,1,89.0
849,TR000857,20230830,20230830,372,1,1,3,3,3,0.0,Completed,1,97.0
850,TR001102,20230830,20230830,476,7,1,16,8,8,250000.0,Completed,1,86.0
851,TR000574,20230831,20230831,251,1,1,7,8,8,500000.0,Completed,1,95.0
852,TR000807,20230831,20230831,351,6,1,10,8,8,300000.0,Completed,1,79.0
853,TR001180,20230831,20230831,509,7,1,2,4,4,0.0,Completed,1,75.0
854,TR000808,20230901,20230901,352,7,1,3,3,3,0.0,Completed,1,83.0
855,TR000530,20230902,20230902,233,8,2,11,12,12,1800000.0,Completed,1,94.0
856,TR000651,20230902,20230902,282,1,1,10,8,8,300000.0,Completed,1,84.0
857,TR000802,20230902,20230902,349,7,4,9,6,6,0.0,Completed,1,82.0
858,TR000827,20230902,20230902,360,7,4,9,6,6,0.0,Completed,1,87.0
859,TR000988,20230902,20230902,428,8,6,13,6,6,200000.0,Completed,1,94.0
860,TR001075,20230902,20230902,465,8,2,2,4,4,0.0,Completed,1,74.0
861,TR000141,20230903,20230903,67,7,6,16,8,8,250000.0,Completed,1,82.0
862,TR000220,20230903,20230903,95,1,2,13,6,6,200000.0,Completed,1,74.0
863,TR000693,20230903,20230903,299,7,3,13,6,6,200000.0,Completed,1,80.0
864,TR001175,20230903,20230904,507,2,1,4,16,16,1200000.0,Completed,1,86.0
865,TR001230,20230903,20230903,529,8,5,10,8,8,300000.0,Completed,1,91.0
866,TR000019,20230904,20230904,9,8,3,10,8,8,300000.0,Completed,1,80.0
867,TR000134,20230904,20230904,65,3,1,3,3,3,0.0,Completed,1,87.0
868,TR000152,20230904,20230904,71,1,2,10,8,8,300000.0,Completed,1,73.0
869,TR000642,20230904,20230904,280,2,1,2,4,0,0.0,Not Completed,0,
870,TR001146,20230904,20230906,495,3,2,14,24,24,1500000.0,Completed,1,81.0
871,TR001178,20230905,20230905,508,7,1,2,4,4,0.0,Completed,1,84.0
872,TR000267,20230906,20230907,115,3,1,5,16,16,3000000.0,Completed,1,93.0
873,TR000429,20230906,20230909,189,3,1,6,32,32,7500000.0,Completed,1,75.0
874,TR000655,20230906,20230906,284,7,5,3,3,3,0.0,Completed,1,82.0
875,TR000696,20230906,20230906,301,8,1,1,4,4,0.0,Completed,1,100.0
876,TR000964,20230906,20230906,417,7,2,3,3,3,0.0,Completed,1,78.0
877,TR001168,20230906,20230906,504,7,3,13,6,6,200000.0,Completed,1,81.0
878,TR000110,20230907,20230907,51,7,1,13,6,6,200000.0,Completed,1,65.0
879,TR000304,20230907,20230908,129,6,1,17,16,16,2000000.0,Completed,1,86.0
880,TR001212,20230907,20230907,522,7,1,3,3,3,0.0,Completed,1,57.0
881,TR000376,20230908,20230908,164,1,1,3,3,3,0.0,Completed,1,70.0
882,TR000884,20230908,20230910,384,3,1,14,24,24,1500000.0,Completed,1,80.0
883,TR001145,20230908,20230908,495,3,2,3,3,3,0.0,Completed,1,72.0
884,TR000083,20230909,20230910,38,3,1,5,16,16,3000000.0,Completed,1,93.0
885,TR000153,20230909,20230909,72,5,1,2,4,4,0.0,Completed,1,78.0
886,TR000191,20230909,20230911,84,4,3,14,24,24,1500000.0,Completed,1,71.0
887,TR000340,20230909,20230909,146,1,4,3,3,3,0.0,Completed,1,80.0
888,TR000585,20230909,20230910,255,1,3,5,16,16,3000000.0,Completed,1,82.0
889,TR000861,20230909,20230910,373,2,1,17,16,16,2000000.0,Completed,1,76.0
890,TR000962,20230909,20230909,416,1,1,1,4,4,0.0,Completed,1,85.0
891,TR001273,20230909,20230909,546,2,1,12,12,12,2500000.0,Completed,1,77.0
892,TR001287,20230910,20230910,552,8,5,2,4,4,0.0,Completed,1,85.0
893,TR000119,20230911,20230911,57,4,1,1,4,4,0.0,Completed,1,90.0
894,TR001000,20230911,20230911,432,1,1,12,12,12,2500000.0,Completed,1,69.0
895,TR001038,20230911,20230911,449,1,6,2,4,4,0.0,Completed,1,69.0
896,TR001285,20230911,20230911,550,8,3,10,8,8,300000.0,Completed,1,84.0
897,TR001136,20230912,20230912,489,8,1,3,3,3,0.0,Completed,1,65.0
898,TR001245,20230912,20230913,533,4,1,5,16,16,3000000.0,Completed,1,90.0
899,TR001290,20230912,20230912,552,8,5,10,8,8,300000.0,Completed,1,83.0
900,TR000065,20230913,20230914,31,2,4,4,16,16,1200000.0,Completed,1,95.0
901,TR000305,20230914,20230914,130,3,2,3,3,3,0.0,Completed,1,90.0
902,TR000774,20230914,20230915,339,5,3,17,16,16,2000000.0,Completed,1,90.0
903,TR000692,20230915,20230915,299,7,3,9,6,6,0.0,Completed,1,78.0
904,TR000819,20230915,20230915,356,8,1,3,3,3,0.0,Completed,1,81.0
905,TR000843,20230915,20230915,367,6,1,10,8,8,300000.0,Completed,1,100.0
906,TR000846,20230915,20230915,368,1,1,1,4,4,0.0,Completed,1,91.0
907,TR000168,20230916,20230919,76,3,5,6,32,32,7500000.0,Completed,1,87.0
908,TR000418,20230916,20230916,184,8,1,10,8,8,300000.0,Completed,1,66.0
909,TR000465,20230916,20230916,204,1,1,10,8,8,300000.0,Completed,1,69.0
910,TR000841,20230916,20230916,366,8,4,16,8,8,250000.0,Completed,1,86.0
911,TR001115,20230916,20230916,481,8,1,11,12,0,1800000.0,Not Completed,0,
912,TR001272,20230916,20230916,546,2,1,1,4,4,0.0,Completed,1,87.0
913,TR000623,20230917,20230918,271,2,2,17,16,0,2000000.0,Not Completed,0,
914,TR001055,20230918,20230922,455,4,6,8,40,40,15000000.0,Completed,1,81.0
915,TR001122,20230918,20230918,483,8,1,9,6,6,0.0,Completed,1,88.0
916,TR001187,20230918,20230918,511,8,1,1,4,4,0.0,Completed,1,82.0
917,TR000792,20230919,20230919,345,3,1,2,4,4,0.0,Completed,1,68.0
918,TR001057,20230919,20230919,456,1,3,10,8,8,300000.0,Completed,1,55.0
919,TR001249,20230919,20230920,535,5,3,17,16,16,2000000.0,Completed,1,78.0
920,TR000883,20230920,20230920,384,3,1,1,4,4,0.0,Completed,1,83.0
921,TR001010,20230920,20230920,436,3,3,7,8,8,500000.0,Completed,1,77.0
922,TR001184,20230920,20230921,510,3,3,5,16,16,3000000.0,Completed,1,70.0
923,TR001274,20230920,20230921,546,2,1,17,16,16,2000000.0,Completed,1,82.0
924,TR000724,20230921,20230922,316,4,1,17,16,16,2000000.0,Completed,1,77.0
925,TR001213,20230921,20230921,522,7,1,13,6,6,200000.0,Completed,1,78.0
926,TR001258,20230921,20230921,538,3,3,18,12,0,4000000.0,Not Completed,0,
927,TR000377,20230922,20230922,164,1,1,9,6,6,0.0,Completed,1,81.0
928,TR000439,20230923,20230923,194,8,1,2,4,4,0.0,Completed,1,86.0
929,TR000726,20230923,20230923,317,2,1,1,4,4,0.0,Completed,1,95.0
930,TR000809,20230924,20230924,352,7,1,16,8,8,250000.0,Completed,1,84.0
931,TR000848,20230924,20230924,368,1,1,9,6,0,0.0,Not Completed,0,
932,TR000920,20230924,20230925,399,2,1,4,16,16,1200000.0,Completed,1,95.0
933,TR001089,20230924,20230924,470,1,1,12,12,12,2500000.0,Completed,1,91.0
934,TR001224,20230924,20230924,527,3,1,1,4,0,0.0,Not Completed,0,
935,TR000348,20230925,20230925,149,1,5,1,4,4,0.0,Completed,1,71.0
936,TR000913,20230925,20230925,396,1,1,9,6,6,0.0,Completed,1,77.0
937,TR001104,20230925,20230925,478,3,4,2,4,4,0.0,Completed,1,74.0
938,TR001284,20230925,20230925,550,8,3,1,4,4,0.0,Completed,1,80.0
939,TR000004,20230926,20230926,3,5,1,2,4,4,0.0,Completed,1,80.0
940,TR000482,20230926,20230926,211,7,1,16,8,0,250000.0,Not Completed,0,
941,TR000500,20230927,20230928,221,7,3,5,16,16,3000000.0,Completed,1,68.0
942,TR000918,20230927,20230927,398,3,1,2,4,4,0.0,Completed,1,81.0
943,TR000396,20230928,20230928,176,3,1,3,3,3,0.0,Completed,1,73.0
944,TR000501,20230928,20230928,222,8,1,2,4,4,0.0,Completed,1,94.0
945,TR001231,20230928,20230929,529,8,5,5,16,16,3000000.0,Completed,1,86.0
946,TR001042,20230929,20230929,450,8,1,7,8,8,500000.0,Completed,1,80.0
947,TR001241,20230929,20230929,532,6,1,16,8,8,250000.0,Completed,1,86.0
948,TR001270,20230929,20230929,544,6,1,10,8,8,300000.0,Completed,1,68.0
949,TR001280,20230929,20230929,549,1,1,2,4,4,0.0,Completed,1,84.0
950,TR000701,20230930,20230930,304,7,1,3,3,3,0.0,Completed,1,85.0
951,TR001268,20230930,20230930,543,3,1,3,3,0,0.0,Not Completed,0,
952,TR000318,20231001,20231001,137,1,3,9,6,6,0.0,Completed,1,79.0
953,TR001092,20231001,20231001,471,7,3,9,6,6,0.0,Completed,1,74.0
954,TR000135,20231002,20231002,65,3,1,18,12,0,4000000.0,Not Completed,0,
955,TR000212,20231002,20231002,92,5,3,3,3,3,0.0,Completed,1,81.0
956,TR001028,20231002,20231002,443,2,1,12,12,12,2500000.0,Completed,1,72.0
957,TR001191,20231002,20231002,513,7,1,9,6,6,0.0,Completed,1,73.0
958,TR000699,20231003,20231003,302,1,1,9,6,0,0.0,Not Completed,0,
959,TR001173,20231003,20231004,506,3,1,15,16,16,3500000.0,Completed,1,80.0
960,TR001158,20231004,20231004,500,2,2,2,4,4,0.0,Completed,1,81.0
961,TR000060,20231005,20231005,30,1,3,1,4,4,0.0,Completed,1,85.0
962,TR000529,20231005,20231005,233,8,2,1,4,4,0.0,Completed,1,71.0
963,TR001163,20231005,20231005,502,1,6,9,6,0,0.0,Not Completed,0,
964,TR001255,20231005,20231005,537,7,1,13,6,0,200000.0,Not Completed,0,
965,TR000294,20231006,20231006,126,8,1,1,4,4,0.0,Completed,1,79.0
966,TR000066,20231007,20231007,32,8,3,1,4,4,0.0,Completed,1,92.0
967,TR000723,20231007,20231007,316,4,1,2,4,4,0.0,Completed,1,69.0
968,TR000250,20231008,20231009,108,4,3,5,16,16,3000000.0,Completed,1,92.0
969,TR000252,20231008,20231008,109,5,1,1,4,4,0.0,Completed,1,100.0
970,TR000563,20231008,20231008,247,7,1,2,4,4,0.0,Completed,1,91.0
971,TR000947,20231008,20231009,409,7,1,5,16,16,3000000.0,Completed,1,79.0
972,TR001101,20231008,20231008,476,7,1,13,6,6,200000.0,Completed,1,85.0
973,TR001188,20231008,20231008,512,7,1,2,4,4,0.0,Completed,1,74.0
974,TR000772,20231009,20231009,338,8,1,11,12,12,1800000.0,Completed,1,86.0
975,TR000402,20231010,20231010,179,1,1,3,3,3,0.0,Completed,1,78.0
976,TR000611,20231010,20231010,267,1,1,12,12,12,2500000.0,Completed,1,73.0
977,TR000987,20231010,20231010,428,8,6,9,6,6,0.0,Completed,1,90.0
978,TR001204,20231010,20231010,519,8,1,1,4,0,0.0,Not Completed,0,
979,TR000326,20231011,20231011,141,1,3,3,3,3,0.0,Completed,1,82.0
980,TR000588,20231011,20231011,257,3,1,2,4,4,0.0,Completed,1,85.0
981,TR001121,20231011,20231011,483,8,1,10,8,8,300000.0,Completed,1,74.0
982,TR001205,20231011,20231011,519,8,1,9,6,6,0.0,Completed,1,78.0
983,TR000157,20231012,20231014,73,3,1,14,24,24,1500000.0,Completed,1,94.0
984,TR000178,20231012,20231012,79,8,1,7,8,8,500000.0,Completed,1,73.0
985,TR000347,20231012,20231012,148,7,1,13,6,6,200000.0,Completed,1,91.0
986,TR000443,20231012,20231012,197,6,3,2,4,4,0.0,Completed,1,76.0
987,TR000478,20231012,20231012,210,7,1,2,4,4,0.0,Completed,1,85.0
988,TR000896,20231012,20231012,388,7,1,16,8,8,250000.0,Completed,1,72.0
989,TR000986,20231012,20231012,428,8,6,1,4,4,0.0,Completed,1,73.0
990,TR001304,20231012,20231012,557,1,1,9,6,6,0.0,Completed,1,83.0
991,TR000051,20231013,20231013,26,8,4,1,4,4,0.0,Completed,1,76.0
992,TR000430,20231013,20231013,189,3,1,10,8,8,300000.0,Completed,1,76.0
993,TR000803,20231013,20231013,349,7,4,7,8,8,500000.0,Completed,1,57.0
994,TR001006,20231013,20231013,435,8,3,2,4,4,0.0,Completed,1,87.0
995,TR001072,20231013,20231014,463,5,1,17,16,16,2000000.0,Completed,1,67.0
996,TR001097,20231013,20231013,474,6,1,3,3,0,0.0,Not Completed,0,
997,TR000095,20231014,20231014,42,2,4,2,4,4,0.0,Completed,1,87.0
998,TR000275,20231014,20231014,118,7,5,2,4,4,0.0,Completed,1,92.0
999,TR000725,20231014,20231014,316,4,1,7,8,8,500000.0,Completed,1,66.0
1000,TR000951,20231014,20231014,410,8,1,10,8,8,300000.0,Completed,1,81.0
1001,TR001063,20231014,20231014,459,7,1,16,8,8,250000.0,Completed,1,89.0
1002,TR000460,20231015,20231015,202,1,3,2,4,0,0.0,Not Completed,0,
1003,TR001253,20231016,20231017,536,3,1,15,16,16,3500000.0,Completed,1,79.0
1004,TR001265,20231016,20231016,541,8,1,1,4,4,0.0,Completed,1,80.0
1005,TR001275,20231016,20231017,546,2,1,4,16,16,1200000.0,Completed,1,75.0
1006,TR000628,20231017,20231017,273,3,1,2,4,4,0.0,Completed,1,81.0
1007,TR001252,20231017,20231017,536,3,1,18,12,12,4000000.0,Completed,1,92.0
1008,TR001257,20231017,20231018,538,3,3,5,16,0,3000000.0,Not Completed,0,
1009,TR000483,20231018,20231018,212,3,6,3,3,3,0.0,Completed,1,87.0
1010,TR000619,20231018,20231019,270,3,1,15,16,16,3500000.0,Completed,1,79.0
1011,TR001166,20231018,20231018,503,3,3,18,12,12,4000000.0,Completed,1,89.0
1012,TR000466,20231019,20231019,204,1,1,12,12,12,2500000.0,Completed,1,95.0
1013,TR000658,20231019,20231019,285,1,4,16,8,8,250000.0,Completed,1,80.0
1014,TR000781,20231019,20231019,341,1,1,3,3,0,0.0,Not Completed,0,
1015,TR000849,20231019,20231019,369,1,1,3,3,3,0.0,Completed,1,89.0
1016,TR001276,20231019,20231019,547,1,2,1,4,0,0.0,Not Completed,0,
1017,TR001277,20231019,20231019,547,1,2,10,8,8,300000.0,Completed,1,85.0
1018,TR000226,20231020,20231020,98,8,1,2,4,4,0.0,Completed,1,92.0
1019,TR000366,20231020,20231020,157,1,1,3,3,3,0.0,Completed,1,83.0
1020,TR000732,20231020,20231020,320,7,5,9,6,6,0.0,Completed,1,84.0
1021,TR001150,20231020,20231020,496,7,2,16,8,0,250000.0,Not Completed,0,
1022,TR001227,20231020,20231020,528,7,3,1,4,4,0.0,Completed,1,87.0
1023,TR000088,20231021,20231022,39,4,3,5,16,0,3000000.0,Not Completed,0,
1024,TR000199,20231021,20231021,86,3,1,13,6,6,200000.0,Completed,1,87.0
1025,TR000285,20231021,20231021,123,3,2,1,4,4,0.0,Completed,1,78.0
1026,TR000308,20231021,20231021,131,1,1,9,6,6,0.0,Completed,1,83.0
1027,TR001312,20231021,20231021,560,8,1,10,8,8,300000.0,Completed,1,69.0
1028,TR000296,20231022,20231022,126,8,1,11,12,0,1800000.0,Not Completed,0,
1029,TR000409,20231022,20231022,181,1,1,12,12,12,2500000.0,Completed,1,86.0
1030,TR001291,20231022,20231022,552,8,5,7,8,8,500000.0,Completed,1,82.0
1031,TR001305,20231022,20231022,558,6,1,2,4,4,0.0,Completed,1,74.0
1032,TR000116,20231023,20231023,54,8,2,10,8,8,300000.0,Completed,1,68.0
1033,TR000310,20231023,20231024,132,3,1,5,16,16,3000000.0,Completed,1,86.0
1034,TR000512,20231023,20231023,226,2,2,13,6,6,200000.0,Completed,1,88.0
1035,TR000847,20231023,20231023,368,1,1,12,12,12,2500000.0,Completed,1,80.0
1036,TR001198,20231023,20231023,516,7,2,13,6,6,200000.0,Completed,1,85.0
1037,TR001207,20231023,20231023,520,1,1,12,12,12,2500000.0,Completed,1,80.0
1038,TR001233,20231023,20231023,530,7,1,16,8,8,250000.0,Completed,1,86.0
1039,TR000063,20231024,20231024,30,1,3,13,6,0,200000.0,Not Completed,0,
1040,TR000589,20231024,20231025,257,3,1,15,16,16,3500000.0,Completed,1,92.0
1041,TR000094,20231025,20231025,41,7,1,13,6,6,200000.0,Completed,1,64.0
1042,TR000788,20231025,20231025,343,7,3,2,4,4,0.0,Completed,1,76.0
1043,TR001081,20231025,20231025,467,3,2,1,4,4,0.0,Completed,1,70.0
1044,TR000455,20231026,20231026,199,6,1,10,8,8,300000.0,Completed,1,83.0
1045,TR001259,20231026,20231028,538,3,3,14,24,24,1500000.0,Completed,1,85.0
1046,TR000641,20231027,20231028,279,3,3,15,16,16,3500000.0,Completed,1,82.0
1047,TR001069,20231027,20231028,462,2,1,17,16,16,2000000.0,Completed,1,80.0
1048,TR000025,20231028,20231028,13,2,2,2,4,4,0.0,Completed,1,60.0
1049,TR000531,20231028,20231028,233,8,2,10,8,8,300000.0,Completed,1,74.0
1050,TR001119,20231028,20231028,482,7,3,9,6,6,0.0,Completed,1,74.0
1051,TR000440,20231029,20231030,194,8,1,5,16,16,3000000.0,Completed,1,93.0
1052,TR000566,20231029,20231029,248,5,1,16,8,0,250000.0,Not Completed,0,
1053,TR000650,20231029,20231029,282,1,1,3,3,3,0.0,Completed,1,78.0
1054,TR000968,20231029,20231029,419,8,1,9,6,6,0.0,Completed,1,89.0
1055,TR001071,20231029,20231029,463,5,1,3,3,0,0.0,Not Completed,0,
1056,TR001306,20231029,20231030,558,6,1,17,16,16,2000000.0,Completed,1,79.0
1057,TR000697,20231030,20231030,301,8,1,9,6,6,0.0,Completed,1,79.0
1058,TR000801,20231030,20231030,349,7,4,16,8,8,250000.0,Completed,1,73.0
1059,TR001099,20231030,20231030,476,7,1,2,4,4,0.0,Completed,1,73.0
1060,TR001260,20231030,20231031,538,3,3,15,16,16,3500000.0,Completed,1,71.0
1061,TR001266,20231030,20231030,542,8,4,1,4,4,0.0,Completed,1,82.0
1062,TR001279,20231030,20231030,548,1,5,10,8,0,300000.0,Not Completed,0,
1063,TR000202,20231031,20231031,88,1,5,13,6,6,200000.0,Completed,1,68.0
1064,TR001154,20231031,20231031,498,7,6,3,3,3,0.0,Completed,1,95.0
1065,TR001209,20231031,20231031,520,1,1,10,8,8,300000.0,Completed,1,71.0
1066,TR000242,20231101,20231101,105,8,3,2,4,0,0.0,Not Completed,0,
1067,TR000324,20231101,20231101,140,8,1,11,12,12,1800000.0,Completed,1,69.0
1068,TR000405,20231101,20231101,179,1,1,16,8,8,250000.0,Completed,1,89.0
1069,TR000543,20231101,20231101,239,2,4,1,4,4,0.0,Completed,1,70.0
1070,TR000811,20231101,20231101,354,7,1,2,4,4,0.0,Completed,1,80.0
1071,TR001262,20231101,20231102,539,2,4,4,16,16,1200000.0,Completed,1,70.0
1072,TR001302,20231101,20231101,557,1,1,1,4,4,0.0,Completed,1,76.0
1073,TR000158,20231102,20231102,73,3,1,18,12,12,4000000.0,Completed,1,84.0
1074,TR001278,20231102,20231102,548,1,5,2,4,0,0.0,Not Completed,0,
1075,TR001313,20231102,20231102,560,8,1,11,12,12,1800000.0,Completed,1,91.0
1076,TR000464,20231103,20231103,204,1,1,1,4,4,0.0,Completed,1,73.0
1077,TR000769,20231103,20231103,336,1,1,1,4,4,0.0,Completed,1,83.0
1078,TR001019,20231103,20231103,440,7,3,3,3,0,0.0,Not Completed,0,
1079,TR000006,20231104,20231105,3,5,1,5,16,0,3000000.0,Not Completed,0,
1080,TR000080,20231104,20231104,37,1,1,7,8,8,500000.0,Completed,1,86.0
1081,TR000292,20231104,20231104,125,7,1,13,6,6,200000.0,Completed,1,91.0
1082,TR000759,20231104,20231104,331,3,3,3,3,3,0.0,Completed,1,85.0
1083,TR000901,20231104,20231104,391,7,3,10,8,8,300000.0,Completed,1,89.0
1084,TR001218,20231104,20231104,524,7,1,2,4,0,0.0,Not Completed,0,
1085,TR001345,20231104,20231104,575,1,4,2,4,4,0.0,Completed,1,78.0
1086,TR000290,20231105,20231106,124,8,6,5,16,16,3000000.0,Completed,1,77.0
1087,TR000421,20231105,20231105,186,7,2,1,4,4,0.0,Completed,1,83.0
1088,TR000493,20231105,20231105,217,5,1,1,4,4,0.0,Completed,1,76.0
1089,TR000731,20231105,20231105,320,7,5,3,3,0,0.0,Not Completed,0,
1090,TR001007,20231105,20231106,435,8,3,5,16,16,3000000.0,Completed,1,80.0
1091,TR001314,20231105,20231105,560,8,1,9,6,6,0.0,Completed,1,73.0
1092,TR001315,20231105,20231105,560,8,1,13,6,6,200000.0,Completed,1,79.0
1093,TR000087,20231106,20231108,39,4,3,14,24,24,1500000.0,Completed,1,94.0
1094,TR000259,20231106,20231106,112,2,3,3,3,3,0.0,Completed,1,75.0
1095,TR000605,20231106,20231106,264,1,6,13,6,6,200000.0,Completed,1,76.0
1096,TR001246,20231106,20231106,534,8,1,1,4,4,0.0,Completed,1,79.0
1097,TR000301,20231107,20231107,128,4,2,16,8,8,250000.0,Completed,1,84.0
1098,TR000322,20231107,20231107,139,7,4,2,4,4,0.0,Completed,1,80.0
1099,TR000527,20231107,20231107,232,3,1,18,12,12,4000000.0,Completed,1,76.0
1100,TR000834,20231107,20231107,363,3,1,18,12,12,4000000.0,Completed,1,85.0
1101,TR001067,20231107,20231108,461,4,1,5,16,16,3000000.0,Completed,1,78.0
1102,TR001261,20231107,20231107,539,2,4,1,4,4,0.0,Completed,1,83.0
1103,TR000538,20231108,20231108,236,6,1,13,6,6,200000.0,Completed,1,98.0
1104,TR001283,20231108,20231108,549,1,1,9,6,6,0.0,Completed,1,76.0
1105,TR001074,20231109,20231109,464,7,4,2,4,0,0.0,Not Completed,0,
1106,TR001236,20231109,20231109,531,1,1,12,12,12,2500000.0,Completed,1,76.0
1107,TR001353,20231109,20231109,578,3,3,3,3,3,0.0,Completed,1,96.0
1108,TR000735,20231110,20231110,321,1,1,16,8,8,250000.0,Completed,1,72.0
1109,TR000747,20231110,20231110,327,7,1,1,4,4,0.0,Completed,1,75.0
1110,TR000996,20231110,20231111,431,3,2,5,16,16,3000000.0,Completed,1,78.0
1111,TR001234,20231110,20231110,530,7,1,7,8,8,500000.0,Completed,1,88.0
1112,TR000297,20231111,20231111,127,1,6,2,4,4,0.0,Completed,1,80.0
1113,TR000442,20231111,20231111,196,7,6,1,4,4,0.0,Completed,1,80.0
1114,TR000099,20231112,20231112,45,7,1,3,3,3,0.0,Completed,1,76.0
1115,TR001062,20231112,20231112,459,7,1,3,3,0,0.0,Not Completed,0,
1116,TR001157,20231112,20231112,499,1,5,3,3,3,0.0,Completed,1,73.0
1117,TR001164,20231112,20231112,503,3,3,1,4,0,0.0,Not Completed,0,
1118,TR001192,20231112,20231112,514,1,6,1,4,4,0.0,Completed,1,73.0
1119,TR001216,20231112,20231112,523,8,1,1,4,4,0.0,Completed,1,90.0
1120,TR001292,20231112,20231112,553,3,1,3,3,3,0.0,Completed,1,77.0
1121,TR001301,20231112,20231113,556,2,6,5,16,16,3000000.0,Completed,1,84.0
1122,TR000299,20231113,20231113,127,1,6,16,8,8,250000.0,Completed,1,92.0
1123,TR000939,20231113,20231113,406,3,2,3,3,3,0.0,Completed,1,78.0
1124,TR000211,20231114,20231114,91,7,1,13,6,6,200000.0,Completed,1,88.0
1125,TR000511,20231114,20231115,226,2,2,4,16,16,1200000.0,Completed,1,82.0
1126,TR001124,20231114,20231114,484,6,1,10,8,8,300000.0,Completed,1,64.0
1127,TR001240,20231114,20231114,532,6,1,10,8,8,300000.0,Completed,1,80.0
1128,TR001242,20231114,20231114,533,4,1,2,4,4,0.0,Completed,1,73.0
1129,TR001247,20231114,20231114,535,5,3,3,3,3,0.0,Completed,1,86.0
1130,TR001300,20231114,20231115,556,2,6,4,16,16,1200000.0,Completed,1,75.0
1131,TR000219,20231115,20231115,95,1,2,9,6,6,0.0,Completed,1,93.0
1132,TR000626,20231115,20231115,272,4,1,2,4,4,0.0,Completed,1,87.0
1133,TR000700,20231115,20231115,303,1,1,1,4,4,0.0,Completed,1,98.0
1134,TR001203,20231115,20231115,518,2,2,16,8,8,250000.0,Completed,1,88.0
1135,TR000028,20231116,20231117,13,2,2,17,16,16,2000000.0,Completed,1,79.0
1136,TR000414,20231116,20231116,182,7,1,13,6,6,200000.0,Completed,1,82.0
1137,TR000503,20231116,20231116,223,1,3,3,3,3,0.0,Completed,1,98.0
1138,TR001196,20231116,20231116,515,2,1,12,12,12,2500000.0,Completed,1,70.0
1139,TR000209,20231117,20231117,91,7,1,1,4,4,0.0,Completed,1,87.0
1140,TR000271,20231117,20231117,116,1,1,9,6,6,0.0,Completed,1,71.0
1141,TR000795,20231117,20231117,346,1,3,16,8,8,250000.0,Completed,1,87.0
1142,TR001059,20231117,20231117,457,7,3,2,4,4,0.0,Completed,1,89.0
1143,TR001320,20231117,20231117,563,8,5,10,8,8,300000.0,Completed,1,77.0
1144,TR001338,20231117,20231117,571,6,6,1,4,4,0.0,Completed,1,87.0
1145,TR001169,20231118,20231119,504,7,3,5,16,16,3000000.0,Completed,1,73.0
1146,TR000147,20231119,20231120,69,5,6,17,16,16,2000000.0,Completed,1,79.0
1147,TR001079,20231119,20231119,466,7,4,16,8,8,250000.0,Completed,1,87.0
1148,TR001148,20231119,20231119,496,7,2,3,3,3,0.0,Completed,1,91.0
1149,TR001160,20231119,20231119,501,8,4,2,4,0,0.0,Not Completed,0,
1150,TR001202,20231119,20231119,518,2,2,2,4,4,0.0,Completed,1,100.0
1151,TR001317,20231119,20231120,561,2,1,4,16,0,1200000.0,Not Completed,0,
1152,TR000353,20231120,20231120,151,8,3,3,3,3,0.0,Completed,1,83.0
1153,TR000491,20231120,20231121,215,4,1,5,16,16,3000000.0,Completed,1,84.0
1154,TR001147,20231120,20231121,495,3,2,15,16,16,3500000.0,Completed,1,81.0
1155,TR001325,20231120,20231122,566,4,5,14,24,24,1500000.0,Completed,1,82.0
1156,TR000044,20231121,20231122,21,7,5,5,16,16,3000000.0,Completed,1,89.0
1157,TR000181,20231121,20231121,80,7,2,7,8,8,500000.0,Completed,1,86.0
1158,TR000193,20231121,20231121,85,7,1,3,3,3,0.0,Completed,1,85.0
1159,TR000780,20231121,20231121,340,8,5,11,12,0,1800000.0,Not Completed,0,
1160,TR000833,20231121,20231123,363,3,1,14,24,24,1500000.0,Completed,1,85.0
1161,TR001156,20231121,20231121,498,7,6,16,8,8,250000.0,Completed,1,84.0
1162,TR001296,20231121,20231121,554,1,5,9,6,6,0.0,Completed,1,84.0
1163,TR001307,20231121,20231121,559,8,1,3,3,3,0.0,Completed,1,77.0
1164,TR001269,20231122,20231122,544,6,1,1,4,4,0.0,Completed,1,72.0
1165,TR001271,20231122,20231122,545,4,2,2,4,4,0.0,Completed,1,89.0
1166,TR000385,20231123,20231123,169,1,1,2,4,4,0.0,Completed,1,70.0
1167,TR000412,20231123,20231123,182,7,1,2,4,0,0.0,Not Completed,0,
1168,TR000636,20231123,20231123,278,3,1,18,12,12,4000000.0,Completed,1,91.0
1169,TR001025,20231123,20231123,442,8,2,10,8,8,300000.0,Completed,1,80.0
1170,TR001174,20231123,20231123,507,2,1,1,4,4,0.0,Completed,1,80.0
1171,TR001223,20231123,20231123,526,8,1,9,6,6,0.0,Completed,1,87.0
1172,TR001228,20231123,20231124,528,7,3,5,16,16,3000000.0,Completed,1,88.0
1173,TR001248,20231123,20231123,535,5,3,16,8,8,250000.0,Completed,1,72.0
1174,TR001319,20231123,20231123,563,8,5,3,3,3,0.0,Completed,1,82.0
1175,TR001331,20231123,20231125,568,3,5,14,24,24,1500000.0,Completed,1,67.0
1176,TR001346,20231123,20231123,576,7,1,3,3,3,0.0,Completed,1,76.0
1177,TR000497,20231124,20231124,220,8,1,1,4,0,0.0,Not Completed,0,
1178,TR001226,20231124,20231127,527,3,1,6,32,32,7500000.0,Completed,1,86.0
1179,TR000137,20231125,20231125,65,3,1,16,8,0,250000.0,Not Completed,0,
1180,TR000441,20231125,20231125,195,7,1,1,4,4,0.0,Completed,1,77.0
1181,TR000468,20231125,20231125,205,8,4,9,6,6,0.0,Completed,1,86.0
1182,TR000765,20231125,20231125,333,8,1,11,12,12,1800000.0,Completed,1,81.0
1183,TR000837,20231125,20231125,365,8,1,1,4,4,0.0,Completed,1,66.0
1184,TR000885,20231125,20231126,384,3,1,5,16,16,3000000.0,Completed,1,90.0
1185,TR001343,20231125,20231125,574,5,5,1,4,4,0.0,Completed,1,78.0
1186,TR001117,20231126,20231126,482,7,3,3,3,3,0.0,Completed,1,91.0
1187,TR000352,20231127,20231127,150,7,5,13,6,6,200000.0,Completed,1,94.0
1188,TR000472,20231127,20231127,207,8,2,3,3,3,0.0,Completed,1,71.0
1189,TR000518,20231127,20231127,228,5,2,3,3,3,0.0,Completed,1,79.0
1190,TR000821,20231127,20231127,357,3,1,3,3,3,0.0,Completed,1,83.0
1191,TR000994,20231127,20231127,430,1,1,7,8,8,500000.0,Completed,1,74.0
1192,TR001286,20231127,20231127,551,8,2,2,4,4,0.0,Completed,1,86.0
1193,TR001318,20231127,20231127,562,1,1,1,4,4,0.0,Completed,1,76.0
1194,TR001332,20231127,20231127,569,8,1,2,4,4,0.0,Completed,1,86.0
1195,TR001347,20231127,20231127,576,7,1,16,8,8,250000.0,Completed,1,78.0
1196,TR000117,20231128,20231128,55,8,1,1,4,4,0.0,Completed,1,93.0
1197,TR000334,20231128,20231128,143,7,4,16,8,8,250000.0,Completed,1,88.0
1198,TR000363,20231128,20231128,155,4,2,2,4,0,0.0,Not Completed,0,
1199,TR000453,20231128,20231128,198,6,6,13,6,0,200000.0,Not Completed,0,
1200,TR001066,20231128,20231128,461,4,1,3,3,3,0.0,Completed,1,84.0
1201,TR001215,20231128,20231128,522,7,1,9,6,6,0.0,Completed,1,80.0
1202,TR001243,20231128,20231130,533,4,1,14,24,24,1500000.0,Completed,1,69.0
1203,TR001288,20231128,20231128,552,8,5,9,6,6,0.0,Completed,1,84.0
1204,TR001321,20231128,20231128,564,1,1,2,4,4,0.0,Completed,1,99.0
1205,TR000155,20231129,20231129,73,3,1,3,3,3,0.0,Completed,1,71.0
1206,TR000395,20231129,20231129,175,8,3,2,4,4,0.0,Completed,1,76.0
1207,TR000630,20231129,20231129,274,7,5,13,6,6,200000.0,Completed,1,93.0
1208,TR001339,20231129,20231129,572,3,1,3,3,3,0.0,Completed,1,72.0
1209,TR000234,20231130,20231130,102,7,1,2,4,4,0.0,Completed,1,84.0
1210,TR000386,20231130,20231130,169,1,1,10,8,8,300000.0,Completed,1,78.0
1211,TR000449,20231130,20231130,198,6,6,2,4,4,0.0,Completed,1,62.0
1212,TR000584,20231130,20231130,255,1,3,9,6,6,0.0,Completed,1,94.0
1213,TR000982,20231130,20231130,426,3,6,1,4,4,0.0,Completed,1,69.0
1214,TR000995,20231130,20231130,431,3,2,1,4,0,0.0,Not Completed,0,
1215,TR001350,20231130,20231130,577,7,2,1,4,4,0.0,Completed,1,84.0
1216,TR000027,20231201,20231201,13,2,2,12,12,12,2500000.0,Completed,1,86.0
1217,TR000057,20231201,20231201,28,2,1,3,3,3,0.0,Completed,1,82.0
1218,TR000241,20231201,20231202,104,2,1,17,16,16,2000000.0,Completed,1,89.0
1219,TR000924,20231201,20231201,400,7,3,9,6,6,0.0,Completed,1,84.0
1220,TR001045,20231201,20231201,452,3,2,2,4,4,0.0,Completed,1,81.0
1221,TR001330,20231201,20231201,568,3,5,18,12,12,4000000.0,Completed,1,73.0
1222,TR000674,20231202,20231204,291,3,1,14,24,24,1500000.0,Completed,1,91.0
1223,TR000709,20231202,20231202,308,6,3,3,3,3,0.0,Completed,1,84.0
1224,TR000886,20231202,20231202,385,7,6,2,4,4,0.0,Completed,1,87.0
1225,TR000970,20231202,20231202,420,5,2,2,4,4,0.0,Completed,1,92.0
1226,TR000346,20231203,20231203,148,7,1,1,4,4,0.0,Completed,1,81.0
1227,TR001348,20231204,20231204,576,7,1,9,6,6,0.0,Completed,1,79.0
1228,TR001370,20231204,20231204,584,3,3,18,12,12,4000000.0,Completed,1,95.0
1229,TR000417,20231205,20231205,184,8,1,1,4,4,0.0,Completed,1,79.0
1230,TR000553,20231205,20231205,243,7,1,9,6,6,0.0,Completed,1,75.0
1231,TR000888,20231205,20231205,385,7,6,16,8,8,250000.0,Completed,1,88.0
1232,TR000983,20231205,20231205,427,1,6,2,4,4,0.0,Completed,1,88.0
1233,TR001295,20231205,20231205,554,1,5,3,3,3,0.0,Completed,1,99.0
1234,TR001349,20231205,20231205,576,7,1,13,6,6,200000.0,Completed,1,77.0
1235,TR001351,20231205,20231205,577,7,2,13,6,6,200000.0,Completed,1,70.0
1236,TR001373,20231205,20231205,585,1,6,9,6,6,0.0,Completed,1,90.0
1237,TR000812,20231206,20231206,354,7,1,9,6,6,0.0,Completed,1,89.0
1238,TR000851,20231206,20231206,370,4,1,2,4,4,0.0,Completed,1,85.0
1239,TR001329,20231206,20231206,568,3,5,3,3,0,0.0,Not Completed,0,
1240,TR001352,20231206,20231206,577,7,2,10,8,8,300000.0,Completed,1,78.0
1241,TR000836,20231207,20231207,364,7,3,1,4,4,0.0,Completed,1,79.0
1242,TR001159,20231207,20231208,500,2,2,4,16,16,1200000.0,Completed,1,87.0
1243,TR001335,20231207,20231207,570,7,1,3,3,3,0.0,Completed,1,64.0
1244,TR001341,20231207,20231208,573,4,5,17,16,16,2000000.0,Completed,1,72.0
1245,TR001342,20231207,20231209,573,4,5,14,24,0,1500000.0,Not Completed,0,
1246,TR000902,20231208,20231208,392,8,1,3,3,3,0.0,Completed,1,86.0
1247,TR000954,20231208,20231208,412,1,1,1,4,4,0.0,Completed,1,97.0
1248,TR001239,20231208,20231209,532,6,1,17,16,0,2000000.0,Not Completed,0,
1249,TR001334,20231208,20231208,569,8,1,7,8,8,500000.0,Completed,1,75.0
1250,TR001369,20231208,20231209,584,3,3,15,16,16,3500000.0,Completed,1,86.0
1251,TR000426,20231209,20231210,188,4,1,17,16,16,2000000.0,Completed,1,72.0
1252,TR001293,20231209,20231209,553,3,1,18,12,12,4000000.0,Completed,1,84.0
1253,TR001336,20231209,20231209,570,7,1,16,8,8,250000.0,Completed,1,85.0
1254,TR000201,20231210,20231210,88,1,5,3,3,3,0.0,Completed,1,70.0
1255,TR000236,20231210,20231210,102,7,1,13,6,6,200000.0,Completed,1,73.0
1256,TR000424,20231210,20231210,187,8,3,10,8,8,300000.0,Completed,1,75.0
1257,TR000871,20231210,20231210,377,6,2,10,8,8,300000.0,Completed,1,88.0
1258,TR001035,20231210,20231210,446,8,4,9,6,6,0.0,Completed,1,88.0
1259,TR001282,20231210,20231210,549,1,1,10,8,8,300000.0,Completed,1,85.0
1260,TR001328,20231210,20231210,567,8,6,3,3,3,0.0,Completed,1,89.0
1261,TR000714,20231211,20231211,311,3,1,3,3,0,0.0,Not Completed,0,
1262,TR000985,20231211,20231211,427,1,6,12,12,12,2500000.0,Completed,1,73.0
1263,TR001235,20231211,20231211,531,1,1,2,4,0,0.0,Not Completed,0,
1264,TR001263,20231211,20231211,540,3,1,3,3,3,0.0,Completed,1,66.0
1265,TR001298,20231211,20231211,555,8,2,16,8,0,250000.0,Not Completed,0,
1266,TR001340,20231211,20231211,573,4,5,2,4,4,0.0,Completed,1,69.0
1267,TR000550,20231212,20231212,242,8,1,3,3,3,0.0,Completed,1,78.0
1268,TR000741,20231212,20231212,325,1,3,2,4,4,0.0,Completed,1,84.0
1269,TR001254,20231212,20231212,537,7,1,2,4,4,0.0,Completed,1,67.0
1270,TR001267,20231212,20231212,542,8,4,11,12,0,1800000.0,Not Completed,0,
1271,TR000043,20231213,20231213,21,7,5,3,3,3,0.0,Completed,1,89.0
1272,TR000824,20231213,20231213,359,3,1,3,3,3,0.0,Completed,1,81.0
1273,TR000853,20231213,20231214,370,4,1,5,16,16,3000000.0,Completed,1,95.0
1274,TR001073,20231213,20231213,463,5,1,13,6,0,200000.0,Not Completed,0,
1275,TR001219,20231213,20231213,524,7,1,13,6,6,200000.0,Completed,1,81.0
1276,TR001385,20231213,20231213,589,1,1,10,8,8,300000.0,Completed,1,79.0
1277,TR000106,20231214,20231214,49,3,1,3,3,3,0.0,Completed,1,77.0
1278,TR000889,20231214,20231214,385,7,6,13,6,6,200000.0,Completed,1,76.0
1279,TR000922,20231214,20231214,400,7,3,2,4,0,0.0,Not Completed,0,
1280,TR001009,20231214,20231215,436,3,3,15,16,16,3500000.0,Completed,1,80.0
1281,TR001016,20231214,20231214,438,1,2,9,6,6,0.0,Completed,1,86.0
1282,TR001250,20231214,20231214,536,3,1,2,4,4,0.0,Completed,1,88.0
1283,TR001377,20231214,20231214,587,1,1,3,3,3,0.0,Completed,1,78.0
1284,TR000143,20231215,20231215,67,7,6,9,6,6,0.0,Completed,1,87.0
1285,TR000510,20231215,20231215,226,2,2,12,12,12,2500000.0,Completed,1,80.0
1286,TR000935,20231215,20231215,405,3,1,1,4,4,0.0,Completed,1,87.0
1287,TR000977,20231215,20231215,423,4,5,1,4,4,0.0,Completed,1,64.0
1288,TR001165,20231215,20231216,503,3,3,15,16,16,3500000.0,Completed,1,85.0
1289,TR001182,20231215,20231215,509,7,1,10,8,0,300000.0,Not Completed,0,
1290,TR001363,20231215,20231216,581,3,5,15,16,0,3500000.0,Not Completed,0,
1291,TR000096,20231216,20231216,43,5,1,3,3,0,0.0,Not Completed,0,
1292,TR001326,20231216,20231217,566,4,5,17,16,16,2000000.0,Completed,1,84.0
1293,TR001376,20231216,20231216,586,1,3,16,8,8,250000.0,Completed,1,91.0
1294,TR000026,20231217,20231218,13,2,2,4,16,16,1200000.0,Completed,1,90.0
1295,TR000598,20231217,20231217,262,7,1,1,4,4,0.0,Completed,1,78.0
1296,TR001141,20231217,20231217,492,8,5,1,4,4,0.0,Completed,1,72.0
1297,TR001297,20231217,20231217,555,8,2,1,4,4,0.0,Completed,1,87.0
1298,TR001309,20231217,20231217,559,8,1,11,12,0,1800000.0,Not Completed,0,
1299,TR001316,20231217,20231217,561,2,1,2,4,4,0.0,Completed,1,70.0
1300,TR001384,20231217,20231217,589,1,1,9,6,6,0.0,Completed,1,91.0
1301,TR000210,20231218,20231218,91,7,1,9,6,6,0.0,Completed,1,75.0
1302,TR000862,20231218,20231218,373,2,1,12,12,12,2500000.0,Completed,1,90.0
1303,TR000958,20231218,20231218,413,8,3,13,6,6,200000.0,Completed,1,72.0
1304,TR001281,20231218,20231218,549,1,1,12,12,12,2500000.0,Completed,1,88.0
1305,TR001294,20231218,20231220,553,3,1,14,24,24,1500000.0,Completed,1,65.0
1306,TR001324,20231218,20231218,566,4,5,3,3,3,0.0,Completed,1,74.0
1307,TR001366,20231218,20231218,583,6,5,3,3,0,0.0,Not Completed,0,
1308,TR001140,20231219,20231219,491,8,3,3,3,3,0.0,Completed,1,72.0
1309,TR001333,20231219,20231219,569,8,1,9,6,6,0.0,Completed,1,78.0
1310,TR001372,20231219,20231219,585,1,6,1,4,4,0.0,Completed,1,91.0
1311,TR001383,20231219,20231219,589,1,1,2,4,4,0.0,Completed,1,86.0
1312,TR000138,20231220,20231220,66,1,4,3,3,0,0.0,Not Completed,0,
1313,TR000770,20231220,20231220,337,3,1,3,3,3,0.0,Completed,1,73.0
1314,TR000864,20231220,20231220,374,1,5,2,4,4,0.0,Completed,1,79.0
1315,TR001058,20231220,20231220,456,1,3,12,12,12,2500000.0,Completed,1,87.0
1316,TR001251,20231220,20231221,536,3,1,5,16,16,3000000.0,Completed,1,58.0
1317,TR001327,20231220,20231220,566,4,5,13,6,6,200000.0,Completed,1,92.0
1318,TR000643,20231221,20231221,280,2,1,12,12,12,2500000.0,Completed,1,84.0
1319,TR000660,20231221,20231221,286,1,1,12,12,12,2500000.0,Completed,1,91.0
1320,TR000671,20231221,20231221,290,3,1,1,4,4,0.0,Completed,1,83.0
1321,TR001030,20231221,20231221,444,1,1,2,4,0,0.0,Not Completed,0,
1322,TR001311,20231221,20231221,560,8,1,3,3,0,0.0,Not Completed,0,
1323,TR001378,20231221,20231221,587,1,1,10,8,8,300000.0,Completed,1,82.0
1324,TR001382,20231221,20231221,588,8,5,10,8,8,300000.0,Completed,1,82.0
1325,TR001064,20231222,20231222,460,2,1,1,4,4,0.0,Completed,1,80.0
1326,TR001100,20231222,20231222,476,7,1,9,6,6,0.0,Completed,1,81.0
1327,TR001308,20231222,20231222,559,8,1,10,8,8,300000.0,Completed,1,83.0
1328,TR001375,20231222,20231222,586,1,3,2,4,4,0.0,Completed,1,96.0
1329,TR000230,20231223,20231223,99,7,6,9,6,6,0.0,Completed,1,94.0
1330,TR000572,20231223,20231223,250,1,1,2,4,4,0.0,Completed,1,86.0
1331,TR001206,20231223,20231223,520,1,1,3,3,3,0.0,Completed,1,88.0
1332,TR001232,20231223,20231223,530,7,1,2,4,4,0.0,Completed,1,76.0
1333,TR001371,20231223,20231224,584,3,3,5,16,16,3000000.0,Completed,1,76.0
1334,TR000012,20231224,20231224,5,8,1,9,6,6,0.0,Completed,1,80.0
1335,TR000237,20231224,20231224,103,7,2,3,3,0,0.0,Not Completed,0,
1336,TR000678,20231224,20231224,292,7,2,16,8,8,250000.0,Completed,1,88.0
1337,TR000734,20231224,20231224,321,1,1,2,4,4,0.0,Completed,1,77.0
1338,TR001299,20231224,20231224,556,2,6,3,3,3,0.0,Completed,1,61.0
1339,TR001303,20231224,20231224,557,1,1,10,8,8,300000.0,Completed,1,93.0
1340,TR001354,20231224,20231225,578,3,3,5,16,16,3000000.0,Completed,1,82.0
1341,TR000102,20231225,20231225,48,7,5,3,3,3,0.0,Completed,1,84.0
1342,TR000706,20231225,20231225,306,1,6,10,8,8,300000.0,Completed,1,88.0
1343,TR000938,20231225,20231225,405,3,1,13,6,6,200000.0,Completed,1,92.0
1344,TR001225,20231225,20231226,527,3,1,15,16,0,3500000.0,Not Completed,0,
1345,TR001386,20231225,20231225,589,1,1,12,12,12,2500000.0,Completed,1,100.0
1346,TR000131,20231226,20231226,63,3,5,1,4,0,0.0,Not Completed,0,
1347,TR000136,20231226,20231228,65,3,1,14,24,24,1500000.0,Completed,1,78.0
1348,TR000081,20231227,20231227,38,3,1,1,4,4,0.0,Completed,1,81.0
1349,TR000288,20231227,20231227,124,8,6,3,3,3,0.0,Completed,1,72.0
1350,TR000830,20231227,20231227,361,1,6,10,8,8,300000.0,Completed,1,73.0
1351,TR000957,20231227,20231227,413,8,3,9,6,0,0.0,Not Completed,0,
1352,TR001310,20231227,20231228,559,8,1,5,16,16,3000000.0,Completed,1,67.0
1353,TR001359,20231227,20231227,580,2,5,12,12,12,2500000.0,Completed,1,80.0
1354,TR001367,20231227,20231228,583,6,5,17,16,16,2000000.0,Completed,1,83.0
1355,TR001374,20231227,20231227,585,1,6,13,6,6,200000.0,Completed,1,82.0
1356,TR000054,20231228,20231230,27,3,1,14,24,24,1500000.0,Completed,1,79.0
1357,TR000474,20231228,20231231,208,3,2,6,32,32,7500000.0,Completed,1,64.0
1358,TR000573,20231228,20231228,251,1,1,3,3,3,0.0,Completed,1,85.0
1359,TR000627,20231228,20231231,272,4,1,6,32,32,7500000.0,Completed,1,79.0
1360,TR000707,20231228,20231228,306,1,6,12,12,12,2500000.0,Completed,1,77.0
1361,TR001027,20231228,20231229,443,2,1,4,16,16,1200000.0,Completed,1,88.0
1362,TR001134,20231228,20231228,488,7,1,9,6,6,0.0,Completed,1,71.0
1363,TR001289,20231228,20231228,552,8,5,11,12,12,1800000.0,Completed,1,90.0
1364,TR001322,20231228,20231228,564,1,1,12,12,12,2500000.0,Completed,1,89.0
1365,TR001337,20231228,20231228,570,7,1,13,6,6,200000.0,Completed,1,81.0
1366,TR001379,20231228,20231228,587,1,1,9,6,6,0.0,Completed,1,78.0
1367,TR001381,20231228,20231228,588,8,5,9,6,6,0.0,Completed,1,87.0
1368,TR000238,20231229,20231229,103,7,2,9,6,6,0.0,Completed,1,90.0
1369,TR001238,20231229,20231229,532,6,1,3,3,3,0.0,Completed,1,85.0
1370,TR001323,20231229,20231229,565,2,1,2,4,4,0.0,Completed,1,93.0
1371,TR001357,20231229,20231230,579,8,6,5,16,16,3000000.0,Completed,1,79.0
1372,TR001362,20231229,20231229,581,3,5,18,12,12,4000000.0,Completed,1,72.0
1373,TR000410,20231230,20231230,181,1,1,9,6,6,0.0,Completed,1,94.0
1374,TR000599,20231230,20231230,262,7,1,9,6,6,0.0,Completed,1,81.0
1375,TR001040,20231230,20231230,450,8,1,3,3,3,0.0,Completed,1,92.0
1376,TR001105,20231230,20231230,478,3,4,18,12,12,4000000.0,Completed,1,73.0
1377,TR001344,20231230,20231231,574,5,5,17,16,16,2000000.0,Completed,1,75.0
1378,TR001355,20231230,20231230,579,8,6,3,3,0,0.0,Not Completed,0,
1379,TR001356,20231230,20231230,579,8,6,11,12,12,1800000.0,Completed,1,76.0
1380,TR001358,20231230,20231230,580,2,5,1,4,0,0.0,Not Completed,0,
1381,TR001360,20231230,20231230,581,3,5,2,4,4,0.0,Completed,1,64.0
1382,TR001361,20231230,20240101,581,3,5,14,24,24,1500000.0,Completed,1,87.0
1383,TR001368,20231230,20231230,584,3,3,2,4,4,0.0,Completed,1,97.0
1384,TR001380,20231230,20231230,588,8,5,3,3,0,0.0,Not Completed,0,
1385,TR001387,20231230,20231230,590,8,3,3,3,0,0.0,Not Completed,0,
1386,TR001388,20231230,20231230,591,1,2,3,3,3,0.0,Completed,1,69.0
1387,TR001389,20231230,20231230,591,1,2,9,6,6,0.0,Completed,1,80.0
1388,TR001390,20231230,20231230,591,1,2,16,8,8,250000.0,Completed,1,84.0
1389,TR001364,20231231,20231231,582,1,1,2,4,4,0.0,Completed,1,81.0
1390,TR001365,20231231,20240101,582,1,1,5,16,16,3000000.0,Completed,1,73.0
1391,TR001411,20240101,20240101,15,4,1,1,4,4,0.0,Completed,1,83.0
1392,TR001910,20240101,20240101,270,3,1,3,3,3,0.0,Completed,1,89.0
1393,TR001951,20240101,20240101,291,3,1,18,12,12,4000000.0,Completed,1,91.0
1394,TR002027,20240101,20240101,329,7,2,3,3,3,0.0,Completed,1,75.0
1395,TR002538,20240101,20240101,570,7,1,3,3,3,0.0,Completed,1,76.0
1396,TR001712,20240102,20240102,170,1,6,3,3,3,0.0,Completed,1,63.0
1397,TR002418,20240102,20240102,515,2,1,13,6,6,200000.0,Completed,1,79.0
1398,TR002435,20240102,20240102,526,8,1,9,6,6,0.0,Completed,1,90.0
1399,TR002554,20240102,20240102,575,1,4,16,8,0,250000.0,Not Completed,0,
1400,TR001516,20240103,20240103,64,7,1,3,3,3,0.0,Completed,1,88.0
1401,TR001970,20240103,20240103,301,8,1,11,12,12,1800000.0,Completed,1,82.0
1402,TR002157,20240103,20240103,396,1,1,3,3,3,0.0,Completed,1,81.0
1403,TR002284,20240103,20240103,456,1,3,1,4,4,0.0,Completed,1,74.0
1404,TR002314,20240103,20240103,469,7,1,13,6,6,200000.0,Completed,1,85.0
1405,TR002412,20240103,20240104,513,7,1,5,16,0,3000000.0,Not Completed,0,
1406,TR002563,20240103,20240103,579,8,6,9,6,6,0.0,Completed,1,88.0
1407,TR002564,20240103,20240103,579,8,6,11,12,12,1800000.0,Completed,1,83.0
1408,TR001666,20240104,20240104,141,1,3,10,8,8,300000.0,Completed,1,78.0
1409,TR002567,20240104,20240104,581,3,5,3,3,3,0.0,Completed,1,79.0
1410,TR001811,20240105,20240105,223,1,3,12,12,12,2500000.0,Completed,1,78.0
1411,TR001817,20240105,20240105,225,1,6,1,4,4,0.0,Completed,1,80.0
1412,TR001928,20240105,20240105,280,2,1,2,4,4,0.0,Completed,1,90.0
1413,TR001930,20240105,20240105,280,2,1,16,8,8,250000.0,Completed,1,73.0
1414,TR002363,20240105,20240105,493,3,1,18,12,0,4000000.0,Not Completed,0,
1415,TR002429,20240105,20240105,523,8,1,3,3,3,0.0,Completed,1,90.0
1416,TR002561,20240105,20240105,579,8,6,1,4,4,0.0,Completed,1,80.0
1417,TR001488,20240106,20240106,54,8,2,2,4,4,0.0,Completed,1,94.0
1418,TR001932,20240106,20240106,282,1,1,10,8,8,300000.0,Completed,1,75.0
1419,TR001986,20240106,20240106,308,6,3,1,4,4,0.0,Completed,1,80.0
1420,TR001989,20240106,20240106,309,1,1,3,3,3,0.0,Completed,1,77.0
1421,TR002076,20240106,20240108,357,3,1,14,24,24,1500000.0,Completed,1,62.0
1422,TR002172,20240106,20240106,404,7,6,2,4,4,0.0,Completed,1,88.0
1423,TR002417,20240106,20240106,515,2,1,3,3,3,0.0,Completed,1,84.0
1424,TR002526,20240106,20240107,565,2,1,17,16,16,2000000.0,Completed,1,85.0
1425,TR002180,20240107,20240107,407,3,1,16,8,8,250000.0,Completed,1,79.0
1426,TR002375,20240107,20240108,500,2,2,17,16,16,2000000.0,Completed,1,76.0
1427,TR002416,20240107,20240107,514,1,6,10,8,8,300000.0,Completed,1,92.0
1428,TR002428,20240107,20240107,522,7,1,9,6,6,0.0,Completed,1,100.0
1429,TR002525,20240107,20240107,565,2,1,3,3,0,0.0,Not Completed,0,
1430,TR002544,20240107,20240107,573,4,5,3,3,3,0.0,Completed,1,80.0
1431,TR001843,20240108,20240108,238,7,1,3,3,3,0.0,Completed,1,88.0
1432,TR002301,20240108,20240108,462,2,1,1,4,4,0.0,Completed,1,84.0
1433,TR002315,20240108,20240108,469,7,1,9,6,6,0.0,Completed,1,89.0
1434,TR002586,20240108,20240108,590,8,3,9,6,6,0.0,Completed,1,81.0
1435,TR001429,20240109,20240109,24,8,1,3,3,3,0.0,Completed,1,85.0
1436,TR001630,20240109,20240109,121,3,1,13,6,6,200000.0,Completed,1,79.0
1437,TR002366,20240109,20240109,494,4,2,13,6,6,200000.0,Completed,1,91.0
1438,TR002562,20240109,20240109,579,8,6,10,8,0,300000.0,Not Completed,0,
1439,TR001839,20240110,20240110,237,6,4,10,8,8,300000.0,Completed,1,70.0
1440,TR002034,20240110,20240110,334,8,6,1,4,4,0.0,Completed,1,91.0
1441,TR002244,20240110,20240111,436,3,3,5,16,16,3000000.0,Completed,1,73.0
1442,TR002289,20240110,20240110,458,7,1,1,4,4,0.0,Completed,1,73.0
1443,TR002388,20240110,20240110,505,2,3,1,4,4,0.0,Completed,1,85.0
1444,TR002396,20240110,20240110,508,7,1,2,4,0,0.0,Not Completed,0,
1445,TR002579,20240110,20240110,587,1,1,2,4,4,0.0,Completed,1,77.0
1446,TR001542,20240111,20240111,77,5,1,1,4,4,0.0,Completed,1,75.0
1447,TR001704,20240111,20240111,166,6,1,2,4,4,0.0,Completed,1,97.0
1448,TR001929,20240111,20240111,280,2,1,12,12,12,2500000.0,Completed,1,76.0
1449,TR001946,20240111,20240111,290,3,1,1,4,4,0.0,Completed,1,75.0
1450,TR001950,20240111,20240112,291,3,1,5,16,16,3000000.0,Completed,1,85.0
1451,TR002046,20240111,20240111,340,8,5,10,8,8,300000.0,Completed,1,78.0
1452,TR002281,20240111,20240111,455,4,6,2,4,0,0.0,Not Completed,0,
1453,TR002451,20240111,20240111,533,4,1,2,4,4,0.0,Completed,1,68.0
1454,TR002182,20240112,20240112,408,3,4,18,12,0,4000000.0,Not Completed,0,
1455,TR002248,20240112,20240112,438,1,2,3,3,3,0.0,Completed,1,75.0
1456,TR002530,20240112,20240112,567,8,6,2,4,4,0.0,Completed,1,85.0
1457,TR001659,20240113,20240113,137,1,3,9,6,6,0.0,Completed,1,82.0
1458,TR001743,20240113,20240113,187,8,3,1,4,4,0.0,Completed,1,88.0
1459,TR001948,20240113,20240113,291,3,1,2,4,4,0.0,Completed,1,82.0
1460,TR002179,20240113,20240114,407,3,1,15,16,16,3500000.0,Completed,1,81.0
1461,TR002463,20240113,20240113,538,3,3,10,8,8,300000.0,Completed,1,85.0
1462,TR002545,20240113,20240114,573,4,5,17,16,16,2000000.0,Completed,1,85.0
1463,TR002550,20240113,20240113,574,5,5,16,8,8,250000.0,Completed,1,84.0
1464,TR001511,20240114,20240115,60,3,1,5,16,16,3000000.0,Completed,1,71.0
1465,TR002103,20240114,20240114,367,6,1,10,8,8,300000.0,Completed,1,83.0
1466,TR002410,20240114,20240114,512,7,1,16,8,8,250000.0,Completed,1,93.0
1467,TR002510,20240114,20240114,557,1,1,2,4,4,0.0,Completed,1,81.0
1468,TR002037,20240115,20240115,336,1,1,9,6,6,0.0,Completed,1,78.0
1469,TR001449,20240116,20240116,33,3,3,13,6,6,200000.0,Completed,1,64.0
1470,TR001591,20240116,20240117,99,7,6,5,16,16,3000000.0,Completed,1,83.0
1471,TR002134,20240116,20240116,383,6,2,1,4,4,0.0,Completed,1,80.0
1472,TR002205,20240116,20240116,419,8,1,10,8,8,300000.0,Completed,1,86.0
1473,TR002502,20240116,20240116,553,3,1,2,4,4,0.0,Completed,1,89.0
1474,TR001505,20240117,20240117,58,4,3,13,6,6,200000.0,Completed,1,87.0
1475,TR001564,20240117,20240117,85,7,1,2,4,4,0.0,Completed,1,75.0
1476,TR001773,20240117,20240117,202,1,3,1,4,4,0.0,Completed,1,79.0
1477,TR001875,20240117,20240118,252,3,2,5,16,16,3000000.0,Completed,1,76.0
1478,TR002115,20240117,20240117,373,2,1,12,12,12,2500000.0,Completed,1,80.0
1479,TR002303,20240117,20240117,463,5,1,1,4,4,0.0,Completed,1,90.0
1480,TR001535,20240118,20240118,74,8,2,11,12,12,1800000.0,Completed,1,82.0
1481,TR001729,20240118,20240118,178,7,1,2,4,4,0.0,Completed,1,67.0
1482,TR001850,20240119,20240119,241,8,1,1,4,4,0.0,Completed,1,84.0
1483,TR002077,20240119,20240119,357,3,1,18,12,0,4000000.0,Not Completed,0,
1484,TR002130,20240119,20240120,381,4,2,5,16,16,3000000.0,Completed,1,81.0
1485,TR002184,20240119,20240119,409,7,1,3,3,3,0.0,Completed,1,92.0
1486,TR002002,20240120,20240120,312,7,2,13,6,6,200000.0,Completed,1,95.0
1487,TR002024,20240120,20240120,325,1,3,12,12,12,2500000.0,Completed,1,69.0
1488,TR002122,20240120,20240121,376,3,4,15,16,0,3500000.0,Not Completed,0,
1489,TR002214,20240120,20240123,421,1,1,6,32,0,7500000.0,Not Completed,0,
1490,TR002551,20240120,20240121,574,5,5,17,16,16,2000000.0,Completed,1,94.0
1491,TR001566,20240121,20240123,86,3,1,14,24,0,1500000.0,Not Completed,0,
1492,TR002026,20240121,20240121,327,7,1,9,6,6,0.0,Completed,1,86.0
1493,TR002166,20240121,20240121,398,3,1,18,12,12,4000000.0,Completed,1,75.0
1494,TR002409,20240121,20240121,512,7,1,13,6,6,200000.0,Completed,1,80.0
1495,TR002539,20240121,20240121,570,7,1,9,6,6,0.0,Completed,1,92.0
1496,TR001705,20240122,20240122,166,6,1,16,8,8,250000.0,Completed,1,85.0
1497,TR001966,20240122,20240122,299,7,3,3,3,3,0.0,Completed,1,74.0
1498,TR002001,20240122,20240122,312,7,2,3,3,3,0.0,Completed,1,79.0
1499,TR002191,20240122,20240122,412,1,1,16,8,8,250000.0,Completed,1,80.0
1500,TR002368,20240122,20240122,496,7,2,1,4,4,0.0,Completed,1,98.0
1501,TR002546,20240122,20240124,573,4,5,14,24,0,1500000.0,Not Completed,0,
1502,TR001597,20240123,20240123,103,7,2,3,3,3,0.0,Completed,1,75.0
1503,TR001642,20240123,20240123,129,6,1,2,4,4,0.0,Completed,1,77.0
1504,TR001777,20240123,20240123,205,8,4,1,4,4,0.0,Completed,1,77.0
1505,TR001780,20240123,20240123,207,8,2,2,4,4,0.0,Completed,1,80.0
1506,TR001883,20240123,20240123,255,1,3,3,3,3,0.0,Completed,1,92.0
1507,TR001990,20240123,20240123,309,1,1,12,12,12,2500000.0,Completed,1,69.0
1508,TR002240,20240123,20240123,435,8,3,11,12,12,1800000.0,Completed,1,66.0
1509,TR002274,20240123,20240123,452,3,2,18,12,12,4000000.0,Completed,1,74.0
1510,TR002350,20240123,20240123,487,1,1,12,12,0,2500000.0,Not Completed,0,
1511,TR002527,20240123,20240124,565,2,1,4,16,16,1200000.0,Completed,1,87.0
1512,TR002557,20240123,20240123,577,7,2,13,6,6,200000.0,Completed,1,79.0
1513,TR002200,20240124,20240124,418,7,1,1,4,0,0.0,Not Completed,0,
1514,TR002233,20240124,20240124,432,1,1,9,6,6,0.0,Completed,1,81.0
1515,TR002359,20240124,20240124,492,8,5,10,8,8,300000.0,Completed,1,96.0
1516,TR002528,20240124,20240124,565,2,1,13,6,6,200000.0,Completed,1,71.0
1517,TR002540,20240124,20240124,570,7,1,10,8,8,300000.0,Completed,1,93.0
1518,TR001741,20240125,20240125,184,8,1,10,8,8,300000.0,Completed,1,67.0
1519,TR001775,20240125,20240125,203,7,1,2,4,4,0.0,Completed,1,84.0
1520,TR002038,20240125,20240125,337,3,1,1,4,0,0.0,Not Completed,0,
1521,TR002061,20240125,20240125,350,2,3,2,4,4,0.0,Completed,1,77.0
1522,TR002099,20240125,20240125,365,8,1,10,8,8,300000.0,Completed,1,87.0
1523,TR001522,20240126,20240126,67,7,6,3,3,0,0.0,Not Completed,0,
1524,TR001714,20240126,20240126,171,7,6,3,3,3,0.0,Completed,1,71.0
1525,TR002260,20240126,20240126,445,1,1,1,4,4,0.0,Completed,1,84.0
1526,TR002411,20240126,20240126,513,7,1,3,3,0,0.0,Not Completed,0,
1527,TR001750,20240127,20240127,191,4,1,1,4,4,0.0,Completed,1,76.0
1528,TR002120,20240127,20240127,376,3,4,1,4,4,0.0,Completed,1,71.0
1529,TR002505,20240127,20240127,553,3,1,13,6,6,200000.0,Completed,1,79.0
1530,TR001471,20240128,20240128,46,7,2,16,8,8,250000.0,Completed,1,81.0
1531,TR002343,20240128,20240128,485,1,1,3,3,3,0.0,Completed,1,75.0
1532,TR002367,20240128,20240128,495,3,2,2,4,4,0.0,Completed,1,71.0
1533,TR001742,20240129,20240129,186,7,2,1,4,4,0.0,Completed,1,63.0
1534,TR002117,20240129,20240129,374,1,5,2,4,4,0.0,Completed,1,61.0
1535,TR002212,20240129,20240129,421,1,1,9,6,6,0.0,Completed,1,76.0
1536,TR002278,20240129,20240129,454,7,1,9,6,6,0.0,Completed,1,76.0
1537,TR002408,20240129,20240129,512,7,1,2,4,4,0.0,Completed,1,67.0
1538,TR002552,20240129,20240129,575,1,4,2,4,4,0.0,Completed,1,71.0
1539,TR001772,20240130,20240131,201,5,5,17,16,16,2000000.0,Completed,1,89.0
1540,TR002427,20240130,20240130,522,7,1,3,3,3,0.0,Completed,1,93.0
1541,TR002531,20240130,20240130,567,8,6,10,8,8,300000.0,Completed,1,75.0
1542,TR002133,20240131,20240203,381,4,2,6,32,32,7500000.0,Completed,1,77.0
1543,TR002147,20240131,20240131,389,7,2,16,8,8,250000.0,Completed,1,85.0
1544,TR002504,20240131,20240202,553,3,1,14,24,24,1500000.0,Completed,1,83.0
1545,TR001547,20240201,20240204,79,8,1,6,32,32,7500000.0,Completed,1,78.0
1546,TR001699,20240201,20240201,160,7,1,9,6,6,0.0,Completed,1,82.0
1547,TR001706,20240201,20240202,166,6,1,17,16,16,2000000.0,Completed,1,78.0
1548,TR002389,20240201,20240202,505,2,3,4,16,16,1200000.0,Completed,1,84.0
1549,TR001681,20240202,20240202,151,8,3,9,6,6,0.0,Completed,1,70.0
1550,TR001870,20240202,20240202,251,1,1,9,6,6,0.0,Completed,1,80.0
1551,TR002124,20240202,20240202,377,6,2,1,4,4,0.0,Completed,1,79.0
1552,TR002360,20240202,20240202,492,8,5,16,8,8,250000.0,Completed,1,80.0
1553,TR002585,20240202,20240202,590,8,3,1,4,4,0.0,Completed,1,86.0
1554,TR001639,20240203,20240203,127,1,6,16,8,8,250000.0,Completed,1,78.0
1555,TR002023,20240203,20240203,325,1,3,1,4,4,0.0,Completed,1,81.0
1556,TR001765,20240204,20240204,198,6,6,10,8,8,300000.0,Completed,1,74.0
1557,TR001844,20240204,20240204,238,7,1,9,6,6,0.0,Completed,1,86.0
1558,TR002136,20240204,20240204,384,3,1,18,12,12,4000000.0,Completed,1,77.0
1559,TR002452,20240204,20240204,533,4,1,10,8,0,300000.0,Not Completed,0,
1560,TR001434,20240205,20240205,26,8,4,1,4,4,0.0,Completed,1,85.0
1561,TR002582,20240205,20240205,588,8,5,9,6,6,0.0,Completed,1,85.0
1562,TR002075,20240206,20240206,357,3,1,1,4,4,0.0,Completed,1,87.0
1563,TR002441,20240206,20240206,528,7,3,13,6,0,200000.0,Not Completed,0,
1564,TR002498,20240206,20240206,552,8,5,11,12,12,1800000.0,Completed,1,87.0
1565,TR001827,20240207,20240207,230,8,1,1,4,4,0.0,Completed,1,91.0
1566,TR001885,20240207,20240207,256,7,1,2,4,4,0.0,Completed,1,100.0
1567,TR001915,20240207,20240208,272,4,1,17,16,16,2000000.0,Completed,1,73.0
1568,TR001960,20240207,20240207,293,1,1,12,12,12,2500000.0,Completed,1,80.0
1569,TR002073,20240207,20240207,356,8,1,1,4,4,0.0,Completed,1,81.0
1570,TR002178,20240207,20240207,407,3,1,3,3,3,0.0,Completed,1,76.0
1571,TR002266,20240207,20240209,447,4,1,14,24,24,1500000.0,Completed,1,82.0
1572,TR002548,20240207,20240207,573,4,5,13,6,6,200000.0,Completed,1,85.0
1573,TR002618,20240207,20240207,605,7,5,9,6,6,0.0,Completed,1,81.0
1574,TR001423,20240208,20240208,22,1,3,2,4,4,0.0,Completed,1,79.0
1575,TR002054,20240208,20240208,346,1,3,10,8,8,300000.0,Completed,1,71.0
1576,TR002335,20240208,20240208,480,5,6,16,8,8,250000.0,Completed,1,70.0
1577,TR002345,20240208,20240208,485,1,1,12,12,12,2500000.0,Completed,1,88.0
1578,TR001955,20240209,20240209,292,7,2,3,3,3,0.0,Completed,1,77.0
1579,TR001984,20240209,20240210,307,4,4,5,16,16,3000000.0,Completed,1,98.0
1580,TR002308,20240209,20240209,465,8,2,9,6,6,0.0,Completed,1,94.0
1581,TR001458,20240210,20240210,39,4,3,3,3,0,0.0,Not Completed,0,
1582,TR001583,20240210,20240210,95,1,2,12,12,12,2500000.0,Completed,1,78.0
1583,TR001807,20240210,20240210,221,7,3,2,4,4,0.0,Completed,1,80.0
1584,TR001422,20240211,20240211,21,7,5,16,8,8,250000.0,Completed,1,73.0
1585,TR001593,20240211,20240211,101,7,5,2,4,4,0.0,Completed,1,68.0
1586,TR002216,20240211,20240212,423,4,5,17,16,16,2000000.0,Completed,1,93.0
1587,TR001401,20240212,20240212,9,8,3,11,12,12,1800000.0,Completed,1,79.0
1588,TR001472,20240212,20240212,47,7,4,2,4,4,0.0,Completed,1,85.0
1589,TR001695,20240212,20240212,157,1,1,2,4,4,0.0,Completed,1,79.0
1590,TR001747,20240212,20240214,189,3,1,14,24,24,1500000.0,Completed,1,81.0
1591,TR002333,20240212,20240213,479,2,6,4,16,16,1200000.0,Completed,1,74.0
1592,TR002433,20240212,20240212,526,8,1,11,12,12,1800000.0,Completed,1,91.0
1593,TR001611,20240213,20240213,109,5,1,16,8,8,250000.0,Completed,1,86.0
1594,TR001724,20240213,20240213,175,8,3,10,8,8,300000.0,Completed,1,86.0
1595,TR001914,20240213,20240214,272,4,1,5,16,16,3000000.0,Completed,1,73.0
1596,TR002035,20240213,20240213,334,8,6,9,6,6,0.0,Completed,1,75.0
1597,TR002547,20240213,20240214,573,4,5,5,16,16,3000000.0,Completed,1,82.0
1598,TR001496,20240214,20240214,56,1,3,2,4,4,0.0,Completed,1,97.0
1599,TR002051,20240214,20240214,343,7,3,16,8,8,250000.0,Completed,1,78.0
1600,TR002055,20240214,20240214,346,1,3,16,8,8,250000.0,Completed,1,100.0
1601,TR002520,20240214,20240214,562,1,1,1,4,4,0.0,Completed,1,91.0
1602,TR002234,20240215,20240215,432,1,1,10,8,8,300000.0,Completed,1,69.0
1603,TR002556,20240215,20240215,577,7,2,1,4,4,0.0,Completed,1,66.0
1604,TR002181,20240216,20240216,408,3,4,2,4,4,0.0,Completed,1,92.0
1605,TR002264,20240216,20240216,446,8,4,11,12,12,1800000.0,Completed,1,79.0
1606,TR001456,20240217,20240220,37,1,1,6,32,32,7500000.0,Completed,1,87.0
1607,TR001551,20240217,20240217,81,1,6,2,4,4,0.0,Completed,1,63.0
1608,TR002384,20240217,20240218,503,3,3,5,16,0,3000000.0,Not Completed,0,
1609,TR001701,20240218,20240222,160,7,1,8,40,40,15000000.0,Completed,1,80.0
1610,TR001945,20240218,20240218,289,7,1,2,4,4,0.0,Completed,1,67.0
1611,TR002174,20240219,20240219,405,3,1,2,4,4,0.0,Completed,1,99.0
1612,TR002398,20240219,20240219,508,7,1,7,8,8,500000.0,Completed,1,76.0
1613,TR001439,20240220,20240223,27,3,1,6,32,32,7500000.0,Completed,1,82.0
1614,TR001799,20240220,20240221,216,4,6,17,16,16,2000000.0,Completed,1,85.0
1615,TR002067,20240220,20240220,353,1,1,2,4,4,0.0,Completed,1,90.0
1616,TR002391,20240220,20240220,506,3,1,18,12,12,4000000.0,Completed,1,82.0
1617,TR002461,20240220,20240220,538,3,3,3,3,3,0.0,Completed,1,82.0
1618,TR002581,20240220,20240220,588,8,5,3,3,3,0.0,Completed,1,78.0
1619,TR001395,20240221,20240221,6,1,1,3,3,3,0.0,Completed,1,69.0
1620,TR001444,20240221,20240221,30,1,3,3,3,3,0.0,Completed,1,84.0
1621,TR001520,20240221,20240222,65,3,1,15,16,16,3500000.0,Completed,1,82.0
1622,TR001693,20240221,20240221,156,1,6,1,4,4,0.0,Completed,1,79.0
1623,TR001890,20240221,20240222,257,3,1,5,16,0,3000000.0,Not Completed,0,
1624,TR002321,20240221,20240221,472,2,1,12,12,12,2500000.0,Completed,1,83.0
1625,TR002352,20240221,20240221,488,7,1,1,4,0,0.0,Not Completed,0,
1626,TR002354,20240221,20240222,490,3,4,5,16,16,3000000.0,Completed,1,74.0
1627,TR002385,20240221,20240221,503,3,3,16,8,8,250000.0,Completed,1,80.0
1628,TR002449,20240221,20240221,532,6,1,1,4,4,0.0,Completed,1,92.0
1629,TR002615,20240221,20240221,604,1,1,9,6,0,0.0,Not Completed,0,
1630,TR002613,20240222,20240222,604,1,1,1,4,4,0.0,Completed,1,93.0
1631,TR001595,20240223,20240223,102,7,1,1,4,4,0.0,Completed,1,77.0
1632,TR001598,20240223,20240223,104,2,1,3,3,3,0.0,Completed,1,73.0
1633,TR001619,20240223,20240223,112,2,3,13,6,0,200000.0,Not Completed,0,
1634,TR002000,20240223,20240223,311,3,1,7,8,8,500000.0,Completed,1,85.0
1635,TR002227,20240223,20240223,428,8,6,2,4,4,0.0,Completed,1,80.0
1636,TR002374,20240223,20240223,500,2,2,3,3,3,0.0,Completed,1,78.0
1637,TR002494,20240223,20240223,551,8,2,9,6,6,0.0,Completed,1,79.0
1638,TR002583,20240223,20240223,588,8,5,10,8,8,300000.0,Completed,1,83.0
1639,TR002307,20240224,20240224,465,8,2,1,4,4,0.0,Completed,1,73.0
1640,TR002506,20240224,20240224,554,1,5,1,4,4,0.0,Completed,1,76.0
1641,TR001510,20240225,20240225,60,3,1,18,12,12,4000000.0,Completed,1,90.0
1642,TR001653,20240225,20240225,135,1,1,16,8,8,250000.0,Completed,1,88.0
1643,TR002592,20240225,20240225,594,7,6,3,3,3,0.0,Completed,1,87.0
1644,TR001513,20240226,20240227,61,4,3,5,16,16,3000000.0,Completed,1,80.0
1645,TR001812,20240226,20240226,223,1,3,9,6,6,0.0,Completed,1,78.0
1646,TR002566,20240226,20240227,580,2,5,5,16,16,3000000.0,Completed,1,68.0
1647,TR002594,20240226,20240226,594,7,6,13,6,6,200000.0,Completed,1,82.0
1648,TR002598,20240226,20240226,596,5,1,16,8,8,250000.0,Completed,1,85.0
1649,TR001393,20240227,20240227,5,8,1,2,4,4,0.0,Completed,1,82.0
1650,TR001835,20240227,20240228,233,8,2,5,16,16,3000000.0,Completed,1,73.0
1651,TR001941,20240227,20240227,285,1,4,10,8,8,300000.0,Completed,1,90.0
1652,TR001667,20240228,20240228,141,1,3,12,12,12,2500000.0,Completed,1,81.0
1653,TR001975,20240228,20240228,303,1,1,9,6,6,0.0,Completed,1,78.0
1654,TR002058,20240228,20240228,349,7,4,2,4,4,0.0,Completed,1,85.0
1655,TR002078,20240228,20240229,357,3,1,15,16,16,3500000.0,Completed,1,79.0
1656,TR002119,20240228,20240228,375,5,4,2,4,4,0.0,Completed,1,88.0
1657,TR002483,20240228,20240228,545,4,2,13,6,6,200000.0,Completed,1,78.0
1658,TR002503,20240228,20240229,553,3,1,15,16,16,3500000.0,Completed,1,79.0
1659,TR001868,20240229,20240229,250,1,1,9,6,6,0.0,Completed,1,73.0
1660,TR002009,20240229,20240229,317,2,1,1,4,0,0.0,Not Completed,0,
1661,TR002188,20240229,20240229,410,8,1,16,8,8,250000.0,Completed,1,81.0
1662,TR002263,20240229,20240229,446,8,4,9,6,0,0.0,Not Completed,0,
1663,TR001665,20240301,20240301,141,1,3,9,6,6,0.0,Completed,1,79.0
1664,TR001959,20240301,20240301,293,1,1,1,4,4,0.0,Completed,1,76.0
1665,TR001400,20240302,20240302,9,8,3,2,4,4,0.0,Completed,1,97.0
1666,TR001532,20240302,20240302,73,3,1,7,8,8,500000.0,Completed,1,81.0
1667,TR001744,20240302,20240302,188,4,1,3,3,0,0.0,Not Completed,0,
1668,TR002593,20240302,20240302,594,7,6,9,6,6,0.0,Completed,1,70.0
1669,TR002595,20240302,20240302,594,7,6,16,8,8,250000.0,Completed,1,76.0
1670,TR001696,20240303,20240303,159,7,1,1,4,4,0.0,Completed,1,68.0
1671,TR001800,20240303,20240305,216,4,6,14,24,24,1500000.0,Completed,1,82.0
1672,TR002042,20240303,20240303,339,5,3,3,3,3,0.0,Completed,1,86.0
1673,TR002312,20240303,20240303,467,3,2,3,3,3,0.0,Completed,1,74.0
1674,TR001398,20240304,20240304,8,5,2,2,4,4,0.0,Completed,1,88.0
1675,TR001558,20240304,20240304,83,6,2,10,8,0,300000.0,Not Completed,0,
1676,TR001905,20240304,20240304,267,1,1,9,6,6,0.0,Completed,1,79.0
1677,TR001925,20240304,20240304,278,3,1,3,3,3,0.0,Completed,1,85.0
1678,TR002605,20240304,20240304,601,7,4,9,6,6,0.0,Completed,1,87.0
1679,TR002074,20240305,20240305,356,8,1,11,12,12,1800000.0,Completed,1,94.0
1680,TR002364,20240305,20240307,493,3,1,14,24,24,1500000.0,Completed,1,82.0
1681,TR002555,20240305,20240305,576,7,1,3,3,3,0.0,Completed,1,97.0
1682,TR001818,20240306,20240307,225,1,6,5,16,16,3000000.0,Completed,1,72.0
1683,TR002351,20240306,20240306,487,1,1,9,6,0,0.0,Not Completed,0,
1684,TR002478,20240306,20240306,544,6,1,16,8,8,250000.0,Completed,1,84.0
1685,TR002629,20240306,20240306,609,7,1,13,6,6,200000.0,Completed,1,84.0
1686,TR001565,20240307,20240307,86,3,1,1,4,4,0.0,Completed,1,76.0
1687,TR001621,20240307,20240307,115,3,1,2,4,4,0.0,Completed,1,83.0
1688,TR001711,20240307,20240307,169,1,1,1,4,4,0.0,Completed,1,76.0
1689,TR001872,20240307,20240307,251,1,1,13,6,0,200000.0,Not Completed,0,
1690,TR001917,20240307,20240307,273,3,1,1,4,4,0.0,Completed,1,86.0
1691,TR002512,20240307,20240308,558,6,1,17,16,0,2000000.0,Not Completed,0,
1692,TR002537,20240307,20240307,569,8,1,2,4,4,0.0,Completed,1,78.0
1693,TR002584,20240307,20240307,589,1,1,3,3,3,0.0,Completed,1,82.0
1694,TR001674,20240308,20240308,149,1,5,12,12,12,2500000.0,Completed,1,92.0
1695,TR001637,20240309,20240309,125,7,1,3,3,3,0.0,Completed,1,77.0
1696,TR001937,20240309,20240309,284,7,5,13,6,6,200000.0,Completed,1,83.0
1697,TR002095,20240309,20240309,363,3,1,13,6,6,200000.0,Completed,1,88.0
1698,TR001563,20240310,20240311,84,4,3,17,16,16,2000000.0,Completed,1,75.0
1699,TR001809,20240310,20240310,223,1,3,2,4,4,0.0,Completed,1,71.0
1700,TR001912,20240310,20240311,271,2,2,17,16,16,2000000.0,Completed,1,79.0
1701,TR002258,20240310,20240311,443,2,1,4,16,16,1200000.0,Completed,1,79.0
1702,TR001762,20240311,20240311,198,6,6,1,4,4,0.0,Completed,1,72.0
1703,TR001863,20240311,20240311,247,7,1,13,6,6,200000.0,Completed,1,76.0
1704,TR001926,20240311,20240312,278,3,1,15,16,0,3500000.0,Not Completed,0,
1705,TR001939,20240311,20240311,285,1,4,12,12,12,2500000.0,Completed,1,96.0
1706,TR002578,20240311,20240311,586,1,3,10,8,8,300000.0,Completed,1,78.0
1707,TR001634,20240312,20240312,123,3,2,10,8,8,300000.0,Completed,1,95.0
1708,TR002472,20240312,20240312,541,8,1,11,12,12,1800000.0,Completed,1,84.0
1709,TR001748,20240313,20240313,190,7,5,2,4,4,0.0,Completed,1,95.0
1710,TR002626,20240313,20240313,609,7,1,1,4,4,0.0,Completed,1,100.0
1711,TR001573,20240314,20240314,88,1,5,9,6,0,0.0,Not Completed,0,
1712,TR001635,20240314,20240314,124,8,6,3,3,3,0.0,Completed,1,96.0
1713,TR002064,20240314,20240314,352,7,1,3,3,3,0.0,Completed,1,80.0
1714,TR002471,20240314,20240314,541,8,1,9,6,6,0.0,Completed,1,80.0
1715,TR001788,20240315,20240315,211,7,1,13,6,6,200000.0,Completed,1,87.0
1716,TR002196,20240315,20240315,415,3,5,1,4,0,0.0,Not Completed,0,
1717,TR002239,20240315,20240315,435,8,3,1,4,4,0.0,Completed,1,83.0
1718,TR001508,20240316,20240316,59,3,1,16,8,8,250000.0,Completed,1,90.0
1719,TR002484,20240316,20240316,546,2,1,2,4,0,0.0,Not Completed,0,
1720,TR001499,20240317,20240317,57,4,1,1,4,4,0.0,Completed,1,90.0
1721,TR001663,20240317,20240317,140,8,1,2,4,4,0.0,Completed,1,90.0
1722,TR001606,20240318,20240318,105,8,3,10,8,8,300000.0,Completed,1,81.0
1723,TR002177,20240318,20240318,406,3,2,16,8,8,250000.0,Completed,1,92.0
1724,TR002320,20240318,20240319,472,2,1,4,16,16,1200000.0,Completed,1,99.0
1725,TR002329,20240318,20240319,476,7,1,5,16,16,3000000.0,Completed,1,89.0
1726,TR001442,20240319,20240320,29,3,1,5,16,16,3000000.0,Completed,1,79.0
1727,TR001652,20240319,20240319,135,1,1,10,8,8,300000.0,Completed,1,90.0
1728,TR001718,20240319,20240319,172,7,1,10,8,8,300000.0,Completed,1,81.0
1729,TR002532,20240319,20240319,567,8,6,11,12,12,1800000.0,Completed,1,85.0
1730,TR001529,20240320,20240320,72,5,1,2,4,4,0.0,Completed,1,86.0
1731,TR001657,20240320,20240320,137,1,3,2,4,4,0.0,Completed,1,84.0
1732,TR001719,20240320,20240320,173,7,1,1,4,4,0.0,Completed,1,91.0
1733,TR002271,20240320,20240320,450,8,1,11,12,12,1800000.0,Completed,1,87.0
1734,TR002535,20240320,20240322,568,3,5,14,24,24,1500000.0,Completed,1,79.0
1735,TR002541,20240320,20240320,571,6,6,3,3,3,0.0,Completed,1,84.0
1736,TR001676,20240321,20240321,150,7,5,13,6,6,200000.0,Completed,1,72.0
1737,TR001733,20240321,20240321,179,1,1,12,12,12,2500000.0,Completed,1,75.0
1738,TR001841,20240321,20240321,237,6,4,16,8,8,250000.0,Completed,1,61.0
1739,TR002601,20240321,20240321,599,7,1,1,4,4,0.0,Completed,1,77.0
1740,TR001479,20240322,20240324,50,3,1,14,24,24,1500000.0,Completed,1,87.0
1741,TR001596,20240322,20240322,102,7,1,13,6,6,200000.0,Completed,1,94.0
1742,TR002422,20240322,20240322,520,1,1,1,4,4,0.0,Completed,1,82.0
1743,TR002606,20240322,20240322,601,7,4,13,6,0,200000.0,Not Completed,0,
1744,TR001774,20240323,20240323,202,1,3,13,6,0,200000.0,Not Completed,0,
1745,TR002383,20240323,20240323,503,3,3,3,3,3,0.0,Completed,1,87.0
1746,TR002183,20240325,20240326,408,3,4,5,16,16,3000000.0,Completed,1,75.0
1747,TR002253,20240325,20240325,440,7,3,16,8,8,250000.0,Completed,1,95.0
1748,TR002346,20240325,20240325,486,1,2,1,4,4,0.0,Completed,1,70.0
1749,TR002414,20240325,20240325,514,1,6,12,12,12,2500000.0,Completed,1,77.0
1750,TR002450,20240325,20240325,532,6,1,13,6,6,200000.0,Completed,1,66.0
1751,TR001625,20240326,20240326,118,7,5,3,3,3,0.0,Completed,1,82.0
1752,TR001671,20240326,20240326,146,1,4,2,4,0,0.0,Not Completed,0,
1753,TR002153,20240326,20240326,391,7,3,10,8,8,300000.0,Completed,1,82.0
1754,TR002641,20240326,20240326,615,1,2,10,8,8,300000.0,Completed,1,87.0
1755,TR001840,20240327,20240328,237,6,4,17,16,16,2000000.0,Completed,1,84.0
1756,TR002273,20240327,20240327,452,3,2,1,4,0,0.0,Not Completed,0,
1757,TR001983,20240328,20240328,307,4,4,1,4,4,0.0,Completed,1,78.0
1758,TR002125,20240328,20240331,377,6,2,6,32,32,7500000.0,Completed,1,73.0
1759,TR002135,20240328,20240328,384,3,1,3,3,3,0.0,Completed,1,86.0
1760,TR002142,20240328,20240329,386,2,1,17,16,16,2000000.0,Completed,1,73.0
1761,TR002444,20240328,20240328,529,8,5,10,8,8,300000.0,Completed,1,81.0
1762,TR001410,20240329,20240330,13,2,2,17,16,16,2000000.0,Completed,1,81.0
1763,TR001460,20240329,20240329,41,7,1,2,4,4,0.0,Completed,1,80.0
1764,TR001936,20240329,20240329,284,7,5,9,6,6,0.0,Completed,1,69.0
1765,TR002207,20240329,20240329,420,5,2,2,4,4,0.0,Completed,1,93.0
1766,TR001490,20240330,20240330,54,8,2,10,8,8,300000.0,Completed,1,74.0
1767,TR001650,20240330,20240330,133,1,1,16,8,8,250000.0,Completed,1,87.0
1768,TR001849,20240330,20240330,240,8,6,13,6,6,200000.0,Completed,1,94.0
1769,TR001962,20240330,20240330,296,1,4,10,8,8,300000.0,Completed,1,71.0
1770,TR002053,20240330,20240330,346,1,3,3,3,3,0.0,Completed,1,78.0
1771,TR002161,20240330,20240331,397,2,1,4,16,16,1200000.0,Completed,1,79.0
1772,TR001507,20240331,20240331,59,3,1,18,12,12,4000000.0,Completed,1,96.0
1773,TR001985,20240331,20240331,307,4,4,16,8,8,250000.0,Completed,1,90.0
1774,TR002637,20240331,20240331,614,8,1,1,4,4,0.0,Completed,1,79.0
1775,TR002645,20240331,20240331,619,8,2,1,4,4,0.0,Completed,1,78.0
1776,TR002660,20240331,20240331,627,2,6,1,4,0,0.0,Not Completed,0,
1777,TR001485,20240401,20240401,53,7,1,13,6,6,200000.0,Completed,1,85.0
1778,TR001655,20240401,20240401,136,7,2,16,8,8,250000.0,Completed,1,83.0
1779,TR001713,20240401,20240401,170,1,6,9,6,6,0.0,Completed,1,77.0
1780,TR002021,20240401,20240401,324,3,1,1,4,4,0.0,Completed,1,84.0
1781,TR002663,20240401,20240401,627,2,6,16,8,8,250000.0,Completed,1,75.0
1782,TR001461,20240402,20240402,41,7,1,9,6,0,0.0,Not Completed,0,
1783,TR001810,20240402,20240402,223,1,3,10,8,8,300000.0,Completed,1,77.0
1784,TR002082,20240402,20240403,359,3,1,5,16,16,3000000.0,Completed,1,87.0
1785,TR002193,20240402,20240402,413,8,3,9,6,0,0.0,Not Completed,0,
1786,TR002310,20240402,20240402,465,8,2,11,12,12,1800000.0,Completed,1,85.0
1787,TR002423,20240402,20240402,520,1,1,9,6,6,0.0,Completed,1,73.0
1788,TR002661,20240402,20240403,627,2,6,4,16,16,1200000.0,Completed,1,73.0
1789,TR002662,20240402,20240402,627,2,6,12,12,12,2500000.0,Completed,1,87.0
1790,TR002083,20240403,20240403,359,3,1,18,12,12,4000000.0,Completed,1,73.0
1791,TR002098,20240403,20240403,365,8,1,3,3,3,0.0,Completed,1,92.0
1792,TR002501,20240403,20240403,552,8,5,7,8,8,500000.0,Completed,1,82.0
1793,TR002607,20240403,20240403,601,7,4,16,8,0,250000.0,Not Completed,0,
1794,TR002014,20240404,20240404,320,7,5,13,6,6,200000.0,Completed,1,89.0
1795,TR002087,20240404,20240404,360,7,4,13,6,6,200000.0,Completed,1,77.0
1796,TR002090,20240404,20240404,361,1,6,10,8,8,300000.0,Completed,1,71.0
1797,TR002648,20240404,20240404,620,2,3,13,6,6,200000.0,Completed,1,83.0
1798,TR001920,20240405,20240405,274,7,5,10,8,8,300000.0,Completed,1,86.0
1799,TR002361,20240405,20240405,493,3,1,3,3,3,0.0,Completed,1,94.0
1800,TR002577,20240405,20240405,586,1,3,1,4,4,0.0,Completed,1,91.0
1801,TR002631,20240405,20240405,610,7,1,16,8,8,250000.0,Completed,1,100.0
1802,TR002679,20240405,20240406,634,3,2,5,16,16,3000000.0,Completed,1,89.0
1803,TR001609,20240406,20240406,108,4,3,1,4,4,0.0,Completed,1,90.0
1804,TR001931,20240406,20240406,282,1,1,3,3,3,0.0,Completed,1,88.0
1805,TR002084,20240406,20240409,359,3,1,6,32,0,7500000.0,Not Completed,0,
1806,TR002292,20240406,20240406,459,7,1,1,4,4,0.0,Completed,1,94.0
1807,TR002432,20240406,20240406,526,8,1,2,4,0,0.0,Not Completed,0,
1808,TR001466,20240407,20240408,44,6,2,5,16,16,3000000.0,Completed,1,80.0
1809,TR001803,20240407,20240407,218,3,1,18,12,12,4000000.0,Completed,1,93.0
1810,TR002462,20240407,20240407,538,3,3,18,12,12,4000000.0,Completed,1,86.0
1811,TR001626,20240408,20240408,118,7,5,13,6,6,200000.0,Completed,1,85.0
1812,TR001752,20240408,20240410,191,4,1,14,24,24,1500000.0,Completed,1,74.0
1813,TR001756,20240408,20240408,194,8,1,16,8,8,250000.0,Completed,1,87.0
1814,TR002231,20240408,20240408,431,3,2,13,6,6,200000.0,Completed,1,85.0
1815,TR001722,20240409,20240409,175,8,3,1,4,4,0.0,Completed,1,81.0
1816,TR001727,20240409,20240410,176,3,1,15,16,16,3500000.0,Completed,1,76.0
1817,TR002323,20240409,20240409,473,6,1,2,4,4,0.0,Completed,1,83.0
1818,TR001440,20240410,20240410,28,2,1,3,3,3,0.0,Completed,1,80.0
1819,TR001523,20240410,20240410,67,7,6,16,8,8,250000.0,Completed,1,97.0
1820,TR001894,20240410,20240410,262,7,1,3,3,3,0.0,Completed,1,98.0
1821,TR001973,20240410,20240410,302,1,1,10,8,8,300000.0,Completed,1,71.0
1822,TR002063,20240410,20240410,351,6,1,2,4,4,0.0,Completed,1,77.0
1823,TR002187,20240410,20240410,410,8,1,2,4,4,0.0,Completed,1,86.0
1824,TR002222,20240410,20240410,425,1,3,10,8,8,300000.0,Completed,1,83.0
1825,TR002386,20240410,20240410,504,7,3,3,3,3,0.0,Completed,1,83.0
1826,TR002270,20240411,20240411,450,8,1,10,8,8,300000.0,Completed,1,84.0
1827,TR001628,20240412,20240413,120,2,4,17,16,0,2000000.0,Not Completed,0,
1828,TR002299,20240412,20240413,461,4,1,17,16,16,2000000.0,Completed,1,76.0
1829,TR001568,20240413,20240413,86,3,1,16,8,8,250000.0,Completed,1,76.0
1830,TR001608,20240413,20240413,106,8,3,11,12,12,1800000.0,Completed,1,88.0
1831,TR002381,20240413,20240413,502,1,6,2,4,4,0.0,Completed,1,87.0
1832,TR002421,20240413,20240413,519,8,1,2,4,0,0.0,Not Completed,0,
1833,TR002619,20240413,20240413,606,7,2,1,4,4,0.0,Completed,1,84.0
1834,TR001493,20240414,20240414,55,8,1,11,12,12,1800000.0,Completed,1,80.0
1835,TR001636,20240414,20240414,124,8,6,9,6,6,0.0,Completed,1,89.0
1836,TR002025,20240414,20240414,327,7,1,1,4,4,0.0,Completed,1,75.0
1837,TR002071,20240414,20240414,354,7,1,9,6,6,0.0,Completed,1,95.0
1838,TR002199,20240414,20240414,417,7,2,9,6,6,0.0,Completed,1,96.0
1839,TR002437,20240415,20240415,527,3,1,18,12,12,4000000.0,Completed,1,69.0
1840,TR001691,20240416,20240416,154,1,1,16,8,8,250000.0,Completed,1,75.0
1841,TR002030,20240416,20240416,330,1,2,10,8,8,300000.0,Completed,1,81.0
1842,TR002324,20240416,20240416,473,6,1,16,8,8,250000.0,Completed,1,79.0
1843,TR001734,20240417,20240418,179,1,1,5,16,16,3000000.0,Completed,1,70.0
1844,TR002294,20240417,20240417,459,7,1,13,6,6,200000.0,Completed,1,89.0
1845,TR002344,20240417,20240417,485,1,1,9,6,6,0.0,Completed,1,83.0
1846,TR001877,20240418,20240418,253,8,6,9,6,6,0.0,Completed,1,84.0
1847,TR001980,20240418,20240418,305,7,4,10,8,8,300000.0,Completed,1,71.0
1848,TR002116,20240418,20240418,373,2,1,7,8,8,500000.0,Completed,1,73.0
1849,TR002559,20240418,20240419,578,3,3,5,16,16,3000000.0,Completed,1,89.0
1850,TR001406,20240419,20240419,11,8,6,9,6,6,0.0,Completed,1,91.0
1851,TR001521,20240419,20240419,66,1,4,3,3,3,0.0,Completed,1,80.0
1852,TR002059,20240419,20240419,349,7,4,13,6,6,200000.0,Completed,1,72.0
1853,TR002093,20240419,20240419,363,3,1,1,4,4,0.0,Completed,1,85.0
1854,TR002341,20240419,20240419,483,8,1,11,12,12,1800000.0,Completed,1,72.0
1855,TR001867,20240420,20240420,250,1,1,12,12,12,2500000.0,Completed,1,80.0
1856,TR002094,20240420,20240420,363,3,1,18,12,0,4000000.0,Not Completed,0,
1857,TR002533,20240420,20240420,567,8,6,9,6,6,0.0,Completed,1,60.0
1858,TR002571,20240420,20240420,583,6,5,13,6,6,200000.0,Completed,1,82.0
1859,TR002706,20240420,20240420,642,5,1,1,4,4,0.0,Completed,1,79.0
1860,TR001824,20240421,20240421,228,5,2,10,8,8,300000.0,Completed,1,82.0
1861,TR001884,20240421,20240421,255,1,3,10,8,8,300000.0,Completed,1,79.0
1862,TR002197,20240421,20240421,415,3,5,10,8,8,300000.0,Completed,1,84.0
1863,TR002680,20240421,20240423,634,3,2,14,24,24,1500000.0,Completed,1,83.0
1864,TR001462,20240422,20240422,43,5,1,3,3,3,0.0,Completed,1,85.0
1865,TR001864,20240422,20240422,247,7,1,16,8,8,250000.0,Completed,1,86.0
1866,TR001901,20240422,20240422,265,7,1,10,8,8,300000.0,Completed,1,89.0
1867,TR002377,20240422,20240422,501,8,4,1,4,4,0.0,Completed,1,81.0
1868,TR002238,20240423,20240423,433,7,1,13,6,0,200000.0,Not Completed,0,
1869,TR002309,20240423,20240423,465,8,2,10,8,8,300000.0,Completed,1,70.0
1870,TR002431,20240423,20240423,524,7,1,16,8,8,250000.0,Completed,1,83.0
1871,TR002558,20240423,20240423,578,3,3,3,3,3,0.0,Completed,1,66.0
1872,TR002653,20240423,20240423,623,7,1,13,6,6,200000.0,Completed,1,80.0
1873,TR001837,20240424,20240424,234,7,2,13,6,0,200000.0,Not Completed,0,
1874,TR001862,20240424,20240424,247,7,1,2,4,4,0.0,Completed,1,81.0
1875,TR002647,20240424,20240425,620,2,3,17,16,16,2000000.0,Completed,1,80.0
1876,TR001607,20240425,20240425,106,8,3,1,4,4,0.0,Completed,1,91.0
1877,TR001710,20240425,20240426,168,2,1,17,16,16,2000000.0,Completed,1,82.0
1878,TR001783,20240425,20240425,209,6,1,2,4,4,0.0,Completed,1,92.0
1879,TR001814,20240425,20240425,224,1,1,12,12,12,2500000.0,Completed,1,59.0
1880,TR002031,20240425,20240425,331,3,3,3,3,3,0.0,Completed,1,85.0
1881,TR001524,20240426,20240426,67,7,6,13,6,6,200000.0,Completed,1,77.0
1882,TR001661,20240426,20240426,139,7,4,3,3,0,0.0,Not Completed,0,
1883,TR001737,20240426,20240426,182,7,1,3,3,0,0.0,Not Completed,0,
1884,TR002215,20240427,20240427,423,4,5,3,3,3,0.0,Completed,1,86.0
1885,TR002643,20240427,20240427,617,3,5,1,4,0,0.0,Not Completed,0,
1886,TR001720,20240428,20240428,174,8,1,1,4,4,0.0,Completed,1,85.0
1887,TR002302,20240428,20240428,462,2,1,10,8,8,300000.0,Completed,1,75.0
1888,TR002415,20240428,20240428,514,1,6,9,6,6,0.0,Completed,1,78.0
1889,TR002425,20240428,20240428,521,7,2,3,3,3,0.0,Completed,1,71.0
1890,TR001692,20240429,20240429,155,4,2,3,3,0,0.0,Not Completed,0,
1891,TR001994,20240429,20240430,310,4,1,17,16,16,2000000.0,Completed,1,72.0
1892,TR001590,20240430,20240430,99,7,6,1,4,4,0.0,Completed,1,76.0
1893,TR002189,20240430,20240430,412,1,1,1,4,4,0.0,Completed,1,87.0
1894,TR002223,20240430,20240430,425,1,3,7,8,8,500000.0,Completed,1,80.0
1895,TR002434,20240430,20240430,526,8,1,10,8,8,300000.0,Completed,1,85.0
1896,TR002464,20240430,20240430,539,2,4,1,4,4,0.0,Completed,1,80.0
1897,TR002623,20240430,20240501,607,3,5,15,16,16,3500000.0,Completed,1,89.0
1898,TR002628,20240501,20240501,609,7,1,9,6,6,0.0,Completed,1,87.0
1899,TR001539,20240502,20240503,76,3,5,5,16,16,3000000.0,Completed,1,88.0
1900,TR001819,20240502,20240502,226,2,2,3,3,3,0.0,Completed,1,82.0
1901,TR001684,20240503,20240503,152,6,1,16,8,8,250000.0,Completed,1,78.0
1902,TR001954,20240503,20240503,291,3,1,16,8,8,250000.0,Completed,1,84.0
1903,TR002370,20240503,20240503,498,7,6,13,6,6,200000.0,Completed,1,80.0
1904,TR002536,20240503,20240503,568,3,5,16,8,8,250000.0,Completed,1,77.0
1905,TR001707,20240504,20240504,167,8,1,3,3,3,0.0,Completed,1,81.0
1906,TR001791,20240504,20240504,213,2,3,1,4,4,0.0,Completed,1,72.0
1907,TR001792,20240504,20240504,214,8,1,2,4,4,0.0,Completed,1,83.0
1908,TR001830,20240504,20240504,232,3,1,2,4,4,0.0,Completed,1,80.0
1909,TR001974,20240504,20240504,303,1,1,2,4,4,0.0,Completed,1,88.0
1910,TR001506,20240505,20240505,59,3,1,1,4,4,0.0,Completed,1,75.0
1911,TR001757,20240505,20240505,195,7,1,2,4,4,0.0,Completed,1,75.0
1912,TR001409,20240506,20240506,13,2,2,3,3,0,0.0,Not Completed,0,
1913,TR001651,20240506,20240506,135,1,1,1,4,4,0.0,Completed,1,86.0
1914,TR001678,20240506,20240506,150,7,5,9,6,6,0.0,Completed,1,78.0
1915,TR001829,20240506,20240506,230,8,1,11,12,12,1800000.0,Completed,1,61.0
1916,TR001882,20240506,20240506,254,5,1,16,8,8,250000.0,Completed,1,77.0
1917,TR002609,20240506,20240506,602,8,1,2,4,4,0.0,Completed,1,83.0
1918,TR001509,20240507,20240507,60,3,1,3,3,3,0.0,Completed,1,68.0
1919,TR001669,20240507,20240507,143,7,4,3,3,3,0.0,Completed,1,72.0
1920,TR001923,20240507,20240507,277,3,1,3,3,0,0.0,Not Completed,0,
1921,TR002213,20240507,20240507,421,1,1,12,12,12,2500000.0,Completed,1,72.0
1922,TR002069,20240508,20240508,354,7,1,3,3,3,0.0,Completed,1,89.0
1923,TR002185,20240508,20240508,409,7,1,9,6,6,0.0,Completed,1,83.0
1924,TR002290,20240508,20240508,458,7,1,13,6,6,200000.0,Completed,1,83.0
1925,TR002481,20240509,20240511,545,4,2,14,24,24,1500000.0,Completed,1,81.0
1926,TR001784,20240510,20240510,210,7,1,3,3,3,0.0,Completed,1,87.0
1927,TR001938,20240510,20240510,285,1,4,2,4,4,0.0,Completed,1,83.0
1928,TR002475,20240510,20240510,543,3,1,16,8,8,250000.0,Completed,1,78.0
1929,TR002560,20240510,20240512,578,3,3,14,24,24,1500000.0,Completed,1,78.0
1930,TR001730,20240511,20240511,178,7,1,16,8,8,250000.0,Completed,1,70.0
1931,TR002048,20240511,20240511,341,1,1,10,8,8,300000.0,Completed,1,68.0
1932,TR002245,20240511,20240512,436,3,3,15,16,16,3500000.0,Completed,1,91.0
1933,TR002268,20240511,20240511,449,1,6,13,6,6,200000.0,Completed,1,77.0
1934,TR001580,20240512,20240512,92,5,3,16,8,8,250000.0,Completed,1,89.0
1935,TR001654,20240512,20240512,136,7,2,3,3,3,0.0,Completed,1,83.0
1936,TR001898,20240512,20240512,264,1,6,9,6,6,0.0,Completed,1,74.0
1937,TR002217,20240512,20240512,424,3,1,2,4,0,0.0,Not Completed,0,
1938,TR002394,20240512,20240512,507,2,1,2,4,4,0.0,Completed,1,84.0
1939,TR002131,20240513,20240514,381,4,2,17,16,16,2000000.0,Completed,1,83.0
1940,TR002627,20240513,20240513,609,7,1,16,8,8,250000.0,Completed,1,70.0
1941,TR002146,20240514,20240514,389,7,2,1,4,4,0.0,Completed,1,98.0
1942,TR002489,20240514,20240514,548,1,5,10,8,8,300000.0,Completed,1,87.0
1943,TR001403,20240515,20240515,11,8,6,3,3,3,0.0,Completed,1,90.0
1944,TR002636,20240515,20240515,613,8,5,2,4,4,0.0,Completed,1,70.0
1945,TR002732,20240515,20240515,654,1,1,1,4,4,0.0,Completed,1,79.0
1946,TR002480,20240516,20240517,545,4,2,5,16,16,3000000.0,Completed,1,97.0
1947,TR001468,20240517,20240517,45,7,1,13,6,6,200000.0,Completed,1,78.0
1948,TR001911,20240517,20240517,271,2,2,1,4,4,0.0,Completed,1,78.0
1949,TR002168,20240517,20240517,400,7,3,1,4,4,0.0,Completed,1,82.0
1950,TR002254,20240517,20240517,442,8,2,2,4,4,0.0,Completed,1,100.0
1951,TR002316,20240517,20240517,470,1,1,1,4,0,0.0,Not Completed,0,
1952,TR002697,20240517,20240518,639,5,4,5,16,16,3000000.0,Completed,1,92.0
1953,TR001417,20240518,20240518,17,6,3,13,6,6,200000.0,Completed,1,94.0
1954,TR001700,20240518,20240518,160,7,1,16,8,8,250000.0,Completed,1,91.0
1955,TR001892,20240518,20240518,260,8,1,9,6,6,0.0,Completed,1,69.0
1956,TR002453,20240518,20240518,534,8,1,3,3,3,0.0,Completed,1,79.0
1957,TR002491,20240518,20240518,549,1,1,12,12,12,2500000.0,Completed,1,88.0
1958,TR001764,20240519,20240519,198,6,6,16,8,8,250000.0,Completed,1,74.0
1959,TR002165,20240519,20240521,398,3,1,14,24,24,1500000.0,Completed,1,66.0
1960,TR002186,20240519,20240519,409,7,1,13,6,6,200000.0,Completed,1,79.0
1961,TR001428,20240520,20240520,23,1,6,12,12,12,2500000.0,Completed,1,82.0
1962,TR001441,20240520,20240520,29,3,1,2,4,4,0.0,Completed,1,76.0
1963,TR001895,20240520,20240520,262,7,1,16,8,8,250000.0,Completed,1,83.0
1964,TR002241,20240520,20240520,436,3,3,3,3,3,0.0,Completed,1,94.0
1965,TR002589,20240520,20240520,592,7,6,9,6,0,0.0,Not Completed,0,
1966,TR002625,20240520,20240520,608,8,1,2,4,4,0.0,Completed,1,70.0
1967,TR001836,20240521,20240521,234,7,2,1,4,4,0.0,Completed,1,65.0
1968,TR002711,20240521,20240521,644,7,1,1,4,4,0.0,Completed,1,87.0
1969,TR001702,20240522,20240522,162,4,1,3,3,3,0.0,Completed,1,90.0
1970,TR001755,20240522,20240522,194,8,1,3,3,3,0.0,Completed,1,87.0
1971,TR001851,20240522,20240522,241,8,1,11,12,12,1800000.0,Completed,1,88.0
1972,TR001952,20240522,20240523,291,3,1,15,16,16,3500000.0,Completed,1,82.0
1973,TR001963,20240522,20240522,298,8,1,2,4,4,0.0,Completed,1,66.0
1974,TR002105,20240522,20240522,369,1,1,9,6,6,0.0,Completed,1,69.0
1975,TR001615,20240523,20240523,111,1,1,12,12,12,2500000.0,Completed,1,88.0
1976,TR001723,20240523,20240523,175,8,3,11,12,0,1800000.0,Not Completed,0,
1977,TR001943,20240523,20240523,288,6,1,1,4,4,0.0,Completed,1,92.0
1978,TR002336,20240523,20240524,480,5,6,17,16,16,2000000.0,Completed,1,96.0
1979,TR001833,20240524,20240524,233,8,2,3,3,3,0.0,Completed,1,81.0
1980,TR002507,20240524,20240524,555,8,2,1,4,4,0.0,Completed,1,71.0
1981,TR001579,20240525,20240526,92,5,3,17,16,0,2000000.0,Not Completed,0,
1982,TR001672,20240525,20240525,148,7,1,3,3,3,0.0,Completed,1,75.0
1983,TR001746,20240525,20240525,189,3,1,2,4,4,0.0,Completed,1,81.0
1984,TR002066,20240525,20240525,352,7,1,13,6,6,200000.0,Completed,1,88.0
1985,TR002372,20240525,20240525,499,1,5,10,8,8,300000.0,Completed,1,79.0
1986,TR002467,20240525,20240525,539,2,4,12,12,12,2500000.0,Completed,1,67.0
1987,TR002708,20240525,20240526,642,5,1,17,16,16,2000000.0,Completed,1,87.0
1988,TR002399,20240526,20240526,509,7,1,1,4,4,0.0,Completed,1,93.0
1989,TR002664,20240526,20240526,628,7,6,2,4,4,0.0,Completed,1,81.0
1990,TR001399,20240528,20240528,8,5,2,16,8,8,250000.0,Completed,1,85.0
1991,TR001515,20240528,20240528,63,3,5,3,3,3,0.0,Completed,1,72.0
1992,TR001793,20240528,20240528,214,8,1,10,8,8,300000.0,Completed,1,61.0
1993,TR001958,20240528,20240528,292,7,2,13,6,6,200000.0,Completed,1,73.0
1994,TR002211,20240528,20240528,421,1,1,10,8,8,300000.0,Completed,1,62.0
1995,TR002644,20240528,20240528,618,3,3,3,3,0,0.0,Not Completed,0,
1996,TR002508,20240529,20240529,555,8,2,10,8,8,300000.0,Completed,1,86.0
1997,TR002694,20240529,20240529,639,5,4,3,3,3,0.0,Completed,1,67.0
1998,TR002714,20240529,20240529,644,7,1,13,6,6,200000.0,Completed,1,71.0
1999,TR002722,20240529,20240529,649,8,1,10,8,8,300000.0,Completed,1,86.0
2000,TR001418,20240530,20240530,19,5,1,1,4,4,0.0,Completed,1,91.0
2001,TR001459,20240530,20240530,40,3,5,1,4,4,0.0,Completed,1,81.0
2002,TR001482,20240530,20240530,51,7,1,1,4,4,0.0,Completed,1,80.0
2003,TR001584,20240530,20240530,95,1,2,10,8,8,300000.0,Completed,1,83.0
2004,TR001896,20240530,20240530,262,7,1,13,6,0,200000.0,Not Completed,0,
2005,TR002096,20240530,20240530,364,7,3,1,4,4,0.0,Completed,1,89.0
2006,TR002272,20240530,20240602,450,8,1,6,32,32,7500000.0,Completed,1,94.0
2007,TR002485,20240530,20240531,546,2,1,4,16,16,1200000.0,Completed,1,81.0
2008,TR001603,20240531,20240531,105,8,3,3,3,3,0.0,Completed,1,100.0
2009,TR001785,20240531,20240531,210,7,1,13,6,6,200000.0,Completed,1,80.0
2010,TR002109,20240531,20240602,370,4,1,14,24,0,1500000.0,Not Completed,0,
2011,TR002255,20240531,20240531,443,2,1,1,4,0,0.0,Not Completed,0,
2012,TR002287,20240531,20240531,457,7,3,16,8,8,250000.0,Completed,1,93.0
2013,TR002565,20240531,20240531,580,2,5,3,3,3,0.0,Completed,1,85.0
2014,TR001427,20240601,20240601,23,1,6,2,4,4,0.0,Completed,1,73.0
2015,TR001545,20240601,20240601,79,8,1,2,4,4,0.0,Completed,1,62.0
2016,TR001993,20240601,20240601,310,4,1,2,4,4,0.0,Completed,1,79.0
2017,TR002490,20240601,20240601,549,1,1,3,3,3,0.0,Completed,1,70.0
2018,TR001556,20240602,20240602,82,2,1,12,12,12,2500000.0,Completed,1,82.0
2019,TR001904,20240602,20240602,267,1,1,2,4,4,0.0,Completed,1,77.0
2020,TR002159,20240602,20240602,396,1,1,12,12,12,2500000.0,Completed,1,80.0
2021,TR002332,20240602,20240603,479,2,6,17,16,16,2000000.0,Completed,1,87.0
2022,TR002379,20240602,20240602,501,8,4,10,8,8,300000.0,Completed,1,85.0
2023,TR002666,20240602,20240602,628,7,6,13,6,6,200000.0,Completed,1,87.0
2024,TR002684,20240602,20240602,635,7,2,9,6,6,0.0,Completed,1,88.0
2025,TR001683,20240603,20240603,152,6,1,3,3,3,0.0,Completed,1,89.0
2026,TR002097,20240603,20240603,364,7,3,16,8,8,250000.0,Completed,1,87.0
2027,TR002387,20240603,20240603,504,7,3,13,6,6,200000.0,Completed,1,91.0
2028,TR002482,20240603,20240604,545,4,2,17,16,16,2000000.0,Completed,1,100.0
2029,TR001613,20240604,20240605,109,5,1,5,16,16,3000000.0,Completed,1,88.0
2030,TR001716,20240604,20240604,172,7,1,16,8,8,250000.0,Completed,1,81.0
2031,TR001935,20240604,20240604,284,7,5,1,4,4,0.0,Completed,1,81.0
2032,TR002008,20240604,20240604,316,4,1,7,8,8,500000.0,Completed,1,79.0
2033,TR002701,20240604,20240605,640,6,6,17,16,16,2000000.0,Completed,1,88.0
2034,TR002734,20240604,20240604,655,7,1,13,6,6,200000.0,Completed,1,84.0
2035,TR002204,20240605,20240605,419,8,1,9,6,6,0.0,Completed,1,76.0
2036,TR002348,20240605,20240605,486,1,2,12,12,12,2500000.0,Completed,1,99.0
2037,TR002620,20240605,20240605,607,3,5,2,4,0,0.0,Not Completed,0,
2038,TR002710,20240605,20240605,643,3,1,3,3,3,0.0,Completed,1,83.0
2039,TR002733,20240605,20240605,655,7,1,1,4,4,0.0,Completed,1,77.0
2040,TR001537,20240606,20240606,75,4,6,1,4,4,0.0,Completed,1,77.0
2041,TR002011,20240606,20240606,318,1,1,3,3,3,0.0,Completed,1,85.0
2042,TR002173,20240606,20240606,404,7,6,9,6,0,0.0,Not Completed,0,
2043,TR002306,20240606,20240606,464,7,4,2,4,4,0.0,Completed,1,91.0
2044,TR002704,20240606,20240606,641,7,4,9,6,6,0.0,Completed,1,84.0
2045,TR001698,20240607,20240607,160,7,1,2,4,4,0.0,Completed,1,84.0
2046,TR002198,20240607,20240607,417,7,2,3,3,3,0.0,Completed,1,89.0
2047,TR002325,20240607,20240607,474,6,1,1,4,4,0.0,Completed,1,94.0
2048,TR002382,20240607,20240607,502,1,6,10,8,8,300000.0,Completed,1,87.0
2049,TR001589,20240608,20240608,98,8,1,10,8,8,300000.0,Completed,1,88.0
2050,TR001944,20240608,20240609,288,6,1,17,16,16,2000000.0,Completed,1,80.0
2051,TR002012,20240608,20240608,318,1,1,12,12,12,2500000.0,Completed,1,92.0
2052,TR002262,20240608,20240608,446,8,4,3,3,3,0.0,Completed,1,79.0
2053,TR002293,20240608,20240608,459,7,1,16,8,8,250000.0,Completed,1,97.0
2054,TR001392,20240609,20240609,3,5,1,1,4,4,0.0,Completed,1,70.0
2055,TR001536,20240609,20240609,74,8,2,9,6,0,0.0,Not Completed,0,
2056,TR002080,20240609,20240609,358,5,1,16,8,0,250000.0,Not Completed,0,
2057,TR002466,20240609,20240610,539,2,4,17,16,16,2000000.0,Completed,1,75.0
2058,TR002492,20240609,20240609,549,1,1,10,8,8,300000.0,Completed,1,84.0
2059,TR002723,20240609,20240609,650,8,3,3,3,3,0.0,Completed,1,73.0
2060,TR001419,20240610,20240610,19,5,1,16,8,8,250000.0,Completed,1,93.0
2061,TR001457,20240610,20240610,38,3,1,3,3,3,0.0,Completed,1,94.0
2062,TR001703,20240610,20240610,165,5,2,3,3,3,0.0,Completed,1,62.0
2063,TR001866,20240610,20240610,250,1,1,2,4,4,0.0,Completed,1,77.0
2064,TR002127,20240610,20240610,379,1,1,1,4,4,0.0,Completed,1,87.0
2065,TR001548,20240611,20240611,80,7,2,3,3,0,0.0,Not Completed,0,
2066,TR001576,20240611,20240611,91,7,1,2,4,4,0.0,Completed,1,74.0
2067,TR001871,20240611,20240611,251,1,1,12,12,12,2500000.0,Completed,1,92.0
2068,TR002015,20240611,20240611,321,1,1,2,4,4,0.0,Completed,1,92.0
2069,TR002229,20240611,20240611,429,7,1,13,6,6,200000.0,Completed,1,82.0
2070,TR001413,20240612,20240612,16,1,5,2,4,4,0.0,Completed,1,69.0
2071,TR001668,20240612,20240615,141,1,3,6,32,32,7500000.0,Completed,1,74.0
2072,TR001452,20240613,20240614,34,8,5,5,16,16,3000000.0,Completed,1,79.0
2073,TR001855,20240613,20240613,243,7,1,1,4,4,0.0,Completed,1,82.0
2074,TR002445,20240613,20240613,530,7,1,3,3,0,0.0,Not Completed,0,
2075,TR002569,20240613,20240613,582,1,1,10,8,8,300000.0,Completed,1,71.0
2076,TR002524,20240614,20240614,564,1,1,2,4,4,0.0,Completed,1,84.0
2077,TR001664,20240615,20240615,141,1,3,1,4,4,0.0,Completed,1,99.0
2078,TR001861,20240615,20240615,246,8,1,10,8,8,300000.0,Completed,1,72.0
2079,TR001999,20240615,20240617,311,3,1,14,24,24,1500000.0,Completed,1,90.0
2080,TR002705,20240616,20240616,641,7,4,16,8,8,250000.0,Completed,1,88.0
2081,TR001467,20240617,20240617,45,7,1,2,4,4,0.0,Completed,1,81.0
2082,TR001979,20240617,20240617,305,7,4,3,3,3,0.0,Completed,1,73.0
2083,TR002062,20240617,20240618,350,2,3,4,16,16,1200000.0,Completed,1,86.0
2084,TR002304,20240617,20240617,463,5,1,16,8,8,250000.0,Completed,1,100.0
2085,TR002458,20240617,20240617,535,5,3,16,8,8,250000.0,Completed,1,60.0
2086,TR001787,20240618,20240618,211,7,1,3,3,3,0.0,Completed,1,77.0
2087,TR002514,20240618,20240618,559,8,1,1,4,4,0.0,Completed,1,75.0
2088,TR002572,20240618,20240618,584,3,3,3,3,3,0.0,Completed,1,98.0
2089,TR002587,20240618,20240618,591,1,2,2,4,4,0.0,Completed,1,88.0
2090,TR002703,20240618,20240618,641,7,4,13,6,6,200000.0,Completed,1,85.0
2091,TR001586,20240619,20240620,96,2,1,17,16,0,2000000.0,Not Completed,0,
2092,TR002114,20240619,20240620,373,2,1,17,16,16,2000000.0,Completed,1,99.0
2093,TR001455,20240620,20240620,37,1,1,12,12,12,2500000.0,Completed,1,83.0
2094,TR002091,20240620,20240620,361,1,6,7,8,0,500000.0,Not Completed,0,
2095,TR002474,20240620,20240620,543,3,1,2,4,4,0.0,Completed,1,84.0
2096,TR002700,20240620,20240620,640,6,6,10,8,8,300000.0,Completed,1,92.0
2097,TR001453,20240621,20240621,37,1,1,1,4,4,0.0,Completed,1,98.0
2098,TR001463,20240621,20240621,43,5,1,16,8,8,250000.0,Completed,1,85.0
2099,TR001495,20240621,20240621,55,8,1,9,6,6,0.0,Completed,1,72.0
2100,TR001528,20240621,20240621,71,1,2,3,3,3,0.0,Completed,1,82.0
2101,TR001543,20240621,20240622,77,5,1,17,16,0,2000000.0,Not Completed,0,
2102,TR001804,20240621,20240621,219,3,1,2,4,4,0.0,Completed,1,100.0
2103,TR002356,20240621,20240621,491,8,3,11,12,0,1800000.0,Not Completed,0,
2104,TR002397,20240621,20240621,508,7,1,13,6,6,200000.0,Completed,1,65.0
2105,TR001822,20240622,20240622,227,2,4,12,12,12,2500000.0,Completed,1,79.0
2106,TR001826,20240622,20240622,229,7,1,13,6,0,200000.0,Not Completed,0,
2107,TR002036,20240622,20240622,336,1,1,2,4,4,0.0,Completed,1,73.0
2108,TR002194,20240622,20240622,414,3,2,3,3,3,0.0,Completed,1,85.0
2109,TR002250,20240622,20240622,439,8,1,2,4,4,0.0,Completed,1,100.0
2110,TR002259,20240622,20240622,444,1,1,1,4,4,0.0,Completed,1,79.0
2111,TR002277,20240622,20240622,454,7,1,3,3,3,0.0,Completed,1,79.0
2112,TR002667,20240622,20240622,629,1,1,2,4,4,0.0,Completed,1,71.0
2113,TR002687,20240622,20240622,636,8,3,9,6,6,0.0,Completed,1,97.0
2114,TR001567,20240623,20240624,86,3,1,15,16,16,3500000.0,Completed,1,80.0
2115,TR002298,20240623,20240625,461,4,1,14,24,24,1500000.0,Completed,1,83.0
2116,TR002624,20240623,20240623,607,3,5,13,6,6,200000.0,Completed,1,78.0
2117,TR002670,20240623,20240623,631,1,2,2,4,4,0.0,Completed,1,86.0
2118,TR002739,20240623,20240623,658,1,5,12,12,12,2500000.0,Completed,1,75.0
2119,TR002047,20240624,20240624,341,1,1,2,4,4,0.0,Completed,1,91.0
2120,TR002529,20240624,20240624,566,4,5,3,3,3,0.0,Completed,1,79.0
2121,TR001501,20240625,20240626,57,4,1,17,16,0,2000000.0,Not Completed,0,
2122,TR002242,20240625,20240627,436,3,3,14,24,24,1500000.0,Completed,1,92.0
2123,TR002257,20240625,20240625,443,2,1,12,12,12,2500000.0,Completed,1,79.0
2124,TR001533,20240626,20240626,73,3,1,10,8,8,300000.0,Completed,1,93.0
2125,TR001624,20240626,20240630,116,1,1,8,40,40,15000000.0,Completed,1,90.0
2126,TR002118,20240626,20240626,374,1,5,9,6,6,0.0,Completed,1,83.0
2127,TR001578,20240627,20240627,92,5,3,2,4,4,0.0,Completed,1,75.0
2128,TR002104,20240627,20240627,369,1,1,3,3,3,0.0,Completed,1,79.0
2129,TR002305,20240627,20240628,463,5,1,17,16,16,2000000.0,Completed,1,77.0
2130,TR002347,20240627,20240627,486,1,2,9,6,6,0.0,Completed,1,85.0
2131,TR002500,20240627,20240627,552,8,5,9,6,6,0.0,Completed,1,95.0
2132,TR002621,20240627,20240628,607,3,5,5,16,16,3000000.0,Completed,1,79.0
2133,TR002754,20240627,20240627,664,7,1,3,3,3,0.0,Completed,1,79.0
2134,TR001721,20240628,20240629,174,8,1,5,16,16,3000000.0,Completed,1,77.0
2135,TR001848,20240628,20240628,240,8,6,10,8,0,300000.0,Not Completed,0,
2136,TR002129,20240628,20240628,381,4,2,2,4,4,0.0,Completed,1,81.0
2137,TR001880,20240629,20240629,254,5,1,1,4,4,0.0,Completed,1,80.0
2138,TR002171,20240629,20240702,401,6,1,6,32,0,7500000.0,Not Completed,0,
2139,TR002330,20240629,20240629,478,3,4,3,3,3,0.0,Completed,1,78.0
2140,TR002737,20240629,20240629,657,7,2,2,4,4,0.0,Completed,1,76.0
2141,TR001632,20240630,20240630,122,7,5,9,6,6,0.0,Completed,1,68.0
2142,TR001860,20240630,20240630,246,8,1,1,4,4,0.0,Completed,1,75.0
2143,TR001922,20240630,20240630,276,8,1,10,8,8,300000.0,Completed,1,86.0
2144,TR001957,20240630,20240630,292,7,2,16,8,8,250000.0,Completed,1,78.0
2145,TR002041,20240630,20240630,338,8,1,11,12,12,1800000.0,Completed,1,94.0
2146,TR002568,20240630,20240630,582,1,1,1,4,0,0.0,Not Completed,0,
2147,TR001414,20240701,20240701,17,6,3,1,4,4,0.0,Completed,1,76.0
2148,TR001445,20240701,20240701,30,1,3,12,12,12,2500000.0,Completed,1,91.0
2149,TR001448,20240701,20240701,33,3,3,18,12,12,4000000.0,Completed,1,76.0
2150,TR001797,20240701,20240701,216,4,6,2,4,4,0.0,Completed,1,70.0
2151,TR001801,20240701,20240701,217,5,1,2,4,4,0.0,Completed,1,84.0
2152,TR002252,20240701,20240701,440,7,3,3,3,3,0.0,Completed,1,87.0
2153,TR002256,20240701,20240702,443,2,1,17,16,16,2000000.0,Completed,1,71.0
2154,TR002690,20240701,20240701,638,1,1,3,3,3,0.0,Completed,1,75.0
2155,TR001581,20240702,20240702,94,2,1,2,4,4,0.0,Completed,1,79.0
2156,TR002495,20240702,20240702,551,8,2,10,8,8,300000.0,Completed,1,91.0
2157,TR002657,20240702,20240702,625,2,1,16,8,8,250000.0,Completed,1,78.0
2158,TR002597,20240703,20240703,596,5,1,3,3,3,0.0,Completed,1,76.0
2159,TR002603,20240703,20240703,600,7,2,1,4,4,0.0,Completed,1,90.0
2160,TR001575,20240704,20240704,89,1,5,12,12,12,2500000.0,Completed,1,75.0
2161,TR001677,20240704,20240704,150,7,5,16,8,8,250000.0,Completed,1,86.0
2162,TR002288,20240704,20240704,457,7,3,13,6,6,200000.0,Completed,1,82.0
2163,TR002742,20240704,20240704,659,3,1,3,3,0,0.0,Not Completed,0,
2164,TR001846,20240705,20240706,239,2,4,4,16,16,1200000.0,Completed,1,91.0
2165,TR002020,20240705,20240705,323,1,1,3,3,3,0.0,Completed,1,73.0
2166,TR002465,20240705,20240706,539,2,4,4,16,16,1200000.0,Completed,1,87.0
2167,TR001498,20240706,20240706,56,1,3,10,8,8,300000.0,Completed,1,89.0
2168,TR001525,20240706,20240706,69,5,6,1,4,4,0.0,Completed,1,76.0
2169,TR001953,20240706,20240709,291,3,1,6,32,32,7500000.0,Completed,1,92.0
2170,TR002246,20240706,20240706,436,3,3,7,8,8,500000.0,Completed,1,69.0
2171,TR002477,20240706,20240707,544,6,1,17,16,16,2000000.0,Completed,1,73.0
2172,TR001988,20240707,20240707,308,6,3,16,8,8,250000.0,Completed,1,69.0
2173,TR002210,20240707,20240707,421,1,1,2,4,4,0.0,Completed,1,91.0
2174,TR001853,20240708,20240708,242,8,1,1,4,4,0.0,Completed,1,88.0
2175,TR002149,20240708,20240710,390,3,1,14,24,24,1500000.0,Completed,1,91.0
2176,TR002201,20240708,20240708,418,7,1,9,6,6,0.0,Completed,1,83.0
2177,TR002521,20240708,20240708,562,1,1,12,12,12,2500000.0,Completed,1,79.0
2178,TR001588,20240709,20240709,98,8,1,11,12,12,1800000.0,Completed,1,90.0
2179,TR001622,20240709,20240709,116,1,1,2,4,4,0.0,Completed,1,71.0
2180,TR001805,20240709,20240710,219,3,1,15,16,16,3500000.0,Completed,1,86.0
2181,TR002317,20240709,20240709,470,1,1,10,8,8,300000.0,Completed,1,80.0
2182,TR002674,20240709,20240709,632,3,3,18,12,12,4000000.0,Completed,1,82.0
2183,TR002709,20240709,20240710,642,5,1,5,16,16,3000000.0,Completed,1,61.0
2184,TR002760,20240709,20240710,665,2,3,4,16,16,1200000.0,Completed,1,78.0
2185,TR002249,20240710,20240711,438,1,2,5,16,16,3000000.0,Completed,1,87.0
2186,TR002460,20240710,20240710,537,7,1,2,4,4,0.0,Completed,1,95.0
2187,TR002763,20240710,20240710,666,8,5,10,8,8,300000.0,Completed,1,89.0
2188,TR001645,20240711,20240711,132,3,1,1,4,4,0.0,Completed,1,79.0
2189,TR002230,20240711,20240711,431,3,2,1,4,4,0.0,Completed,1,81.0
2190,TR002235,20240711,20240711,432,1,1,12,12,12,2500000.0,Completed,1,94.0
2191,TR002276,20240711,20240711,453,8,2,9,6,6,0.0,Completed,1,66.0
2192,TR002297,20240711,20240711,461,4,1,2,4,4,0.0,Completed,1,81.0
2193,TR002796,20240711,20240711,680,7,6,13,6,6,200000.0,Completed,1,77.0
2194,TR001881,20240712,20240713,254,5,1,17,16,16,2000000.0,Completed,1,72.0
2195,TR001913,20240712,20240712,272,4,1,2,4,4,0.0,Completed,1,74.0
2196,TR001992,20240712,20240712,309,1,1,10,8,8,300000.0,Completed,1,82.0
2197,TR002224,20240712,20240712,426,3,6,2,4,4,0.0,Completed,1,79.0
2198,TR001670,20240713,20240713,143,7,4,16,8,8,250000.0,Completed,1,61.0
2199,TR001749,20240713,20240713,190,7,5,13,6,6,200000.0,Completed,1,66.0
2200,TR001761,20240713,20240716,197,6,3,6,32,32,7500000.0,Completed,1,79.0
2201,TR001981,20240713,20240713,306,1,6,3,3,3,0.0,Completed,1,84.0
2202,TR001629,20240714,20240714,121,3,1,2,4,4,0.0,Completed,1,68.0
2203,TR001407,20240715,20240715,12,2,3,2,4,4,0.0,Completed,1,76.0
2204,TR001641,20240715,20240715,128,4,2,10,8,0,300000.0,Not Completed,0,
2205,TR001717,20240715,20240715,172,7,1,13,6,6,200000.0,Completed,1,89.0
2206,TR002654,20240715,20240715,624,8,1,2,4,4,0.0,Completed,1,66.0
2207,TR001715,20240716,20240716,172,7,1,3,3,3,0.0,Completed,1,90.0
2208,TR001852,20240716,20240716,241,8,1,10,8,8,300000.0,Completed,1,86.0
2209,TR001978,20240716,20240716,304,7,1,13,6,6,200000.0,Completed,1,86.0
2210,TR001480,20240717,20240720,50,3,1,6,32,32,7500000.0,Completed,1,88.0
2211,TR002007,20240717,20240717,316,4,1,3,3,3,0.0,Completed,1,89.0
2212,TR002727,20240718,20240719,651,4,1,17,16,16,2000000.0,Completed,1,82.0
2213,TR002740,20240718,20240718,658,1,5,9,6,6,0.0,Completed,1,78.0
2214,TR002765,20240718,20240718,668,7,3,3,3,3,0.0,Completed,1,80.0
2215,TR001592,20240719,20240719,100,1,3,1,4,0,0.0,Not Completed,0,
2216,TR001647,20240719,20240719,133,1,1,2,4,4,0.0,Completed,1,79.0
2217,TR001972,20240719,20240719,302,1,1,3,3,0,0.0,Not Completed,0,
2218,TR002339,20240719,20240719,482,7,3,13,6,6,200000.0,Completed,1,75.0
2219,TR002517,20240719,20240720,561,2,1,4,16,16,1200000.0,Completed,1,77.0
2220,TR002678,20240719,20240719,634,3,2,3,3,3,0.0,Completed,1,96.0
2221,TR001806,20240720,20240720,220,8,1,2,4,4,0.0,Completed,1,86.0
2222,TR001816,20240720,20240723,224,1,1,6,32,32,7500000.0,Completed,1,77.0
2223,TR002612,20240720,20240721,603,4,3,5,16,16,3000000.0,Completed,1,80.0
2224,TR002642,20240720,20240720,616,8,1,1,4,4,0.0,Completed,1,96.0
2225,TR002741,20240720,20240721,658,1,5,5,16,16,3000000.0,Completed,1,82.0
2226,TR001889,20240721,20240721,257,3,1,2,4,4,0.0,Completed,1,86.0
2227,TR002419,20240721,20240721,518,2,2,3,3,3,0.0,Completed,1,77.0
2228,TR002511,20240721,20240721,558,6,1,2,4,0,0.0,Not Completed,0,
2229,TR001779,20240722,20240722,206,1,1,3,3,3,0.0,Completed,1,86.0
2230,TR001921,20240722,20240722,276,8,1,1,4,4,0.0,Completed,1,81.0
2231,TR002438,20240722,20240722,528,7,3,3,3,3,0.0,Completed,1,90.0
2232,TR002542,20240722,20240722,572,3,1,2,4,4,0.0,Completed,1,88.0
2233,TR001754,20240723,20240723,193,1,1,1,4,4,0.0,Completed,1,76.0
2234,TR001847,20240723,20240723,240,8,6,2,4,4,0.0,Completed,1,92.0
2235,TR001873,20240723,20240723,252,3,2,1,4,4,0.0,Completed,1,81.0
2236,TR002101,20240723,20240723,366,8,4,10,8,8,300000.0,Completed,1,66.0
2237,TR002406,20240723,20240723,511,8,1,10,8,8,300000.0,Completed,1,81.0
2238,TR002413,20240723,20240723,514,1,6,3,3,3,0.0,Completed,1,81.0
2239,TR002691,20240723,20240723,638,1,1,12,12,12,2500000.0,Completed,1,82.0
2240,TR001433,20240724,20240724,25,2,1,16,8,8,250000.0,Completed,1,85.0
2241,TR002228,20240724,20240724,429,7,1,1,4,4,0.0,Completed,1,92.0
2242,TR002236,20240724,20240724,432,1,1,7,8,8,500000.0,Completed,1,78.0
2243,TR002392,20240724,20240726,506,3,1,14,24,24,1500000.0,Completed,1,76.0
2244,TR002695,20240724,20240725,639,5,4,17,16,0,2000000.0,Not Completed,0,
2245,TR002728,20240724,20240724,651,4,1,16,8,8,250000.0,Completed,1,95.0
2246,TR002743,20240724,20240724,659,3,1,18,12,0,4000000.0,Not Completed,0,
2247,TR001709,20240725,20240725,168,2,1,1,4,4,0.0,Completed,1,89.0
2248,TR002275,20240725,20240725,453,8,2,1,4,4,0.0,Completed,1,77.0
2249,TR002488,20240725,20240725,548,1,5,12,12,12,2500000.0,Completed,1,81.0
2250,TR002671,20240725,20240725,631,1,2,9,6,6,0.0,Completed,1,84.0
2251,TR001404,20240726,20240726,11,8,6,10,8,8,300000.0,Completed,1,100.0
2252,TR002019,20240726,20240727,322,5,4,17,16,16,2000000.0,Completed,1,78.0
2253,TR002060,20240726,20240726,349,7,4,7,8,8,500000.0,Completed,1,85.0
2254,TR001587,20240727,20240727,98,8,1,3,3,3,0.0,Completed,1,87.0
2255,TR001631,20240727,20240727,122,7,5,1,4,4,0.0,Completed,1,74.0
2256,TR001845,20240727,20240727,239,2,4,3,3,3,0.0,Completed,1,83.0
2257,TR001436,20240728,20240728,26,8,4,10,8,8,300000.0,Completed,1,91.0
2258,TR001476,20240728,20240729,49,3,1,15,16,16,3500000.0,Completed,1,79.0
2259,TR001601,20240728,20240729,104,2,1,17,16,16,2000000.0,Completed,1,85.0
2260,TR002476,20240728,20240728,544,6,1,1,4,4,0.0,Completed,1,85.0
2261,TR002617,20240728,20240728,605,7,5,16,8,8,250000.0,Completed,1,82.0
2262,TR002779,20240728,20240728,673,2,2,12,12,12,2500000.0,Completed,1,63.0
2263,TR002789,20240728,20240728,677,2,1,2,4,4,0.0,Completed,1,79.0
2264,TR001808,20240729,20240729,222,8,1,2,4,4,0.0,Completed,1,97.0
2265,TR002032,20240729,20240729,333,8,1,3,3,0,0.0,Not Completed,0,
2266,TR002226,20240729,20240729,427,1,6,1,4,4,0.0,Completed,1,95.0
2267,TR002788,20240729,20240730,676,3,1,15,16,16,3500000.0,Completed,1,79.0
2268,TR001538,20240730,20240730,76,3,5,3,3,3,0.0,Completed,1,65.0
2269,TR002610,20240730,20240802,602,8,1,6,32,32,7500000.0,Completed,1,88.0
2270,TR002716,20240730,20240731,645,3,6,5,16,16,3000000.0,Completed,1,74.0
2271,TR001431,20240731,20240731,24,8,1,10,8,8,300000.0,Completed,1,88.0
2272,TR001572,20240731,20240731,88,1,5,1,4,4,0.0,Completed,1,94.0
2273,TR002112,20240731,20240801,372,1,1,5,16,16,3000000.0,Completed,1,79.0
2274,TR002365,20240731,20240731,494,4,2,2,4,4,0.0,Completed,1,99.0
2275,TR002160,20240801,20240801,397,2,1,1,4,4,0.0,Completed,1,93.0
2276,TR002804,20240801,20240801,684,8,6,3,3,3,0.0,Completed,1,81.0
2277,TR002164,20240802,20240802,398,3,1,1,4,4,0.0,Completed,1,79.0
2278,TR002283,20240802,20240804,455,4,6,14,24,24,1500000.0,Completed,1,82.0
2279,TR002650,20240802,20240804,621,3,1,14,24,24,1500000.0,Completed,1,80.0
2280,TR002713,20240802,20240802,644,7,1,9,6,6,0.0,Completed,1,72.0
2281,TR001446,20240803,20240803,31,2,4,2,4,4,0.0,Completed,1,88.0
2282,TR001481,20240803,20240803,50,3,1,13,6,6,200000.0,Completed,1,90.0
2283,TR001644,20240803,20240803,131,1,1,12,12,12,2500000.0,Completed,1,78.0
2284,TR001728,20240803,20240803,176,3,1,7,8,8,500000.0,Completed,1,66.0
2285,TR001821,20240803,20240803,227,2,4,1,4,4,0.0,Completed,1,75.0
2286,TR002718,20240803,20240803,647,7,6,1,4,4,0.0,Completed,1,74.0
2287,TR001766,20240804,20240804,199,6,1,2,4,4,0.0,Completed,1,81.0
2288,TR002400,20240804,20240804,509,7,1,16,8,8,250000.0,Completed,1,74.0
2289,TR001604,20240805,20240805,105,8,3,11,12,12,1800000.0,Completed,1,74.0
2290,TR002486,20240805,20240805,547,1,2,2,4,4,0.0,Completed,1,68.0
2291,TR002599,20240805,20240805,597,2,1,1,4,4,0.0,Completed,1,86.0
2292,TR002677,20240805,20240805,633,8,1,11,12,12,1800000.0,Completed,1,84.0
2293,TR002768,20240805,20240807,669,3,4,14,24,24,1500000.0,Completed,1,81.0
2294,TR001740,20240806,20240806,184,8,1,2,4,4,0.0,Completed,1,85.0
2295,TR002390,20240806,20240806,506,3,1,3,3,3,0.0,Completed,1,91.0
2296,TR002744,20240806,20240807,659,3,1,5,16,16,3000000.0,Completed,1,84.0
2297,TR002753,20240806,20240807,663,6,4,17,16,16,2000000.0,Completed,1,81.0
2298,TR002052,20240807,20240807,345,3,1,2,4,4,0.0,Completed,1,88.0
2299,TR002331,20240807,20240807,479,2,6,3,3,3,0.0,Completed,1,95.0
2300,TR002751,20240807,20240807,662,7,3,16,8,8,250000.0,Completed,1,83.0
2301,TR001470,20240808,20240808,46,7,2,9,6,6,0.0,Completed,1,71.0
2302,TR001982,20240808,20240808,306,1,6,10,8,8,300000.0,Completed,1,74.0
2303,TR001991,20240808,20240808,309,1,1,9,6,6,0.0,Completed,1,87.0
2304,TR002065,20240808,20240808,352,7,1,9,6,6,0.0,Completed,1,79.0
2305,TR002436,20240808,20240808,527,3,1,2,4,4,0.0,Completed,1,93.0
2306,TR002639,20240808,20240808,614,8,1,16,8,8,250000.0,Completed,1,73.0
2307,TR002747,20240808,20240808,661,8,1,1,4,4,0.0,Completed,1,78.0
2308,TR002622,20240809,20240809,607,3,5,18,12,12,4000000.0,Completed,1,74.0
2309,TR001934,20240810,20240813,282,1,1,6,32,32,7500000.0,Completed,1,70.0
2310,TR002028,20240810,20240810,329,7,2,13,6,6,200000.0,Completed,1,79.0
2311,TR002455,20240810,20240810,534,8,1,9,6,6,0.0,Completed,1,97.0
2312,TR002738,20240810,20240810,658,1,5,1,4,4,0.0,Completed,1,85.0
2313,TR001977,20240811,20240811,304,7,1,16,8,8,250000.0,Completed,1,76.0
2314,TR001987,20240811,20240812,308,6,3,17,16,16,2000000.0,Completed,1,73.0
2315,TR002805,20240811,20240811,684,8,6,7,8,8,500000.0,Completed,1,75.0
2316,TR001859,20240812,20240812,245,1,1,12,12,12,2500000.0,Completed,1,83.0
2317,TR001924,20240812,20240812,277,3,1,18,12,12,4000000.0,Completed,1,78.0
2318,TR002057,20240813,20240813,347,8,2,11,12,12,1800000.0,Completed,1,95.0
2319,TR002311,20240813,20240813,466,7,4,2,4,0,0.0,Not Completed,0,
2320,TR002516,20240813,20240813,561,2,1,1,4,4,0.0,Completed,1,82.0
2321,TR002758,20240813,20240813,664,7,1,10,8,8,300000.0,Completed,1,87.0
2322,TR002775,20240813,20240813,671,8,5,10,8,8,300000.0,Completed,1,66.0
2323,TR001697,20240814,20240815,159,7,1,5,16,16,3000000.0,Completed,1,78.0
2324,TR002022,20240814,20240814,324,3,1,16,8,8,250000.0,Completed,1,82.0
2325,TR002141,20240814,20240814,386,2,1,1,4,4,0.0,Completed,1,73.0
2326,TR002221,20240814,20240814,425,1,3,1,4,4,0.0,Completed,1,82.0
2327,TR002681,20240814,20240814,634,3,2,18,12,12,4000000.0,Completed,1,70.0
2328,TR002781,20240814,20240814,673,2,2,16,8,8,250000.0,Completed,1,78.0
2329,TR002816,20240814,20240814,688,1,2,10,8,0,300000.0,Not Completed,0,
2330,TR001420,20240815,20240815,19,5,1,7,8,8,500000.0,Completed,1,79.0
2331,TR001605,20240815,20240815,105,8,3,9,6,6,0.0,Completed,1,85.0
2332,TR001689,20240815,20240815,154,1,1,10,8,8,300000.0,Completed,1,71.0
2333,TR001856,20240815,20240815,244,3,6,2,4,0,0.0,Not Completed,0,
2334,TR002237,20240815,20240815,433,7,1,3,3,3,0.0,Completed,1,76.0
2335,TR002327,20240815,20240815,474,6,1,10,8,8,300000.0,Completed,1,83.0
2336,TR002328,20240815,20240815,476,7,1,1,4,4,0.0,Completed,1,84.0
2337,TR002824,20240815,20240815,691,8,3,2,4,4,0.0,Completed,1,81.0
2338,TR002265,20240816,20240816,447,4,1,2,4,4,0.0,Completed,1,85.0
2339,TR002600,20240816,20240816,598,1,1,1,4,4,0.0,Completed,1,90.0
2340,TR001736,20240817,20240817,181,1,1,13,6,6,200000.0,Completed,1,65.0
2341,TR002170,20240817,20240817,401,6,1,16,8,8,250000.0,Completed,1,86.0
2342,TR002430,20240817,20240817,524,7,1,2,4,4,0.0,Completed,1,64.0
2343,TR002523,20240817,20240817,563,8,5,10,8,8,300000.0,Completed,1,73.0
2344,TR002534,20240817,20240817,568,3,5,1,4,4,0.0,Completed,1,68.0
2345,TR002782,20240817,20240817,674,1,1,1,4,4,0.0,Completed,1,86.0
2346,TR002795,20240817,20240817,680,7,6,3,3,3,0.0,Completed,1,75.0
2347,TR001577,20240818,20240818,91,7,1,9,6,6,0.0,Completed,1,72.0
2348,TR001599,20240818,20240819,104,2,1,4,16,16,1200000.0,Completed,1,97.0
2349,TR002800,20240818,20240818,682,1,1,2,4,4,0.0,Completed,1,83.0
2350,TR001610,20240819,20240819,109,5,1,1,4,4,0.0,Completed,1,77.0
2351,TR001769,20240819,20240819,200,2,1,1,4,0,0.0,Not Completed,0,
2352,TR001918,20240819,20240819,273,3,1,18,12,0,4000000.0,Not Completed,0,
2353,TR002085,20240819,20240819,360,7,4,1,4,4,0.0,Completed,1,80.0
2354,TR002251,20240819,20240819,439,8,1,10,8,8,300000.0,Completed,1,74.0
2355,TR002407,20240819,20240819,511,8,1,9,6,6,0.0,Completed,1,84.0
2356,TR002806,20240819,20240819,685,7,4,3,3,3,0.0,Completed,1,70.0
2357,TR002813,20240819,20240819,687,7,1,1,4,4,0.0,Completed,1,90.0
2358,TR001430,20240820,20240820,24,8,1,9,6,6,0.0,Completed,1,89.0
2359,TR001680,20240820,20240820,151,8,3,10,8,8,300000.0,Completed,1,95.0
2360,TR002219,20240820,20240820,424,3,1,18,12,12,4000000.0,Completed,1,89.0
2361,TR001617,20240821,20240822,112,2,3,4,16,16,1200000.0,Completed,1,76.0
2362,TR002459,20240821,20240821,536,3,1,1,4,4,0.0,Completed,1,81.0
2363,TR002576,20240821,20240821,585,1,6,9,6,0,0.0,Not Completed,0,
2364,TR002190,20240822,20240822,412,1,1,9,6,6,0.0,Completed,1,68.0
2365,TR002267,20240822,20240822,449,1,6,3,3,3,0.0,Completed,1,90.0
2366,TR002443,20240822,20240822,529,8,5,9,6,6,0.0,Completed,1,78.0
2367,TR002424,20240823,20240823,520,1,1,12,12,12,2500000.0,Completed,1,98.0
2368,TR002519,20240823,20240823,561,2,1,12,12,12,2500000.0,Completed,1,83.0
2369,TR002672,20240823,20240823,631,1,2,12,12,12,2500000.0,Completed,1,87.0
2370,TR001437,20240824,20240824,27,3,1,3,3,3,0.0,Completed,1,78.0
2371,TR001518,20240824,20240824,64,7,1,13,6,6,200000.0,Completed,1,79.0
2372,TR002209,20240824,20240824,420,5,2,16,8,8,250000.0,Completed,1,87.0
2373,TR002646,20240824,20240824,620,2,3,3,3,3,0.0,Completed,1,91.0
2374,TR001562,20240826,20240827,84,4,3,5,16,16,3000000.0,Completed,1,85.0
2375,TR001796,20240826,20240827,215,4,1,5,16,0,3000000.0,Not Completed,0,
2376,TR002148,20240826,20240826,390,3,1,1,4,0,0.0,Not Completed,0,
2377,TR002693,20240826,20240826,638,1,1,10,8,0,300000.0,Not Completed,0,
2378,TR002291,20240827,20240827,458,7,1,16,8,8,250000.0,Completed,1,81.0
2379,TR002692,20240827,20240827,638,1,1,9,6,6,0.0,Completed,1,74.0
2380,TR002086,20240828,20240828,360,7,4,9,6,6,0.0,Completed,1,78.0
2381,TR002395,20240828,20240828,507,2,1,16,8,8,250000.0,Completed,1,88.0
2382,TR002602,20240828,20240828,599,7,1,13,6,6,200000.0,Completed,1,95.0
2383,TR002791,20240828,20240828,678,7,2,16,8,8,250000.0,Completed,1,77.0
2384,TR001560,20240829,20240829,84,4,3,1,4,0,0.0,Not Completed,0,
2385,TR001633,20240829,20240829,123,3,2,3,3,3,0.0,Completed,1,78.0
2386,TR001673,20240829,20240829,149,1,5,1,4,0,0.0,Not Completed,0,
2387,TR001832,20240829,20240829,232,3,1,13,6,6,200000.0,Completed,1,72.0
2388,TR002469,20240829,20240829,540,3,1,13,6,6,200000.0,Completed,1,83.0
2389,TR002785,20240829,20240829,675,7,6,16,8,8,250000.0,Completed,1,88.0
2390,TR001494,20240830,20240830,55,8,1,10,8,8,300000.0,Completed,1,75.0
2391,TR002656,20240830,20240830,625,2,1,2,4,4,0.0,Completed,1,87.0
2392,TR002659,20240830,20240830,626,7,2,13,6,6,200000.0,Completed,1,76.0
2393,TR001813,20240831,20240831,224,1,1,3,3,3,0.0,Completed,1,84.0
2394,TR002156,20240831,20240831,393,7,6,16,8,8,250000.0,Completed,1,75.0
2395,TR002794,20240831,20240831,679,8,3,9,6,6,0.0,Completed,1,75.0
2396,TR002797,20240831,20240831,680,7,6,9,6,6,0.0,Completed,1,75.0
2397,TR001969,20240901,20240901,301,8,1,9,6,6,0.0,Completed,1,91.0
2398,TR002730,20240901,20240901,653,7,1,2,4,4,0.0,Completed,1,74.0
2399,TR002757,20240901,20240901,664,7,1,16,8,8,250000.0,Completed,1,74.0
2400,TR001594,20240902,20240902,101,7,5,16,8,8,250000.0,Completed,1,99.0
2401,TR001778,20240902,20240902,205,8,4,9,6,6,0.0,Completed,1,79.0
2402,TR002822,20240902,20240902,690,2,1,12,12,12,2500000.0,Completed,1,90.0
2403,TR001487,20240903,20240903,53,7,1,10,8,0,300000.0,Not Completed,0,
2404,TR002669,20240903,20240904,630,3,4,15,16,16,3500000.0,Completed,1,86.0
2405,TR001753,20240904,20240905,191,4,1,5,16,0,3000000.0,Not Completed,0,
2406,TR001893,20240904,20240904,260,8,1,7,8,8,500000.0,Completed,1,78.0
2407,TR001961,20240904,20240904,296,1,4,1,4,4,0.0,Completed,1,87.0
2408,TR002717,20240904,20240904,646,8,1,2,4,4,0.0,Completed,1,69.0
2409,TR001708,20240905,20240908,167,8,1,6,32,32,7500000.0,Completed,1,97.0
2410,TR002261,20240905,20240908,445,1,1,6,32,32,7500000.0,Completed,1,78.0
2411,TR002759,20240905,20240905,665,2,3,1,4,4,0.0,Completed,1,89.0
2412,TR001879,20240906,20240907,253,8,6,5,16,16,3000000.0,Completed,1,74.0
2413,TR002013,20240906,20240906,320,7,5,1,4,4,0.0,Completed,1,76.0
2414,TR002206,20240906,20240906,419,8,1,7,8,0,500000.0,Not Completed,0,
2415,TR002405,20240906,20240906,511,8,1,11,12,12,1800000.0,Completed,1,100.0
2416,TR002487,20240906,20240906,548,1,5,2,4,4,0.0,Completed,1,80.0
2417,TR001886,20240907,20240907,256,7,1,13,6,6,200000.0,Completed,1,78.0
2418,TR002378,20240907,20240907,501,8,4,9,6,6,0.0,Completed,1,72.0
2419,TR002574,20240907,20240907,585,1,6,3,3,3,0.0,Completed,1,71.0
2420,TR002575,20240907,20240907,585,1,6,10,8,8,300000.0,Completed,1,85.0
2421,TR001731,20240908,20240908,179,1,1,2,4,4,0.0,Completed,1,70.0
2422,TR001759,20240908,20240908,197,6,3,2,4,4,0.0,Completed,1,85.0
2423,TR001763,20240908,20240909,198,6,6,17,16,16,2000000.0,Completed,1,85.0
2424,TR001876,20240908,20240908,253,8,6,3,3,3,0.0,Completed,1,85.0
2425,TR002111,20240908,20240908,372,1,1,1,4,4,0.0,Completed,1,83.0
2426,TR002515,20240908,20240908,560,8,1,2,4,4,0.0,Completed,1,84.0
2427,TR002749,20240908,20240908,661,8,1,11,12,12,1800000.0,Completed,1,71.0
2428,TR002784,20240908,20240908,675,7,6,1,4,4,0.0,Completed,1,93.0
2429,TR001503,20240909,20240909,57,4,1,13,6,6,200000.0,Completed,1,79.0
2430,TR001534,20240909,20240909,74,8,2,2,4,4,0.0,Completed,1,81.0
2431,TR001627,20240909,20240909,120,2,4,1,4,4,0.0,Completed,1,77.0
2432,TR001660,20240909,20240909,138,6,1,1,4,0,0.0,Not Completed,0,
2433,TR001828,20240909,20240909,230,8,1,10,8,8,300000.0,Completed,1,100.0
2434,TR001888,20240909,20240909,256,7,1,9,6,6,0.0,Completed,1,90.0
2435,TR001996,20240909,20240911,310,4,1,14,24,24,1500000.0,Completed,1,78.0
2436,TR002630,20240909,20240909,610,7,1,2,4,4,0.0,Completed,1,71.0
2437,TR002652,20240909,20240909,623,7,1,1,4,4,0.0,Completed,1,78.0
2438,TR002720,20240909,20240909,648,7,2,16,8,8,250000.0,Completed,1,95.0
2439,TR002793,20240909,20240909,679,8,3,3,3,3,0.0,Completed,1,82.0
2440,TR002840,20240909,20240909,698,6,3,1,4,0,0.0,Not Completed,0,
2441,TR001815,20240910,20240910,224,1,1,9,6,6,0.0,Completed,1,94.0
2442,TR002778,20240910,20240910,673,2,2,1,4,4,0.0,Completed,1,72.0
2443,TR001421,20240911,20240911,21,7,5,1,4,4,0.0,Completed,1,83.0
2444,TR001600,20240911,20240911,104,2,1,12,12,12,2500000.0,Completed,1,68.0
2445,TR001949,20240911,20240913,291,3,1,14,24,24,1500000.0,Completed,1,94.0
2446,TR002102,20240911,20240911,367,6,1,3,3,3,0.0,Completed,1,72.0
2447,TR002426,20240911,20240911,521,7,2,13,6,6,200000.0,Completed,1,78.0
2448,TR002811,20240911,20240911,686,7,4,9,6,6,0.0,Completed,1,76.0
2449,TR001394,20240912,20240912,5,8,1,10,8,8,300000.0,Completed,1,83.0
2450,TR001405,20240912,20240912,11,8,6,11,12,0,1800000.0,Not Completed,0,
2451,TR001549,20240912,20240912,80,7,2,7,8,8,500000.0,Completed,1,89.0
2452,TR002039,20240912,20240912,338,8,1,2,4,4,0.0,Completed,1,86.0
2453,TR002326,20240912,20240912,474,6,1,16,8,0,250000.0,Not Completed,0,
2454,TR002349,20240912,20240912,487,1,1,3,3,3,0.0,Completed,1,76.0
2455,TR002590,20240912,20240912,592,7,6,13,6,6,200000.0,Completed,1,94.0
2456,TR002798,20240912,20240912,681,1,1,2,4,4,0.0,Completed,1,81.0
2457,TR002362,20240913,20240914,493,3,1,5,16,16,3000000.0,Completed,1,78.0
2458,TR002783,20240913,20240913,674,1,1,10,8,8,300000.0,Completed,1,85.0
2459,TR001504,20240914,20240914,58,4,3,2,4,4,0.0,Completed,1,88.0
2460,TR001612,20240914,20240915,109,5,1,17,16,0,2000000.0,Not Completed,0,
2461,TR002162,20240914,20240915,397,2,1,17,16,16,2000000.0,Completed,1,76.0
2462,TR002633,20240914,20240914,611,4,1,3,3,0,0.0,Not Completed,0,
2463,TR002772,20240914,20240914,670,7,3,13,6,6,200000.0,Completed,1,87.0
2464,TR001432,20240915,20240915,25,2,1,2,4,4,0.0,Completed,1,100.0
2465,TR001616,20240915,20240915,112,2,3,3,3,3,0.0,Completed,1,92.0
2466,TR002089,20240915,20240915,361,1,6,9,6,0,0.0,Not Completed,0,
2467,TR002518,20240915,20240916,561,2,1,17,16,0,2000000.0,Not Completed,0,
2468,TR002755,20240915,20240915,664,7,1,13,6,6,200000.0,Completed,1,85.0
2469,TR002167,20240916,20240916,399,2,1,2,4,4,0.0,Completed,1,82.0
2470,TR002632,20240916,20240916,610,7,1,13,6,6,200000.0,Completed,1,83.0
2471,TR002699,20240916,20240916,640,6,6,16,8,8,250000.0,Completed,1,88.0
2472,TR002836,20240916,20240917,696,2,3,4,16,16,1200000.0,Completed,1,84.0
2473,TR002040,20240917,20240917,338,8,1,10,8,8,300000.0,Completed,1,69.0
2474,TR002777,20240917,20240918,672,2,4,17,16,16,2000000.0,Completed,1,86.0
2475,TR001802,20240918,20240918,218,3,1,1,4,4,0.0,Completed,1,74.0
2476,TR002404,20240918,20240918,511,8,1,2,4,4,0.0,Completed,1,82.0
2477,TR002470,20240918,20240918,541,8,1,2,4,4,0.0,Completed,1,71.0
2478,TR002815,20240918,20240918,688,1,2,1,4,0,0.0,Not Completed,0,
2479,TR002573,20240919,20240920,584,3,3,15,16,16,3500000.0,Completed,1,70.0
2480,TR002614,20240919,20240919,604,1,1,12,12,12,2500000.0,Completed,1,79.0
2481,TR001396,20240920,20240920,6,1,1,16,8,8,250000.0,Completed,1,80.0
2482,TR001530,20240920,20240920,73,3,1,2,4,4,0.0,Completed,1,75.0
2483,TR001557,20240920,20240920,83,6,2,2,4,4,0.0,Completed,1,88.0
2484,TR001933,20240920,20240920,282,1,1,12,12,12,2500000.0,Completed,1,87.0
2485,TR002761,20240920,20240920,665,2,3,13,6,0,200000.0,Not Completed,0,
2486,TR002005,20240921,20240921,313,7,1,16,8,8,250000.0,Completed,1,79.0
2487,TR002128,20240921,20240921,380,3,5,1,4,4,0.0,Completed,1,95.0
2488,TR002676,20240921,20240921,633,8,1,2,4,4,0.0,Completed,1,89.0
2489,TR001552,20240923,20240923,81,1,6,10,8,8,300000.0,Completed,1,86.0
2490,TR002682,20240923,20240923,635,7,2,3,3,0,0.0,Not Completed,0,
2491,TR002707,20240923,20240923,642,5,1,16,8,8,250000.0,Completed,1,89.0
2492,TR002803,20240923,20240923,683,8,3,11,12,12,1800000.0,Completed,1,91.0
2493,TR001469,20240925,20240925,46,7,2,2,4,4,0.0,Completed,1,85.0
2494,TR001781,20240925,20240925,208,3,2,2,4,4,0.0,Completed,1,76.0
2495,TR002698,20240925,20240925,640,6,6,3,3,3,0.0,Completed,1,82.0
2496,TR002088,20240926,20240926,361,1,6,1,4,4,0.0,Completed,1,82.0
2497,TR002604,20240926,20240926,601,7,4,1,4,4,0.0,Completed,1,100.0
2498,TR002353,20240927,20240927,490,3,4,1,4,4,0.0,Completed,1,78.0
2499,TR002473,20240927,20240927,542,8,4,1,4,4,0.0,Completed,1,82.0
2500,TR002673,20240928,20240928,632,3,3,3,3,3,0.0,Completed,1,78.0
2501,TR002773,20240928,20240928,671,8,5,1,4,4,0.0,Completed,1,74.0
2502,TR001425,20240929,20240929,22,1,3,12,12,12,2500000.0,Completed,1,77.0
2503,TR001544,20240929,20240929,77,5,1,16,8,8,250000.0,Completed,1,76.0
2504,TR001906,20240929,20240929,268,7,6,2,4,4,0.0,Completed,1,83.0
2505,TR002113,20240929,20240929,373,2,1,2,4,4,0.0,Completed,1,75.0
2506,TR002712,20240929,20240929,644,7,1,16,8,0,250000.0,Not Completed,0,
2507,TR002729,20240929,20240929,652,1,2,1,4,4,0.0,Completed,1,65.0
2508,TR002814,20240929,20240929,687,7,1,9,6,6,0.0,Completed,1,65.0
2509,TR001823,20240930,20240930,228,5,2,2,4,4,0.0,Completed,1,73.0
2510,TR002832,20240930,20240930,694,7,1,3,3,3,0.0,Completed,1,80.0
2511,TR001426,20241001,20241001,22,1,3,16,8,8,250000.0,Completed,1,90.0
2512,TR001776,20241001,20241001,204,1,1,1,4,4,0.0,Completed,1,81.0
2513,TR002017,20241001,20241001,321,1,1,12,12,12,2500000.0,Completed,1,91.0
2514,TR002079,20241001,20241001,358,5,1,3,3,0,0.0,Not Completed,0,
2515,TR002107,20241001,20241004,369,1,1,6,32,32,7500000.0,Completed,1,84.0
2516,TR002543,20241001,20241003,572,3,1,14,24,24,1500000.0,Completed,1,76.0
2517,TR002655,20241001,20241001,624,8,1,9,6,6,0.0,Completed,1,79.0
2518,TR002456,20241002,20241002,535,5,3,3,3,3,0.0,Completed,1,69.0
2519,TR001475,20241003,20241003,49,3,1,2,4,4,0.0,Completed,1,71.0
2520,TR001997,20241003,20241003,311,3,1,2,4,4,0.0,Completed,1,89.0
2521,TR002043,20241003,20241004,339,5,3,17,16,16,2000000.0,Completed,1,80.0
2522,TR002158,20241003,20241003,396,1,1,10,8,8,300000.0,Completed,1,75.0
2523,TR002355,20241003,20241003,491,8,3,3,3,3,0.0,Completed,1,65.0
2524,TR002588,20241003,20241003,592,7,6,2,4,4,0.0,Completed,1,79.0
2525,TR001649,20241004,20241004,133,1,1,12,12,0,2500000.0,Not Completed,0,
2526,TR002155,20241004,20241004,393,7,6,1,4,4,0.0,Completed,1,74.0
2527,TR001795,20241005,20241006,215,4,1,17,16,16,2000000.0,Completed,1,91.0
2528,TR002152,20241005,20241005,391,7,3,3,3,3,0.0,Completed,1,90.0
2529,TR002202,20241006,20241006,418,7,1,16,8,8,250000.0,Completed,1,83.0
2530,TR002403,20241006,20241006,510,3,3,13,6,6,200000.0,Completed,1,87.0
2531,TR002810,20241006,20241006,686,7,4,3,3,3,0.0,Completed,1,97.0
2532,TR002834,20241006,20241006,695,1,1,1,4,4,0.0,Completed,1,78.0
2533,TR001424,20241007,20241007,22,1,3,10,8,8,300000.0,Completed,1,76.0
2534,TR001517,20241007,20241007,64,7,1,9,6,6,0.0,Completed,1,72.0
2535,TR001820,20241007,20241008,226,2,2,4,16,16,1200000.0,Completed,1,90.0
2536,TR002683,20241007,20241007,635,7,2,13,6,6,200000.0,Completed,1,87.0
2537,TR001550,20241008,20241008,80,7,2,10,8,8,300000.0,Completed,1,70.0
2538,TR001602,20241008,20241008,104,2,1,16,8,8,250000.0,Completed,1,79.0
2539,TR001857,20241008,20241008,244,3,6,7,8,8,500000.0,Completed,1,84.0
2540,TR001887,20241008,20241008,256,7,1,16,8,8,250000.0,Completed,1,78.0
2541,TR001903,20241008,20241009,266,4,1,5,16,16,3000000.0,Completed,1,78.0
2542,TR002499,20241008,20241008,552,8,5,10,8,0,300000.0,Not Completed,0,
2543,TR002608,20241008,20241009,601,7,4,5,16,16,3000000.0,Completed,1,88.0
2544,TR002685,20241008,20241008,636,8,3,1,4,4,0.0,Completed,1,88.0
2545,TR002841,20241008,20241008,699,7,1,3,3,3,0.0,Completed,1,83.0
2546,TR001465,20241009,20241009,44,6,2,3,3,3,0.0,Completed,1,69.0
2547,TR002033,20241010,20241010,333,8,1,10,8,8,300000.0,Completed,1,80.0
2548,TR002702,20241010,20241010,641,7,4,1,4,4,0.0,Completed,1,80.0
2549,TR002725,20241010,20241010,650,8,3,9,6,6,0.0,Completed,1,70.0
2550,TR002140,20241011,20241014,385,7,6,6,32,32,7500000.0,Completed,1,83.0
2551,TR002886,20241011,20241011,718,3,1,18,12,12,4000000.0,Completed,1,80.0
2552,TR001474,20241012,20241012,48,7,5,1,4,4,0.0,Completed,1,82.0
2553,TR001899,20241012,20241012,265,7,1,3,3,3,0.0,Completed,1,76.0
2554,TR001964,20241012,20241012,298,8,1,10,8,8,300000.0,Completed,1,89.0
2555,TR002280,20241012,20241012,454,7,1,13,6,0,200000.0,Not Completed,0,
2556,TR002373,20241012,20241012,499,1,5,13,6,6,200000.0,Completed,1,92.0
2557,TR001531,20241013,20241015,73,3,1,14,24,24,1500000.0,Completed,1,75.0
2558,TR001891,20241013,20241013,260,8,1,1,4,4,0.0,Completed,1,55.0
2559,TR002340,20241013,20241013,483,8,1,2,4,4,0.0,Completed,1,74.0
2560,TR002402,20241013,20241013,510,3,3,18,12,12,4000000.0,Completed,1,79.0
2561,TR002817,20241013,20241013,688,1,2,9,6,6,0.0,Completed,1,89.0
2562,TR002892,20241013,20241013,719,1,5,16,8,0,250000.0,Not Completed,0,
2563,TR001569,20241014,20241014,87,6,1,3,3,3,0.0,Completed,1,88.0
2564,TR002169,20241014,20241014,401,6,1,2,4,4,0.0,Completed,1,86.0
2565,TR001541,20241015,20241015,76,3,5,13,6,6,200000.0,Completed,1,96.0
2566,TR001679,20241015,20241015,151,8,3,3,3,3,0.0,Completed,1,89.0
2567,TR001694,20241015,20241015,156,1,6,12,12,12,2500000.0,Completed,1,68.0
2568,TR001967,20241015,20241015,300,4,5,2,4,0,0.0,Not Completed,0,
2569,TR002420,20241015,20241015,518,2,2,12,12,0,2500000.0,Not Completed,0,
2570,TR001412,20241016,20241017,15,4,1,5,16,16,3000000.0,Completed,1,66.0
2571,TR001786,20241016,20241016,210,7,1,9,6,6,0.0,Completed,1,94.0
2572,TR002884,20241016,20241016,718,3,1,1,4,0,0.0,Not Completed,0,
2573,TR001570,20241017,20241018,87,6,1,17,16,16,2000000.0,Completed,1,70.0
2574,TR001648,20241017,20241017,133,1,1,9,6,6,0.0,Completed,1,75.0
2575,TR001858,20241017,20241017,245,1,1,3,3,3,0.0,Completed,1,89.0
2576,TR002092,20241017,20241017,362,8,1,3,3,3,0.0,Completed,1,80.0
2577,TR002686,20241017,20241017,636,8,3,11,12,12,1800000.0,Completed,1,81.0
2578,TR002845,20241017,20241017,701,8,2,10,8,0,300000.0,Not Completed,0,
2579,TR002137,20241018,20241019,384,3,1,5,16,16,3000000.0,Completed,1,87.0
2580,TR002220,20241018,20241018,424,3,1,10,8,8,300000.0,Completed,1,98.0
2581,TR002479,20241018,20241018,545,4,2,2,4,4,0.0,Completed,1,75.0
2582,TR002821,20241018,20241018,690,2,1,3,3,3,0.0,Completed,1,81.0
2583,TR001483,20241019,20241019,51,7,1,16,8,8,250000.0,Completed,1,95.0
2584,TR001497,20241019,20241019,56,1,3,9,6,6,0.0,Completed,1,76.0
2585,TR001838,20241019,20241019,237,6,4,2,4,4,0.0,Completed,1,74.0
2586,TR001869,20241019,20241019,251,1,1,1,4,4,0.0,Completed,1,85.0
2587,TR002493,20241019,20241019,551,8,2,3,3,3,0.0,Completed,1,80.0
2588,TR002750,20241019,20241019,662,7,3,3,3,0,0.0,Not Completed,0,
2589,TR002812,20241019,20241019,686,7,4,16,8,8,250000.0,Completed,1,71.0
2590,TR001408,20241020,20241020,12,2,3,12,12,12,2500000.0,Completed,1,66.0
2591,TR001451,20241020,20241020,34,8,5,10,8,8,300000.0,Completed,1,78.0
2592,TR002850,20241020,20241020,703,7,6,13,6,6,200000.0,Completed,1,76.0
2593,TR001514,20241021,20241021,62,2,4,3,3,0,0.0,Not Completed,0,
2594,TR002735,20241022,20241022,656,7,2,2,4,4,0.0,Completed,1,83.0
2595,TR002746,20241022,20241022,660,8,5,9,6,6,0.0,Completed,1,82.0
2596,TR002838,20241022,20241022,697,8,1,1,4,4,0.0,Completed,1,88.0
2597,TR002851,20241022,20241022,703,7,6,9,6,6,0.0,Completed,1,71.0
2598,TR001585,20241023,20241023,96,2,1,2,4,4,0.0,Completed,1,87.0
2599,TR001614,20241023,20241023,111,1,1,3,3,3,0.0,Completed,1,91.0
2600,TR001656,20241023,20241023,136,7,2,9,6,6,0.0,Completed,1,81.0
2601,TR002522,20241023,20241023,563,8,5,3,3,3,0.0,Completed,1,73.0
2602,TR002640,20241023,20241023,615,1,2,3,3,3,0.0,Completed,1,66.0
2603,TR002847,20241023,20241023,702,7,5,13,6,6,200000.0,Completed,1,77.0
2604,TR001435,20241024,20241024,26,8,4,11,12,12,1800000.0,Completed,1,80.0
2605,TR002003,20241024,20241024,313,7,1,2,4,4,0.0,Completed,1,68.0
2606,TR002823,20241024,20241024,690,2,1,13,6,6,200000.0,Completed,1,72.0
2607,TR002829,20241024,20241024,693,7,4,3,3,0,0.0,Not Completed,0,
2608,TR002831,20241024,20241024,693,7,4,9,6,6,0.0,Completed,1,83.0
2609,TR001745,20241025,20241027,188,4,1,14,24,24,1500000.0,Completed,1,78.0
2610,TR001865,20241025,20241025,248,5,1,2,4,4,0.0,Completed,1,71.0
2611,TR002110,20241025,20241028,370,4,1,6,32,32,7500000.0,Completed,1,83.0
2612,TR002570,20241025,20241025,583,6,5,2,4,4,0.0,Completed,1,91.0
2613,TR002719,20241025,20241025,648,7,2,2,4,4,0.0,Completed,1,79.0
2614,TR002885,20241025,20241027,718,3,1,14,24,24,1500000.0,Completed,1,86.0
2615,TR001771,20241026,20241026,201,5,5,16,8,8,250000.0,Completed,1,89.0
2616,TR002045,20241026,20241026,340,8,5,9,6,6,0.0,Completed,1,84.0
2617,TR002150,20241026,20241026,390,3,1,18,12,12,4000000.0,Completed,1,65.0
2618,TR002635,20241026,20241026,612,2,2,2,4,4,0.0,Completed,1,93.0
2619,TR001582,20241027,20241027,95,1,2,2,4,4,0.0,Completed,1,79.0
2620,TR002106,20241027,20241027,369,1,1,12,12,12,2500000.0,Completed,1,74.0
2621,TR002509,20241027,20241027,556,2,6,1,4,0,0.0,Not Completed,0,
2622,TR001735,20241028,20241028,181,1,1,2,4,4,0.0,Completed,1,90.0
2623,TR002611,20241028,20241028,603,4,3,2,4,4,0.0,Completed,1,81.0
2624,TR002799,20241028,20241028,681,1,1,16,8,8,250000.0,Completed,1,73.0
2625,TR001760,20241029,20241029,197,6,3,16,8,8,250000.0,Completed,1,78.0
2626,TR002871,20241029,20241029,713,3,2,2,4,4,0.0,Completed,1,86.0
2627,TR001500,20241030,20241031,57,4,1,5,16,0,3000000.0,Not Completed,0,
2628,TR001907,20241030,20241030,268,7,6,16,8,8,250000.0,Completed,1,90.0
2629,TR001919,20241030,20241030,274,7,5,1,4,0,0.0,Not Completed,0,
2630,TR002232,20241030,20241030,432,1,1,1,4,4,0.0,Completed,1,85.0
2631,TR002770,20241030,20241031,669,3,4,5,16,16,3000000.0,Completed,1,66.0
2632,TR002828,20241030,20241102,692,3,1,6,32,32,7500000.0,Completed,1,91.0
2633,TR002867,20241030,20241030,711,1,1,12,12,12,2500000.0,Completed,1,85.0
2634,TR002883,20241030,20241030,717,6,3,13,6,6,200000.0,Completed,1,91.0
2635,TR001675,20241031,20241031,150,7,5,3,3,3,0.0,Completed,1,76.0
2636,TR002108,20241031,20241031,370,4,1,3,3,3,0.0,Completed,1,72.0
2637,TR002144,20241031,20241102,387,3,1,14,24,24,1500000.0,Completed,1,67.0
2638,TR002279,20241031,20241031,454,7,1,16,8,8,250000.0,Completed,1,74.0
2639,TR002665,20241031,20241031,628,7,6,16,8,8,250000.0,Completed,1,72.0
2640,TR002835,20241031,20241031,696,2,3,3,3,3,0.0,Completed,1,82.0
2641,TR002857,20241031,20241031,706,8,5,2,4,4,0.0,Completed,1,80.0
2642,TR001477,20241101,20241103,49,3,1,14,24,24,1500000.0,Completed,1,70.0
2643,TR002338,20241101,20241101,482,7,3,2,4,4,0.0,Completed,1,82.0
2644,TR002369,20241101,20241101,498,7,6,3,3,0,0.0,Not Completed,0,
2645,TR001478,20241102,20241102,50,3,1,3,3,3,0.0,Completed,1,84.0
2646,TR002818,20241102,20241102,689,2,1,2,4,0,0.0,Not Completed,0,
2647,TR002225,20241103,20241106,426,3,6,6,32,32,7500000.0,Completed,1,87.0
2648,TR002313,20241103,20241103,469,7,1,1,4,4,0.0,Completed,1,86.0
2649,TR002895,20241103,20241103,721,7,1,2,4,4,0.0,Completed,1,91.0
2650,TR001484,20241104,20241104,53,7,1,3,3,3,0.0,Completed,1,81.0
2651,TR001540,20241104,20241104,76,3,5,18,12,12,4000000.0,Completed,1,79.0
2652,TR001643,20241104,20241104,131,1,1,1,4,4,0.0,Completed,1,89.0
2653,TR001794,20241105,20241105,215,4,1,3,3,3,0.0,Completed,1,65.0
2654,TR001798,20241105,20241106,216,4,6,5,16,16,3000000.0,Completed,1,74.0
2655,TR002792,20241105,20241105,678,7,2,13,6,6,200000.0,Completed,1,77.0
2656,TR002905,20241105,20241105,725,1,1,10,8,8,300000.0,Completed,1,79.0
2657,TR001571,20241106,20241106,87,6,1,10,8,8,300000.0,Completed,1,68.0
2658,TR001688,20241106,20241106,154,1,1,12,12,12,2500000.0,Completed,1,88.0
2659,TR001758,20241106,20241106,196,7,6,2,4,4,0.0,Completed,1,82.0
2660,TR001854,20241106,20241107,242,8,1,5,16,16,3000000.0,Completed,1,74.0
2661,TR002890,20241106,20241106,719,1,5,9,6,6,0.0,Completed,1,89.0
2662,TR001397,20241107,20241107,7,3,2,1,4,0,0.0,Not Completed,0,
2663,TR001416,20241107,20241108,17,6,3,17,16,16,2000000.0,Completed,1,98.0
2664,TR001486,20241107,20241107,53,7,1,16,8,8,250000.0,Completed,1,79.0
2665,TR001492,20241107,20241107,55,8,1,2,4,4,0.0,Completed,1,90.0
2666,TR001927,20241107,20241109,278,3,1,14,24,24,1500000.0,Completed,1,80.0
2667,TR002010,20241107,20241107,317,2,1,16,8,8,250000.0,Completed,1,83.0
2668,TR002549,20241107,20241107,574,5,5,2,4,4,0.0,Completed,1,75.0
2669,TR002870,20241107,20241107,712,8,1,1,4,4,0.0,Completed,1,73.0
2670,TR002889,20241107,20241107,719,1,5,10,8,8,300000.0,Completed,1,78.0
2671,TR002401,20241108,20241108,510,3,3,1,4,4,0.0,Completed,1,73.0
2672,TR002786,20241108,20241108,675,7,6,13,6,6,200000.0,Completed,1,79.0
2673,TR002807,20241108,20241108,685,7,4,13,6,6,200000.0,Completed,1,85.0
2674,TR002865,20241108,20241108,710,1,1,9,6,6,0.0,Completed,1,89.0
2675,TR002869,20241108,20241108,711,1,1,9,6,6,0.0,Completed,1,87.0
2676,TR002877,20241108,20241109,715,4,1,5,16,0,3000000.0,Not Completed,0,
2677,TR002004,20241109,20241109,313,7,1,9,6,6,0.0,Completed,1,80.0
2678,TR002745,20241109,20241109,660,8,5,3,3,3,0.0,Completed,1,76.0
2679,TR002852,20241109,20241109,704,3,1,1,4,4,0.0,Completed,1,92.0
2680,TR002634,20241110,20241110,611,4,1,13,6,6,200000.0,Completed,1,86.0
2681,TR001561,20241111,20241113,84,4,3,14,24,24,1500000.0,Completed,1,89.0
2682,TR001782,20241111,20241112,208,3,2,5,16,16,3000000.0,Completed,1,75.0
2683,TR002154,20241111,20241111,392,8,1,2,4,4,0.0,Completed,1,81.0
2684,TR002638,20241111,20241111,614,8,1,10,8,8,300000.0,Completed,1,84.0
2685,TR002873,20241111,20241111,714,3,3,18,12,12,4000000.0,Completed,1,69.0
2686,TR002917,20241111,20241111,730,1,3,3,3,3,0.0,Completed,1,86.0
2687,TR002132,20241112,20241114,381,4,2,14,24,24,1500000.0,Completed,1,100.0
2688,TR002468,20241112,20241112,540,3,1,3,3,3,0.0,Completed,1,78.0
2689,TR002879,20241112,20241114,715,4,1,14,24,24,1500000.0,Completed,1,86.0
2690,TR001825,20241113,20241113,229,7,1,3,3,3,0.0,Completed,1,74.0
2691,TR002376,20241113,20241114,500,2,2,4,16,16,1200000.0,Completed,1,90.0
2692,TR001554,20241114,20241114,82,2,1,2,4,4,0.0,Completed,1,84.0
2693,TR001842,20241114,20241114,237,6,4,13,6,6,200000.0,Completed,1,94.0
2694,TR001976,20241114,20241114,304,7,1,2,4,4,0.0,Completed,1,89.0
2695,TR002269,20241114,20241114,450,8,1,1,4,4,0.0,Completed,1,87.0
2696,TR002296,20241114,20241114,460,2,1,12,12,12,2500000.0,Completed,1,79.0
2697,TR002454,20241114,20241114,534,8,1,11,12,12,1800000.0,Completed,1,95.0
2698,TR002675,20241114,20241116,632,3,3,14,24,24,1500000.0,Completed,1,94.0
2699,TR002880,20241114,20241114,716,2,1,3,3,0,0.0,Not Completed,0,
2700,TR001512,20241115,20241115,61,4,3,3,3,3,0.0,Completed,1,82.0
2701,TR001685,20241115,20241115,153,7,1,2,4,4,0.0,Completed,1,79.0
2702,TR001995,20241115,20241116,310,4,1,5,16,16,3000000.0,Completed,1,84.0
2703,TR002923,20241115,20241115,732,7,2,3,3,3,0.0,Completed,1,64.0
2704,TR002151,20241116,20241119,390,3,1,6,32,32,7500000.0,Completed,1,83.0
2705,TR002393,20241116,20241117,506,3,1,5,16,16,3000000.0,Completed,1,93.0
2706,TR002826,20241116,20241117,692,3,1,5,16,16,3000000.0,Completed,1,73.0
2707,TR002924,20241116,20241116,732,7,2,9,6,6,0.0,Completed,1,81.0
2708,TR001770,20241117,20241117,201,5,5,1,4,4,0.0,Completed,1,77.0
2709,TR002371,20241117,20241117,499,1,5,1,4,4,0.0,Completed,1,83.0
2710,TR002006,20241118,20241118,314,3,1,2,4,4,0.0,Completed,1,70.0
2711,TR002143,20241118,20241118,387,3,1,3,3,0,0.0,Not Completed,0,
2712,TR002195,20241118,20241119,414,3,2,5,16,16,3000000.0,Completed,1,81.0
2713,TR002820,20241118,20241119,689,2,1,4,16,16,1200000.0,Completed,1,88.0
2714,TR002827,20241118,20241119,692,3,1,15,16,16,3500000.0,Completed,1,100.0
2715,TR001574,20241119,20241119,89,1,5,1,4,4,0.0,Completed,1,75.0
2716,TR002342,20241119,20241119,483,8,1,10,8,8,300000.0,Completed,1,78.0
2717,TR002513,20241119,20241119,558,6,1,13,6,6,200000.0,Completed,1,85.0
2718,TR002860,20241119,20241119,708,1,1,1,4,4,0.0,Completed,1,82.0
2719,TR002919,20241119,20241119,730,1,3,16,8,8,250000.0,Completed,1,90.0
2720,TR002126,20241120,20241120,378,1,2,2,4,4,0.0,Completed,1,75.0
2721,TR002322,20241120,20241120,472,2,1,10,8,8,300000.0,Completed,1,71.0
2722,TR002858,20241120,20241121,706,8,5,5,16,16,3000000.0,Completed,1,65.0
2723,TR002921,20241120,20241121,731,3,1,15,16,0,3500000.0,Not Completed,0,
2724,TR001415,20241121,20241121,17,6,3,10,8,8,300000.0,Completed,1,89.0
2725,TR001725,20241121,20241121,176,3,1,3,3,3,0.0,Completed,1,92.0
2726,TR001831,20241121,20241122,232,3,1,5,16,16,3000000.0,Completed,1,91.0
2727,TR002044,20241121,20241121,340,8,5,2,4,4,0.0,Completed,1,80.0
2728,TR002243,20241122,20241122,436,3,3,18,12,12,4000000.0,Completed,1,83.0
2729,TR002774,20241122,20241122,671,8,5,9,6,6,0.0,Completed,1,89.0
2730,TR002809,20241122,20241122,685,7,4,16,8,8,250000.0,Completed,1,86.0
2731,TR002833,20241122,20241122,694,7,1,10,8,8,300000.0,Completed,1,79.0
2732,TR002846,20241122,20241122,702,7,5,3,3,3,0.0,Completed,1,63.0
2733,TR002853,20241122,20241123,704,3,1,5,16,16,3000000.0,Completed,1,83.0
2734,TR002875,20241122,20241123,714,3,3,5,16,16,3000000.0,Completed,1,94.0
2735,TR002911,20241122,20241122,727,8,6,11,12,12,1800000.0,Completed,1,85.0
2736,TR001900,20241123,20241123,265,7,1,9,6,6,0.0,Completed,1,97.0
2737,TR002380,20241123,20241123,501,8,4,16,8,8,250000.0,Completed,1,81.0
2738,TR002748,20241123,20241123,661,8,1,9,6,6,0.0,Completed,1,72.0
2739,TR002927,20241123,20241123,733,7,2,16,8,8,250000.0,Completed,1,64.0
2740,TR001559,20241124,20241124,83,6,2,13,6,6,200000.0,Completed,1,81.0
2741,TR001658,20241124,20241124,137,1,3,10,8,8,300000.0,Completed,1,72.0
2742,TR002018,20241124,20241124,322,5,4,1,4,0,0.0,Not Completed,0,
2743,TR002442,20241124,20241124,529,8,5,3,3,3,0.0,Completed,1,71.0
2744,TR002726,20241124,20241124,651,4,1,3,3,3,0.0,Completed,1,71.0
2745,TR002780,20241124,20241125,673,2,2,17,16,16,2000000.0,Completed,1,83.0
2746,TR002874,20241124,20241124,714,3,3,7,8,0,500000.0,Not Completed,0,
2747,TR001751,20241125,20241126,191,4,1,17,16,16,2000000.0,Completed,1,79.0
2748,TR001916,20241125,20241125,272,4,1,13,6,6,200000.0,Completed,1,84.0
2749,TR002752,20241125,20241125,663,6,4,1,4,4,0.0,Completed,1,92.0
2750,TR002769,20241125,20241125,669,3,4,18,12,0,4000000.0,Not Completed,0,
2751,TR002790,20241125,20241125,678,7,2,3,3,3,0.0,Completed,1,95.0
2752,TR002868,20241125,20241125,711,1,1,10,8,8,300000.0,Completed,1,72.0
2753,TR002050,20241126,20241126,343,7,3,9,6,6,0.0,Completed,1,89.0
2754,TR002070,20241126,20241126,354,7,1,13,6,6,200000.0,Completed,1,84.0
2755,TR002616,20241126,20241126,605,7,5,3,3,3,0.0,Completed,1,85.0
2756,TR002139,20241127,20241127,385,7,6,9,6,6,0.0,Completed,1,88.0
2757,TR002447,20241127,20241127,531,1,1,1,4,4,0.0,Completed,1,78.0
2758,TR002448,20241127,20241127,531,1,1,10,8,0,300000.0,Not Completed,0,
2759,TR002856,20241127,20241127,705,1,1,3,3,3,0.0,Completed,1,93.0
2760,TR001965,20241128,20241128,298,8,1,11,12,12,1800000.0,Completed,1,79.0
2761,TR001971,20241128,20241128,301,8,1,10,8,8,300000.0,Completed,1,83.0
2762,TR002696,20241128,20241128,639,5,4,16,8,8,250000.0,Completed,1,96.0
2763,TR002910,20241128,20241128,727,8,6,10,8,8,300000.0,Completed,1,85.0
2764,TR002928,20241128,20241128,733,7,2,9,6,6,0.0,Completed,1,79.0
2765,TR001489,20241129,20241129,54,8,2,11,12,12,1800000.0,Completed,1,75.0
2766,TR002591,20241129,20241129,593,7,3,1,4,4,0.0,Completed,1,75.0
2767,TR002787,20241129,20241129,676,3,1,1,4,4,0.0,Completed,1,83.0
2768,TR002819,20241129,20241129,689,2,1,12,12,12,2500000.0,Completed,1,80.0
2769,TR002849,20241129,20241129,703,7,6,1,4,4,0.0,Completed,1,81.0
2770,TR002897,20241129,20241129,721,7,1,9,6,6,0.0,Completed,1,66.0
2771,TR002904,20241129,20241129,725,1,1,3,3,3,0.0,Completed,1,71.0
2772,TR002926,20241129,20241129,733,7,2,2,4,4,0.0,Completed,1,92.0
2773,TR002121,20241130,20241130,376,3,4,18,12,12,4000000.0,Completed,1,66.0
2774,TR002839,20241130,20241130,697,8,1,11,12,12,1800000.0,Completed,1,79.0
2775,TR002859,20241130,20241130,707,8,3,2,4,4,0.0,Completed,1,77.0
2776,TR001502,20241201,20241203,57,4,1,14,24,24,1500000.0,Completed,1,70.0
2777,TR001623,20241201,20241201,116,1,1,9,6,6,0.0,Completed,1,71.0
2778,TR001739,20241201,20241201,183,5,2,13,6,6,200000.0,Completed,1,81.0
2779,TR002247,20241201,20241201,436,3,3,10,8,8,300000.0,Completed,1,70.0
2780,TR002808,20241201,20241204,685,7,4,6,32,32,7500000.0,Completed,1,63.0
2781,TR002893,20241201,20241201,720,7,2,3,3,3,0.0,Completed,1,81.0
2782,TR001454,20241202,20241202,37,1,1,10,8,0,300000.0,Not Completed,0,
2783,TR001527,20241202,20241203,69,5,6,17,16,16,2000000.0,Completed,1,68.0
2784,TR002068,20241202,20241202,353,1,1,12,12,12,2500000.0,Completed,1,78.0
2785,TR002439,20241202,20241202,528,7,3,9,6,0,0.0,Not Completed,0,
2786,TR002854,20241202,20241204,704,3,1,14,24,24,1500000.0,Completed,1,64.0
2787,TR001464,20241203,20241204,43,5,1,17,16,16,2000000.0,Completed,1,72.0
2788,TR001620,20241203,20241203,114,1,1,3,3,0,0.0,Not Completed,0,
2789,TR002100,20241203,20241203,366,8,4,1,4,0,0.0,Not Completed,0,
2790,TR002446,20241203,20241203,530,7,1,13,6,6,200000.0,Completed,1,87.0
2791,TR002457,20241203,20241204,535,5,3,17,16,16,2000000.0,Completed,1,88.0
2792,TR002855,20241203,20241203,704,3,1,10,8,8,300000.0,Completed,1,79.0
2793,TR002334,20241204,20241204,480,5,6,3,3,0,0.0,Not Completed,0,
2794,TR002496,20241204,20241204,551,8,2,11,12,12,1800000.0,Completed,1,88.0
2795,TR002762,20241204,20241204,666,8,5,2,4,4,0.0,Completed,1,75.0
2796,TR002882,20241204,20241204,717,6,3,2,4,4,0.0,Completed,1,72.0
2797,TR002898,20241204,20241204,722,2,5,2,4,4,0.0,Completed,1,85.0
2798,TR002915,20241204,20241204,728,1,3,12,12,0,2500000.0,Not Completed,0,
2799,TR002918,20241204,20241204,730,1,3,12,12,12,2500000.0,Completed,1,90.0
2800,TR001553,20241205,20241205,81,1,6,9,6,6,0.0,Completed,1,83.0
2801,TR002029,20241205,20241205,330,1,2,1,4,4,0.0,Completed,1,87.0
2802,TR002208,20241205,20241206,420,5,2,17,16,16,2000000.0,Completed,1,90.0
2803,TR002689,20241205,20241205,637,5,3,16,8,8,250000.0,Completed,1,86.0
2804,TR001546,20241206,20241206,79,8,1,11,12,0,1800000.0,Not Completed,0,
2805,TR002049,20241206,20241206,343,7,3,2,4,4,0.0,Completed,1,83.0
2806,TR002766,20241206,20241206,668,7,3,9,6,6,0.0,Completed,1,82.0
2807,TR002887,20241206,20241207,718,3,1,5,16,16,3000000.0,Completed,1,90.0
2808,TR002891,20241206,20241206,719,1,5,12,12,12,2500000.0,Completed,1,82.0
2809,TR002932,20241206,20241208,735,3,1,14,24,24,1500000.0,Completed,1,73.0
2810,TR001473,20241207,20241207,47,7,4,13,6,6,200000.0,Completed,1,100.0
2811,TR002163,20241207,20241207,397,2,1,12,12,12,2500000.0,Completed,1,86.0
2812,TR002337,20241207,20241207,481,8,1,1,4,0,0.0,Not Completed,0,
2813,TR002596,20241207,20241207,595,7,4,3,3,3,0.0,Completed,1,80.0
2814,TR002896,20241207,20241207,721,7,1,13,6,0,200000.0,Not Completed,0,
2815,TR002900,20241207,20241207,723,7,1,9,6,6,0.0,Completed,1,85.0
2816,TR002072,20241208,20241208,354,7,1,16,8,8,250000.0,Completed,1,72.0
2817,TR002295,20241208,20241208,460,2,1,2,4,4,0.0,Completed,1,73.0
2818,TR002358,20241208,20241208,492,8,5,11,12,12,1800000.0,Completed,1,81.0
2819,TR002580,20241208,20241208,587,1,1,10,8,8,300000.0,Completed,1,77.0
2820,TR002802,20241208,20241208,683,8,3,1,4,0,0.0,Not Completed,0,
2821,TR002837,20241208,20241208,696,2,3,13,6,6,200000.0,Completed,1,80.0
2822,TR002899,20241208,20241208,723,7,1,3,3,3,0.0,Completed,1,81.0
2823,TR002922,20241208,20241208,731,3,1,18,12,12,4000000.0,Completed,1,82.0
2824,TR001942,20241209,20241209,286,1,1,2,4,4,0.0,Completed,1,82.0
2825,TR001768,20241210,20241210,199,6,1,16,8,8,250000.0,Completed,1,87.0
2826,TR001968,20241210,20241210,301,8,1,3,3,3,0.0,Completed,1,99.0
2827,TR002756,20241210,20241210,664,7,1,9,6,6,0.0,Completed,1,79.0
2828,TR002881,20241210,20241211,716,2,1,5,16,16,3000000.0,Completed,1,76.0
2829,TR002912,20241210,20241210,728,1,3,2,4,4,0.0,Completed,1,81.0
2830,TR002936,20241210,20241210,738,1,4,2,4,4,0.0,Completed,1,84.0
2831,TR001618,20241211,20241212,112,2,3,17,16,16,2000000.0,Completed,1,84.0
2832,TR001682,20241211,20241211,151,8,3,13,6,6,200000.0,Completed,1,82.0
2833,TR001878,20241211,20241214,253,8,6,6,32,32,7500000.0,Completed,1,77.0
2834,TR001908,20241211,20241211,268,7,6,9,6,6,0.0,Completed,1,65.0
2835,TR002721,20241211,20241211,649,8,1,1,4,4,0.0,Completed,1,71.0
2836,TR002776,20241211,20241211,672,2,4,1,4,4,0.0,Completed,1,78.0
2837,TR002863,20241211,20241211,709,7,2,2,4,4,0.0,Completed,1,90.0
2838,TR002948,20241211,20241211,742,8,1,13,6,6,200000.0,Completed,1,88.0
2839,TR002145,20241212,20241212,388,7,1,1,4,4,0.0,Completed,1,73.0
2840,TR002286,20241212,20241212,457,7,3,2,4,4,0.0,Completed,1,82.0
2841,TR002935,20241212,20241212,737,7,1,2,4,4,0.0,Completed,1,79.0
2842,TR001662,20241213,20241213,139,7,4,10,8,8,300000.0,Completed,1,89.0
2843,TR001687,20241213,20241213,154,1,1,9,6,6,0.0,Completed,1,78.0
2844,TR002176,20241213,20241214,406,3,2,15,16,16,3500000.0,Completed,1,95.0
2845,TR002771,20241213,20241213,670,7,3,2,4,4,0.0,Completed,1,89.0
2846,TR001443,20241214,20241214,29,3,1,13,6,0,200000.0,Not Completed,0,
2847,TR001447,20241214,20241214,33,3,3,3,3,3,0.0,Completed,1,71.0
2848,TR001638,20241214,20241214,127,1,6,1,4,4,0.0,Completed,1,85.0
2849,TR001646,20241214,20241216,132,3,1,14,24,24,1500000.0,Completed,1,74.0
2850,TR001738,20241214,20241214,183,5,2,3,3,0,0.0,Not Completed,0,
2851,TR001902,20241214,20241214,266,4,1,2,4,4,0.0,Completed,1,75.0
2852,TR002203,20241214,20241214,419,8,1,3,3,3,0.0,Completed,1,86.0
2853,TR002844,20241214,20241214,701,8,2,1,4,4,0.0,Completed,1,86.0
2854,TR002866,20241214,20241214,711,1,1,1,4,4,0.0,Completed,1,87.0
2855,TR002876,20241214,20241214,715,4,1,1,4,4,0.0,Completed,1,92.0
2856,TR002945,20241214,20241214,742,8,1,2,4,0,0.0,Not Completed,0,
2857,TR001555,20241215,20241216,82,2,1,4,16,0,1200000.0,Not Completed,0,
2858,TR001790,20241215,20241215,212,3,6,1,4,4,0.0,Completed,1,89.0
2859,TR002764,20241215,20241215,667,8,3,1,4,4,0.0,Completed,1,71.0
2860,TR002736,20241216,20241216,656,7,2,10,8,8,300000.0,Completed,1,90.0
2861,TR002920,20241216,20241216,731,3,1,1,4,4,0.0,Completed,1,76.0
2862,TR001438,20241217,20241217,27,3,1,18,12,12,4000000.0,Completed,1,84.0
2863,TR001491,20241217,20241217,54,8,2,9,6,6,0.0,Completed,1,63.0
2864,TR001834,20241217,20241217,233,8,2,10,8,8,300000.0,Completed,1,92.0
2865,TR002282,20241217,20241218,455,4,6,5,16,0,3000000.0,Not Completed,0,
2866,TR002318,20241217,20241217,471,7,3,3,3,3,0.0,Completed,1,83.0
2867,TR002862,20241217,20241217,708,1,1,10,8,8,300000.0,Completed,1,65.0
2868,TR002916,20241217,20241217,729,8,1,3,3,3,0.0,Completed,1,97.0
2869,TR002300,20241218,20241219,461,4,1,5,16,16,3000000.0,Completed,1,90.0
2870,TR002319,20241218,20241218,472,2,1,3,3,3,0.0,Completed,1,89.0
2871,TR002668,20241218,20241218,630,3,4,2,4,4,0.0,Completed,1,64.0
2872,TR002843,20241218,20241218,700,2,2,16,8,8,250000.0,Completed,1,88.0
2873,TR002940,20241218,20241218,740,2,1,12,12,12,2500000.0,Completed,1,74.0
2874,TR001732,20241219,20241219,179,1,1,9,6,6,0.0,Completed,1,91.0
2875,TR002649,20241219,20241219,621,3,1,3,3,3,0.0,Completed,1,87.0
2876,TR002864,20241219,20241219,710,1,1,1,4,4,0.0,Completed,1,81.0
2877,TR002907,20241219,20241220,726,3,4,5,16,16,3000000.0,Completed,1,64.0
2878,TR002925,20241219,20241219,732,7,2,13,6,6,200000.0,Completed,1,90.0
2879,TR001789,20241220,20241221,211,7,1,5,16,16,3000000.0,Completed,1,82.0
2880,TR002497,20241220,20241220,552,8,5,3,3,3,0.0,Completed,1,78.0
2881,TR002553,20241220,20241220,575,1,4,12,12,12,2500000.0,Completed,1,81.0
2882,TR002658,20241220,20241220,626,7,2,1,4,4,0.0,Completed,1,76.0
2883,TR002688,20241220,20241220,637,5,3,2,4,0,0.0,Not Completed,0,
2884,TR002724,20241220,20241220,650,8,3,11,12,12,1800000.0,Completed,1,86.0
2885,TR002830,20241220,20241220,693,7,4,16,8,0,250000.0,Not Completed,0,
2886,TR002903,20241220,20241220,724,1,2,12,12,12,2500000.0,Completed,1,92.0
2887,TR001686,20241221,20241221,154,1,1,3,3,3,0.0,Completed,1,77.0
2888,TR002731,20241221,20241221,653,7,1,16,8,8,250000.0,Completed,1,83.0
2889,TR002801,20241221,20241221,682,1,1,10,8,8,300000.0,Completed,1,82.0
2890,TR002825,20241221,20241221,692,3,1,2,4,4,0.0,Completed,1,83.0
2891,TR002872,20241221,20241221,714,3,3,3,3,3,0.0,Completed,1,81.0
2892,TR002888,20241221,20241221,719,1,5,3,3,3,0.0,Completed,1,87.0
2893,TR002942,20241221,20241222,740,2,1,17,16,16,2000000.0,Completed,1,81.0
2894,TR001874,20241222,20241224,252,3,2,14,24,24,1500000.0,Completed,1,75.0
2895,TR001947,20241222,20241224,290,3,1,14,24,24,1500000.0,Completed,1,79.0
2896,TR001998,20241222,20241223,311,3,1,5,16,0,3000000.0,Not Completed,0,
2897,TR002016,20241222,20241222,321,1,1,10,8,8,300000.0,Completed,1,88.0
2898,TR002878,20241222,20241223,715,4,1,17,16,16,2000000.0,Completed,1,76.0
2899,TR002902,20241222,20241222,724,1,2,1,4,4,0.0,Completed,1,98.0
2900,TR002931,20241222,20241222,735,3,1,1,4,4,0.0,Completed,1,82.0
2901,TR001450,20241223,20241223,34,8,5,1,4,4,0.0,Completed,1,84.0
2902,TR002175,20241223,20241223,406,3,2,3,3,3,0.0,Completed,1,75.0
2903,TR002218,20241223,20241224,424,3,1,15,16,16,3500000.0,Completed,1,77.0
2904,TR002901,20241223,20241223,723,7,1,13,6,6,200000.0,Completed,1,83.0
2905,TR001526,20241224,20241224,69,5,6,16,8,0,250000.0,Not Completed,0,
2906,TR001690,20241224,20241228,154,1,1,8,40,40,15000000.0,Completed,1,67.0
2907,TR001940,20241224,20241224,285,1,4,9,6,6,0.0,Completed,1,85.0
2908,TR002056,20241224,20241224,347,8,2,3,3,3,0.0,Completed,1,81.0
2909,TR002138,20241224,20241224,385,7,6,2,4,4,0.0,Completed,1,89.0
2910,TR002715,20241224,20241224,645,3,6,1,4,0,0.0,Not Completed,0,
2911,TR002908,20241224,20241224,726,3,4,10,8,8,300000.0,Completed,1,93.0
2912,TR002950,20241224,20241224,743,1,6,9,6,6,0.0,Completed,1,84.0
2913,TR002081,20241225,20241225,359,3,1,2,4,0,0.0,Not Completed,0,
2914,TR002651,20241225,20241225,622,8,1,2,4,4,0.0,Completed,1,82.0
2915,TR002929,20241225,20241225,734,3,1,3,3,3,0.0,Completed,1,76.0
2916,TR002930,20241225,20241226,734,3,1,5,16,16,3000000.0,Completed,1,72.0
2917,TR002938,20241225,20241225,739,8,1,2,4,4,0.0,Completed,1,80.0
2918,TR002941,20241225,20241226,740,2,1,4,16,16,1200000.0,Completed,1,93.0
2919,TR002949,20241225,20241225,743,1,6,1,4,4,0.0,Completed,1,86.0
2920,TR001726,20241226,20241228,176,3,1,14,24,24,1500000.0,Completed,1,100.0
2921,TR001767,20241226,20241226,199,6,1,10,8,8,300000.0,Completed,1,85.0
2922,TR001956,20241226,20241226,292,7,2,9,6,6,0.0,Completed,1,84.0
2923,TR002285,20241226,20241226,456,1,3,10,8,8,300000.0,Completed,1,83.0
2924,TR002906,20241226,20241226,726,3,4,1,4,0,0.0,Not Completed,0,
2925,TR002944,20241226,20241226,741,7,2,13,6,6,200000.0,Completed,1,71.0
2926,TR002951,20241226,20241226,743,1,6,13,6,0,200000.0,Not Completed,0,
2927,TR001402,20241227,20241228,9,8,3,5,16,16,3000000.0,Completed,1,71.0
2928,TR001519,20241227,20241227,65,3,1,3,3,3,0.0,Completed,1,79.0
2929,TR001909,20241227,20241227,268,7,6,13,6,6,200000.0,Completed,1,81.0
2930,TR002357,20241227,20241227,492,8,5,3,3,0,0.0,Not Completed,0,
2931,TR002933,20241227,20241227,736,1,1,1,4,4,0.0,Completed,1,81.0
2932,TR002934,20241227,20241227,736,1,1,10,8,8,300000.0,Completed,1,89.0
2933,TR002952,20241227,20241227,744,4,6,2,4,4,0.0,Completed,1,83.0
2934,TR002953,20241227,20241229,744,4,6,14,24,24,1500000.0,Completed,1,75.0
2935,TR001897,20241228,20241228,264,1,6,2,4,4,0.0,Completed,1,86.0
2936,TR002123,20241228,20241228,376,3,4,13,6,6,200000.0,Completed,1,85.0
2937,TR002440,20241228,20241228,528,7,3,16,8,8,250000.0,Completed,1,96.0
2938,TR002767,20241228,20241228,669,3,4,1,4,4,0.0,Completed,1,85.0
2939,TR002861,20241228,20241228,708,1,1,9,6,6,0.0,Completed,1,85.0
2940,TR002947,20241228,20241228,742,8,1,10,8,8,300000.0,Completed,1,83.0
2941,TR001640,20241229,20241229,128,4,2,3,3,3,0.0,Completed,1,76.0
2942,TR002842,20241229,20241229,700,2,2,2,4,0,0.0,Not Completed,0,
2943,TR002909,20241229,20241229,727,8,6,2,4,4,0.0,Completed,1,76.0
2944,TR002913,20241229,20241229,728,1,3,10,8,8,300000.0,Completed,1,76.0
2945,TR002939,20241229,20241229,740,2,1,3,3,3,0.0,Completed,1,87.0
2946,TR001391,20241230,20241230,2,7,1,2,4,4,0.0,Completed,1,87.0
2947,TR002192,20241230,20241230,413,8,3,3,3,3,0.0,Completed,1,86.0
2948,TR002848,20241230,20241230,702,7,5,10,8,8,300000.0,Completed,1,77.0
2949,TR002894,20241230,20241230,720,7,2,9,6,6,0.0,Completed,1,81.0
2950,TR002914,20241230,20241230,728,1,3,9,6,6,0.0,Completed,1,88.0
2951,TR002937,20241230,20241230,738,1,4,9,6,6,0.0,Completed,1,72.0
2952,TR002943,20241230,20241230,741,7,2,1,4,4,0.0,Completed,1,83.0
2953,TR002946,20241230,20241230,742,8,1,9,6,6,0.0,Completed,1,91.0
2954,TR002954,20241230,20241231,744,4,6,17,16,16,2000000.0,Completed,1,97.0
2955,TR003264,20250101,20250103,188,4,1,14,24,24,1500000.0,Completed,1,87.0
2956,TR003337,20250101,20250101,223,1,3,3,3,3,0.0,Completed,1,84.0
2957,TR003394,20250101,20250101,252,3,2,2,4,4,0.0,Completed,1,80.0
2958,TR003503,20250101,20250101,314,3,1,1,4,4,0.0,Completed,1,76.0
2959,TR003640,20250101,20250101,392,8,1,3,3,3,0.0,Completed,1,79.0
2960,TR003641,20250101,20250101,392,8,1,11,12,12,1800000.0,Completed,1,85.0
2961,TR003642,20250101,20250102,392,8,1,5,16,16,3000000.0,Completed,1,74.0
2962,TR003725,20250101,20250101,445,1,1,7,8,8,500000.0,Completed,1,88.0
2963,TR003794,20250101,20250101,476,7,1,9,6,6,0.0,Completed,1,80.0
2964,TR004020,20250101,20250102,633,8,1,5,16,16,3000000.0,Completed,1,84.0
2965,TR004169,20250101,20250101,704,3,1,3,3,3,0.0,Completed,1,73.0
2966,TR004171,20250101,20250101,704,3,1,10,8,8,300000.0,Completed,1,65.0
2967,TR003125,20250102,20250102,98,8,1,1,4,4,0.0,Completed,1,68.0
2968,TR003244,20250102,20250102,171,7,6,2,4,0,0.0,Not Completed,0,
2969,TR003339,20250102,20250102,224,1,1,1,4,4,0.0,Completed,1,91.0
2970,TR003436,20250102,20250102,277,3,1,1,4,4,0.0,Completed,1,66.0
2971,TR003786,20250102,20250103,472,2,1,5,16,16,3000000.0,Completed,1,93.0
2972,TR003961,20250102,20250102,599,7,1,2,4,4,0.0,Completed,1,89.0
2973,TR004058,20250102,20250102,653,7,1,16,8,8,250000.0,Completed,1,78.0
2974,TR004170,20250102,20250102,704,3,1,18,12,12,4000000.0,Completed,1,74.0
2975,TR004241,20250102,20250102,732,7,2,9,6,6,0.0,Completed,1,70.0
2976,TR003033,20250103,20250103,46,7,2,16,8,8,250000.0,Completed,1,75.0
2977,TR003047,20250103,20250104,54,8,2,5,16,16,3000000.0,Completed,1,86.0
2978,TR003412,20250103,20250103,260,8,1,10,8,8,300000.0,Completed,1,90.0
2979,TR003674,20250103,20250104,414,3,2,5,16,16,3000000.0,Completed,1,88.0
2980,TR003722,20250103,20250103,444,1,1,12,12,12,2500000.0,Completed,1,86.0
2981,TR003764,20250103,20250104,462,2,1,17,16,16,2000000.0,Completed,1,86.0
2982,TR003813,20250103,20250103,486,1,2,2,4,4,0.0,Completed,1,84.0
2983,TR003894,20250103,20250104,544,6,1,17,16,16,2000000.0,Completed,1,84.0
2984,TR004057,20250103,20250103,653,7,1,3,3,3,0.0,Completed,1,80.0
2985,TR003190,20250104,20250104,143,7,4,2,4,4,0.0,Completed,1,70.0
2986,TR003390,20250104,20250104,250,1,1,10,8,0,300000.0,Not Completed,0,
2987,TR003475,20250104,20250104,299,7,3,1,4,4,0.0,Completed,1,80.0
2988,TR003506,20250104,20250104,314,3,1,13,6,6,200000.0,Completed,1,60.0
2989,TR003624,20250104,20250105,383,6,2,5,16,16,3000000.0,Completed,1,78.0
2990,TR003307,20250105,20250105,212,3,6,2,4,4,0.0,Completed,1,94.0
2991,TR003438,20250105,20250106,277,3,1,15,16,16,3500000.0,Completed,1,80.0
2992,TR003471,20250105,20250105,296,1,4,2,4,4,0.0,Completed,1,80.0
2993,TR003673,20250105,20250105,414,3,2,3,3,3,0.0,Completed,1,73.0
2994,TR004006,20250105,20250105,626,7,2,1,4,0,0.0,Not Completed,0,
2995,TR004013,20250105,20250106,630,3,4,15,16,16,3500000.0,Completed,1,100.0
2996,TR004063,20250105,20250105,657,7,2,3,3,3,0.0,Completed,1,87.0
2997,TR003282,20250106,20250106,199,6,1,2,4,4,0.0,Completed,1,83.0
2998,TR003439,20250106,20250108,277,3,1,14,24,24,1500000.0,Completed,1,70.0
2999,TR003446,20250106,20250106,285,1,4,9,6,6,0.0,Completed,1,78.0
3000,TR003504,20250106,20250106,314,3,1,18,12,12,4000000.0,Completed,1,83.0
3001,TR003505,20250106,20250109,314,3,1,6,32,32,7500000.0,Completed,1,77.0
3002,TR003827,20250106,20250106,494,4,2,3,3,3,0.0,Completed,1,75.0
3003,TR003885,20250106,20250106,538,3,3,10,8,8,300000.0,Completed,1,78.0
3004,TR004065,20250106,20250106,657,7,2,9,6,6,0.0,Completed,1,68.0
3005,TR003189,20250107,20250110,141,1,3,6,32,0,7500000.0,Not Completed,0,
3006,TR003437,20250107,20250108,277,3,1,5,16,16,3000000.0,Completed,1,74.0
3007,TR003502,20250107,20250107,313,7,1,1,4,4,0.0,Completed,1,78.0
3008,TR003774,20250107,20250107,467,3,2,1,4,4,0.0,Completed,1,89.0
3009,TR003926,20250107,20250107,572,3,1,1,4,4,0.0,Completed,1,77.0
3010,TR004141,20250107,20250107,691,8,3,2,4,4,0.0,Completed,1,91.0
3011,TR004257,20250107,20250107,738,1,4,13,6,6,200000.0,Completed,1,91.0
3012,TR003096,20250108,20250108,79,8,1,9,6,6,0.0,Completed,1,100.0
3013,TR003303,20250108,20250108,210,7,1,9,6,6,0.0,Completed,1,82.0
3014,TR003561,20250108,20250110,345,3,1,14,24,24,1500000.0,Completed,1,77.0
3015,TR003917,20250108,20250108,562,1,1,1,4,4,0.0,Completed,1,84.0
3016,TR004028,20250108,20250109,639,5,4,17,16,0,2000000.0,Not Completed,0,
3017,TR004122,20250108,20250108,682,1,1,3,3,3,0.0,Completed,1,87.0
3018,TR003823,20250109,20250109,492,8,5,11,12,12,1800000.0,Completed,1,83.0
3019,TR004008,20250109,20250109,628,7,6,2,4,4,0.0,Completed,1,75.0
3020,TR004249,20250109,20250109,736,1,1,1,4,4,0.0,Completed,1,69.0
3021,TR003127,20250110,20250110,98,8,1,10,8,8,300000.0,Completed,1,84.0
3022,TR003151,20250110,20250110,114,1,1,3,3,3,0.0,Completed,1,87.0
3023,TR003398,20250110,20250110,253,8,6,9,6,0,0.0,Not Completed,0,
3024,TR003544,20250110,20250110,336,1,1,2,4,4,0.0,Completed,1,80.0
3025,TR003720,20250110,20250110,444,1,1,10,8,8,300000.0,Completed,1,84.0
3026,TR004240,20250110,20250110,732,7,2,3,3,3,0.0,Completed,1,74.0
3027,TR003058,20250111,20250111,57,4,1,13,6,0,200000.0,Not Completed,0,
3028,TR003715,20250111,20250111,440,7,3,9,6,6,0.0,Completed,1,74.0
3029,TR003721,20250111,20250111,444,1,1,9,6,6,0.0,Completed,1,86.0
3030,TR003742,20250111,20250111,453,8,2,2,4,0,0.0,Not Completed,0,
3031,TR003818,20250111,20250111,487,1,1,12,12,12,2500000.0,Completed,1,82.0
3032,TR003889,20250111,20250111,541,8,1,9,6,6,0.0,Completed,1,79.0
3033,TR003980,20250111,20250111,610,7,1,3,3,3,0.0,Completed,1,87.0
3034,TR003998,20250111,20250111,622,8,1,9,6,6,0.0,Completed,1,91.0
3035,TR004115,20250111,20250111,678,7,2,13,6,6,200000.0,Completed,1,92.0
3036,TR004251,20250111,20250111,737,7,1,3,3,3,0.0,Completed,1,89.0
3037,TR004277,20250111,20250112,745,8,3,5,16,16,3000000.0,Completed,1,78.0
3038,TR003067,20250112,20250112,64,7,1,2,4,4,0.0,Completed,1,77.0
3039,TR003265,20250112,20250113,188,4,1,5,16,16,3000000.0,Completed,1,94.0
3040,TR003651,20250112,20250113,399,2,1,4,16,16,1200000.0,Completed,1,87.0
3041,TR004007,20250112,20250112,626,7,2,13,6,6,200000.0,Completed,1,86.0
3042,TR003075,20250113,20250113,69,5,6,3,3,3,0.0,Completed,1,74.0
3043,TR003130,20250113,20250113,99,7,6,9,6,6,0.0,Completed,1,72.0
3044,TR003262,20250113,20250113,184,8,1,2,4,4,0.0,Completed,1,77.0
3045,TR003512,20250113,20250113,318,1,1,3,3,3,0.0,Completed,1,84.0
3046,TR003845,20250113,20250113,508,7,1,1,4,4,0.0,Completed,1,94.0
3047,TR004200,20250113,20250113,717,6,3,2,4,4,0.0,Completed,1,78.0
3048,TR003065,20250114,20250114,63,3,5,1,4,4,0.0,Completed,1,72.0
3049,TR003488,20250114,20250114,305,7,4,1,4,4,0.0,Completed,1,99.0
3050,TR003708,20250114,20250114,433,7,1,3,3,3,0.0,Completed,1,83.0
3051,TR003806,20250114,20250114,482,7,3,1,4,4,0.0,Completed,1,95.0
3052,TR003990,20250114,20250115,614,8,1,5,16,16,3000000.0,Completed,1,83.0
3053,TR004085,20250114,20250114,666,8,5,1,4,4,0.0,Completed,1,82.0
3054,TR004092,20250114,20250114,669,3,4,1,4,0,0.0,Not Completed,0,
3055,TR003008,20250115,20250117,29,3,1,14,24,24,1500000.0,Completed,1,91.0
3056,TR003211,20250115,20250115,154,1,1,9,6,0,0.0,Not Completed,0,
3057,TR003579,20250115,20250115,361,1,6,3,3,3,0.0,Completed,1,79.0
3058,TR003991,20250115,20250115,617,3,5,3,3,3,0.0,Completed,1,81.0
3059,TR004186,20250115,20250115,711,1,1,9,6,6,0.0,Completed,1,86.0
3060,TR004242,20250115,20250115,732,7,2,16,8,0,250000.0,Not Completed,0,
3061,TR004292,20250115,20250115,750,7,1,16,8,8,250000.0,Completed,1,79.0
3062,TR003251,20250116,20250116,176,3,1,1,4,0,0.0,Not Completed,0,
3063,TR003558,20250116,20250116,343,7,3,2,4,4,0.0,Completed,1,77.0
3064,TR003675,20250116,20250116,417,7,2,3,3,3,0.0,Completed,1,77.0
3065,TR003872,20250116,20250116,531,1,1,12,12,12,2500000.0,Completed,1,84.0
3066,TR003906,20250116,20250116,549,1,1,16,8,8,250000.0,Completed,1,84.0
3067,TR003946,20250116,20250116,587,1,1,13,6,6,200000.0,Completed,1,74.0
3068,TR004064,20250116,20250116,657,7,2,16,8,8,250000.0,Completed,1,74.0
3069,TR004153,20250116,20250116,697,8,1,2,4,4,0.0,Completed,1,81.0
3070,TR004280,20250116,20250117,746,3,1,15,16,16,3500000.0,Completed,1,76.0
3071,TR003691,20250117,20250117,424,3,1,1,4,4,0.0,Completed,1,88.0
3072,TR003937,20250117,20250117,582,1,1,3,3,3,0.0,Completed,1,90.0
3073,TR004066,20250117,20250117,659,3,1,3,3,3,0.0,Completed,1,84.0
3074,TR004218,20250117,20250117,724,1,2,13,6,6,200000.0,Completed,1,84.0
3075,TR003226,20250118,20250118,159,7,1,9,6,6,0.0,Completed,1,79.0
3076,TR003373,20250118,20250118,242,8,1,10,8,8,300000.0,Completed,1,70.0
3077,TR003431,20250118,20250118,274,7,5,3,3,3,0.0,Completed,1,82.0
3078,TR003731,20250118,20250118,447,4,1,10,8,8,300000.0,Completed,1,90.0
3079,TR003817,20250118,20250118,487,1,1,10,8,8,300000.0,Completed,1,79.0
3080,TR003006,20250119,20250120,29,3,1,15,16,0,3500000.0,Not Completed,0,
3081,TR003128,20250119,20250119,98,8,1,9,6,6,0.0,Completed,1,75.0
3082,TR003169,20250119,20250119,128,4,2,1,4,4,0.0,Completed,1,85.0
3083,TR003351,20250119,20250119,230,8,1,1,4,4,0.0,Completed,1,81.0
3084,TR003517,20250119,20250119,320,7,5,13,6,6,200000.0,Completed,1,68.0
3085,TR003680,20250119,20250119,418,7,1,16,8,8,250000.0,Completed,1,75.0
3086,TR004120,20250119,20250119,679,8,3,9,6,0,0.0,Not Completed,0,
3087,TR004127,20250119,20250119,684,8,6,9,6,0,0.0,Not Completed,0,
3088,TR002981,20250120,20250120,16,1,5,1,4,4,0.0,Completed,1,85.0
3089,TR002989,20250120,20250120,23,1,6,1,4,4,0.0,Completed,1,83.0
3090,TR003241,20250120,20250120,169,1,1,1,4,4,0.0,Completed,1,75.0
3091,TR003701,20250120,20250120,427,1,6,9,6,6,0.0,Completed,1,89.0
3092,TR003839,20250120,20250120,502,1,6,13,6,6,200000.0,Completed,1,89.0
3093,TR004217,20250120,20250120,724,1,2,3,3,3,0.0,Completed,1,78.0
3094,TR003518,20250121,20250121,321,1,1,1,4,4,0.0,Completed,1,94.0
3095,TR004083,20250121,20250121,665,2,3,3,3,0,0.0,Not Completed,0,
3096,TR004233,20250121,20250121,730,1,3,3,3,3,0.0,Completed,1,86.0
3097,TR003719,20250122,20250122,444,1,1,1,4,4,0.0,Completed,1,81.0
3098,TR003807,20250122,20250122,482,7,3,13,6,6,200000.0,Completed,1,73.0
3099,TR003997,20250122,20250122,622,8,1,10,8,0,300000.0,Not Completed,0,
3100,TR004073,20250122,20250122,661,8,1,2,4,4,0.0,Completed,1,91.0
3101,TR004168,20250122,20250122,703,7,6,2,4,4,0.0,Completed,1,75.0
3102,TR003146,20250123,20250124,108,4,3,5,16,16,3000000.0,Completed,1,69.0
3103,TR003575,20250123,20250124,359,3,1,15,16,16,3500000.0,Completed,1,81.0
3104,TR003989,20250123,20250123,614,8,1,1,4,4,0.0,Completed,1,74.0
3105,TR004074,20250123,20250123,661,8,1,11,12,12,1800000.0,Completed,1,82.0
3106,TR004123,20250123,20250123,683,8,3,3,3,3,0.0,Completed,1,81.0
3107,TR002997,20250124,20250127,25,2,1,6,32,32,7500000.0,Completed,1,75.0
3108,TR003113,20250124,20250124,91,7,1,13,6,6,200000.0,Completed,1,92.0
3109,TR003422,20250124,20250124,268,7,6,1,4,4,0.0,Completed,1,82.0
3110,TR003427,20250124,20250124,272,4,1,3,3,3,0.0,Completed,1,85.0
3111,TR003770,20250124,20250124,465,8,2,11,12,12,1800000.0,Completed,1,81.0
3112,TR003846,20250124,20250124,508,7,1,13,6,6,200000.0,Completed,1,96.0
3113,TR004077,20250124,20250124,662,7,3,10,8,8,300000.0,Completed,1,84.0
3114,TR003120,20250125,20250125,96,2,1,2,4,4,0.0,Completed,1,74.0
3115,TR003126,20250125,20250125,98,8,1,11,12,12,1800000.0,Completed,1,95.0
3116,TR003242,20250125,20250125,169,1,1,10,8,0,300000.0,Not Completed,0,
3117,TR003407,20250125,20250125,256,7,1,16,8,8,250000.0,Completed,1,82.0
3118,TR003520,20250125,20250125,321,1,1,10,8,8,300000.0,Completed,1,80.0
3119,TR003668,20250125,20250125,412,1,1,3,3,0,0.0,Not Completed,0,
3120,TR004089,20250125,20250125,668,7,3,3,3,0,0.0,Not Completed,0,
3121,TR003344,20250126,20250127,227,2,4,4,16,16,1200000.0,Completed,1,94.0
3122,TR003508,20250126,20250128,316,4,1,14,24,24,1500000.0,Completed,1,99.0
3123,TR003530,20250126,20250126,327,7,1,3,3,3,0.0,Completed,1,69.0
3124,TR003847,20250126,20250126,508,7,1,16,8,8,250000.0,Completed,1,95.0
3125,TR004093,20250126,20250126,670,7,3,1,4,4,0.0,Completed,1,79.0
3126,TR002991,20250127,20250127,23,1,6,12,12,12,2500000.0,Completed,1,92.0
3127,TR003088,20250127,20250127,75,4,6,1,4,4,0.0,Completed,1,77.0
3128,TR003345,20250127,20250127,227,2,4,13,6,6,200000.0,Completed,1,69.0
3129,TR003463,20250127,20250127,291,3,1,7,8,8,500000.0,Completed,1,78.0
3130,TR004136,20250127,20250127,687,7,1,13,6,6,200000.0,Completed,1,89.0
3131,TR003174,20250128,20250129,129,6,1,17,16,16,2000000.0,Completed,1,64.0
3132,TR003866,20250128,20250128,529,8,5,1,4,4,0.0,Completed,1,72.0
3133,TR003155,20250129,20250129,116,1,1,3,3,3,0.0,Completed,1,100.0
3134,TR003974,20250129,20250129,605,7,5,13,6,0,200000.0,Not Completed,0,
3135,TR003706,20250130,20250131,431,3,2,15,16,16,3500000.0,Completed,1,79.0
3136,TR003710,20250130,20250130,433,7,1,16,8,8,250000.0,Completed,1,85.0
3137,TR003713,20250130,20250130,439,8,1,10,8,8,300000.0,Completed,1,75.0
3138,TR003119,20250131,20250131,95,1,2,3,3,3,0.0,Completed,1,86.0
3139,TR003268,20250131,20250131,190,7,5,9,6,6,0.0,Completed,1,89.0
3140,TR003472,20250131,20250131,296,1,4,9,6,6,0.0,Completed,1,71.0
3141,TR003803,20250131,20250201,480,5,6,17,16,16,2000000.0,Completed,1,87.0
3142,TR003820,20250131,20250131,491,8,3,1,4,4,0.0,Completed,1,70.0
3143,TR002970,20250201,20250201,11,8,6,2,4,4,0.0,Completed,1,76.0
3144,TR003025,20250201,20250203,40,3,5,14,24,24,1500000.0,Completed,1,86.0
3145,TR003294,20250201,20250201,206,1,1,12,12,12,2500000.0,Completed,1,99.0
3146,TR003391,20250201,20250201,251,1,1,2,4,4,0.0,Completed,1,79.0
3147,TR004040,20250201,20250204,647,7,6,6,32,32,7500000.0,Completed,1,80.0
3148,TR004095,20250201,20250204,670,7,3,6,32,32,7500000.0,Completed,1,81.0
3149,TR003222,20250202,20250202,157,1,1,9,6,6,0.0,Completed,1,86.0
3150,TR003321,20250202,20250202,217,5,1,2,4,0,0.0,Not Completed,0,
3151,TR003814,20250202,20250202,486,1,2,9,6,0,0.0,Not Completed,0,
3152,TR004291,20250202,20250202,750,7,1,9,6,6,0.0,Completed,1,89.0
3153,TR003027,20250203,20250203,43,5,1,3,3,3,0.0,Completed,1,60.0
3154,TR003971,20250203,20250203,604,1,1,9,6,6,0.0,Completed,1,81.0
3155,TR004162,20250203,20250203,701,8,2,1,4,4,0.0,Completed,1,84.0
3156,TR003082,20250204,20250204,73,3,1,1,4,0,0.0,Not Completed,0,
3157,TR003195,20250204,20250204,149,1,5,12,12,12,2500000.0,Completed,1,94.0
3158,TR003197,20250204,20250204,150,7,5,1,4,4,0.0,Completed,1,79.0
3159,TR003922,20250204,20250204,564,1,1,3,3,3,0.0,Completed,1,81.0
3160,TR003046,20250205,20250205,54,8,2,2,4,4,0.0,Completed,1,91.0
3161,TR003480,20250205,20250205,301,8,1,9,6,6,0.0,Completed,1,78.0
3162,TR003535,20250205,20250205,330,1,2,12,12,12,2500000.0,Completed,1,72.0
3163,TR003798,20250205,20250205,479,2,6,2,4,4,0.0,Completed,1,87.0
3164,TR003914,20250205,20250205,559,8,1,3,3,0,0.0,Not Completed,0,
3165,TR004253,20250205,20250205,737,7,1,9,6,6,0.0,Completed,1,98.0
3166,TR003040,20250206,20250207,49,3,1,5,16,0,3000000.0,Not Completed,0,
3167,TR003532,20250206,20250206,329,7,2,2,4,4,0.0,Completed,1,88.0
3168,TR003645,20250206,20250206,393,7,6,16,8,8,250000.0,Completed,1,87.0
3169,TR004118,20250206,20250206,679,8,3,11,12,12,1800000.0,Completed,1,76.0
3170,TR004290,20250206,20250206,750,7,1,3,3,3,0.0,Completed,1,76.0
3171,TR003077,20250207,20250207,71,1,2,2,4,0,0.0,Not Completed,0,
3172,TR004055,20250207,20250207,652,1,2,9,6,6,0.0,Completed,1,79.0
3173,TR004132,20250207,20250207,686,7,4,2,4,4,0.0,Completed,1,82.0
3174,TR004236,20250207,20250207,730,1,3,13,6,6,200000.0,Completed,1,94.0
3175,TR003464,20250208,20250208,292,7,2,2,4,4,0.0,Completed,1,80.0
3176,TR003966,20250208,20250208,601,7,4,13,6,6,200000.0,Completed,1,89.0
3177,TR004100,20250208,20250209,672,2,4,17,16,16,2000000.0,Completed,1,72.0
3178,TR002962,20250209,20250209,5,8,1,11,12,12,1800000.0,Completed,1,86.0
3179,TR003085,20250209,20250209,74,8,2,1,4,4,0.0,Completed,1,72.0
3180,TR003421,20250209,20250209,266,4,1,1,4,4,0.0,Completed,1,86.0
3181,TR003887,20250209,20250210,540,3,1,5,16,16,3000000.0,Completed,1,84.0
3182,TR002992,20250210,20250210,23,1,6,13,6,6,200000.0,Completed,1,82.0
3183,TR003848,20250210,20250210,508,7,1,7,8,8,500000.0,Completed,1,87.0
3184,TR003861,20250210,20250210,524,7,1,9,6,6,0.0,Completed,1,94.0
3185,TR003069,20250211,20250211,64,7,1,13,6,6,200000.0,Completed,1,84.0
3186,TR003426,20250211,20250211,271,2,2,3,3,3,0.0,Completed,1,88.0
3187,TR003527,20250211,20250212,324,3,1,15,16,16,3500000.0,Completed,1,87.0
3188,TR003016,20250212,20250212,34,8,5,10,8,8,300000.0,Completed,1,74.0
3189,TR003042,20250212,20250213,50,3,1,15,16,16,3500000.0,Completed,1,89.0
3190,TR003203,20250212,20250212,152,6,1,3,3,3,0.0,Completed,1,67.0
3191,TR003230,20250212,20250212,162,4,1,3,3,3,0.0,Completed,1,90.0
3192,TR003613,20250212,20250212,377,6,2,2,4,4,0.0,Completed,1,91.0
3193,TR003619,20250212,20250214,380,3,5,14,24,24,1500000.0,Completed,1,74.0
3194,TR003816,20250212,20250212,487,1,1,9,6,6,0.0,Completed,1,92.0
3195,TR003005,20250213,20250213,29,3,1,3,3,3,0.0,Completed,1,57.0
3196,TR003201,20250213,20250213,151,8,3,11,12,12,1800000.0,Completed,1,82.0
3197,TR003382,20250213,20250213,247,7,1,9,6,6,0.0,Completed,1,80.0
3198,TR003918,20250213,20250213,562,1,1,10,8,8,300000.0,Completed,1,78.0
3199,TR004262,20250213,20250214,740,2,1,17,16,16,2000000.0,Completed,1,93.0
3200,TR004340,20250213,20250213,770,8,5,3,3,3,0.0,Completed,1,81.0
3201,TR002967,20250214,20250215,8,5,2,17,16,16,2000000.0,Completed,1,83.0
3202,TR002994,20250214,20250214,24,8,1,16,8,8,250000.0,Completed,1,78.0
3203,TR003180,20250214,20250215,132,3,1,5,16,16,3000000.0,Completed,1,93.0
3204,TR003466,20250214,20250214,292,7,2,16,8,8,250000.0,Completed,1,93.0
3205,TR003791,20250214,20250214,474,6,1,2,4,4,0.0,Completed,1,77.0
3206,TR004094,20250214,20250214,670,7,3,13,6,0,200000.0,Not Completed,0,
3207,TR004234,20250214,20250214,730,1,3,9,6,6,0.0,Completed,1,93.0
3208,TR004266,20250214,20250214,741,7,2,16,8,8,250000.0,Completed,1,77.0
3209,TR003236,20250215,20250215,167,8,1,10,8,8,300000.0,Completed,1,71.0
3210,TR003239,20250215,20250215,168,2,1,1,4,4,0.0,Completed,1,88.0
3211,TR003830,20250215,20250215,496,7,2,2,4,0,0.0,Not Completed,0,
3212,TR004101,20250215,20250215,672,2,4,12,12,12,2500000.0,Completed,1,96.0
3213,TR004113,20250215,20250215,677,2,1,12,12,12,2500000.0,Completed,1,78.0
3214,TR002965,20250216,20250216,8,5,2,1,4,4,0.0,Completed,1,86.0
3215,TR003604,20250216,20250216,373,2,1,12,12,12,2500000.0,Completed,1,90.0
3216,TR003745,20250216,20250216,454,7,1,16,8,0,250000.0,Not Completed,0,
3217,TR003778,20250216,20250216,469,7,1,10,8,8,300000.0,Completed,1,96.0
3218,TR003870,20250216,20250216,531,1,1,3,3,3,0.0,Completed,1,81.0
3219,TR003928,20250216,20250216,574,5,5,3,3,3,0.0,Completed,1,82.0
3220,TR002990,20250217,20250217,23,1,6,10,8,8,300000.0,Completed,1,84.0
3221,TR003415,20250217,20250217,264,1,6,2,4,4,0.0,Completed,1,78.0
3222,TR003799,20250217,20250218,479,2,6,17,16,16,2000000.0,Completed,1,91.0
3223,TR004116,20250217,20250217,678,7,2,9,6,0,0.0,Not Completed,0,
3224,TR004303,20250217,20250217,755,7,1,13,6,6,200000.0,Completed,1,82.0
3225,TR003620,20250218,20250218,381,4,2,3,3,0,0.0,Not Completed,0,
3226,TR003869,20250218,20250218,530,7,1,7,8,8,500000.0,Completed,1,87.0
3227,TR003895,20250218,20250218,545,4,2,3,3,3,0.0,Completed,1,80.0
3228,TR004059,20250218,20250218,653,7,1,13,6,0,200000.0,Not Completed,0,
3229,TR002968,20250219,20250219,9,8,3,2,4,4,0.0,Completed,1,85.0
3230,TR003086,20250219,20250219,74,8,2,10,8,8,300000.0,Completed,1,82.0
3231,TR003253,20250219,20250219,178,7,1,2,4,4,0.0,Completed,1,84.0
3232,TR003386,20250219,20250219,248,5,1,3,3,3,0.0,Completed,1,68.0
3233,TR003519,20250219,20250219,321,1,1,12,12,12,2500000.0,Completed,1,84.0
3234,TR003644,20250219,20250219,393,7,6,13,6,6,200000.0,Completed,1,88.0
3235,TR003653,20250219,20250219,400,7,3,16,8,8,250000.0,Completed,1,94.0
3236,TR003948,20250219,20250219,591,1,2,9,6,6,0.0,Completed,1,78.0
3237,TR004060,20250219,20250219,654,1,1,3,3,3,0.0,Completed,1,77.0
3238,TR003023,20250220,20250222,39,4,3,14,24,24,1500000.0,Completed,1,79.0
3239,TR003059,20250220,20250220,58,4,3,2,4,4,0.0,Completed,1,80.0
3240,TR003287,20250220,20250221,201,5,5,17,16,16,2000000.0,Completed,1,69.0
3241,TR003635,20250220,20250221,388,7,1,5,16,16,3000000.0,Completed,1,84.0
3242,TR003663,20250220,20250220,406,3,2,18,12,12,4000000.0,Completed,1,80.0
3243,TR003878,20250220,20250220,534,8,1,16,8,8,250000.0,Completed,1,74.0
3244,TR003202,20250221,20250221,151,8,3,10,8,8,300000.0,Completed,1,87.0
3245,TR003228,20250221,20250221,160,7,1,13,6,6,200000.0,Completed,1,88.0
3246,TR003686,20250221,20250222,420,5,2,17,16,16,2000000.0,Completed,1,71.0
3247,TR003184,20250222,20250222,137,1,3,1,4,4,0.0,Completed,1,77.0
3248,TR003286,20250222,20250222,201,5,5,3,3,3,0.0,Completed,1,65.0
3249,TR003499,20250222,20250222,311,3,1,2,4,4,0.0,Completed,1,82.0
3250,TR004119,20250223,20250223,679,8,3,10,8,8,300000.0,Completed,1,86.0
3251,TR003137,20250224,20250224,102,7,1,3,3,3,0.0,Completed,1,93.0
3252,TR003447,20250224,20250224,285,1,4,10,8,8,300000.0,Completed,1,78.0
3253,TR003548,20250224,20250224,338,8,1,2,4,4,0.0,Completed,1,89.0
3254,TR003953,20250224,20250224,593,7,3,2,4,4,0.0,Completed,1,90.0
3255,TR003956,20250224,20250224,595,7,4,13,6,0,200000.0,Not Completed,0,
3256,TR003958,20250224,20250225,596,5,1,17,16,16,2000000.0,Completed,1,85.0
3257,TR004163,20250224,20250224,701,8,2,10,8,8,300000.0,Completed,1,75.0
3258,TR004166,20250224,20250224,702,7,5,13,6,6,200000.0,Completed,1,72.0
3259,TR004225,20250224,20250224,726,3,4,13,6,6,200000.0,Completed,1,79.0
3260,TR003052,20250225,20250225,56,1,3,10,8,8,300000.0,Completed,1,71.0
3261,TR003138,20250225,20250225,102,7,1,9,6,0,0.0,Not Completed,0,
3262,TR003092,20250226,20250226,76,3,5,2,4,4,0.0,Completed,1,93.0
3263,TR003177,20250226,20250226,131,1,1,12,12,12,2500000.0,Completed,1,91.0
3264,TR003179,20250226,20250226,132,3,1,1,4,4,0.0,Completed,1,84.0
3265,TR003272,20250226,20250226,193,1,1,10,8,8,300000.0,Completed,1,86.0
3266,TR003277,20250226,20250227,197,6,3,17,16,16,2000000.0,Completed,1,68.0
3267,TR004260,20250226,20250226,739,8,1,10,8,0,300000.0,Not Completed,0,
3268,TR003117,20250227,20250227,94,2,1,2,4,0,0.0,Not Completed,0,
3269,TR003319,20250227,20250227,216,4,6,3,3,3,0.0,Completed,1,74.0
3270,TR003462,20250227,20250228,291,3,1,5,16,16,3000000.0,Completed,1,70.0
3271,TR003865,20250227,20250227,528,7,3,13,6,6,200000.0,Completed,1,75.0
3272,TR004219,20250227,20250227,725,1,1,2,4,4,0.0,Completed,1,80.0
3273,TR003108,20250228,20250228,87,6,1,2,4,4,0.0,Completed,1,77.0
3274,TR003172,20250228,20250228,128,4,2,10,8,0,300000.0,Not Completed,0,
3275,TR003485,20250228,20250228,303,1,1,3,3,3,0.0,Completed,1,74.0
3276,TR004244,20250228,20250228,734,3,1,3,3,3,0.0,Completed,1,69.0
3277,TR003420,20250301,20250301,265,7,1,7,8,8,500000.0,Completed,1,82.0
3278,TR003900,20250301,20250301,548,1,5,3,3,3,0.0,Completed,1,100.0
3279,TR003908,20250301,20250301,551,8,2,11,12,12,1800000.0,Completed,1,77.0
3280,TR003229,20250302,20250306,160,7,1,8,40,0,15000000.0,Not Completed,0,
3281,TR003541,20250302,20250302,334,8,6,2,4,4,0.0,Completed,1,96.0
3282,TR003972,20250302,20250303,604,1,1,5,16,16,3000000.0,Completed,1,77.0
3283,TR004252,20250302,20250302,737,7,1,13,6,6,200000.0,Completed,1,76.0
3284,TR004339,20250302,20250302,769,3,1,13,6,6,200000.0,Completed,1,63.0
3285,TR003007,20250303,20250303,29,3,1,18,12,12,4000000.0,Completed,1,81.0
3286,TR003298,20250303,20250306,208,3,2,6,32,32,7500000.0,Completed,1,75.0
3287,TR003489,20250303,20250303,305,7,4,16,8,8,250000.0,Completed,1,85.0
3288,TR003654,20250303,20250303,400,7,3,13,6,6,200000.0,Completed,1,88.0
3289,TR003750,20250303,20250303,456,1,3,9,6,6,0.0,Completed,1,71.0
3290,TR004117,20250303,20250303,679,8,3,2,4,4,0.0,Completed,1,82.0
3291,TR004337,20250303,20250304,769,3,1,5,16,16,3000000.0,Completed,1,87.0
3292,TR003259,20250304,20250304,182,7,1,1,4,4,0.0,Completed,1,70.0
3293,TR003350,20250304,20250304,229,7,1,16,8,8,250000.0,Completed,1,84.0
3294,TR003442,20250304,20250304,278,3,1,13,6,6,200000.0,Completed,1,73.0
3295,TR003652,20250304,20250304,400,7,3,2,4,4,0.0,Completed,1,83.0
3296,TR003705,20250304,20250304,431,3,2,2,4,0,0.0,Not Completed,0,
3297,TR003934,20250304,20250304,580,2,5,2,4,0,0.0,Not Completed,0,
3298,TR003284,20250305,20250305,200,2,1,1,4,4,0.0,Completed,1,89.0
3299,TR003430,20250305,20250305,273,3,1,2,4,4,0.0,Completed,1,81.0
3300,TR003482,20250305,20250305,302,1,1,2,4,4,0.0,Completed,1,87.0
3301,TR003833,20250305,20250305,499,1,5,16,8,8,250000.0,Completed,1,83.0
3302,TR003897,20250305,20250307,545,4,2,14,24,0,1500000.0,Not Completed,0,
3303,TR004330,20250305,20250305,767,8,1,10,8,8,300000.0,Completed,1,84.0
3304,TR003419,20250306,20250306,265,7,1,3,3,3,0.0,Completed,1,85.0
3305,TR003684,20250306,20250306,420,5,2,1,4,4,0.0,Completed,1,71.0
3306,TR003356,20250307,20250307,233,8,2,1,4,4,0.0,Completed,1,85.0
3307,TR003867,20250307,20250307,530,7,1,1,4,4,0.0,Completed,1,74.0
3308,TR004209,20250307,20250307,720,7,2,9,6,6,0.0,Completed,1,76.0
3309,TR003097,20250308,20250308,80,7,2,2,4,4,0.0,Completed,1,97.0
3310,TR003114,20250308,20250309,91,7,1,5,16,16,3000000.0,Completed,1,87.0
3311,TR003385,20250308,20250308,247,7,1,10,8,8,300000.0,Completed,1,73.0
3312,TR003883,20250308,20250308,537,7,1,3,3,3,0.0,Completed,1,84.0
3313,TR003140,20250309,20250309,105,8,3,1,4,4,0.0,Completed,1,75.0
3314,TR003795,20250309,20250309,476,7,1,13,6,6,200000.0,Completed,1,75.0
3315,TR003802,20250309,20250309,480,5,6,2,4,4,0.0,Completed,1,84.0
3316,TR004033,20250309,20250309,642,5,1,3,3,3,0.0,Completed,1,62.0
3317,TR003749,20250310,20250310,456,1,3,2,4,4,0.0,Completed,1,80.0
3318,TR003967,20250310,20250310,603,4,3,2,4,4,0.0,Completed,1,85.0
3319,TR004081,20250310,20250310,664,7,1,1,4,4,0.0,Completed,1,77.0
3320,TR003342,20250311,20250312,226,2,2,4,16,0,1200000.0,Not Completed,0,
3321,TR003646,20250311,20250311,396,1,1,2,4,4,0.0,Completed,1,76.0
3322,TR003853,20250311,20250311,510,3,3,18,12,0,4000000.0,Not Completed,0,
3323,TR003192,20250312,20250312,146,1,4,1,4,4,0.0,Completed,1,90.0
3324,TR003606,20250312,20250312,374,1,5,1,4,4,0.0,Completed,1,86.0
3325,TR004082,20250312,20250312,664,7,1,16,8,8,250000.0,Completed,1,85.0
3326,TR004091,20250313,20250313,668,7,3,16,8,8,250000.0,Completed,1,78.0
3327,TR002988,20250314,20250314,22,1,3,3,3,3,0.0,Completed,1,92.0
3328,TR003050,20250314,20250314,55,8,1,11,12,12,1800000.0,Completed,1,76.0
3329,TR003204,20250314,20250314,152,6,1,10,8,8,300000.0,Completed,1,73.0
3330,TR003540,20250314,20250314,333,8,1,9,6,6,0.0,Completed,1,95.0
3331,TR003726,20250314,20250314,446,8,4,1,4,4,0.0,Completed,1,82.0
3332,TR003871,20250314,20250314,531,1,1,9,6,6,0.0,Completed,1,90.0
3333,TR004336,20250314,20250314,769,3,1,3,3,3,0.0,Completed,1,88.0
3334,TR003384,20250315,20250315,247,7,1,16,8,8,250000.0,Completed,1,78.0
3335,TR003455,20250315,20250315,289,7,1,9,6,6,0.0,Completed,1,82.0
3336,TR003467,20250315,20250315,292,7,2,9,6,0,0.0,Not Completed,0,
3337,TR003473,20250315,20250315,298,8,1,1,4,4,0.0,Completed,1,83.0
3338,TR004002,20250315,20250315,623,7,1,13,6,6,200000.0,Completed,1,69.0
3339,TR004068,20250315,20250317,659,3,1,14,24,24,1500000.0,Completed,1,78.0
3340,TR003409,20250316,20250316,257,3,1,1,4,4,0.0,Completed,1,82.0
3341,TR003679,20250317,20250317,418,7,1,13,6,6,200000.0,Completed,1,85.0
3342,TR003978,20250317,20250317,609,7,1,9,6,6,0.0,Completed,1,80.0
3343,TR003012,20250318,20250318,31,2,4,3,3,3,0.0,Completed,1,78.0
3344,TR003139,20250318,20250318,102,7,1,13,6,0,200000.0,Not Completed,0,
3345,TR003154,20250318,20250318,115,3,1,16,8,8,250000.0,Completed,1,86.0
3346,TR003343,20250318,20250318,227,2,4,3,3,3,0.0,Completed,1,84.0
3347,TR003752,20250318,20250318,457,7,3,9,6,6,0.0,Completed,1,83.0
3348,TR004223,20250318,20250319,726,3,4,15,16,0,3500000.0,Not Completed,0,
3349,TR003031,20250319,20250319,46,7,2,3,3,3,0.0,Completed,1,67.0
3350,TR003408,20250319,20250320,256,7,1,5,16,16,3000000.0,Completed,1,72.0
3351,TR003768,20250319,20250319,465,8,2,2,4,4,0.0,Completed,1,75.0
3352,TR003992,20250319,20250319,620,2,3,3,3,3,0.0,Completed,1,78.0
3353,TR004031,20250319,20250319,641,7,4,1,4,4,0.0,Completed,1,77.0
3354,TR003323,20250320,20250320,217,5,1,16,8,8,250000.0,Completed,1,88.0
3355,TR004131,20250320,20250320,685,7,4,13,6,6,200000.0,Completed,1,83.0
3356,TR003003,20250321,20250321,28,2,1,2,4,4,0.0,Completed,1,92.0
3357,TR003859,20250321,20250321,524,7,1,3,3,3,0.0,Completed,1,77.0
3358,TR003089,20250322,20250323,75,4,6,5,16,16,3000000.0,Completed,1,70.0
3359,TR003704,20250322,20250322,429,7,1,7,8,8,500000.0,Completed,1,69.0
3360,TR004256,20250322,20250322,738,1,4,10,8,8,300000.0,Completed,1,79.0
3361,TR003103,20250323,20250323,83,6,2,1,4,4,0.0,Completed,1,87.0
3362,TR003357,20250323,20250324,233,8,2,5,16,16,3000000.0,Completed,1,76.0
3363,TR003425,20250323,20250323,268,7,6,10,8,8,300000.0,Completed,1,77.0
3364,TR004072,20250323,20250324,660,8,5,5,16,16,3000000.0,Completed,1,79.0
3365,TR003476,20250324,20250324,299,7,3,16,8,8,250000.0,Completed,1,65.0
3366,TR004156,20250324,20250324,698,6,3,3,3,3,0.0,Completed,1,88.0
3367,TR004183,20250324,20250324,710,1,1,9,6,6,0.0,Completed,1,87.0
3368,TR004216,20250324,20250324,723,7,1,3,3,3,0.0,Completed,1,93.0
3369,TR004248,20250324,20250326,735,3,1,14,24,24,1500000.0,Completed,1,85.0
3370,TR003004,20250325,20250326,28,2,1,5,16,16,3000000.0,Completed,1,83.0
3371,TR003044,20250325,20250325,51,7,1,2,4,4,0.0,Completed,1,78.0
3372,TR003380,20250325,20250325,245,1,1,13,6,6,200000.0,Completed,1,89.0
3373,TR003444,20250325,20250325,282,1,1,10,8,8,300000.0,Completed,1,85.0
3374,TR003648,20250325,20250326,397,2,1,17,16,16,2000000.0,Completed,1,77.0
3375,TR003796,20250325,20250325,478,3,4,2,4,0,0.0,Not Completed,0,
3376,TR003840,20250325,20250325,504,7,3,1,4,0,0.0,Not Completed,0,
3377,TR002999,20250326,20250326,26,8,4,3,3,3,0.0,Completed,1,90.0
3378,TR003000,20250326,20250326,26,8,4,9,6,6,0.0,Completed,1,84.0
3379,TR003454,20250326,20250326,289,7,1,1,4,4,0.0,Completed,1,81.0
3380,TR004016,20250326,20250326,632,3,3,3,3,3,0.0,Completed,1,84.0
3381,TR004075,20250326,20250326,662,7,3,3,3,3,0.0,Completed,1,97.0
3382,TR003135,20250327,20250327,101,7,5,2,4,4,0.0,Completed,1,76.0
3383,TR003498,20250327,20250327,310,4,1,1,4,4,0.0,Completed,1,74.0
3384,TR003234,20250328,20250328,165,5,2,16,8,8,250000.0,Completed,1,86.0
3385,TR003574,20250328,20250328,359,3,1,18,12,12,4000000.0,Completed,1,86.0
3386,TR004161,20250328,20250328,700,2,2,12,12,12,2500000.0,Completed,1,75.0
3387,TR004051,20250329,20250329,651,4,1,1,4,4,0.0,Completed,1,72.0
3388,TR004070,20250329,20250329,660,8,5,2,4,4,0.0,Completed,1,78.0
3389,TR004364,20250329,20250330,778,3,3,5,16,16,3000000.0,Completed,1,77.0
3390,TR002980,20250330,20250331,15,4,1,17,16,16,2000000.0,Completed,1,79.0
3391,TR003021,20250331,20250331,38,3,1,3,3,3,0.0,Completed,1,70.0
3392,TR003308,20250331,20250402,212,3,6,14,24,24,1500000.0,Completed,1,91.0
3393,TR003611,20250331,20250331,376,3,4,3,3,3,0.0,Completed,1,85.0
3394,TR003921,20250331,20250331,563,8,5,2,4,4,0.0,Completed,1,75.0
3395,TR004165,20250331,20250331,702,7,5,2,4,4,0.0,Completed,1,78.0
3396,TR004177,20250331,20250331,707,8,3,9,6,6,0.0,Completed,1,85.0
3397,TR003271,20250401,20250401,193,1,1,1,4,4,0.0,Completed,1,76.0
3398,TR003767,20250401,20250402,463,5,1,17,16,16,2000000.0,Completed,1,75.0
3399,TR004235,20250401,20250401,730,1,3,10,8,8,300000.0,Completed,1,86.0
3400,TR003186,20250402,20250402,139,7,4,3,3,3,0.0,Completed,1,78.0
3401,TR003231,20250402,20250404,162,4,1,14,24,24,1500000.0,Completed,1,71.0
3402,TR003775,20250402,20250402,467,3,2,13,6,6,200000.0,Completed,1,81.0
3403,TR004000,20250402,20250402,623,7,1,2,4,4,0.0,Completed,1,76.0
3404,TR003942,20250403,20250405,584,3,3,14,24,24,1500000.0,Completed,1,84.0
3405,TR004202,20250403,20250403,718,3,1,3,3,3,0.0,Completed,1,89.0
3406,TR004319,20250403,20250403,763,7,2,3,3,3,0.0,Completed,1,90.0
3407,TR003060,20250404,20250404,58,4,3,13,6,6,200000.0,Completed,1,87.0
3408,TR003254,20250404,20250404,178,7,1,16,8,8,250000.0,Completed,1,81.0
3409,TR003377,20250404,20250406,244,3,6,14,24,24,1500000.0,Completed,1,84.0
3410,TR003873,20250404,20250404,531,1,1,10,8,8,300000.0,Completed,1,84.0
3411,TR004148,20250404,20250404,694,7,1,13,6,6,200000.0,Completed,1,75.0
3412,TR003013,20250405,20250405,33,3,3,3,3,3,0.0,Completed,1,87.0
3413,TR004030,20250405,20250405,640,6,6,16,8,8,250000.0,Completed,1,84.0
3414,TR004158,20250405,20250405,699,7,1,3,3,0,0.0,Not Completed,0,
3415,TR003148,20250406,20250407,109,5,1,17,16,16,2000000.0,Completed,1,86.0
3416,TR004134,20250406,20250406,686,7,4,16,8,8,250000.0,Completed,1,78.0
3417,TR004307,20250406,20250406,756,1,1,13,6,6,200000.0,Completed,1,74.0
3418,TR003392,20250407,20250407,251,1,1,7,8,0,500000.0,Not Completed,0,
3419,TR003718,20250407,20250407,442,8,2,9,6,6,0.0,Completed,1,79.0
3420,TR004151,20250407,20250408,696,2,3,17,16,16,2000000.0,Completed,1,79.0
3421,TR004191,20250407,20250408,713,3,2,5,16,16,3000000.0,Completed,1,82.0
3422,TR004324,20250407,20250407,764,1,2,12,12,12,2500000.0,Completed,1,72.0
3423,TR003144,20250408,20250408,108,4,3,3,3,3,0.0,Completed,1,90.0
3424,TR003220,20250408,20250408,157,1,1,3,3,3,0.0,Completed,1,94.0
3425,TR003293,20250408,20250408,206,1,1,1,4,4,0.0,Completed,1,78.0
3426,TR003362,20250408,20250408,237,6,4,3,3,3,0.0,Completed,1,64.0
3427,TR003729,20250408,20250409,447,4,1,17,16,16,2000000.0,Completed,1,88.0
3428,TR003920,20250408,20250408,562,1,1,16,8,8,250000.0,Completed,1,81.0
3429,TR004174,20250408,20250408,707,8,3,2,4,4,0.0,Completed,1,70.0
3430,TR004184,20250408,20250408,711,1,1,1,4,0,0.0,Not Completed,0,
3431,TR003636,20250409,20250409,391,7,3,2,4,4,0.0,Completed,1,77.0
3432,TR003650,20250409,20250409,399,2,1,1,4,4,0.0,Completed,1,82.0
3433,TR003688,20250409,20250412,421,1,1,6,32,32,7500000.0,Completed,1,80.0
3434,TR003404,20250410,20250411,255,1,3,5,16,16,3000000.0,Completed,1,76.0
3435,TR004160,20250410,20250410,700,2,2,3,3,3,0.0,Completed,1,90.0
3436,TR003316,20250411,20250411,214,8,1,9,6,6,0.0,Completed,1,61.0
3437,TR003690,20250411,20250411,423,4,5,1,4,0,0.0,Not Completed,0,
3438,TR003800,20250411,20250411,479,2,6,12,12,12,2500000.0,Completed,1,73.0
3439,TR003603,20250412,20250413,373,2,1,17,16,16,2000000.0,Completed,1,71.0
3440,TR003617,20250412,20250412,380,3,5,2,4,4,0.0,Completed,1,88.0
3441,TR003797,20250412,20250412,478,3,4,16,8,8,250000.0,Completed,1,83.0
3442,TR004017,20250412,20250412,632,3,3,10,8,8,300000.0,Completed,1,87.0
3443,TR003233,20250413,20250414,165,5,2,17,16,16,2000000.0,Completed,1,81.0
3444,TR003402,20250413,20250413,254,5,1,16,8,0,250000.0,Not Completed,0,
3445,TR003904,20250413,20250413,549,1,1,12,12,12,2500000.0,Completed,1,77.0
3446,TR004312,20250413,20250413,760,1,1,1,4,4,0.0,Completed,1,79.0
3447,TR003160,20250414,20250414,123,3,2,2,4,4,0.0,Completed,1,89.0
3448,TR003441,20250414,20250415,278,3,1,15,16,16,3500000.0,Completed,1,73.0
3449,TR004047,20250414,20250414,649,8,1,10,8,8,300000.0,Completed,1,83.0
3450,TR004088,20250414,20250414,667,8,3,16,8,8,250000.0,Completed,1,83.0
3451,TR003014,20250416,20250417,33,3,3,5,16,0,3000000.0,Not Completed,0,
3452,TR004005,20250416,20250417,625,2,1,4,16,16,1200000.0,Completed,1,86.0
3453,TR004326,20250416,20250416,765,1,1,3,3,3,0.0,Completed,1,79.0
3454,TR003533,20250417,20250418,329,7,2,5,16,16,3000000.0,Completed,1,79.0
3455,TR003587,20250417,20250417,364,7,3,16,8,8,250000.0,Completed,1,100.0
3456,TR004043,20250417,20250417,648,7,2,16,8,8,250000.0,Completed,1,76.0
3457,TR003290,20250418,20250418,204,1,1,2,4,0,0.0,Not Completed,0,
3458,TR003401,20250418,20250418,254,5,1,3,3,3,0.0,Completed,1,76.0
3459,TR003808,20250418,20250418,483,8,1,2,4,4,0.0,Completed,1,86.0
3460,TR003072,20250419,20250419,66,1,4,10,8,8,300000.0,Completed,1,77.0
3461,TR003076,20250419,20250420,69,5,6,17,16,16,2000000.0,Completed,1,86.0
3462,TR003100,20250419,20250419,81,1,6,1,4,0,0.0,Not Completed,0,
3463,TR003324,20250419,20250419,218,3,1,1,4,0,0.0,Not Completed,0,
3464,TR004179,20250419,20250419,709,7,2,3,3,3,0.0,Completed,1,76.0
3465,TR003035,20250420,20250420,47,7,4,16,8,8,250000.0,Completed,1,83.0
3466,TR003164,20250420,20250420,125,7,1,9,6,6,0.0,Completed,1,85.0
3467,TR003728,20250420,20250421,447,4,1,5,16,16,3000000.0,Completed,1,91.0
3468,TR003219,20250421,20250421,156,1,6,12,12,12,2500000.0,Completed,1,85.0
3469,TR003567,20250421,20250422,350,2,3,4,16,0,1200000.0,Not Completed,0,
3470,TR003626,20250421,20250422,384,3,1,15,16,16,3500000.0,Completed,1,90.0
3471,TR003935,20250421,20250421,580,2,5,12,12,12,2500000.0,Completed,1,91.0
3472,TR003375,20250422,20250422,243,7,1,3,3,3,0.0,Completed,1,86.0
3473,TR003757,20250422,20250422,460,2,1,2,4,4,0.0,Completed,1,81.0
3474,TR002986,20250423,20250423,21,7,5,3,3,3,0.0,Completed,1,79.0
3475,TR003300,20250423,20250424,209,6,1,17,16,16,2000000.0,Completed,1,90.0
3476,TR003732,20250423,20250423,449,1,6,1,4,0,0.0,Not Completed,0,
3477,TR003862,20250423,20250423,527,3,1,1,4,4,0.0,Completed,1,66.0
3478,TR003984,20250423,20250424,611,4,1,5,16,16,3000000.0,Completed,1,77.0
3479,TR004373,20250423,20250423,781,5,4,3,3,3,0.0,Completed,1,91.0
3480,TR002974,20250424,20250424,11,8,6,16,8,8,250000.0,Completed,1,82.0
3481,TR003090,20250425,20250426,75,4,6,17,16,16,2000000.0,Completed,1,91.0
3482,TR003101,20250425,20250425,82,2,1,2,4,4,0.0,Completed,1,88.0
3483,TR003252,20250425,20250428,176,3,1,6,32,32,7500000.0,Completed,1,71.0
3484,TR003509,20250426,20250426,316,4,1,7,8,8,500000.0,Completed,1,80.0
3485,TR003633,20250426,20250426,388,7,1,2,4,4,0.0,Completed,1,70.0
3486,TR003666,20250426,20250429,409,7,1,6,32,32,7500000.0,Completed,1,84.0
3487,TR003825,20250426,20250426,493,3,1,1,4,0,0.0,Not Completed,0,
3488,TR004087,20250426,20250426,667,8,3,10,8,8,300000.0,Completed,1,77.0
3489,TR004099,20250426,20250427,672,2,4,4,16,0,1200000.0,Not Completed,0,
3490,TR004329,20250426,20250426,767,8,1,2,4,4,0.0,Completed,1,75.0
3491,TR002982,20250427,20250427,17,6,3,2,4,4,0.0,Completed,1,79.0
3492,TR003601,20250427,20250427,373,2,1,2,4,4,0.0,Completed,1,87.0
3493,TR003858,20250427,20250427,521,7,2,10,8,8,300000.0,Completed,1,79.0
3494,TR003999,20250427,20250427,622,8,1,16,8,8,250000.0,Completed,1,84.0
3495,TR004152,20250427,20250427,696,2,3,10,8,8,300000.0,Completed,1,85.0
3496,TR003020,20250428,20250428,37,1,1,9,6,6,0.0,Completed,1,80.0
3497,TR003309,20250428,20250428,212,3,6,18,12,12,4000000.0,Completed,1,75.0
3498,TR003571,20250428,20250428,358,5,1,1,4,4,0.0,Completed,1,85.0
3499,TR003903,20250428,20250428,549,1,1,9,6,6,0.0,Completed,1,76.0
3500,TR003925,20250428,20250429,566,4,5,5,16,0,3000000.0,Not Completed,0,
3501,TR004232,20250428,20250428,729,8,1,11,12,12,1800000.0,Completed,1,67.0
3502,TR004297,20250428,20250428,752,8,3,11,12,12,1800000.0,Completed,1,95.0
3503,TR003078,20250429,20250429,71,1,2,10,8,8,300000.0,Completed,1,76.0
3504,TR003346,20250429,20250429,228,5,2,1,4,4,0.0,Completed,1,74.0
3505,TR003876,20250429,20250429,534,8,1,1,4,4,0.0,Completed,1,85.0
3506,TR004014,20250429,20250429,630,3,4,10,8,8,300000.0,Completed,1,86.0
3507,TR004086,20250429,20250429,667,8,3,2,4,4,0.0,Completed,1,86.0
3508,TR004150,20250429,20250429,696,2,3,1,4,4,0.0,Completed,1,87.0
3509,TR004282,20250429,20250429,747,3,5,2,4,4,0.0,Completed,1,86.0
3510,TR003809,20250430,20250430,483,8,1,10,8,8,300000.0,Completed,1,78.0
3511,TR003132,20250501,20250501,100,1,3,2,4,4,0.0,Completed,1,77.0
3512,TR003141,20250501,20250501,105,8,3,10,8,8,300000.0,Completed,1,85.0
3513,TR003370,20250501,20250501,241,8,1,9,6,6,0.0,Completed,1,87.0
3514,TR003526,20250501,20250503,324,3,1,14,24,24,1500000.0,Completed,1,74.0
3515,TR003983,20250501,20250501,611,4,1,2,4,4,0.0,Completed,1,65.0
3516,TR004038,20250501,20250502,645,3,6,15,16,0,3500000.0,Not Completed,0,
3517,TR004105,20250501,20250501,675,7,6,13,6,6,200000.0,Completed,1,69.0
3518,TR004250,20250501,20250501,736,1,1,9,6,6,0.0,Completed,1,84.0
3519,TR004270,20250501,20250502,743,1,6,5,16,16,3000000.0,Completed,1,64.0
3520,TR003118,20250502,20250503,94,2,1,17,16,16,2000000.0,Completed,1,78.0
3521,TR003292,20250502,20250502,205,8,4,11,12,12,1800000.0,Completed,1,94.0
3522,TR003621,20250502,20250504,381,4,2,14,24,24,1500000.0,Completed,1,82.0
3523,TR003629,20250502,20250502,386,2,1,3,3,3,0.0,Completed,1,85.0
3524,TR003134,20250503,20250503,100,1,3,9,6,6,0.0,Completed,1,88.0
3525,TR003379,20250503,20250503,245,1,1,9,6,6,0.0,Completed,1,95.0
3526,TR003777,20250503,20250503,469,7,1,9,6,6,0.0,Completed,1,69.0
3527,TR004285,20250503,20250503,748,8,6,10,8,8,300000.0,Completed,1,90.0
3528,TR004375,20250503,20250504,781,5,4,5,16,16,3000000.0,Completed,1,77.0
3529,TR003552,20250504,20250504,339,5,3,16,8,8,250000.0,Completed,1,95.0
3530,TR003208,20250505,20250508,153,7,1,6,32,32,7500000.0,Completed,1,72.0
3531,TR003310,20250505,20250506,212,3,6,5,16,16,3000000.0,Completed,1,72.0
3532,TR003748,20250505,20250506,455,4,6,17,16,0,2000000.0,Not Completed,0,
3533,TR003841,20250505,20250505,506,3,1,1,4,4,0.0,Completed,1,77.0
3534,TR004052,20250505,20250507,651,4,1,14,24,24,1500000.0,Completed,1,89.0
3535,TR003002,20250506,20250506,27,3,1,7,8,8,500000.0,Completed,1,80.0
3536,TR003145,20250506,20250508,108,4,3,14,24,0,1500000.0,Not Completed,0,
3537,TR003576,20250506,20250506,359,3,1,7,8,8,500000.0,Completed,1,81.0
3538,TR003627,20250506,20250506,385,7,6,2,4,4,0.0,Completed,1,71.0
3539,TR003676,20250506,20250506,417,7,2,16,8,8,250000.0,Completed,1,82.0
3540,TR003951,20250506,20250506,592,7,6,3,3,3,0.0,Completed,1,84.0
3541,TR004368,20250506,20250506,779,2,5,12,12,12,2500000.0,Completed,1,81.0
3542,TR003166,20250507,20250507,127,1,6,3,3,0,0.0,Not Completed,0,
3543,TR003332,20250507,20250507,221,7,3,16,8,8,250000.0,Completed,1,90.0
3544,TR003738,20250507,20250507,450,8,1,10,8,8,300000.0,Completed,1,71.0
3545,TR003765,20250507,20250507,462,2,1,16,8,0,250000.0,Not Completed,0,
3546,TR004053,20250507,20250508,651,4,1,5,16,16,3000000.0,Completed,1,81.0
3547,TR004356,20250507,20250508,775,6,3,17,16,16,2000000.0,Completed,1,99.0
3548,TR003257,20250508,20250508,181,1,1,3,3,3,0.0,Completed,1,70.0
3549,TR003599,20250508,20250508,372,1,1,3,3,3,0.0,Completed,1,79.0
3550,TR003986,20250508,20250508,612,2,2,3,3,3,0.0,Completed,1,88.0
3551,TR003495,20250509,20250509,308,6,3,16,8,8,250000.0,Completed,1,80.0
3552,TR003453,20250510,20250511,288,6,1,5,16,16,3000000.0,Completed,1,89.0
3553,TR004010,20250510,20250510,629,1,1,2,4,4,0.0,Completed,1,96.0
3554,TR004080,20250510,20250510,663,6,4,16,8,0,250000.0,Not Completed,0,
3555,TR004354,20250510,20250510,774,6,5,10,8,8,300000.0,Completed,1,84.0
3556,TR003167,20250511,20250511,127,1,6,10,8,8,300000.0,Completed,1,77.0
3557,TR003970,20250511,20250511,604,1,1,3,3,3,0.0,Completed,1,99.0
3558,TR004121,20250511,20250511,680,7,6,3,3,0,0.0,Not Completed,0,
3559,TR004283,20250511,20250511,748,8,6,2,4,4,0.0,Completed,1,89.0
3560,TR003355,20250512,20250512,232,3,1,2,4,4,0.0,Completed,1,76.0
3561,TR003596,20250512,20250512,369,1,1,7,8,8,500000.0,Completed,1,79.0
3562,TR003965,20250512,20250512,601,7,4,3,3,3,0.0,Completed,1,84.0
3563,TR004377,20250512,20250512,782,7,1,9,6,6,0.0,Completed,1,87.0
3564,TR003304,20250513,20250513,210,7,1,16,8,8,250000.0,Completed,1,74.0
3565,TR003592,20250513,20250513,367,6,1,16,8,8,250000.0,Completed,1,78.0
3566,TR003700,20250513,20250513,427,1,6,3,3,3,0.0,Completed,1,67.0
3567,TR004259,20250513,20250513,739,8,1,9,6,0,0.0,Not Completed,0,
3568,TR003168,20250514,20250514,127,1,6,12,12,12,2500000.0,Completed,1,88.0
3569,TR003435,20250514,20250514,276,8,1,10,8,8,300000.0,Completed,1,67.0
3570,TR003714,20250514,20250514,440,7,3,2,4,0,0.0,Not Completed,0,
3571,TR004382,20250514,20250514,783,7,4,16,8,8,250000.0,Completed,1,89.0
3572,TR003549,20250515,20250515,338,8,1,11,12,12,1800000.0,Completed,1,89.0
3573,TR004231,20250515,20250515,729,8,1,10,8,8,300000.0,Completed,1,70.0
3574,TR004239,20250515,20250515,731,3,1,10,8,8,300000.0,Completed,1,79.0
3575,TR004348,20250515,20250515,772,1,1,12,12,0,2500000.0,Not Completed,0,
3576,TR004353,20250515,20250515,774,6,5,2,4,4,0.0,Completed,1,82.0
3577,TR003947,20250516,20250516,591,1,2,2,4,4,0.0,Completed,1,74.0
3578,TR004036,20250516,20250516,645,3,6,2,4,4,0.0,Completed,1,76.0
3579,TR003327,20250517,20250517,219,3,1,3,3,3,0.0,Completed,1,79.0
3580,TR003338,20250517,20250517,223,1,3,9,6,6,0.0,Completed,1,86.0
3581,TR003608,20250517,20250517,375,5,4,3,3,3,0.0,Completed,1,66.0
3582,TR003698,20250517,20250519,426,3,6,14,24,24,1500000.0,Completed,1,80.0
3583,TR003716,20250517,20250517,440,7,3,13,6,6,200000.0,Completed,1,81.0
3584,TR003829,20250517,20250517,495,3,2,2,4,4,0.0,Completed,1,80.0
3585,TR004196,20250517,20250517,715,4,1,1,4,4,0.0,Completed,1,76.0
3586,TR004215,20250517,20250518,722,2,5,4,16,16,1200000.0,Completed,1,80.0
3587,TR002972,20250518,20250518,11,8,6,10,8,8,300000.0,Completed,1,82.0
3588,TR003029,20250518,20250518,44,6,2,2,4,0,0.0,Not Completed,0,
3589,TR003223,20250518,20250518,157,1,1,12,12,12,2500000.0,Completed,1,80.0
3590,TR004273,20250518,20250518,745,8,3,1,4,4,0.0,Completed,1,92.0
3591,TR004386,20250518,20250518,784,8,1,10,8,8,300000.0,Completed,1,77.0
3592,TR003133,20250519,20250519,100,1,3,12,12,12,2500000.0,Completed,1,73.0
3593,TR004318,20250519,20250519,762,8,1,1,4,4,0.0,Completed,1,85.0
3594,TR003886,20250520,20250520,540,3,1,3,3,3,0.0,Completed,1,77.0
3595,TR004335,20250520,20250520,768,7,1,16,8,8,250000.0,Completed,1,98.0
3596,TR003333,20250521,20250521,221,7,3,9,6,6,0.0,Completed,1,76.0
3597,TR003773,20250521,20250521,466,7,4,3,3,3,0.0,Completed,1,89.0
3598,TR003788,20250521,20250522,473,6,1,17,16,16,2000000.0,Completed,1,74.0
3599,TR003929,20250521,20250521,575,1,4,1,4,4,0.0,Completed,1,91.0
3600,TR004167,20250521,20250521,702,7,5,10,8,8,300000.0,Completed,1,91.0
3601,TR003692,20250522,20250522,425,1,3,3,3,3,0.0,Completed,1,80.0
3602,TR004026,20250522,20250522,637,5,3,1,4,0,0.0,Not Completed,0,
3603,TR003156,20250523,20250523,116,1,1,12,12,12,2500000.0,Completed,1,82.0
3604,TR004079,20250523,20250524,663,6,4,17,16,16,2000000.0,Completed,1,77.0
3605,TR004365,20250523,20250525,778,3,3,14,24,24,1500000.0,Completed,1,81.0
3606,TR002998,20250524,20250524,25,2,1,13,6,6,200000.0,Completed,1,93.0
3607,TR003055,20250524,20250524,57,4,1,1,4,4,0.0,Completed,1,94.0
3608,TR003199,20250524,20250524,150,7,5,16,8,8,250000.0,Completed,1,79.0
3609,TR004111,20250524,20250524,677,2,1,3,3,3,0.0,Completed,1,70.0
3610,TR004173,20250524,20250524,705,1,1,16,8,8,250000.0,Completed,1,73.0
3611,TR004383,20250525,20250525,784,8,1,1,4,4,0.0,Completed,1,65.0
3612,TR003248,20250527,20250527,175,8,3,2,4,4,0.0,Completed,1,87.0
3613,TR003273,20250527,20250527,194,8,1,2,4,4,0.0,Completed,1,89.0
3614,TR003279,20250527,20250527,197,6,3,13,6,6,200000.0,Completed,1,74.0
3615,TR003500,20250527,20250527,311,3,1,18,12,12,4000000.0,Completed,1,89.0
3616,TR003507,20250528,20250528,316,4,1,3,3,3,0.0,Completed,1,77.0
3617,TR004124,20250528,20250528,683,8,3,11,12,12,1800000.0,Completed,1,80.0
3618,TR003411,20250529,20250529,260,8,1,2,4,4,0.0,Completed,1,83.0
3619,TR003634,20250529,20250529,388,7,1,9,6,6,0.0,Completed,1,88.0
3620,TR004035,20250529,20250529,643,3,1,2,4,4,0.0,Completed,1,76.0
3621,TR003481,20250530,20250530,301,8,1,16,8,8,250000.0,Completed,1,85.0
3622,TR003513,20250530,20250530,318,1,1,10,8,8,300000.0,Completed,1,74.0
3623,TR004108,20250530,20250530,675,7,6,10,8,0,300000.0,Not Completed,0,
3624,TR004288,20250530,20250530,749,8,1,10,8,8,300000.0,Completed,1,69.0
3625,TR003182,20250531,20250531,135,1,1,9,6,6,0.0,Completed,1,67.0
3626,TR003470,20250531,20250601,293,1,1,5,16,16,3000000.0,Completed,1,83.0
3627,TR003907,20250531,20250531,551,8,2,2,4,4,0.0,Completed,1,72.0
3628,TR004245,20250531,20250602,734,3,1,14,24,24,1500000.0,Completed,1,83.0
3629,TR004246,20250531,20250531,734,3,1,18,12,12,4000000.0,Completed,1,87.0
3630,TR002993,20250601,20250601,24,8,1,3,3,3,0.0,Completed,1,78.0
3631,TR003250,20250601,20250604,175,8,3,6,32,32,7500000.0,Completed,1,84.0
3632,TR003465,20250601,20250601,292,7,2,13,6,6,200000.0,Completed,1,77.0
3633,TR003581,20250601,20250601,362,8,1,2,4,4,0.0,Completed,1,86.0
3634,TR003689,20250601,20250601,421,1,1,10,8,8,300000.0,Completed,1,88.0
3635,TR003969,20250601,20250601,603,4,3,13,6,6,200000.0,Completed,1,96.0
3636,TR004048,20250601,20250601,650,8,3,2,4,4,0.0,Completed,1,92.0
3637,TR003314,20250602,20250602,213,2,3,13,6,6,200000.0,Completed,1,75.0
3638,TR003927,20250602,20250603,572,3,1,5,16,16,3000000.0,Completed,1,87.0
3639,TR003124,20250604,20250604,96,2,1,13,6,6,200000.0,Completed,1,74.0
3640,TR003525,20250604,20250604,324,3,1,2,4,4,0.0,Completed,1,85.0
3641,TR004130,20250604,20250604,685,7,4,3,3,3,0.0,Completed,1,64.0
3642,TR004281,20250604,20250605,746,3,1,5,16,16,3000000.0,Completed,1,74.0
3643,TR003225,20250605,20250605,159,7,1,16,8,8,250000.0,Completed,1,85.0
3644,TR003249,20250605,20250605,175,8,3,9,6,6,0.0,Completed,1,82.0
3645,TR003405,20250605,20250605,256,7,1,2,4,4,0.0,Completed,1,85.0
3646,TR003538,20250605,20250605,331,3,3,13,6,6,200000.0,Completed,1,80.0
3647,TR004309,20250605,20250605,758,1,6,2,4,4,0.0,Completed,1,79.0
3648,TR004325,20250605,20250605,764,1,2,10,8,8,300000.0,Completed,1,82.0
3649,TR003516,20250606,20250606,320,7,5,2,4,4,0.0,Completed,1,80.0
3650,TR003556,20250606,20250606,341,1,1,3,3,3,0.0,Completed,1,73.0
3651,TR003783,20250607,20250607,471,7,3,2,4,4,0.0,Completed,1,86.0
3652,TR003810,20250607,20250607,483,8,1,9,6,6,0.0,Completed,1,88.0
3653,TR003863,20250607,20250607,527,3,1,7,8,8,500000.0,Completed,1,67.0
3654,TR003094,20250608,20250608,77,5,1,1,4,4,0.0,Completed,1,88.0
3655,TR003457,20250608,20250608,290,3,1,1,4,4,0.0,Completed,1,92.0
3656,TR003583,20250608,20250608,362,8,1,10,8,8,300000.0,Completed,1,82.0
3657,TR003685,20250608,20250608,420,5,2,16,8,8,250000.0,Completed,1,71.0
3658,TR004422,20250608,20250608,801,8,5,1,4,4,0.0,Completed,1,78.0
3659,TR002984,20250609,20250610,19,5,1,17,16,16,2000000.0,Completed,1,84.0
3660,TR003043,20250609,20250610,50,3,1,5,16,16,3000000.0,Completed,1,100.0
3661,TR003224,20250609,20250609,159,7,1,2,4,4,0.0,Completed,1,89.0
3662,TR003347,20250609,20250612,228,5,2,6,32,32,7500000.0,Completed,1,89.0
3663,TR003683,20250609,20250609,419,8,1,10,8,8,300000.0,Completed,1,80.0
3664,TR004003,20250609,20250609,624,8,1,3,3,0,0.0,Not Completed,0,
3665,TR003001,20250610,20250610,27,3,1,2,4,0,0.0,Not Completed,0,
3666,TR004046,20250610,20250610,649,8,1,9,6,6,0.0,Completed,1,87.0
3667,TR004062,20250610,20250610,656,7,2,16,8,8,250000.0,Completed,1,77.0
3668,TR004299,20250610,20250610,754,7,1,1,4,4,0.0,Completed,1,68.0
3669,TR002959,20250611,20250611,3,5,1,16,8,8,250000.0,Completed,1,80.0
3670,TR003318,20250611,20250611,215,4,1,16,8,8,250000.0,Completed,1,97.0
3671,TR003647,20250611,20250611,397,2,1,2,4,0,0.0,Not Completed,0,
3672,TR004328,20250611,20250611,766,7,1,2,4,4,0.0,Completed,1,68.0
3673,TR004332,20250611,20250611,768,7,1,1,4,4,0.0,Completed,1,87.0
3674,TR003036,20250612,20250612,48,7,5,3,3,3,0.0,Completed,1,86.0
3675,TR003083,20250612,20250613,73,3,1,5,16,16,3000000.0,Completed,1,84.0
3676,TR003221,20250612,20250612,157,1,1,10,8,8,300000.0,Completed,1,70.0
3677,TR003387,20250612,20250612,248,5,1,16,8,8,250000.0,Completed,1,74.0
3678,TR003511,20250612,20250613,317,2,1,17,16,16,2000000.0,Completed,1,89.0
3679,TR004054,20250612,20250612,652,1,2,3,3,3,0.0,Completed,1,70.0
3680,TR004334,20250612,20250612,768,7,1,9,6,6,0.0,Completed,1,89.0
3681,TR004344,20250612,20250613,771,3,3,5,16,16,3000000.0,Completed,1,84.0
3682,TR003095,20250613,20250613,79,8,1,3,3,3,0.0,Completed,1,100.0
3683,TR003341,20250613,20250613,226,2,2,3,3,3,0.0,Completed,1,88.0
3684,TR004194,20250613,20250614,714,3,3,5,16,0,3000000.0,Not Completed,0,
3685,TR003063,20250614,20250615,61,4,3,5,16,16,3000000.0,Completed,1,89.0
3686,TR003194,20250614,20250614,149,1,5,1,4,4,0.0,Completed,1,96.0
3687,TR003943,20250614,20250614,587,1,1,1,4,0,0.0,Not Completed,0,
3688,TR003048,20250615,20250615,55,8,1,1,4,4,0.0,Completed,1,77.0
3689,TR003736,20250615,20250615,450,8,1,1,4,4,0.0,Completed,1,78.0
3690,TR003919,20250615,20250615,562,1,1,12,12,12,2500000.0,Completed,1,90.0
3691,TR003949,20250615,20250615,591,1,2,12,12,12,2500000.0,Completed,1,85.0
3692,TR003198,20250616,20250616,150,7,5,9,6,6,0.0,Completed,1,78.0
3693,TR004039,20250616,20250616,647,7,6,1,4,4,0.0,Completed,1,81.0
3694,TR004114,20250616,20250616,678,7,2,1,4,4,0.0,Completed,1,80.0
3695,TR004327,20250616,20250616,765,1,1,9,6,6,0.0,Completed,1,77.0
3696,TR003746,20250617,20250620,454,7,1,6,32,32,7500000.0,Completed,1,90.0
3697,TR003945,20250617,20250617,587,1,1,12,12,12,2500000.0,Completed,1,84.0
3698,TR004155,20250617,20250617,697,8,1,10,8,8,300000.0,Completed,1,91.0
3699,TR004298,20250617,20250617,753,3,2,3,3,3,0.0,Completed,1,82.0
3700,TR003429,20250618,20250618,272,4,1,16,8,0,250000.0,Not Completed,0,
3701,TR003598,20250618,20250618,370,4,1,7,8,8,500000.0,Completed,1,79.0
3702,TR003693,20250618,20250618,425,1,3,9,6,6,0.0,Completed,1,78.0
3703,TR003835,20250618,20250619,500,2,2,4,16,16,1200000.0,Completed,1,72.0
3704,TR003181,20250619,20250619,135,1,1,3,3,0,0.0,Not Completed,0,
3705,TR003790,20250619,20250619,473,6,1,16,8,0,250000.0,Not Completed,0,
3706,TR004044,20250619,20250619,649,8,1,1,4,4,0.0,Completed,1,86.0
3707,TR003238,20250620,20250620,167,8,1,16,8,8,250000.0,Completed,1,75.0
3708,TR003639,20250620,20250620,391,7,3,13,6,6,200000.0,Completed,1,81.0
3709,TR003811,20250620,20250620,483,8,1,11,12,12,1800000.0,Completed,1,74.0
3710,TR003905,20250620,20250620,549,1,1,10,8,8,300000.0,Completed,1,77.0
3711,TR004342,20250620,20250620,771,3,3,3,3,3,0.0,Completed,1,75.0
3712,TR003336,20250621,20250621,222,8,1,16,8,8,250000.0,Completed,1,83.0
3713,TR003832,20250621,20250621,499,1,5,1,4,4,0.0,Completed,1,90.0
3714,TR003938,20250621,20250621,582,1,1,12,12,0,2500000.0,Not Completed,0,
3715,TR003968,20250621,20250623,603,4,3,14,24,24,1500000.0,Completed,1,85.0
3716,TR003993,20250621,20250621,621,3,1,3,3,3,0.0,Completed,1,80.0
3717,TR004078,20250621,20250621,663,6,4,2,4,0,0.0,Not Completed,0,
3718,TR004389,20250621,20250623,785,3,1,14,24,24,1500000.0,Completed,1,80.0
3719,TR003080,20250622,20250622,72,5,1,1,4,4,0.0,Completed,1,67.0
3720,TR003880,20250622,20250623,535,5,3,17,16,16,2000000.0,Completed,1,75.0
3721,TR004426,20250622,20250622,802,4,1,3,3,3,0.0,Completed,1,60.0
3722,TR003656,20250623,20250624,401,6,1,17,16,16,2000000.0,Completed,1,74.0
3723,TR003923,20250623,20250623,564,1,1,10,8,0,300000.0,Not Completed,0,
3724,TR004149,20250623,20250623,694,7,1,9,6,6,0.0,Completed,1,73.0
3725,TR004268,20250623,20250623,742,8,1,10,8,8,300000.0,Completed,1,77.0
3726,TR003053,20250624,20250624,56,1,3,9,6,6,0.0,Completed,1,81.0
3727,TR003266,20250624,20250625,188,4,1,17,16,16,2000000.0,Completed,1,86.0
3728,TR003440,20250624,20250624,278,3,1,2,4,4,0.0,Completed,1,100.0
3729,TR003568,20250624,20250625,350,2,3,17,16,16,2000000.0,Completed,1,77.0
3730,TR003570,20250624,20250624,354,7,1,3,3,3,0.0,Completed,1,96.0
3731,TR003781,20250624,20250624,470,1,1,10,8,8,300000.0,Completed,1,78.0
3732,TR003963,20250624,20250624,600,7,2,3,3,3,0.0,Completed,1,73.0
3733,TR004142,20250625,20250625,691,8,3,10,8,8,300000.0,Completed,1,74.0
3734,TR004195,20250625,20250625,714,3,3,13,6,6,200000.0,Completed,1,87.0
3735,TR004384,20250625,20250625,784,8,1,9,6,6,0.0,Completed,1,81.0
3736,TR003062,20250626,20250627,61,4,3,17,16,16,2000000.0,Completed,1,82.0
3737,TR003087,20250626,20250626,74,8,2,16,8,8,250000.0,Completed,1,75.0
3738,TR003707,20250626,20250626,432,1,1,1,4,4,0.0,Completed,1,80.0
3739,TR004411,20250626,20250626,796,1,1,12,12,12,2500000.0,Completed,1,86.0
3740,TR004412,20250626,20250626,796,1,1,13,6,6,200000.0,Completed,1,77.0
3741,TR003547,20250627,20250629,337,3,1,14,24,24,1500000.0,Completed,1,79.0
3742,TR003940,20250627,20250627,583,6,5,16,8,8,250000.0,Completed,1,72.0
3743,TR004208,20250627,20250627,720,7,2,16,8,0,250000.0,Not Completed,0,
3744,TR004275,20250627,20250627,745,8,3,11,12,12,1800000.0,Completed,1,81.0
3745,TR004410,20250627,20250627,796,1,1,1,4,4,0.0,Completed,1,77.0
3746,TR003260,20250628,20250628,182,7,1,13,6,6,200000.0,Completed,1,74.0
3747,TR003545,20250628,20250628,337,3,1,1,4,4,0.0,Completed,1,85.0
3748,TR004293,20250628,20250628,751,7,2,1,4,0,0.0,Not Completed,0,
3749,TR004406,20250628,20250628,794,3,1,2,4,4,0.0,Completed,1,78.0
3750,TR003756,20250629,20250629,458,7,1,16,8,8,250000.0,Completed,1,72.0
3751,TR003893,20250629,20250629,544,6,1,1,4,4,0.0,Completed,1,81.0
3752,TR003662,20250630,20250702,406,3,2,14,24,24,1500000.0,Completed,1,85.0
3753,TR004164,20250630,20250630,701,8,2,9,6,0,0.0,Not Completed,0,
3754,TR004286,20250630,20250630,749,8,1,2,4,4,0.0,Completed,1,84.0
3755,TR004407,20250630,20250701,794,3,1,15,16,16,3500000.0,Completed,1,88.0
3756,TR004129,20250701,20250701,684,8,6,16,8,8,250000.0,Completed,1,80.0
3757,TR003510,20250702,20250702,317,2,1,1,4,4,0.0,Completed,1,83.0
3758,TR004289,20250702,20250702,749,8,1,16,8,8,250000.0,Completed,1,91.0
3759,TR004323,20250702,20250702,764,1,2,1,4,4,0.0,Completed,1,75.0
3760,TR003032,20250703,20250703,46,7,2,13,6,6,200000.0,Completed,1,80.0
3761,TR003170,20250703,20250705,128,4,2,14,24,24,1500000.0,Completed,1,88.0
3762,TR003877,20250703,20250703,534,8,1,10,8,8,300000.0,Completed,1,76.0
3763,TR003898,20250703,20250703,547,1,2,1,4,4,0.0,Completed,1,72.0
3764,TR004210,20250703,20250703,721,7,1,2,4,0,0.0,Not Completed,0,
3765,TR004408,20250703,20250704,794,3,1,5,16,0,3000000.0,Not Completed,0,
3766,TR002996,20250704,20250705,25,2,1,17,16,16,2000000.0,Completed,1,82.0
3767,TR003015,20250704,20250704,34,8,5,1,4,4,0.0,Completed,1,68.0
3768,TR003105,20250704,20250704,83,6,2,16,8,8,250000.0,Completed,1,80.0
3769,TR003559,20250704,20250704,343,7,3,13,6,6,200000.0,Completed,1,96.0
3770,TR003842,20250704,20250704,507,2,1,1,4,4,0.0,Completed,1,80.0
3771,TR004125,20250704,20250704,683,8,3,10,8,8,300000.0,Completed,1,86.0
3772,TR003283,20250705,20250706,199,6,1,17,16,16,2000000.0,Completed,1,86.0
3773,TR003618,20250705,20250706,380,3,5,15,16,16,3500000.0,Completed,1,79.0
3774,TR004313,20250705,20250705,760,1,1,12,12,12,2500000.0,Completed,1,87.0
3775,TR004387,20250705,20250705,784,8,1,16,8,8,250000.0,Completed,1,69.0
3776,TR002956,20250706,20250706,2,7,1,13,6,6,200000.0,Completed,1,72.0
3777,TR002978,20250706,20250706,13,2,2,12,12,12,2500000.0,Completed,1,83.0
3778,TR003079,20250706,20250706,71,1,2,7,8,8,500000.0,Completed,1,87.0
3779,TR003136,20250706,20250706,101,7,5,16,8,8,250000.0,Completed,1,82.0
3780,TR003147,20250706,20250706,109,5,1,3,3,3,0.0,Completed,1,71.0
3781,TR003232,20250706,20250706,165,5,2,2,4,4,0.0,Completed,1,71.0
3782,TR003295,20250706,20250706,206,1,1,10,8,8,300000.0,Completed,1,77.0
3783,TR003740,20250706,20250706,452,3,2,2,4,4,0.0,Completed,1,79.0
3784,TR003860,20250706,20250706,524,7,1,16,8,8,250000.0,Completed,1,72.0
3785,TR004181,20250706,20250706,709,7,2,16,8,8,250000.0,Completed,1,100.0
3786,TR004230,20250706,20250706,729,8,1,3,3,3,0.0,Completed,1,80.0
3787,TR003460,20250707,20250707,291,3,1,1,4,4,0.0,Completed,1,92.0
3788,TR003677,20250708,20250708,417,7,2,9,6,6,0.0,Completed,1,94.0
3789,TR003711,20250708,20250708,439,8,1,1,4,0,0.0,Not Completed,0,
3790,TR003982,20250708,20250708,610,7,1,16,8,8,250000.0,Completed,1,86.0
3791,TR003780,20250709,20250709,470,1,1,9,6,6,0.0,Completed,1,83.0
3792,TR004358,20250709,20250709,776,8,2,1,4,4,0.0,Completed,1,86.0
3793,TR003152,20250710,20250710,114,1,1,16,8,8,250000.0,Completed,1,83.0
3794,TR003450,20250710,20250710,286,1,1,9,6,6,0.0,Completed,1,90.0
3795,TR003761,20250710,20250710,461,4,1,1,4,4,0.0,Completed,1,70.0
3796,TR004069,20250710,20250710,659,3,1,10,8,8,300000.0,Completed,1,78.0
3797,TR004345,20250710,20250711,771,3,3,15,16,16,3500000.0,Completed,1,94.0
3798,TR003237,20250711,20250711,167,8,1,7,8,8,500000.0,Completed,1,81.0
3799,TR003334,20250711,20250711,221,7,3,13,6,0,200000.0,Not Completed,0,
3800,TR003551,20250711,20250712,339,5,3,17,16,16,2000000.0,Completed,1,98.0
3801,TR003588,20250711,20250711,366,8,4,2,4,4,0.0,Completed,1,65.0
3802,TR003099,20250712,20250712,80,7,2,13,6,6,200000.0,Completed,1,80.0
3803,TR003299,20250712,20250712,209,6,1,2,4,4,0.0,Completed,1,74.0
3804,TR003610,20250712,20250712,375,5,4,16,8,8,250000.0,Completed,1,71.0
3805,TR003755,20250712,20250712,458,7,1,9,6,6,0.0,Completed,1,77.0
3806,TR004139,20250712,20250712,689,2,1,2,4,4,0.0,Completed,1,84.0
3807,TR004211,20250712,20250712,721,7,1,9,6,6,0.0,Completed,1,60.0
3808,TR004310,20250712,20250712,758,1,6,16,8,8,250000.0,Completed,1,81.0
3809,TR004374,20250712,20250713,781,5,4,17,16,16,2000000.0,Completed,1,78.0
3810,TR003418,20250713,20250714,264,1,6,5,16,16,3000000.0,Completed,1,67.0
3811,TR003267,20250714,20250714,190,7,5,1,4,4,0.0,Completed,1,81.0
3812,TR003584,20250714,20250714,362,8,1,9,6,0,0.0,Not Completed,0,
3813,TR003771,20250714,20250714,465,8,2,10,8,8,300000.0,Completed,1,71.0
3814,TR003850,20250714,20250714,509,7,1,9,6,6,0.0,Completed,1,94.0
3815,TR003589,20250715,20250715,366,8,4,9,6,6,0.0,Completed,1,70.0
3816,TR003687,20250715,20250715,421,1,1,1,4,4,0.0,Completed,1,73.0
3817,TR003758,20250715,20250716,460,2,1,17,16,16,2000000.0,Completed,1,72.0
3818,TR004448,20250715,20250715,811,2,1,10,8,8,300000.0,Completed,1,87.0
3819,TR003497,20250717,20250717,309,1,1,13,6,6,200000.0,Completed,1,73.0
3820,TR003515,20250717,20250717,318,1,1,9,6,6,0.0,Completed,1,95.0
3821,TR002977,20250718,20250719,13,2,2,4,16,16,1200000.0,Completed,1,73.0
3822,TR003353,20250718,20250718,230,8,1,10,8,8,300000.0,Completed,1,82.0
3823,TR004180,20250718,20250718,709,7,2,13,6,6,200000.0,Completed,1,88.0
3824,TR003278,20250719,20250722,197,6,3,6,32,0,7500000.0,Not Completed,0,
3825,TR003449,20250719,20250719,286,1,1,12,12,12,2500000.0,Completed,1,74.0
3826,TR003658,20250719,20250719,404,7,6,13,6,6,200000.0,Completed,1,79.0
3827,TR003753,20250719,20250719,458,7,1,1,4,4,0.0,Completed,1,81.0
3828,TR003245,20250720,20250720,171,7,6,13,6,0,200000.0,Not Completed,0,
3829,TR003501,20250720,20250723,311,3,1,6,32,0,7500000.0,Not Completed,0,
3830,TR003805,20250720,20250720,481,8,1,10,8,8,300000.0,Completed,1,93.0
3831,TR004009,20250720,20250720,628,7,6,10,8,8,300000.0,Completed,1,76.0
3832,TR004144,20250720,20250722,692,3,1,14,24,24,1500000.0,Completed,1,82.0
3833,TR004207,20250720,20250720,720,7,2,1,4,4,0.0,Completed,1,82.0
3834,TR003263,20250721,20250721,188,4,1,1,4,0,0.0,Not Completed,0,
3835,TR003348,20250721,20250721,228,5,2,10,8,8,300000.0,Completed,1,80.0
3836,TR003410,20250721,20250723,257,3,1,14,24,24,1500000.0,Completed,1,92.0
3837,TR004350,20250721,20250721,773,3,2,1,4,4,0.0,Completed,1,83.0
3838,TR004424,20250721,20250721,801,8,5,10,8,8,300000.0,Completed,1,82.0
3839,TR003417,20250722,20250722,264,1,6,9,6,6,0.0,Completed,1,68.0
3840,TR003730,20250722,20250724,447,4,1,14,24,24,1500000.0,Completed,1,69.0
3841,TR004147,20250722,20250722,694,7,1,3,3,3,0.0,Completed,1,79.0
3842,TR004159,20250722,20250722,699,7,1,13,6,6,200000.0,Completed,1,79.0
3843,TR003041,20250724,20250724,50,3,1,1,4,4,0.0,Completed,1,94.0
3844,TR003313,20250724,20250724,213,2,3,12,12,12,2500000.0,Completed,1,91.0
3845,TR003330,20250724,20250727,220,8,1,6,32,32,7500000.0,Completed,1,74.0
3846,TR003582,20250724,20250724,362,8,1,11,12,12,1800000.0,Completed,1,80.0
3847,TR004395,20250724,20250724,788,1,5,9,6,6,0.0,Completed,1,81.0
3848,TR003038,20250725,20250725,49,3,1,1,4,4,0.0,Completed,1,74.0
3849,TR003812,20250725,20250725,485,1,1,2,4,4,0.0,Completed,1,85.0
3850,TR004306,20250725,20250725,756,1,1,10,8,8,300000.0,Completed,1,80.0
3851,TR003022,20250726,20250726,39,4,3,3,3,3,0.0,Completed,1,69.0
3852,TR003061,20250726,20250726,61,4,3,2,4,4,0.0,Completed,1,79.0
3853,TR004385,20250726,20250726,784,8,1,11,12,12,1800000.0,Completed,1,90.0
3854,TR003028,20250727,20250728,43,5,1,17,16,16,2000000.0,Completed,1,91.0
3855,TR004025,20250727,20250727,635,7,2,9,6,6,0.0,Completed,1,89.0
3856,TR004176,20250727,20250727,707,8,3,10,8,8,300000.0,Completed,1,83.0
3857,TR004440,20250727,20250727,808,7,6,1,4,4,0.0,Completed,1,85.0
3858,TR003185,20250728,20250728,138,6,1,3,3,0,0.0,Not Completed,0,
3859,TR004447,20250728,20250729,811,2,1,4,16,16,1200000.0,Completed,1,90.0
3860,TR003163,20250729,20250729,125,7,1,16,8,0,250000.0,Not Completed,0,
3861,TR003246,20250729,20250729,174,8,1,1,4,4,0.0,Completed,1,81.0
3862,TR003623,20250729,20250729,383,6,2,10,8,8,300000.0,Completed,1,83.0
3863,TR003751,20250729,20250729,457,7,3,1,4,4,0.0,Completed,1,82.0
3864,TR004261,20250729,20250729,740,2,1,3,3,3,0.0,Completed,1,82.0
3865,TR004300,20250729,20250729,754,7,1,9,6,6,0.0,Completed,1,74.0
3866,TR003523,20250730,20250731,322,5,4,17,16,16,2000000.0,Completed,1,90.0
3867,TR003655,20250730,20250730,401,6,1,2,4,4,0.0,Completed,1,87.0
3868,TR003979,20250730,20250730,609,7,1,16,8,8,250000.0,Completed,1,85.0
3869,TR002963,20250731,20250731,5,8,1,16,8,0,250000.0,Not Completed,0,
3870,TR003227,20250731,20250731,160,7,1,2,4,4,0.0,Completed,1,91.0
3871,TR003614,20250731,20250731,378,1,2,1,4,4,0.0,Completed,1,83.0
3872,TR003930,20250731,20250731,576,7,1,1,4,4,0.0,Completed,1,77.0
3873,TR003104,20250801,20250802,83,6,2,17,16,16,2000000.0,Completed,1,70.0
3874,TR003483,20250801,20250801,302,1,1,9,6,0,0.0,Not Completed,0,
3875,TR003597,20250801,20250801,370,4,1,3,3,3,0.0,Completed,1,84.0
3876,TR003660,20250801,20250802,404,7,6,5,16,16,3000000.0,Completed,1,75.0
3877,TR004154,20250801,20250801,697,8,1,9,6,0,0.0,Not Completed,0,
3878,TR004409,20250801,20250801,795,7,4,3,3,3,0.0,Completed,1,85.0
3879,TR004427,20250801,20250803,802,4,1,14,24,24,1500000.0,Completed,1,61.0
3880,TR003157,20250802,20250802,116,1,1,9,6,6,0.0,Completed,1,84.0
3881,TR003659,20250802,20250802,404,7,6,16,8,8,250000.0,Completed,1,80.0
3882,TR003804,20250802,20250802,481,8,1,2,4,4,0.0,Completed,1,80.0
3883,TR004090,20250802,20250802,668,7,3,9,6,6,0.0,Completed,1,75.0
3884,TR004238,20250802,20250804,731,3,1,14,24,24,1500000.0,Completed,1,96.0
3885,TR004343,20250802,20250802,771,3,3,18,12,12,4000000.0,Completed,1,84.0
3886,TR004442,20250802,20250802,809,1,1,3,3,3,0.0,Completed,1,80.0
3887,TR003070,20250803,20250803,65,3,1,1,4,4,0.0,Completed,1,95.0
3888,TR003881,20250803,20250803,536,3,1,3,3,3,0.0,Completed,1,79.0
3889,TR004128,20250803,20250803,684,8,6,11,12,12,1800000.0,Completed,1,85.0
3890,TR003200,20250804,20250804,151,8,3,3,3,3,0.0,Completed,1,78.0
3891,TR003459,20250804,20250808,290,3,1,8,40,40,15000000.0,Completed,1,70.0
3892,TR004449,20250804,20250804,812,7,5,2,4,4,0.0,Completed,1,71.0
3893,TR003073,20250805,20250805,67,7,6,2,4,4,0.0,Completed,1,79.0
3894,TR003209,20250805,20250805,153,7,1,10,8,8,300000.0,Completed,1,82.0
3895,TR003098,20250807,20250807,80,7,2,16,8,8,250000.0,Completed,1,80.0
3896,TR003269,20250807,20250807,191,4,1,1,4,4,0.0,Completed,1,72.0
3897,TR003622,20250807,20250807,383,6,2,1,4,4,0.0,Completed,1,93.0
3898,TR003856,20250807,20250807,521,7,2,2,4,4,0.0,Completed,1,82.0
3899,TR004084,20250807,20250807,665,2,3,12,12,12,2500000.0,Completed,1,80.0
3900,TR004221,20250807,20250807,725,1,1,10,8,8,300000.0,Completed,1,77.0
3901,TR004227,20250807,20250807,727,8,6,11,12,12,1800000.0,Completed,1,83.0
3902,TR004315,20250807,20250807,760,1,1,16,8,0,250000.0,Not Completed,0,
3903,TR003451,20250808,20250808,286,1,1,16,8,8,250000.0,Completed,1,99.0
3904,TR004276,20250808,20250808,745,8,3,10,8,8,300000.0,Completed,1,81.0
3905,TR004341,20250808,20250808,770,8,5,10,8,8,300000.0,Completed,1,71.0
3906,TR003359,20250809,20250809,234,7,2,9,6,6,0.0,Completed,1,84.0
3907,TR003210,20250810,20250810,154,1,1,3,3,3,0.0,Completed,1,77.0
3908,TR003474,20250810,20250810,298,8,1,10,8,8,300000.0,Completed,1,96.0
3909,TR003987,20250810,20250810,612,2,2,10,8,8,300000.0,Completed,1,81.0
3910,TR003026,20250811,20250811,40,3,5,10,8,8,300000.0,Completed,1,91.0
3911,TR003243,20250811,20250811,170,1,6,3,3,3,0.0,Completed,1,80.0
3912,TR003305,20250811,20250811,210,7,1,7,8,8,500000.0,Completed,1,81.0
3913,TR003448,20250811,20250811,286,1,1,1,4,4,0.0,Completed,1,85.0
3914,TR003528,20250811,20250814,324,3,1,6,32,32,7500000.0,Completed,1,76.0
3915,TR003612,20250811,20250811,376,3,4,18,12,12,4000000.0,Completed,1,70.0
3916,TR004263,20250811,20250811,740,2,1,12,12,12,2500000.0,Completed,1,95.0
3917,TR003669,20250812,20250812,413,8,3,2,4,4,0.0,Completed,1,72.0
3918,TR003760,20250812,20250812,460,2,1,12,12,12,2500000.0,Completed,1,87.0
3919,TR004102,20250812,20250812,673,2,2,2,4,4,0.0,Completed,1,83.0
3920,TR004265,20250812,20250812,741,7,2,3,3,3,0.0,Completed,1,86.0
3921,TR004441,20250812,20250812,808,7,6,16,8,8,250000.0,Completed,1,78.0
3922,TR003212,20250813,20250817,154,1,1,8,40,40,15000000.0,Completed,1,80.0
3923,TR003368,20250813,20250814,240,8,6,5,16,0,3000000.0,Not Completed,0,
3924,TR003487,20250813,20250813,304,7,1,1,4,0,0.0,Not Completed,0,
3925,TR003572,20250813,20250813,358,5,1,16,8,8,250000.0,Completed,1,93.0
3926,TR004172,20250813,20250813,705,1,1,3,3,3,0.0,Completed,1,82.0
3927,TR004224,20250813,20250814,726,3,4,5,16,16,3000000.0,Completed,1,96.0
3928,TR004357,20250813,20250813,775,6,3,10,8,8,300000.0,Completed,1,73.0
3929,TR003369,20250814,20250814,241,8,1,3,3,3,0.0,Completed,1,81.0
3930,TR003573,20250814,20250814,359,3,1,1,4,0,0.0,Not Completed,0,
3931,TR004112,20250814,20250815,677,2,1,17,16,16,2000000.0,Completed,1,77.0
3932,TR004468,20250814,20250814,819,8,3,10,8,8,300000.0,Completed,1,83.0
3933,TR003122,20250815,20250815,96,2,1,12,12,12,2500000.0,Completed,1,80.0
3934,TR003396,20250815,20250815,253,8,6,1,4,4,0.0,Completed,1,74.0
3935,TR003494,20250815,20250815,308,6,3,10,8,8,300000.0,Completed,1,93.0
3936,TR003580,20250815,20250818,361,1,6,6,32,32,7500000.0,Completed,1,82.0
3937,TR002964,20250816,20250816,7,3,2,2,4,4,0.0,Completed,1,72.0
3938,TR003493,20250816,20250816,308,6,3,2,4,4,0.0,Completed,1,85.0
3939,TR003577,20250816,20250816,360,7,4,2,4,0,0.0,Not Completed,0,
3940,TR004032,20250816,20250816,641,7,4,16,8,0,250000.0,Not Completed,0,
3941,TR004198,20250816,20250816,716,2,1,1,4,4,0.0,Completed,1,80.0
3942,TR004434,20250816,20250817,804,8,5,5,16,16,3000000.0,Completed,1,81.0
3943,TR004204,20250817,20250817,718,3,1,13,6,6,200000.0,Completed,1,85.0
3944,TR004222,20250817,20250817,726,3,4,3,3,0,0.0,Not Completed,0,
3945,TR004295,20250817,20250817,752,8,3,1,4,4,0.0,Completed,1,84.0
3946,TR003019,20250818,20250818,37,1,1,12,12,12,2500000.0,Completed,1,88.0
3947,TR003165,20250818,20250818,125,7,1,10,8,0,300000.0,Not Completed,0,
3948,TR003521,20250818,20250818,321,1,1,9,6,6,0.0,Completed,1,87.0
3949,TR003844,20250818,20250819,507,2,1,17,16,16,2000000.0,Completed,1,72.0
3950,TR004425,20250818,20250818,801,8,5,9,6,6,0.0,Completed,1,78.0
3951,TR004476,20250818,20250818,822,1,1,2,4,4,0.0,Completed,1,82.0
3952,TR003275,20250819,20250819,196,7,6,1,4,4,0.0,Completed,1,82.0
3953,TR003433,20250819,20250819,274,7,5,13,6,6,200000.0,Completed,1,93.0
3954,TR003531,20250819,20250819,327,7,1,16,8,8,250000.0,Completed,1,79.0
3955,TR003543,20250819,20250819,334,8,6,16,8,8,250000.0,Completed,1,72.0
3956,TR004182,20250819,20250819,710,1,1,3,3,3,0.0,Completed,1,99.0
3957,TR003550,20250820,20250820,339,5,3,3,3,3,0.0,Completed,1,69.0
3958,TR004379,20250820,20250820,783,7,4,2,4,4,0.0,Completed,1,66.0
3959,TR003084,20250821,20250821,73,3,1,7,8,0,500000.0,Not Completed,0,
3960,TR003782,20250821,20250821,470,1,1,13,6,6,200000.0,Completed,1,73.0
3961,TR004178,20250821,20250821,708,1,1,3,3,3,0.0,Completed,1,84.0
3962,TR004255,20250821,20250821,738,1,4,2,4,0,0.0,Not Completed,0,
3963,TR004380,20250821,20250821,783,7,4,13,6,0,200000.0,Not Completed,0,
3964,TR004435,20250821,20250821,805,5,3,3,3,0,0.0,Not Completed,0,
3965,TR004437,20250821,20250821,806,7,3,1,4,4,0.0,Completed,1,80.0
3966,TR004452,20250821,20250821,813,7,4,2,4,4,0.0,Completed,1,76.0
3967,TR003131,20250822,20250822,99,7,6,13,6,6,200000.0,Completed,1,84.0
3968,TR003352,20250822,20250822,230,8,1,11,12,12,1800000.0,Completed,1,89.0
3969,TR003458,20250822,20250824,290,3,1,14,24,24,1500000.0,Completed,1,93.0
3970,TR004403,20250822,20250822,792,7,1,16,8,8,250000.0,Completed,1,87.0
3971,TR004459,20250822,20250823,815,1,3,5,16,16,3000000.0,Completed,1,73.0
3972,TR003428,20250823,20250824,272,4,1,5,16,16,3000000.0,Completed,1,87.0
3973,TR003555,20250823,20250823,340,8,5,9,6,6,0.0,Completed,1,85.0
3974,TR003724,20250823,20250823,445,1,1,12,12,12,2500000.0,Completed,1,75.0
3975,TR004258,20250823,20250823,739,8,1,2,4,4,0.0,Completed,1,74.0
3976,TR004361,20250823,20250823,777,7,3,13,6,6,200000.0,Completed,1,84.0
3977,TR004398,20250823,20250823,790,8,1,11,12,12,1800000.0,Completed,1,68.0
3978,TR002971,20250824,20250824,11,8,6,9,6,6,0.0,Completed,1,88.0
3979,TR003349,20250824,20250824,229,7,1,2,4,4,0.0,Completed,1,90.0
3980,TR004137,20250824,20250824,687,7,1,9,6,6,0.0,Completed,1,86.0
3981,TR003171,20250825,20250826,128,4,2,17,16,16,2000000.0,Completed,1,84.0
3982,TR003452,20250826,20250826,288,6,1,1,4,4,0.0,Completed,1,79.0
3983,TR003562,20250827,20250827,347,8,2,2,4,4,0.0,Completed,1,68.0
3984,TR003565,20250827,20250827,349,7,4,3,3,3,0.0,Completed,1,85.0
3985,TR004061,20250827,20250827,656,7,2,1,4,4,0.0,Completed,1,75.0
3986,TR004413,20250827,20250827,797,1,3,2,4,4,0.0,Completed,1,80.0
3987,TR003291,20250828,20250828,205,8,4,2,4,4,0.0,Completed,1,84.0
3988,TR003325,20250828,20250829,218,3,1,15,16,16,3500000.0,Completed,1,79.0
3989,TR003354,20250828,20250828,230,8,1,9,6,6,0.0,Completed,1,79.0
3990,TR003456,20250828,20250829,289,7,1,5,16,16,3000000.0,Completed,1,84.0
3991,TR004037,20250828,20250828,645,3,6,18,12,0,4000000.0,Not Completed,0,
3992,TR004214,20250828,20250828,722,2,5,12,12,12,2500000.0,Completed,1,72.0
3993,TR004096,20250829,20250829,671,8,5,1,4,4,0.0,Completed,1,85.0
3994,TR002995,20250830,20250830,25,2,1,3,3,3,0.0,Completed,1,82.0
3995,TR003193,20250830,20250830,148,7,1,1,4,4,0.0,Completed,1,80.0
3996,TR003981,20250830,20250830,610,7,1,13,6,6,200000.0,Completed,1,84.0
3997,TR004145,20250830,20250830,693,7,4,1,4,0,0.0,Not Completed,0,
3998,TR004278,20250830,20250830,746,3,1,3,3,3,0.0,Completed,1,92.0
3999,TR004445,20250830,20250830,811,2,1,3,3,3,0.0,Completed,1,83.0
4000,TR004473,20250830,20250830,821,1,3,10,8,8,300000.0,Completed,1,81.0
4001,TR003388,20250831,20250901,248,5,1,17,16,16,2000000.0,Completed,1,86.0
4002,TR003631,20250831,20250831,387,3,1,1,4,0,0.0,Not Completed,0,
4003,TR004370,20250831,20250831,780,8,4,9,6,6,0.0,Completed,1,83.0
4004,TR004397,20250831,20250831,790,8,1,1,4,4,0.0,Completed,1,92.0
4005,TR004446,20250831,20250901,811,2,1,17,16,16,2000000.0,Completed,1,76.0
4006,TR003024,20250901,20250901,40,3,5,2,4,4,0.0,Completed,1,75.0
4007,TR003445,20250901,20250901,285,1,4,3,3,3,0.0,Completed,1,70.0
4008,TR003879,20250901,20250901,535,5,3,2,4,4,0.0,Completed,1,76.0
4009,TR004451,20250901,20250901,812,7,5,10,8,8,300000.0,Completed,1,80.0
4010,TR003207,20250902,20250902,153,7,1,13,6,6,200000.0,Completed,1,78.0
4011,TR003681,20250902,20250902,419,8,1,3,3,3,0.0,Completed,1,67.0
4012,TR003712,20250902,20250902,439,8,1,9,6,6,0.0,Completed,1,76.0
4013,TR004433,20250902,20250902,804,8,5,2,4,4,0.0,Completed,1,87.0
4014,TR003107,20250903,20250903,84,4,3,13,6,6,200000.0,Completed,1,78.0
4015,TR003045,20250904,20250904,53,7,1,3,3,3,0.0,Completed,1,83.0
4016,TR003491,20250904,20250904,306,1,6,13,6,0,200000.0,Not Completed,0,
4017,TR004419,20250904,20250904,799,7,2,16,8,8,250000.0,Completed,1,79.0
4018,TR003017,20250905,20250905,34,8,5,11,12,12,1800000.0,Completed,1,87.0
4019,TR003030,20250905,20250906,44,6,2,17,16,16,2000000.0,Completed,1,82.0
4020,TR003695,20250905,20250905,425,1,3,10,8,8,300000.0,Completed,1,98.0
4021,TR004429,20250905,20250905,803,8,1,2,4,4,0.0,Completed,1,74.0
4022,TR003018,20250906,20250906,37,1,1,2,4,4,0.0,Completed,1,88.0
4023,TR003403,20250906,20250906,255,1,3,2,4,4,0.0,Completed,1,87.0
4024,TR003717,20250906,20250906,442,8,2,1,4,4,0.0,Completed,1,69.0
4025,TR003696,20250907,20250907,425,1,3,7,8,0,500000.0,Not Completed,0,
4026,TR003828,20250907,20250908,494,4,2,5,16,16,3000000.0,Completed,1,78.0
4027,TR004190,20250907,20250907,713,3,2,2,4,4,0.0,Completed,1,83.0
4028,TR004404,20250907,20250907,792,7,1,13,6,6,200000.0,Completed,1,77.0
4029,TR003383,20250908,20250908,247,7,1,13,6,6,200000.0,Completed,1,72.0
4030,TR003661,20250908,20250908,406,3,2,1,4,4,0.0,Completed,1,93.0
4031,TR004333,20250908,20250908,768,7,1,13,6,6,200000.0,Completed,1,74.0
4032,TR003106,20250909,20250909,84,4,3,2,4,4,0.0,Completed,1,87.0
4033,TR003461,20250909,20250910,291,3,1,15,16,16,3500000.0,Completed,1,84.0
4034,TR003539,20250909,20250909,333,8,1,3,3,3,0.0,Completed,1,84.0
4035,TR003628,20250909,20250909,385,7,6,16,8,8,250000.0,Completed,1,81.0
4036,TR003759,20250909,20250910,460,2,1,4,16,16,1200000.0,Completed,1,87.0
4037,TR003837,20250909,20250909,501,8,4,9,6,6,0.0,Completed,1,92.0
4038,TR003838,20250909,20250909,502,1,6,3,3,0,0.0,Not Completed,0,
4039,TR003912,20250909,20250909,558,6,1,1,4,4,0.0,Completed,1,85.0
4040,TR004027,20250909,20250909,639,5,4,1,4,4,0.0,Completed,1,78.0
4041,TR004274,20250909,20250909,745,8,3,9,6,6,0.0,Completed,1,93.0
4042,TR004355,20250909,20250909,775,6,3,2,4,4,0.0,Completed,1,96.0
4043,TR003116,20250910,20250910,92,5,3,16,8,8,250000.0,Completed,1,80.0
4044,TR003183,20250910,20250910,136,7,2,3,3,3,0.0,Completed,1,89.0
4045,TR003932,20250910,20250910,576,7,1,16,8,8,250000.0,Completed,1,77.0
4046,TR004071,20250910,20250910,660,8,5,9,6,6,0.0,Completed,1,77.0
4047,TR003779,20250911,20250911,470,1,1,2,4,4,0.0,Completed,1,72.0
4048,TR003976,20250911,20250911,607,3,5,2,4,0,0.0,Not Completed,0,
4049,TR004050,20250911,20250911,650,8,3,9,6,6,0.0,Completed,1,77.0
4050,TR004187,20250911,20250911,712,8,1,1,4,4,0.0,Completed,1,68.0
4051,TR003852,20250912,20250912,510,3,3,1,4,4,0.0,Completed,1,86.0
4052,TR003899,20250912,20250912,547,1,2,12,12,0,2500000.0,Not Completed,0,
4053,TR003902,20250912,20250912,549,1,1,3,3,3,0.0,Completed,1,79.0
4054,TR004229,20250912,20250912,728,1,3,9,6,6,0.0,Completed,1,75.0
4055,TR004269,20250912,20250912,743,1,6,1,4,4,0.0,Completed,1,80.0
4056,TR004457,20250912,20250913,814,3,1,5,16,0,3000000.0,Not Completed,0,
4057,TR004474,20250912,20250912,821,1,3,12,12,12,2500000.0,Completed,1,76.0
4058,TR003815,20250913,20250913,487,1,1,1,4,4,0.0,Completed,1,84.0
4059,TR003843,20250913,20250913,507,2,1,12,12,12,2500000.0,Completed,1,82.0
4060,TR004140,20250913,20250913,690,2,1,2,4,4,0.0,Completed,1,85.0
4061,TR004193,20250913,20250913,714,3,3,2,4,4,0.0,Completed,1,84.0
4062,TR004401,20250913,20250914,791,2,6,4,16,16,1200000.0,Completed,1,86.0
4063,TR003593,20250914,20250914,367,6,1,10,8,8,300000.0,Completed,1,82.0
4064,TR003723,20250914,20250914,445,1,1,3,3,0,0.0,Not Completed,0,
4065,TR003916,20250914,20250914,559,8,1,13,6,6,200000.0,Completed,1,84.0
4066,TR004018,20250914,20250914,633,8,1,1,4,4,0.0,Completed,1,80.0
4067,TR004206,20250914,20250914,719,1,5,10,8,8,300000.0,Completed,1,87.0
4068,TR004371,20250914,20250914,780,8,4,10,8,0,300000.0,Not Completed,0,
4069,TR004338,20250915,20250916,769,3,1,15,16,16,3500000.0,Completed,1,85.0
4070,TR003289,20250916,20250916,203,7,1,16,8,8,250000.0,Completed,1,68.0
4071,TR003477,20250916,20250916,300,4,5,1,4,4,0.0,Completed,1,77.0
4072,TR003317,20250917,20250917,215,4,1,2,4,4,0.0,Completed,1,74.0
4073,TR003882,20250917,20250918,536,3,1,5,16,16,3000000.0,Completed,1,90.0
4074,TR004405,20250917,20250917,793,8,3,2,4,4,0.0,Completed,1,83.0
4075,TR004491,20250917,20250917,827,7,1,2,4,4,0.0,Completed,1,96.0
4076,TR003010,20250918,20250918,30,1,3,1,4,0,0.0,Not Completed,0,
4077,TR003315,20250918,20250918,214,8,1,1,4,4,0.0,Completed,1,80.0
4078,TR004226,20250918,20250918,727,8,6,3,3,3,0.0,Completed,1,75.0
4079,TR004287,20250918,20250918,749,8,1,11,12,12,1800000.0,Completed,1,85.0
4080,TR004458,20250918,20250918,815,1,3,3,3,3,0.0,Completed,1,81.0
4081,TR003191,20250919,20250919,143,7,4,16,8,8,250000.0,Completed,1,91.0
4082,TR003694,20250919,20250919,425,1,3,12,12,12,2500000.0,Completed,1,84.0
4083,TR003890,20250919,20250919,541,8,1,11,12,12,1800000.0,Completed,1,78.0
4084,TR004381,20250919,20250919,783,7,4,9,6,6,0.0,Completed,1,91.0
4085,TR004428,20250919,20250919,802,4,1,7,8,8,500000.0,Completed,1,74.0
4086,TR003376,20250920,20250920,244,3,6,2,4,4,0.0,Completed,1,85.0
4087,TR003915,20250920,20250920,559,8,1,10,8,0,300000.0,Not Completed,0,
4088,TR004367,20250920,20250920,779,2,5,3,3,3,0.0,Completed,1,88.0
4089,TR004396,20250920,20250920,789,1,1,1,4,4,0.0,Completed,1,80.0
4090,TR003276,20250921,20250921,197,6,3,3,3,3,0.0,Completed,1,79.0
4091,TR003822,20250921,20250921,492,8,5,9,6,6,0.0,Completed,1,83.0
4092,TR004045,20250921,20250921,649,8,1,11,12,12,1800000.0,Completed,1,83.0
4093,TR004346,20250921,20250923,771,3,3,14,24,24,1500000.0,Completed,1,77.0
4094,TR004362,20250921,20250922,777,7,3,5,16,16,3000000.0,Completed,1,84.0
4095,TR004372,20250921,20250921,780,8,4,11,12,0,1800000.0,Not Completed,0,
4096,TR002983,20250923,20250923,19,5,1,1,4,4,0.0,Completed,1,96.0
4097,TR003051,20250923,20250923,56,1,3,1,4,4,0.0,Completed,1,85.0
4098,TR003585,20250923,20250923,364,7,3,1,4,4,0.0,Completed,1,80.0
4099,TR003665,20250923,20250923,409,7,1,13,6,6,200000.0,Completed,1,89.0
4100,TR003787,20250923,20250923,473,6,1,1,4,4,0.0,Completed,1,76.0
4101,TR004402,20250923,20250923,792,7,1,2,4,4,0.0,Completed,1,76.0
4102,TR004423,20250923,20250923,801,8,5,11,12,12,1800000.0,Completed,1,83.0
4103,TR003360,20250924,20250924,234,7,2,16,8,8,250000.0,Completed,1,91.0
4104,TR003682,20250924,20250924,419,8,1,11,12,12,1800000.0,Completed,1,71.0
4105,TR004512,20250924,20250924,834,7,1,2,4,4,0.0,Completed,1,78.0
4106,TR003115,20250925,20250925,92,5,3,2,4,4,0.0,Completed,1,86.0
4107,TR003374,20250925,20250925,242,8,1,9,6,0,0.0,Not Completed,0,
4108,TR003563,20250925,20250925,347,8,2,9,6,6,0.0,Completed,1,82.0
4109,TR003868,20250925,20250925,530,7,1,13,6,6,200000.0,Completed,1,95.0
4110,TR004351,20250925,20250927,773,3,2,14,24,24,1500000.0,Completed,1,86.0
4111,TR003111,20250926,20250926,89,1,5,16,8,8,250000.0,Completed,1,75.0
4112,TR003484,20250926,20250927,302,1,1,5,16,16,3000000.0,Completed,1,68.0
4113,TR004478,20250926,20250926,823,8,5,2,4,4,0.0,Completed,1,95.0
4114,TR003102,20250927,20250928,82,2,1,4,16,16,1200000.0,Completed,1,89.0
4115,TR003365,20250927,20250927,240,8,6,2,4,4,0.0,Completed,1,93.0
4116,TR003524,20250927,20250927,322,5,4,10,8,8,300000.0,Completed,1,85.0
4117,TR003564,20250927,20250927,347,8,2,10,8,8,300000.0,Completed,1,77.0
4118,TR003954,20250927,20250927,593,7,3,9,6,6,0.0,Completed,1,82.0
4119,TR004439,20250927,20250927,807,3,1,1,4,4,0.0,Completed,1,68.0
4120,TR003911,20250928,20250928,556,2,6,2,4,4,0.0,Completed,1,76.0
4121,TR004421,20250928,20250928,800,8,4,9,6,6,0.0,Completed,1,88.0
4122,TR004509,20250928,20250928,833,7,6,13,6,6,200000.0,Completed,1,86.0
4123,TR003206,20250929,20250929,153,7,1,16,8,8,250000.0,Completed,1,77.0
4124,TR003977,20250929,20250929,609,7,1,2,4,4,0.0,Completed,1,83.0
4125,TR003331,20250930,20250930,221,7,3,2,4,4,0.0,Completed,1,83.0
4126,TR003381,20250930,20250930,247,7,1,1,4,4,0.0,Completed,1,90.0
4127,TR003443,20250930,20250930,282,1,1,2,4,4,0.0,Completed,1,91.0
4128,TR004366,20250930,20250930,778,3,3,13,6,6,200000.0,Completed,1,80.0
4129,TR004388,20250930,20250930,785,3,1,2,4,4,0.0,Completed,1,76.0
4130,TR004431,20250930,20250930,803,8,1,9,6,6,0.0,Completed,1,87.0
4131,TR003625,20251001,20251001,384,3,1,3,3,3,0.0,Completed,1,77.0
4132,TR004301,20251001,20251001,754,7,1,7,8,8,500000.0,Completed,1,83.0
4133,TR004450,20251001,20251001,812,7,5,9,6,6,0.0,Completed,1,74.0
4134,TR004530,20251002,20251003,840,7,6,5,16,16,3000000.0,Completed,1,68.0
4135,TR003399,20251003,20251003,253,8,6,11,12,12,1800000.0,Completed,1,86.0
4136,TR003605,20251003,20251006,373,2,1,6,32,32,7500000.0,Completed,1,73.0
4137,TR003709,20251003,20251007,433,7,1,8,40,40,15000000.0,Completed,1,75.0
4138,TR003939,20251003,20251003,583,6,5,2,4,4,0.0,Completed,1,75.0
4139,TR004004,20251003,20251003,625,2,1,1,4,4,0.0,Completed,1,75.0
4140,TR004393,20251003,20251003,787,7,5,16,8,0,250000.0,Not Completed,0,
4141,TR004492,20251003,20251003,827,7,1,16,8,8,250000.0,Completed,1,79.0
4142,TR004495,20251003,20251003,828,3,2,2,4,4,0.0,Completed,1,87.0
4143,TR004527,20251003,20251003,840,7,6,2,4,4,0.0,Completed,1,85.0
4144,TR003311,20251004,20251004,213,2,3,2,4,4,0.0,Completed,1,86.0
4145,TR004477,20251004,20251004,822,1,1,12,12,12,2500000.0,Completed,1,78.0
4146,TR003529,20251005,20251005,324,3,1,10,8,8,300000.0,Completed,1,81.0
4147,TR003649,20251005,20251005,398,3,1,1,4,4,0.0,Completed,1,77.0
4148,TR004213,20251005,20251006,722,2,5,17,16,16,2000000.0,Completed,1,82.0
4149,TR004296,20251005,20251005,752,8,3,10,8,8,300000.0,Completed,1,76.0
4150,TR004521,20251005,20251005,837,8,3,10,8,8,300000.0,Completed,1,88.0
4151,TR004528,20251005,20251005,840,7,6,9,6,6,0.0,Completed,1,70.0
4152,TR003340,20251006,20251006,224,1,1,7,8,8,500000.0,Completed,1,83.0
4153,TR003864,20251006,20251006,528,7,3,2,4,4,0.0,Completed,1,85.0
4154,TR004510,20251006,20251006,833,7,6,9,6,6,0.0,Completed,1,84.0
4155,TR003367,20251007,20251007,240,8,6,11,12,0,1800000.0,Not Completed,0,
4156,TR003952,20251007,20251007,592,7,6,10,8,8,300000.0,Completed,1,93.0
4157,TR004501,20251007,20251007,830,3,3,18,12,12,4000000.0,Completed,1,77.0
4158,TR003196,20251008,20251009,149,1,5,5,16,16,3000000.0,Completed,1,78.0
4159,TR003536,20251009,20251009,331,3,3,3,3,3,0.0,Completed,1,77.0
4160,TR003296,20251010,20251010,208,3,2,1,4,4,0.0,Completed,1,73.0
4161,TR003638,20251010,20251010,391,7,3,16,8,8,250000.0,Completed,1,81.0
4162,TR004316,20251010,20251010,761,7,1,1,4,4,0.0,Completed,1,77.0
4163,TR004444,20251011,20251011,810,1,1,3,3,3,0.0,Completed,1,90.0
4164,TR004460,20251011,20251011,816,1,5,1,4,0,0.0,Not Completed,0,
4165,TR003054,20251012,20251012,56,1,3,13,6,6,200000.0,Completed,1,79.0
4166,TR003110,20251012,20251012,89,1,5,12,12,12,2500000.0,Completed,1,64.0
4167,TR003123,20251012,20251012,96,2,1,7,8,8,500000.0,Completed,1,100.0
4168,TR003366,20251012,20251012,240,8,6,10,8,8,300000.0,Completed,1,87.0
4169,TR003824,20251012,20251012,492,8,5,10,8,8,300000.0,Completed,1,79.0
4170,TR004107,20251012,20251012,675,7,6,16,8,8,250000.0,Completed,1,86.0
4171,TR004203,20251012,20251013,718,3,1,15,16,16,3500000.0,Completed,1,87.0
4172,TR003081,20251013,20251014,72,5,1,17,16,16,2000000.0,Completed,1,74.0
4173,TR003400,20251013,20251016,253,8,6,6,32,32,7500000.0,Completed,1,88.0
4174,TR004021,20251013,20251013,634,3,2,1,4,4,0.0,Completed,1,96.0
4175,TR004443,20251013,20251013,809,1,1,16,8,8,250000.0,Completed,1,67.0
4176,TR003162,20251014,20251014,125,7,1,1,4,4,0.0,Completed,1,92.0
4177,TR003975,20251014,20251015,605,7,5,5,16,16,3000000.0,Completed,1,86.0
4178,TR004098,20251014,20251014,672,2,4,3,3,0,0.0,Not Completed,0,
4179,TR004302,20251014,20251014,755,7,1,1,4,4,0.0,Completed,1,83.0
4180,TR004308,20251014,20251014,757,3,3,2,4,4,0.0,Completed,1,85.0
4181,TR004517,20251014,20251014,836,6,4,10,8,8,300000.0,Completed,1,79.0
4182,TR004519,20251014,20251014,837,8,3,2,4,4,0.0,Completed,1,72.0
4183,TR003769,20251015,20251015,465,8,2,9,6,6,0.0,Completed,1,73.0
4184,TR003962,20251015,20251015,599,7,1,13,6,6,200000.0,Completed,1,86.0
4185,TR004417,20251015,20251015,798,7,3,13,6,6,200000.0,Completed,1,75.0
4186,TR004475,20251015,20251016,821,1,3,5,16,16,3000000.0,Completed,1,65.0
4187,TR003270,20251016,20251017,191,4,1,5,16,16,3000000.0,Completed,1,88.0
4188,TR003329,20251016,20251016,220,8,1,2,4,4,0.0,Completed,1,89.0
4189,TR003479,20251016,20251016,301,8,1,1,4,4,0.0,Completed,1,90.0
4190,TR003542,20251016,20251016,334,8,6,10,8,8,300000.0,Completed,1,85.0
4191,TR004453,20251016,20251016,813,7,4,9,6,6,0.0,Completed,1,84.0
4192,TR003112,20251017,20251017,91,7,1,2,4,4,0.0,Completed,1,70.0
4193,TR002960,20251018,20251019,3,5,1,17,16,0,2000000.0,Not Completed,0,
4194,TR003637,20251018,20251018,391,7,3,9,6,6,0.0,Completed,1,94.0
4195,TR003819,20251018,20251019,487,1,1,5,16,0,3000000.0,Not Completed,0,
4196,TR003854,20251018,20251018,518,2,2,3,3,3,0.0,Completed,1,88.0
4197,TR003910,20251018,20251018,552,8,5,13,6,6,200000.0,Completed,1,82.0
4198,TR003335,20251019,20251019,222,8,1,2,4,0,0.0,Not Completed,0,
4199,TR003389,20251019,20251019,250,1,1,2,4,4,0.0,Completed,1,83.0
4200,TR004247,20251019,20251019,735,3,1,1,4,4,0.0,Completed,1,94.0
4201,TR002969,20251020,20251020,9,8,3,9,6,6,0.0,Completed,1,87.0
4202,TR003406,20251020,20251020,256,7,1,9,6,6,0.0,Completed,1,72.0
4203,TR003609,20251021,20251022,375,5,4,17,16,16,2000000.0,Completed,1,81.0
4204,TR003849,20251021,20251021,509,7,1,3,3,3,0.0,Completed,1,97.0
4205,TR003960,20251021,20251021,597,2,1,12,12,0,2500000.0,Not Completed,0,
4206,TR004197,20251021,20251021,715,4,1,10,8,8,300000.0,Completed,1,82.0
4207,TR004496,20251021,20251021,829,3,3,3,3,3,0.0,Completed,1,78.0
4208,TR004499,20251021,20251021,830,3,3,2,4,4,0.0,Completed,1,73.0
4209,TR003034,20251022,20251022,47,7,4,3,3,3,0.0,Completed,1,70.0
4210,TR004023,20251022,20251022,635,7,2,3,3,3,0.0,Completed,1,99.0
4211,TR004126,20251022,20251022,684,8,6,3,3,3,0.0,Completed,1,84.0
4212,TR004455,20251022,20251022,813,7,4,16,8,8,250000.0,Completed,1,92.0
4213,TR004472,20251022,20251022,821,1,3,3,3,3,0.0,Completed,1,88.0
4214,TR003413,20251023,20251026,260,8,1,6,32,32,7500000.0,Completed,1,95.0
4215,TR003594,20251023,20251024,367,6,1,17,16,16,2000000.0,Completed,1,87.0
4216,TR003733,20251023,20251023,449,1,6,10,8,8,300000.0,Completed,1,88.0
4217,TR003959,20251023,20251023,597,2,1,2,4,0,0.0,Not Completed,0,
4218,TR003149,20251024,20251024,111,1,1,1,4,4,0.0,Completed,1,74.0
4219,TR003158,20251024,20251024,116,1,1,13,6,6,200000.0,Completed,1,91.0
4220,TR003424,20251024,20251024,268,7,6,13,6,6,200000.0,Completed,1,82.0
4221,TR003672,20251024,20251025,413,8,3,5,16,0,3000000.0,Not Completed,0,
4222,TR003739,20251024,20251024,450,8,1,13,6,6,200000.0,Completed,1,68.0
4223,TR004264,20251024,20251024,740,2,1,10,8,8,300000.0,Completed,1,86.0
4224,TR004360,20251024,20251024,777,7,3,16,8,8,250000.0,Completed,1,81.0
4225,TR004464,20251024,20251024,817,1,1,9,6,0,0.0,Not Completed,0,
4226,TR004531,20251024,20251024,841,8,5,2,4,4,0.0,Completed,1,78.0
4227,TR003784,20251025,20251025,472,2,1,3,3,3,0.0,Completed,1,82.0
4228,TR003995,20251025,20251025,622,8,1,3,3,3,0.0,Completed,1,99.0
4229,TR004394,20251025,20251025,788,1,5,2,4,4,0.0,Completed,1,86.0
4230,TR003414,20251026,20251027,260,8,1,5,16,16,3000000.0,Completed,1,79.0
4231,TR004192,20251026,20251026,713,3,2,13,6,6,200000.0,Completed,1,67.0
4232,TR003371,20251027,20251027,242,8,1,1,4,4,0.0,Completed,1,84.0
4233,TR003734,20251027,20251027,449,1,6,9,6,6,0.0,Completed,1,86.0
4234,TR003821,20251027,20251027,492,8,5,3,3,3,0.0,Completed,1,90.0
4235,TR003950,20251027,20251027,591,1,2,10,8,8,300000.0,Completed,1,73.0
4236,TR002987,20251028,20251028,21,7,5,16,8,0,250000.0,Not Completed,0,
4237,TR003173,20251028,20251028,129,6,1,2,4,4,0.0,Completed,1,83.0
4238,TR003496,20251028,20251028,309,1,1,1,4,4,0.0,Completed,1,91.0
4239,TR003667,20251028,20251028,409,7,1,16,8,8,250000.0,Completed,1,95.0
4240,TR004011,20251028,20251028,629,1,1,9,6,6,0.0,Completed,1,82.0
4241,TR004076,20251028,20251028,662,7,3,16,8,8,250000.0,Completed,1,84.0
4242,TR004279,20251028,20251028,746,3,1,18,12,12,4000000.0,Completed,1,75.0
4243,TR004430,20251028,20251028,803,8,1,11,12,12,1800000.0,Completed,1,77.0
4244,TR004467,20251028,20251028,819,8,3,1,4,4,0.0,Completed,1,85.0
4245,TR004504,20251028,20251029,831,2,1,17,16,16,2000000.0,Completed,1,85.0
4246,TR003302,20251029,20251029,210,7,1,3,3,0,0.0,Not Completed,0,
4247,TR003522,20251029,20251029,322,5,4,2,4,4,0.0,Completed,1,68.0
4248,TR003671,20251029,20251029,413,8,3,9,6,6,0.0,Completed,1,83.0
4249,TR003874,20251029,20251029,532,6,1,3,3,3,0.0,Completed,1,90.0
4250,TR004420,20251029,20251029,800,8,4,3,3,3,0.0,Completed,1,79.0
4251,TR004483,20251029,20251029,824,3,4,2,4,4,0.0,Completed,1,85.0
4252,TR003074,20251030,20251030,67,7,6,16,8,8,250000.0,Completed,1,87.0
4253,TR003161,20251030,20251101,123,3,2,14,24,24,1500000.0,Completed,1,78.0
4254,TR003256,20251030,20251030,179,1,1,12,12,12,2500000.0,Completed,1,75.0
4255,TR003261,20251030,20251030,183,5,2,1,4,4,0.0,Completed,1,80.0
4256,TR003274,20251030,20251030,194,8,1,11,12,12,1800000.0,Completed,1,91.0
4257,TR003328,20251030,20251031,219,3,1,5,16,16,3000000.0,Completed,1,75.0
4258,TR003792,20251030,20251030,474,6,1,10,8,8,300000.0,Completed,1,83.0
4259,TR003851,20251030,20251030,509,7,1,13,6,6,200000.0,Completed,1,74.0
4260,TR004454,20251030,20251030,813,7,4,13,6,0,200000.0,Not Completed,0,
4261,TR003255,20251031,20251031,179,1,1,1,4,4,0.0,Completed,1,90.0
4262,TR003616,20251031,20251031,379,1,1,3,3,0,0.0,Not Completed,0,
4263,TR003763,20251031,20251031,462,2,1,1,4,0,0.0,Not Completed,0,
4264,TR004012,20251031,20251031,630,3,4,3,3,3,0.0,Completed,1,86.0
4265,TR004029,20251031,20251031,640,6,6,2,4,4,0.0,Completed,1,71.0
4266,TR004188,20251031,20251031,712,8,1,10,8,8,300000.0,Completed,1,75.0
4267,TR004526,20251031,20251031,839,3,5,3,3,3,0.0,Completed,1,86.0
4268,TR003178,20251101,20251105,131,1,1,8,40,40,15000000.0,Completed,1,85.0
4269,TR003793,20251101,20251101,476,7,1,3,3,3,0.0,Completed,1,75.0
4270,TR004532,20251101,20251101,841,8,5,16,8,8,250000.0,Completed,1,83.0
4271,TR004015,20251102,20251102,631,1,2,2,4,0,0.0,Not Completed,0,
4272,TR004331,20251102,20251102,767,8,1,9,6,6,0.0,Completed,1,82.0
4273,TR003176,20251103,20251103,131,1,1,3,3,3,0.0,Completed,1,78.0
4274,TR003216,20251103,20251104,155,4,2,5,16,16,3000000.0,Completed,1,80.0
4275,TR003492,20251103,20251103,307,4,4,1,4,4,0.0,Completed,1,80.0
4276,TR003553,20251103,20251103,339,5,3,13,6,6,200000.0,Completed,1,94.0
4277,TR003591,20251103,20251103,367,6,1,3,3,3,0.0,Completed,1,79.0
4278,TR004484,20251103,20251105,824,3,4,14,24,24,1500000.0,Completed,1,71.0
4279,TR004485,20251103,20251103,825,3,1,1,4,4,0.0,Completed,1,83.0
4280,TR003159,20251104,20251104,120,2,4,2,4,4,0.0,Completed,1,86.0
4281,TR003288,20251104,20251104,203,7,1,2,4,4,0.0,Completed,1,83.0
4282,TR003727,20251104,20251104,447,4,1,1,4,4,0.0,Completed,1,77.0
4283,TR004034,20251104,20251105,642,5,1,17,16,16,2000000.0,Completed,1,84.0
4284,TR004049,20251104,20251104,650,8,3,10,8,8,300000.0,Completed,1,65.0
4285,TR004506,20251104,20251104,832,7,1,16,8,0,250000.0,Not Completed,0,
4286,TR003320,20251105,20251106,216,4,6,5,16,16,3000000.0,Completed,1,79.0
4287,TR003578,20251105,20251105,360,7,4,9,6,6,0.0,Completed,1,89.0
4288,TR003747,20251105,20251105,455,4,6,1,4,4,0.0,Completed,1,66.0
4289,TR003766,20251105,20251105,463,5,1,2,4,4,0.0,Completed,1,80.0
4290,TR004369,20251105,20251105,780,8,4,2,4,4,0.0,Completed,1,74.0
4291,TR003071,20251106,20251106,66,1,4,2,4,0,0.0,Not Completed,0,
4292,TR003218,20251106,20251106,156,1,6,10,8,8,300000.0,Completed,1,86.0
4293,TR003235,20251106,20251106,167,8,1,2,4,4,0.0,Completed,1,86.0
4294,TR003490,20251106,20251106,306,1,6,1,4,4,0.0,Completed,1,90.0
4295,TR003664,20251106,20251106,409,7,1,1,4,4,0.0,Completed,1,79.0
4296,TR003996,20251106,20251106,622,8,1,11,12,12,1800000.0,Completed,1,79.0
4297,TR004514,20251106,20251106,835,8,1,1,4,4,0.0,Completed,1,78.0
4298,TR003037,20251107,20251108,48,7,5,5,16,16,3000000.0,Completed,1,65.0
4299,TR003358,20251107,20251107,234,7,2,1,4,0,0.0,Not Completed,0,
4300,TR003615,20251107,20251107,378,1,2,16,8,8,250000.0,Completed,1,71.0
4301,TR003826,20251107,20251107,493,3,1,16,8,8,250000.0,Completed,1,84.0
4302,TR003909,20251107,20251107,552,8,5,3,3,3,0.0,Completed,1,80.0
4303,TR003994,20251107,20251107,621,3,1,10,8,8,300000.0,Completed,1,74.0
4304,TR004535,20251107,20251107,842,1,3,9,6,6,0.0,Completed,1,81.0
4305,TR003056,20251108,20251109,57,4,1,5,16,0,3000000.0,Not Completed,0,
4306,TR003057,20251108,20251110,57,4,1,14,24,24,1500000.0,Completed,1,76.0
4307,TR003322,20251108,20251109,217,5,1,17,16,16,2000000.0,Completed,1,80.0
4308,TR003955,20251108,20251108,595,7,4,3,3,0,0.0,Not Completed,0,
4309,TR004097,20251108,20251108,671,8,5,11,12,12,1800000.0,Completed,1,72.0
4310,TR004146,20251108,20251108,693,7,4,16,8,8,250000.0,Completed,1,88.0
4311,TR004228,20251108,20251108,728,1,3,3,3,3,0.0,Completed,1,90.0
4312,TR004432,20251108,20251108,803,8,1,7,8,8,500000.0,Completed,1,77.0
4313,TR004508,20251108,20251108,833,7,6,2,4,4,0.0,Completed,1,96.0
4314,TR004511,20251108,20251108,833,7,6,16,8,8,250000.0,Completed,1,85.0
4315,TR003175,20251109,20251109,129,6,1,16,8,8,250000.0,Completed,1,70.0
4316,TR004542,20251109,20251109,845,2,2,12,12,12,2500000.0,Completed,1,79.0
4317,TR003109,20251110,20251110,89,1,5,3,3,3,0.0,Completed,1,78.0
4318,TR003602,20251110,20251111,373,2,1,4,16,16,1200000.0,Completed,1,74.0
4319,TR004109,20251110,20251110,676,3,1,3,3,3,0.0,Completed,1,78.0
4320,TR004175,20251110,20251110,707,8,3,11,12,12,1800000.0,Completed,1,86.0
4321,TR004271,20251110,20251110,744,4,6,2,4,4,0.0,Completed,1,78.0
4322,TR004363,20251110,20251110,778,3,3,2,4,4,0.0,Completed,1,96.0
4323,TR004461,20251110,20251110,816,1,5,12,12,0,2500000.0,Not Completed,0,
4324,TR003432,20251111,20251111,274,7,5,9,6,6,0.0,Completed,1,98.0
4325,TR004103,20251111,20251111,673,2,2,10,8,8,300000.0,Completed,1,92.0
4326,TR004534,20251111,20251111,842,1,3,10,8,0,300000.0,Not Completed,0,
4327,TR004553,20251111,20251111,851,4,1,3,3,3,0.0,Completed,1,81.0
4328,TR003068,20251112,20251112,64,7,1,9,6,6,0.0,Completed,1,87.0
4329,TR004135,20251112,20251112,687,7,1,2,4,4,0.0,Completed,1,83.0
4330,TR004189,20251112,20251112,712,8,1,11,12,12,1800000.0,Completed,1,62.0
4331,TR004462,20251112,20251112,816,1,5,10,8,8,300000.0,Completed,1,79.0
4332,TR003699,20251113,20251113,426,3,6,18,12,12,4000000.0,Completed,1,91.0
4333,TR004498,20251113,20251113,829,3,3,16,8,8,250000.0,Completed,1,91.0
4334,TR004518,20251113,20251113,836,6,4,7,8,8,500000.0,Completed,1,85.0
4335,TR002975,20251114,20251114,12,2,3,1,4,4,0.0,Completed,1,66.0
4336,TR003397,20251114,20251114,253,8,6,10,8,0,300000.0,Not Completed,0,
4337,TR003933,20251114,20251114,578,3,3,1,4,4,0.0,Completed,1,66.0
4338,TR004486,20251114,20251114,826,3,1,2,4,4,0.0,Completed,1,86.0
4339,TR004524,20251114,20251114,838,7,4,2,4,4,0.0,Completed,1,76.0
4340,TR003129,20251115,20251115,99,7,6,1,4,4,0.0,Completed,1,83.0
4341,TR003772,20251115,20251116,465,8,2,5,16,16,3000000.0,Completed,1,71.0
4342,TR003855,20251115,20251116,518,2,2,4,16,16,1200000.0,Completed,1,99.0
4343,TR004157,20251115,20251116,698,6,3,17,16,0,2000000.0,Not Completed,0,
4344,TR004317,20251115,20251115,761,7,1,13,6,6,200000.0,Completed,1,84.0
4345,TR003486,20251116,20251116,303,1,1,9,6,6,0.0,Completed,1,74.0
4346,TR003546,20251116,20251116,337,3,1,18,12,0,4000000.0,Not Completed,0,
4347,TR003670,20251116,20251116,413,8,3,11,12,12,1800000.0,Completed,1,79.0
4348,TR003743,20251116,20251116,453,8,2,9,6,6,0.0,Completed,1,77.0
4349,TR003801,20251116,20251116,479,2,6,10,8,8,300000.0,Completed,1,86.0
4350,TR004321,20251116,20251116,763,7,2,9,6,6,0.0,Completed,1,84.0
4351,TR004438,20251116,20251116,806,7,3,13,6,6,200000.0,Completed,1,76.0
4352,TR003892,20251117,20251117,543,3,1,2,4,4,0.0,Completed,1,80.0
4353,TR003901,20251117,20251117,548,1,5,10,8,8,300000.0,Completed,1,74.0
4354,TR003931,20251117,20251117,576,7,1,9,6,6,0.0,Completed,1,80.0
4355,TR004022,20251117,20251118,634,3,2,5,16,16,3000000.0,Completed,1,77.0
4356,TR004041,20251117,20251117,647,7,6,10,8,8,300000.0,Completed,1,81.0
4357,TR004469,20251117,20251117,820,6,1,1,4,4,0.0,Completed,1,74.0
4358,TR004487,20251117,20251118,826,3,1,15,16,0,3500000.0,Not Completed,0,
4359,TR004352,20251118,20251119,773,3,2,5,16,16,3000000.0,Completed,1,85.0
4360,TR004418,20251118,20251118,799,7,2,2,4,4,0.0,Completed,1,66.0
4361,TR004541,20251118,20251119,845,2,2,17,16,16,2000000.0,Completed,1,90.0
4362,TR004554,20251118,20251119,851,4,1,5,16,16,3000000.0,Completed,1,88.0
4363,TR003741,20251119,20251119,452,3,2,10,8,8,300000.0,Completed,1,81.0
4364,TR004024,20251119,20251119,635,7,2,13,6,6,200000.0,Completed,1,90.0
4365,TR004525,20251119,20251119,838,7,4,16,8,8,250000.0,Completed,1,71.0
4366,TR004529,20251119,20251119,840,7,6,16,8,8,250000.0,Completed,1,85.0
4367,TR004533,20251119,20251119,842,1,3,2,4,4,0.0,Completed,1,89.0
4368,TR002976,20251120,20251120,13,2,2,2,4,4,0.0,Completed,1,93.0
4369,TR003363,20251120,20251121,237,6,4,17,16,16,2000000.0,Completed,1,87.0
4370,TR004347,20251120,20251120,772,1,1,3,3,3,0.0,Completed,1,90.0
4371,TR004539,20251120,20251120,844,7,1,13,6,6,200000.0,Completed,1,82.0
4372,TR004550,20251120,20251120,849,1,2,12,12,12,2500000.0,Completed,1,81.0
4373,TR003205,20251121,20251121,153,7,1,2,4,4,0.0,Completed,1,88.0
4374,TR003240,20251121,20251122,168,2,1,5,16,16,3000000.0,Completed,1,82.0
4375,TR003312,20251121,20251122,213,2,3,17,16,16,2000000.0,Completed,1,68.0
4376,TR003657,20251121,20251121,404,7,6,1,4,4,0.0,Completed,1,80.0
4377,TR003834,20251121,20251121,500,2,2,2,4,4,0.0,Completed,1,87.0
4378,TR003258,20251123,20251123,181,1,1,12,12,12,2500000.0,Completed,1,90.0
4379,TR003936,20251123,20251124,580,2,5,4,16,16,1200000.0,Completed,1,76.0
4380,TR003973,20251123,20251123,605,7,5,3,3,3,0.0,Completed,1,84.0
4381,TR004243,20251123,20251123,733,7,2,2,4,4,0.0,Completed,1,82.0
4382,TR004314,20251123,20251123,760,1,1,10,8,8,300000.0,Completed,1,85.0
4383,TR004481,20251123,20251123,823,8,5,10,8,8,300000.0,Completed,1,85.0
4384,TR004493,20251123,20251123,827,7,1,9,6,6,0.0,Completed,1,86.0
4385,TR004494,20251123,20251123,827,7,1,13,6,6,200000.0,Completed,1,73.0
4386,TR003247,20251124,20251124,174,8,1,16,8,8,250000.0,Completed,1,78.0
4387,TR003306,20251124,20251124,211,7,1,3,3,3,0.0,Completed,1,84.0
4388,TR003372,20251124,20251124,242,8,1,11,12,12,1800000.0,Completed,1,76.0
4389,TR003478,20251124,20251125,300,4,5,17,16,16,2000000.0,Completed,1,84.0
4390,TR003557,20251124,20251124,341,1,1,12,12,12,2500000.0,Completed,1,82.0
4391,TR003776,20251124,20251124,469,7,1,2,4,0,0.0,Not Completed,0,
4392,TR004414,20251124,20251124,797,1,3,12,12,12,2500000.0,Completed,1,82.0
4393,TR002966,20251125,20251125,8,5,2,16,8,8,250000.0,Completed,1,91.0
4394,TR003213,20251125,20251125,154,1,1,10,8,8,300000.0,Completed,1,87.0
4395,TR003215,20251125,20251127,155,4,2,14,24,24,1500000.0,Completed,1,76.0
4396,TR003469,20251125,20251125,293,1,1,10,8,8,300000.0,Completed,1,81.0
4397,TR003595,20251125,20251125,369,1,1,1,4,4,0.0,Completed,1,83.0
4398,TR003754,20251125,20251125,458,7,1,13,6,6,200000.0,Completed,1,98.0
4399,TR003785,20251125,20251126,472,2,1,4,16,16,1200000.0,Completed,1,81.0
4400,TR003888,20251125,20251125,541,8,1,2,4,4,0.0,Completed,1,72.0
4401,TR004463,20251125,20251125,817,1,1,1,4,4,0.0,Completed,1,79.0
4402,TR003009,20251126,20251127,29,3,1,5,16,16,3000000.0,Completed,1,93.0
4403,TR003416,20251126,20251126,264,1,6,10,8,8,300000.0,Completed,1,88.0
4404,TR004304,20251126,20251126,756,1,1,1,4,4,0.0,Completed,1,85.0
4405,TR004480,20251126,20251126,823,8,5,11,12,12,1800000.0,Completed,1,86.0
4406,TR004490,20251126,20251129,826,3,1,6,32,32,7500000.0,Completed,1,84.0
4407,TR004515,20251126,20251126,836,6,4,2,4,4,0.0,Completed,1,83.0
4408,TR004544,20251126,20251127,846,2,1,4,16,16,1200000.0,Completed,1,86.0
4409,TR002957,20251127,20251127,2,7,1,16,8,8,250000.0,Completed,1,87.0
4410,TR002973,20251127,20251127,11,8,6,11,12,12,1800000.0,Completed,1,79.0
4411,TR003153,20251127,20251127,115,3,1,1,4,4,0.0,Completed,1,84.0
4412,TR003884,20251127,20251127,538,3,3,3,3,3,0.0,Completed,1,80.0
4413,TR003891,20251127,20251127,541,8,1,10,8,8,300000.0,Completed,1,85.0
4414,TR004056,20251127,20251127,652,1,2,10,8,8,300000.0,Completed,1,93.0
4415,TR004220,20251127,20251127,725,1,1,9,6,6,0.0,Completed,1,80.0
4416,TR004536,20251127,20251127,842,1,3,12,12,12,2500000.0,Completed,1,77.0
4417,TR004547,20251127,20251127,848,1,3,2,4,4,0.0,Completed,1,84.0
4418,TR003142,20251128,20251128,105,8,3,11,12,12,1800000.0,Completed,1,83.0
4419,TR003913,20251128,20251129,558,6,1,17,16,16,2000000.0,Completed,1,83.0
4420,TR004133,20251128,20251128,686,7,4,9,6,6,0.0,Completed,1,83.0
4421,TR004378,20251128,20251201,782,7,1,6,32,32,7500000.0,Completed,1,83.0
4422,TR004465,20251128,20251128,818,6,1,3,3,3,0.0,Completed,1,83.0
4423,TR004543,20251128,20251128,846,2,1,1,4,0,0.0,Not Completed,0,
4424,TR003143,20251129,20251129,106,8,3,3,3,0,0.0,Not Completed,0,
4425,TR003896,20251129,20251130,545,4,2,17,16,16,2000000.0,Completed,1,80.0
4426,TR004138,20251129,20251129,687,7,1,16,8,8,250000.0,Completed,1,90.0
4427,TR004199,20251129,20251202,716,2,1,6,32,32,7500000.0,Completed,1,79.0
4428,TR004201,20251129,20251129,717,6,3,10,8,8,300000.0,Completed,1,74.0
4429,TR004272,20251130,20251201,744,4,6,17,16,16,2000000.0,Completed,1,68.0
4430,TR004376,20251130,20251130,782,7,1,1,4,4,0.0,Completed,1,77.0
4431,TR004538,20251130,20251130,844,7,1,2,4,4,0.0,Completed,1,87.0
4432,TR004320,20251201,20251201,763,7,2,16,8,0,250000.0,Not Completed,0,
4433,TR004436,20251201,20251201,805,5,3,16,8,8,250000.0,Completed,1,77.0
4434,TR004555,20251201,20251201,851,4,1,7,8,8,500000.0,Completed,1,76.0
4435,TR003831,20251202,20251202,498,7,6,1,4,4,0.0,Completed,1,94.0
4436,TR004466,20251202,20251202,818,6,1,13,6,6,200000.0,Completed,1,79.0
4437,TR003600,20251203,20251203,372,1,1,9,6,0,0.0,Not Completed,0,
4438,TR003744,20251203,20251203,454,7,1,3,3,3,0.0,Completed,1,90.0
4439,TR003988,20251203,20251203,613,8,5,1,4,4,0.0,Completed,1,90.0
4440,TR003150,20251204,20251204,112,2,3,3,3,3,0.0,Completed,1,95.0
4441,TR004212,20251204,20251204,722,2,5,3,3,3,0.0,Completed,1,80.0
4442,TR004471,20251204,20251204,820,6,1,16,8,8,250000.0,Completed,1,70.0
4443,TR003091,20251205,20251207,75,4,6,14,24,24,1500000.0,Completed,1,70.0
4444,TR003632,20251205,20251206,387,3,1,5,16,16,3000000.0,Completed,1,79.0
4445,TR003697,20251205,20251205,426,3,6,3,3,3,0.0,Completed,1,97.0
4446,TR002958,20251206,20251206,3,5,1,2,4,4,0.0,Completed,1,83.0
4447,TR003011,20251206,20251206,30,1,3,10,8,8,300000.0,Completed,1,70.0
4448,TR004067,20251206,20251207,659,3,1,5,16,16,3000000.0,Completed,1,71.0
4449,TR004502,20251206,20251206,830,3,3,16,8,8,250000.0,Completed,1,82.0
4450,TR004551,20251206,20251206,850,8,1,3,3,0,0.0,Not Completed,0,
4451,TR002955,20251207,20251207,2,7,1,2,4,4,0.0,Completed,1,79.0
4452,TR003468,20251207,20251207,293,1,1,3,3,3,0.0,Completed,1,84.0
4453,TR004185,20251207,20251207,711,1,1,10,8,8,300000.0,Completed,1,73.0
4454,TR004254,20251207,20251207,737,7,1,16,8,8,250000.0,Completed,1,84.0
4455,TR004470,20251207,20251207,820,6,1,10,8,8,300000.0,Completed,1,84.0
4456,TR004479,20251207,20251207,823,8,5,9,6,0,0.0,Not Completed,0,
4457,TR003554,20251208,20251208,340,8,5,3,3,3,0.0,Completed,1,85.0
4458,TR003560,20251208,20251208,345,3,1,3,3,3,0.0,Completed,1,88.0
4459,TR004001,20251208,20251208,623,7,1,9,6,6,0.0,Completed,1,89.0
4460,TR004311,20251208,20251208,759,8,6,2,4,4,0.0,Completed,1,87.0
4461,TR004322,20251208,20251208,763,7,2,13,6,6,200000.0,Completed,1,73.0
4462,TR004503,20251208,20251208,831,2,1,3,3,3,0.0,Completed,1,78.0
4463,TR004546,20251208,20251209,847,3,1,15,16,16,3500000.0,Completed,1,84.0
4464,TR004549,20251208,20251208,849,1,2,2,4,4,0.0,Completed,1,88.0
4465,TR003423,20251209,20251209,268,7,6,16,8,8,250000.0,Completed,1,66.0
4466,TR004488,20251209,20251211,826,3,1,14,24,24,1500000.0,Completed,1,78.0
4467,TR004500,20251209,20251211,830,3,3,14,24,24,1500000.0,Completed,1,78.0
4468,TR004571,20251209,20251209,858,7,1,9,6,6,0.0,Completed,1,74.0
4469,TR003187,20251210,20251210,139,7,4,16,8,8,250000.0,Completed,1,69.0
4470,TR004560,20251210,20251210,854,7,2,10,8,8,300000.0,Completed,1,86.0
4471,TR003188,20251211,20251211,141,1,3,2,4,4,0.0,Completed,1,68.0
4472,TR003590,20251211,20251211,366,8,4,10,8,8,300000.0,Completed,1,81.0
4473,TR004390,20251211,20251211,786,2,2,2,4,4,0.0,Completed,1,92.0
4474,TR004505,20251211,20251211,832,7,1,1,4,4,0.0,Completed,1,83.0
4475,TR003378,20251212,20251212,245,1,1,3,3,0,0.0,In Progress,0,
4476,TR003985,20251212,20251214,611,4,1,14,24,0,1500000.0,In Progress,0,
4477,TR004019,20251212,20251212,633,8,1,11,12,0,1800000.0,Not Completed,0,
4478,TR004205,20251212,20251212,719,1,5,3,3,0,0.0,In Progress,0,
4479,TR004400,20251212,20251212,791,2,6,1,4,0,0.0,In Progress,0,
4480,TR003121,20251213,20251214,96,2,1,17,16,0,2000000.0,In Progress,0,
4481,TR003280,20251213,20251213,198,6,6,1,4,0,0.0,In Progress,0,
4482,TR003434,20251213,20251213,276,8,1,3,3,0,0.0,In Progress,0,
4483,TR003678,20251213,20251213,418,7,1,3,3,0,0.0,In Progress,0,
4484,TR003875,20251213,20251213,532,6,1,10,8,0,300000.0,In Progress,0,
4485,TR004548,20251213,20251213,848,1,3,10,8,0,300000.0,In Progress,0,
4486,TR004556,20251213,20251213,852,8,1,3,3,0,0.0,In Progress,0,
4487,TR003039,20251214,20251215,49,3,1,15,16,0,3500000.0,In Progress,0,
4488,TR003214,20251214,20251214,155,4,2,2,4,0,0.0,In Progress,0,
4489,TR004391,20251214,20251214,787,7,5,1,4,0,0.0,In Progress,0,
4490,TR004392,20251214,20251214,787,7,5,9,6,0,0.0,In Progress,0,
4491,TR004520,20251214,20251214,837,8,3,11,12,0,1800000.0,Not Completed,0,
4492,TR003064,20251215,20251217,61,4,3,14,24,0,1500000.0,In Progress,0,
4493,TR003217,20251215,20251215,156,1,6,3,3,3,0.0,Completed,1,81.0
4494,TR003285,20251215,20251216,200,2,1,4,16,0,1200000.0,In Progress,0,
4495,TR003702,20251215,20251215,427,1,6,13,6,0,200000.0,In Progress,0,
4496,TR003957,20251215,20251215,596,5,1,3,3,3,0.0,Completed,1,97.0
4497,TR004110,20251215,20251216,676,3,1,5,16,0,3000000.0,Not Completed,0,
4498,TR004489,20251215,20251215,826,3,1,18,12,12,4000000.0,Completed,1,60.0
4499,TR004569,20251215,20251215,858,7,1,1,4,0,0.0,In Progress,0,
4500,TR004579,20251216,20251216,862,1,1,3,3,0,0.0,In Progress,0,
4501,TR004294,20251217,20251217,751,7,2,16,8,0,250000.0,In Progress,0,
4502,TR004415,20251217,20251218,797,1,3,5,16,16,3000000.0,Completed,1,77.0
4503,TR003395,20251218,20251219,252,3,2,15,16,0,3500000.0,In Progress,0,
4504,TR003569,20251218,20251218,353,1,1,2,4,4,0.0,Completed,1,95.0
4505,TR003941,20251218,20251218,584,3,3,3,3,3,0.0,Completed,1,91.0
4506,TR004557,20251218,20251218,853,2,1,2,4,0,0.0,In Progress,0,
4507,TR003066,20251219,20251220,63,3,5,5,16,0,3000000.0,In Progress,0,
4508,TR003301,20251219,20251219,209,6,1,10,8,0,300000.0,In Progress,0,
4509,TR004305,20251219,20251219,756,1,1,12,12,12,2500000.0,Completed,1,93.0
4510,TR004456,20251219,20251219,814,3,1,2,4,0,0.0,Not Completed,0,
4511,TR004545,20251219,20251219,847,3,1,2,4,0,0.0,In Progress,0,
4512,TR004559,20251219,20251219,854,7,2,1,4,4,0.0,Completed,1,87.0
4513,TR002961,20251220,20251220,5,8,1,3,3,3,0.0,Completed,1,92.0
4514,TR003281,20251220,20251221,198,6,6,17,16,16,2000000.0,Completed,1,92.0
4515,TR003326,20251220,20251220,218,3,1,10,8,0,300000.0,In Progress,0,
4516,TR003857,20251220,20251220,521,7,2,16,8,8,250000.0,Completed,1,80.0
4517,TR003944,20251220,20251220,587,1,1,10,8,0,300000.0,Not Completed,0,
4518,TR004042,20251220,20251220,648,7,2,2,4,0,0.0,In Progress,0,
4519,TR004104,20251220,20251220,675,7,6,1,4,0,0.0,In Progress,0,
4520,TR004581,20251220,20251220,862,1,1,9,6,0,0.0,In Progress,0,
4521,TR003607,20251221,20251221,374,1,5,10,8,0,300000.0,In Progress,0,
4522,TR004558,20251221,20251222,853,2,1,4,16,0,1200000.0,In Progress,0,
4523,TR004568,20251221,20251221,857,8,1,9,6,6,0.0,Completed,1,90.0
4524,TR004573,20251221,20251221,859,7,2,3,3,0,0.0,In Progress,0,
4525,TR004575,20251221,20251221,860,3,3,1,4,4,0.0,Completed,1,81.0
4526,TR002985,20251222,20251222,19,5,1,16,8,0,250000.0,In Progress,0,
4527,TR003093,20251222,20251223,76,3,5,5,16,16,3000000.0,Completed,1,91.0
4528,TR003534,20251222,20251222,330,1,2,1,4,0,0.0,In Progress,0,
4529,TR003630,20251222,20251222,386,2,1,16,8,8,250000.0,Completed,1,87.0
4530,TR004237,20251222,20251222,731,3,1,2,4,0,0.0,In Progress,0,
4531,TR004570,20251222,20251222,858,7,1,13,6,0,200000.0,In Progress,0,
4532,TR003393,20251223,20251223,251,1,1,16,8,0,250000.0,In Progress,0,
4533,TR003643,20251223,20251223,393,7,6,2,4,0,0.0,In Progress,0,
4534,TR004537,20251223,20251223,843,5,1,2,4,0,0.0,In Progress,0,
4535,TR003514,20251224,20251224,318,1,1,12,12,0,2500000.0,In Progress,0,
4536,TR003566,20251224,20251224,350,2,3,3,3,0,0.0,In Progress,0,
4537,TR004359,20251224,20251224,777,7,3,1,4,0,0.0,In Progress,0,
4538,TR004513,20251224,20251224,834,7,1,16,8,8,250000.0,Completed,1,86.0
4539,TR004552,20251224,20251224,850,8,1,10,8,8,300000.0,Completed,1,79.0
4540,TR004582,20251224,20251224,863,1,5,3,3,0,0.0,In Progress,0,
4541,TR003735,20251225,20251225,449,1,6,12,12,0,2500000.0,In Progress,0,
4542,TR003789,20251225,20251225,473,6,1,10,8,0,300000.0,In Progress,0,
4543,TR003924,20251225,20251225,566,4,5,2,4,4,0.0,Completed,1,96.0
4544,TR004497,20251225,20251227,829,3,3,14,24,0,1500000.0,In Progress,0,
4545,TR004516,20251225,20251226,836,6,4,17,16,16,2000000.0,Completed,1,80.0
4546,TR004572,20251225,20251225,858,7,1,16,8,0,250000.0,In Progress,0,
4547,TR004284,20251226,20251230,748,8,6,8,40,40,15000000.0,Completed,1,79.0
4548,TR004482,20251226,20251227,823,8,5,5,16,0,3000000.0,In Progress,0,
4549,TR004566,20251226,20251226,856,8,1,11,12,12,1800000.0,Completed,1,69.0
4550,TR004578,20251226,20251228,861,3,5,14,24,24,1500000.0,Completed,1,77.0
4551,TR002979,20251227,20251227,15,4,1,3,3,3,0.0,Completed,1,84.0
4552,TR003964,20251227,20251228,600,7,2,5,16,16,3000000.0,Completed,1,64.0
4553,TR004106,20251227,20251227,675,7,6,9,6,6,0.0,Completed,1,71.0
4554,TR004143,20251227,20251227,692,3,1,3,3,0,0.0,In Progress,0,
4555,TR004583,20251227,20251227,864,4,4,3,3,0,0.0,In Progress,0,
4556,TR003836,20251228,20251228,501,8,4,3,3,3,0.0,Completed,1,68.0
4557,TR004349,20251228,20251228,772,1,1,10,8,0,300000.0,In Progress,0,
4558,TR004564,20251228,20251228,856,8,1,2,4,0,0.0,In Progress,0,
4559,TR004565,20251228,20251228,856,8,1,10,8,0,300000.0,In Progress,0,
4560,TR003297,20251229,20251230,208,3,2,15,16,0,3500000.0,In Progress,0,
4561,TR003361,20251229,20251229,234,7,2,13,6,0,200000.0,In Progress,0,
4562,TR003364,20251229,20251229,239,2,4,3,3,0,0.0,In Progress,0,
4563,TR003586,20251229,20251229,364,7,3,9,6,6,0.0,Completed,1,78.0
4564,TR003737,20251229,20251229,450,8,1,9,6,0,0.0,In Progress,0,
4565,TR004267,20251229,20251229,742,8,1,3,3,3,0.0,Completed,1,68.0
4566,TR004399,20251229,20251229,790,8,1,13,6,6,200000.0,Completed,1,84.0
4567,TR004507,20251229,20251229,832,7,1,13,6,0,200000.0,In Progress,0,
4568,TR004523,20251229,20251229,837,8,3,16,8,8,250000.0,Completed,1,76.0
4569,TR004563,20251229,20251229,855,1,2,16,8,0,250000.0,In Progress,0,
4570,TR004567,20251229,20251229,857,8,1,3,3,0,0.0,In Progress,0,
4571,TR004574,20251229,20251229,859,7,2,9,6,6,0.0,Completed,1,90.0
4572,TR004577,20251229,20251229,861,3,5,2,4,0,0.0,Not Completed,0,
4573,TR003049,20251230,20251230,55,8,1,10,8,8,300000.0,Completed,1,78.0
4574,TR003537,20251230,20251231,331,3,3,5,16,16,3000000.0,Completed,1,76.0
4575,TR003703,20251230,20251230,429,7,1,3,3,0,0.0,In Progress,0,
4576,TR003762,20251230,20251231,461,4,1,5,16,16,3000000.0,Completed,1,77.0
4577,TR004416,20251230,20251230,798,7,3,3,3,3,0.0,Completed,1,77.0
4578,TR004522,20251230,20251230,837,8,3,9,6,6,0.0,Completed,1,77.0
4579,TR004540,20251230,20251230,845,2,2,3,3,3,0.0,Completed,1,76.0
4580,TR004561,20251230,20251230,855,1,2,3,3,3,0.0,Completed,1,88.0
4581,TR004562,20251230,20251230,855,1,2,10,8,0,300000.0,In Progress,0,
4582,TR004576,20251230,20251230,860,3,3,18,12,0,4000000.0,In Progress,0,
4583,TR004580,20251230,20251230,862,1,1,10,8,0,300000.0,In Progress,0,
4584,TR004584,20251230,20260101,864,4,4,14,24,24,1500000.0,Completed,1,90.0
