date_key,employee_key,department_key,position_key,location_key,age,tenure_months,monthly_base_salary,is_new_hire
20221231,1,8,36,1,29,109.5,6680000.0,0
20221231,2,7,32,1,31,41.0,10120000.0,0
20221231,3,5,21,1,29,29.2,8540000.0,0
20221231,4,7,32,1,31,59.9,10700000.0,0
20221231,5,8,36,1,29,28.3,7070000.0,0
20221231,6,1,1,1,25,17.6,8560000.0,0
20221231,7,3,11,2,30,33.1,10800000.0,0
20221231,8,5,21,2,30,18.2,7940000.0,0
20221231,9,8,36,3,29,44.8,6480000.0,0
20221231,10,1,2,1,33,111.0,11620000.0,0
20221231,11,8,36,6,25,8.5,7400000.0,0
20221231,12,2,6,3,33,47.8,8280000.0,0
20221231,13,2,7,2,27,46.4,13030000.0,0
20221231,14,8,36,2,25,10.9,5510000.0,0
20221231,15,4,16,1,24,46.0,8040000.0,0
20221231,16,1,1,5,24,13.8,8030000.0,0
20221231,17,6,26,3,22,22.6,9680000.0,0
20221231,18,8,36,1,29,53.1,7130000.0,0
20221231,19,5,24,1,44,53.2,36190000.0,0
20221231,20,8,36,1,32,112.0,7000000.0,0
20221231,21,7,31,5,24,56.6,7320000.0,0
20221231,22,1,1,3,23,22.4,8610000.0,0
20221231,23,1,2,6,31,49.3,12920000.0,0
20221231,24,8,36,1,32,64.7,7700000.0,0
20221231,25,2,8,1,37,44.4,17930000.0,0
20221231,26,8,37,4,29,67.6,12320000.0,0
20221231,27,3,14,1,33,8.1,43220000.0,0
20221231,28,2,6,1,27,53.4,7440000.0,0
20221231,29,3,12,1,30,32.1,15950000.0,0
20221231,30,1,2,3,35,27.9,14400000.0,0
20221231,31,2,6,4,,80.4,9650000.0,0
20221231,32,8,36,3,27,10.4,7220000.0,0
20221231,33,3,11,3,26,11.3,10300000.0,0
20221231,34,8,36,5,22,26.2,6620000.0,0
20221231,35,1,3,6,30,24.5,19190000.0,0
20221231,36,8,37,4,30,4.5,8980000.0,0
20221231,37,1,3,1,33,10.5,20090000.0,0
20221231,38,3,11,1,36,48.4,9790000.0,0
20221231,39,4,16,3,24,9.2,9420000.0,0
20221231,40,3,11,5,29,33.4,10870000.0,0
20221231,41,7,31,1,25,29.0,5850000.0,0
20221231,42,2,7,4,30,5.5,12810000.0,0
20221231,43,5,21,1,26,6.9,8170000.0,0
20221231,44,6,26,2,29,45.4,8250000.0,0
20221231,45,7,31,1,34,91.4,8020000.0,0
20221231,46,7,31,2,20,2.0,6570000.0,0
20221231,47,7,31,4,33,65.3,8520000.0,0
20221231,48,7,31,5,28,75.6,7120000.0,0
20221231,49,3,13,1,28,85.1,25830000.0,0
20221231,50,3,13,1,35,17.5,22960000.0,0
20221231,51,7,31,1,28,10.2,6810000.0,0
20221231,52,8,38,1,33,75.8,12600000.0,0
20221231,53,7,32,1,29,11.9,11550000.0,0
20221231,54,8,37,2,30,14.7,12470000.0,0
20221231,55,8,36,1,27,18.0,5990000.0,0
20221231,56,1,1,3,27,71.4,8200000.0,0
20221231,57,4,16,1,28,50.2,10780000.0,0
20221231,58,4,16,3,35,104.5,9750000.0,0
20221231,59,3,12,1,33,65.3,14580000.0,0
20221231,60,3,11,1,54,28.9,10540000.0,0
20221231,61,4,17,3,32,95.5,16760000.0,0
20221231,62,2,6,4,25,12.5,7910000.0,0
20221231,63,3,11,5,29,48.1,11020000.0,0
20221231,64,7,31,1,31,19.0,8230000.0,0
20221231,65,3,11,1,24,54.0,9370000.0,0
20221231,66,1,3,4,31,41.8,17170000.0,0
20221231,67,7,31,6,23,9.2,7040000.0,0
20221231,68,3,12,4,25,7.8,16620000.0,0
20221231,69,5,21,6,25,34.0,9390000.0,0
20221231,70,7,31,1,22,34.0,6340000.0,0
20221231,71,1,4,2,39,154.7,31130000.0,0
20221231,72,5,21,1,31,63.8,8980000.0,0
20221231,73,3,14,1,41,28.1,41230000.0,0
20221231,74,8,36,2,33,77.1,7250000.0,0
20221231,75,4,16,6,29,101.9,10610000.0,0
20221231,76,3,13,5,43,112.2,21820000.0,0
20221231,77,5,21,1,23,18.2,8650000.0,0
20221231,78,8,38,3,42,19.1,13430000.0,0
20221231,79,8,39,1,42,7.6,25250000.0,0
20221231,80,7,33,2,33,8.3,14690000.0,0
20221231,81,1,1,6,23,25.7,8920000.0,0
20221231,82,2,6,1,27,4.5,8300000.0,0
20221231,83,6,27,2,29,17.6,11750000.0,0
20221231,84,4,16,3,39,120.9,8550000.0,0
20221231,85,7,33,1,38,40.2,13490000.0,0
20221231,86,3,13,1,37,88.0,22910000.0,0
20221231,87,6,26,1,22,20.1,8060000.0,0
20221231,88,1,1,5,23,38.4,7090000.0,0
20221231,89,1,1,5,28,23.5,7950000.0,0
20221231,90,8,37,1,31,16.1,10360000.0,0
20221231,91,7,31,1,24,30.0,8630000.0,0
20221231,92,5,21,3,27,40.6,7190000.0,0
20221231,93,2,9,1,40,33.8,24370000.0,0
20221231,94,2,6,1,26,60.6,8490000.0,0
20221231,95,1,2,2,25,37.8,13300000.0,0
20221231,96,2,9,1,46,154.7,33000000.0,0
20221231,97,3,13,3,25,2.6,24060000.0,0
20221231,98,8,36,1,54,5.9,6230000.0,0
20221231,99,7,32,6,31,69.3,12730000.0,0
20221231,100,1,1,3,31,24.0,8420000.0,0
20221231,101,7,31,5,32,32.7,6940000.0,0
20221231,102,7,32,1,29,17.0,10130000.0,0
20221231,103,7,31,2,40,138.0,7040000.0,0
20221231,104,2,6,1,29,53.9,7800000.0,0
20221231,105,8,36,3,36,100.2,5580000.0,0
20221231,106,8,36,3,32,30.2,5870000.0,0
20221231,107,1,1,1,55,11.1,7520000.0,0
20221231,108,4,17,3,31,8.0,15390000.0,0
20221231,109,5,21,1,31,56.0,9330000.0,0
20221231,110,2,6,4,28,63.4,6580000.0,0
20221231,111,1,2,1,33,154.7,15130000.0,0
20221231,112,2,6,3,29,3.2,7270000.0,0
20221231,113,3,12,5,28,3.7,11630000.0,0
20221231,114,1,2,1,26,4.7,14630000.0,0
20221231,115,3,13,1,30,4.5,25650000.0,0
20221231,116,1,5,1,40,30.1,42990000.0,0
20221231,117,4,16,1,29,86.8,10080000.0,0
20221231,118,7,31,5,28,30.7,6190000.0,0
20221231,119,2,6,1,31,51.6,6450000.0,0
20221231,120,2,6,4,22,4.0,7270000.0,0
20221231,121,3,11,1,39,154.7,9590000.0,0
20221231,122,7,32,5,30,28.4,10460000.0,0
20221231,123,3,11,2,33,11.9,10570000.0,0
20221231,124,8,36,6,24,31.3,5780000.0,0
20221231,125,7,32,1,28,39.9,11580000.0,0
20221231,126,8,36,1,32,72.5,5670000.0,0
20221231,127,1,1,6,25,11.2,7590000.0,0
20221231,128,4,16,2,35,65.1,10940000.0,0
20221231,129,6,26,1,38,154.7,6420000.0,0
20221231,130,3,11,2,24,21.6,9850000.0,0
20221231,131,1,5,1,50,146.0,52870000.0,0
20221231,132,3,12,1,33,56.8,13430000.0,0
20221231,133,1,3,1,39,138.7,17720000.0,0
20221231,134,3,12,1,31,57.0,13660000.0,0
20221231,135,1,1,1,38,51.3,7090000.0,0
20221231,136,7,32,2,28,48.2,9670000.0,0
20221231,137,1,1,3,25,11.4,9590000.0,0
20221231,138,6,29,1,36,33.2,27640000.0,0
20221231,139,7,32,4,28,35.0,12900000.0,0
20221231,140,8,36,1,30,9.9,6010000.0,0
20221231,141,1,3,3,35,50.4,18590000.0,0
20221231,142,8,36,2,26,20.5,7480000.0,0
20221231,143,7,31,4,53,32.4,8360000.0,0
20221231,144,3,11,1,55,10.5,9120000.0,0
20221231,145,7,31,4,31,63.3,5960000.0,0
20221231,146,1,3,4,27,41.1,21960000.0,0
20221231,147,8,36,3,27,5.8,6030000.0,0
20221231,148,7,31,1,39,139.4,8220000.0,0
20221231,149,1,1,5,26,24.5,6780000.0,0
20221231,150,7,32,5,38,104.2,12400000.0,0
20221231,151,8,36,3,23,32.7,7620000.0,0
20221231,152,6,26,1,31,17.7,7210000.0,0
20221231,153,7,33,1,34,77.7,16550000.0,0
20221231,154,1,5,1,41,30.5,47060000.0,0
20221231,155,4,16,2,30,7.7,8250000.0,0
20221231,156,1,3,6,40,53.5,18520000.0,0
20221231,157,1,5,1,42,36.8,45250000.0,0
20221231,158,8,36,1,31,126.1,6810000.0,0
20221231,159,7,31,1,26,27.5,6910000.0,0
20221231,160,7,35,1,42,96.8,39750000.0,0
20221231,161,4,16,6,39,154.7,8970000.0,0
20221231,162,4,16,1,30,93.1,9150000.0,0
20221231,163,3,11,1,23,13.2,9340000.0,0
20221231,164,1,5,1,37,43.0,46320000.0,0
20221231,165,5,21,2,36,149.1,9620000.0,0
20221231,166,6,26,1,24,40.6,8420000.0,0
20221231,167,8,39,1,38,43.1,24240000.0,0
20221231,168,2,7,1,33,68.7,13860000.0,0
20221231,169,1,1,1,21,10.8,7420000.0,0
20221231,170,1,2,6,36,29.5,14050000.0,0
20221231,171,7,31,6,27,13.8,7840000.0,0
20221231,172,7,31,1,25,0.5,7540000.0,1
20221231,173,7,31,1,28,40.7,7210000.0,0
20221231,174,8,37,1,24,39.7,11010000.0,0
20221231,175,8,38,3,40,42.9,14310000.0,0
20221231,176,3,14,1,35,17.2,45620000.0,0
20221231,177,1,1,1,26,41.6,6610000.0,0
20221231,178,7,33,1,35,2.3,19140000.0,0
20221231,179,1,4,1,37,64.0,30860000.0,0
20221231,180,8,36,2,21,0.5,5680000.0,1
20221231,181,1,2,1,32,56.4,10960000.0,0
20221231,182,7,31,1,29,56.0,7050000.0,0
20221231,183,5,21,2,31,88.2,9060000.0,0
20221231,184,8,36,1,27,10.2,8170000.0,0
20221231,185,7,31,3,28,8.4,6870000.0,0
20221231,186,7,31,2,55,7.8,8540000.0,0
20221231,187,8,36,3,22,21.8,7070000.0,0
20221231,188,4,16,1,24,38.4,9290000.0,0
20221231,189,3,13,1,30,19.4,20510000.0,0
20221231,190,7,31,5,26,55.5,7200000.0,0
20221231,191,4,16,1,33,22.5,10290000.0,0
20221231,192,1,5,2,41,14.5,40550000.0,0
20221231,193,1,2,1,31,27.0,10680000.0,0
20221231,194,8,39,1,29,49.6,27090000.0,0
20221231,195,7,32,1,54,55.4,9740000.0,0
20221231,196,7,32,6,28,87.8,9390000.0,0
20221231,197,6,28,3,37,99.8,19210000.0,0
20221231,198,6,26,6,31,40.3,7670000.0,0
20221231,199,6,26,1,33,21.0,8540000.0,0
20221231,200,2,7,1,25,18.7,11970000.0,0
20221231,201,5,21,5,23,31.0,7130000.0,0
20221231,202,1,2,3,30,37.9,12550000.0,0
20221231,203,7,31,1,21,5.5,6100000.0,0
20221231,204,1,1,1,38,100.5,9530000.0,0
20221231,205,8,36,4,24,9.7,6250000.0,0
20221231,206,1,1,1,29,32.9,8860000.0,0
20221231,207,8,36,2,27,21.5,6270000.0,0
20221231,208,3,13,2,42,154.7,27570000.0,0
20221231,209,6,26,1,24,23.6,8170000.0,0
20221231,210,7,33,1,29,22.2,16830000.0,0
20221231,211,7,31,1,29,67.8,7970000.0,0
20221231,212,3,12,6,26,8.5,16950000.0,0
20221231,213,2,6,3,26,23.8,9040000.0,0
20221231,214,8,36,1,33,116.0,6240000.0,0
20221231,215,4,17,1,30,69.2,15090000.0,0
20221231,216,4,16,6,,58.8,10330000.0,0
20221231,217,5,21,1,31,16.1,7730000.0,0
20221231,218,3,11,1,29,37.6,11520000.0,0
20221231,219,3,11,1,37,70.8,8310000.0,0
20221231,220,8,38,1,33,69.1,13550000.0,0
20221231,221,7,31,3,28,32.9,6520000.0,0
20221231,222,8,36,1,27,26.7,6920000.0,0
20221231,223,1,1,3,21,12.9,8420000.0,0
20221231,224,1,4,1,39,62.9,33670000.0,0
20221231,225,1,1,6,23,3.3,7950000.0,0
20221231,226,2,6,2,33,10.3,8270000.0,0
20221231,227,2,6,4,25,59.8,7980000.0,0
20221231,228,5,24,2,33,3.2,30460000.0,0
20221231,229,7,31,1,31,105.0,7580000.0,0
20221231,230,8,37,1,27,3.7,10770000.0,0
20221231,231,8,36,3,28,21.8,6870000.0,0
20221231,232,3,12,1,37,94.9,18030000.0,0
20221231,233,8,36,2,53,34.7,6490000.0,0
20221231,234,7,32,2,40,154.7,11010000.0,0
20221231,235,8,36,1,23,5.0,6410000.0,0
20221231,236,6,27,1,34,74.6,11140000.0,0
20221231,237,6,27,4,27,0.6,11570000.0,1
20221231,238,7,31,1,29,13.8,6640000.0,0
20221231,239,2,7,4,31,87.8,14960000.0,0
20221231,240,8,36,6,29,41.3,7090000.0,0
20221231,241,8,36,1,53,35.8,7720000.0,0
20221231,242,8,36,1,25,35.4,6950000.0,0
20221231,243,7,31,1,35,142.9,8070000.0,0
20221231,244,3,13,6,48,67.5,22950000.0,0
20221231,245,1,1,1,31,44.2,7950000.0,0
20221231,246,8,37,1,38,85.3,10750000.0,0
20221231,247,7,31,1,29,36.1,8090000.0,0
20221231,248,5,22,1,27,36.4,13900000.0,0
20221231,249,1,3,2,23,8.7,16140000.0,0
20221231,250,1,1,1,29,22.0,9030000.0,0
20221231,251,1,4,1,38,72.0,40380000.0,0
20221231,252,3,11,2,28,39.0,12450000.0,0
20221231,253,8,38,6,32,35.6,17690000.0,0
20221231,254,5,21,1,25,6.0,9510000.0,0
20221231,255,1,1,3,30,105.8,7780000.0,0
20221231,256,7,31,1,28,100.0,7770000.0,0
20221231,257,3,12,1,30,29.0,16010000.0,0
20221231,258,1,2,1,30,9.8,9940000.0,0
20221231,259,7,35,1,42,51.0,38190000.0,0
20221231,260,8,39,1,39,121.1,29100000.0,0
20221231,261,5,21,1,28,52.5,6680000.0,0
20221231,262,7,31,1,20,3.6,7400000.0,0
20221231,263,4,16,1,22,7.0,8280000.0,0
20221231,264,1,1,6,26,9.0,6440000.0,0
20221231,265,7,33,1,32,35.0,15820000.0,0
20221231,266,4,16,1,26,7.0,11080000.0,0
20221231,267,1,2,1,29,22.2,11290000.0,0
20221231,268,7,31,6,23,17.1,7430000.0,0
20221231,269,8,36,1,54,51.5,5900000.0,0
20221231,270,3,11,1,42,107.6,9620000.0,0
20221231,271,2,6,2,25,1.5,7850000.0,0
20221231,272,4,19,1,35,19.7,43150000.0,0
20221231,273,3,12,1,34,35.8,18970000.0,0
20221231,274,7,31,5,25,21.9,6710000.0,0
20221231,275,3,11,1,30,62.3,8350000.0,0
20221231,276,8,36,1,34,50.9,6490000.0,0
20221231,277,3,11,1,25,49.2,8900000.0,0
20221231,278,3,14,1,40,55.1,44900000.0,0
20221231,279,3,11,3,29,38.5,8270000.0,0
20221231,280,2,10,1,33,27.6,43520000.0,0
20221231,281,1,2,1,26,61.1,12590000.0,0
20221231,282,1,4,1,36,13.0,30410000.0,0
20221231,283,7,31,1,24,2.6,7570000.0,0
20221231,284,7,32,5,37,80.4,10180000.0,0
20221231,285,1,1,4,21,19.8,8760000.0,0
20221231,286,1,2,1,31,68.4,13010000.0,0
20221231,287,1,1,1,34,154.7,7860000.0,0
20221231,288,6,30,1,39,3.9,48900000.0,0
20221231,289,7,32,1,29,4.1,11020000.0,0
20221231,290,3,15,1,33,12.8,68410000.0,0
20221231,291,3,13,1,37,20.7,24640000.0,0
20221231,292,7,31,2,23,28.9,7130000.0,0
20221231,293,1,2,1,26,0.1,10710000.0,1
20221231,294,2,6,1,24,3.2,6900000.0,0
20221231,295,1,1,1,21,2.0,8030000.0,0
20221231,296,1,1,4,28,48.4,7680000.0,0
20221231,297,7,33,5,31,21.2,16320000.0,0
20221231,298,8,38,1,33,30.5,18540000.0,0
20221231,299,7,31,3,53,39.7,7750000.0,0
20221231,300,4,16,5,26,21.7,8670000.0,0
20221231,301,8,37,1,27,2.4,11080000.0,0
20221231,302,1,1,1,27,8.6,8800000.0,0
20221231,303,1,1,1,30,43.0,8930000.0,0
20221231,304,7,31,1,24,46.9,7110000.0,0
20221231,305,7,31,4,24,45.0,6490000.0,0
20221231,306,1,1,6,33,8.4,9250000.0,0
20221231,307,4,17,4,27,42.3,16440000.0,0
20221231,308,6,26,3,28,29.7,9170000.0,0
20221231,309,1,1,1,21,2.3,9360000.0,0
20221231,310,4,16,1,34,107.0,10990000.0,0
20221231,311,3,13,1,36,22.1,22130000.0,0
20221231,312,7,31,2,55,27.2,7190000.0,0
20221231,313,7,32,1,33,7.7,12410000.0,0
20221231,314,3,14,1,31,18.4,40570000.0,0
20221231,315,7,33,2,32,25.0,17200000.0,0
20221231,316,4,19,1,37,24.9,40610000.0,0
20221231,317,2,7,1,39,48.1,11650000.0,0
20221231,318,1,1,1,25,6.6,8420000.0,0
20221231,319,8,36,1,22,12.7,6100000.0,0
20221231,320,7,33,5,24,7.4,17650000.0,0
20221231,321,1,1,1,33,117.2,8870000.0,0
20221231,322,5,22,4,23,4.7,13860000.0,0
20221231,323,1,2,1,24,2.8,11180000.0,0
20221231,324,3,14,1,39,59.3,37220000.0,0
20221231,325,1,2,3,27,10.7,11800000.0,0
20221231,326,2,6,4,25,28.8,6800000.0,0
20221231,327,7,32,1,31,28.5,11430000.0,0
20221231,328,7,32,1,31,2.0,10200000.0,0
20221231,329,7,32,2,31,36.2,11130000.0,0
20221231,330,1,1,2,33,154.7,8580000.0,0
20221231,331,3,12,3,30,28.6,19180000.0,0
20221231,332,8,37,4,27,1.1,9000000.0,0
20221231,333,8,36,1,25,30.2,6240000.0,0
20221231,334,8,37,6,30,28.3,12620000.0,0
20221231,335,6,26,1,24,14.1,7800000.0,0
20221231,336,1,1,1,29,37.9,9500000.0,0
20221231,337,3,12,1,23,39.2,16520000.0,0
20221231,338,8,36,1,20,2.2,6270000.0,0
20221231,339,5,21,3,27,14.0,8580000.0,0
20221231,340,8,36,5,39,154.7,8660000.0,0
20221231,341,1,1,1,25,34.1,8510000.0,0
20221231,342,8,38,1,30,4.9,12630000.0,0
20221231,343,7,31,3,22,27.5,8680000.0,0
20221231,344,8,37,6,33,58.8,10120000.0,0
20221231,345,3,11,1,28,30.4,9250000.0,0
20221231,346,1,1,3,23,1.1,7380000.0,0
20221231,347,8,36,2,31,127.1,8300000.0,0
20221231,348,7,32,1,42,154.7,9040000.0,0
20221231,349,7,33,4,43,63.6,14550000.0,0
20221231,350,2,7,3,28,13.5,14990000.0,0
20221231,351,6,26,1,23,31.3,7710000.0,0
20221231,352,7,32,1,27,21.3,10350000.0,0
20221231,353,1,2,1,32,70.5,11460000.0,0
20221231,354,7,31,1,29,4.9,6610000.0,0
20221231,355,8,39,1,39,70.7,20200000.0,0
20221231,356,8,36,1,24,29.3,6080000.0,0
20221231,357,3,12,1,32,91.7,17460000.0,0
20221231,358,5,22,1,30,46.9,12200000.0,0
20221231,359,3,13,1,28,4.9,22080000.0,0
20221231,360,7,32,4,37,121.2,12150000.0,0
20221231,361,1,3,6,34,67.2,21230000.0,0
20221231,362,8,36,1,25,38.5,7400000.0,0
20221231,363,3,12,1,44,129.7,17910000.0,0
20221231,364,7,32,3,29,12.0,10680000.0,0
20221231,365,8,37,1,54,27.2,11120000.0,0
20221231,366,8,37,4,30,17.1,11500000.0,0
20221231,367,6,27,1,30,3.4,12170000.0,0
20221231,368,1,1,1,21,0.9,6450000.0,1
20221231,369,1,3,1,34,25.4,20760000.0,0
20221231,370,4,19,1,34,3.9,31920000.0,0
20221231,371,7,33,1,42,56.6,15310000.0,0
20221231,372,1,1,1,30,32.5,8020000.0,0
20221231,373,2,8,1,35,44.6,18200000.0,0
20221231,374,1,1,5,31,71.4,9670000.0,0
20221231,375,5,22,4,37,146.7,15400000.0,0
20221231,376,3,11,4,24,18.1,9550000.0,0
20221231,377,6,28,2,42,118.2,17500000.0,0
20221231,378,1,1,2,35,98.9,8930000.0,0
20221231,379,1,1,1,28,62.3,8290000.0,0
20221231,380,3,12,5,30,17.9,12710000.0,0
20221231,381,4,18,2,42,87.8,21600000.0,0
20221231,382,3,11,4,22,16.2,8420000.0,0
20221231,383,6,27,2,30,40.0,11390000.0,0
20221231,384,3,11,1,30,69.5,10400000.0,0
20221231,385,7,33,6,21,1.6,15990000.0,0
20221231,386,2,6,1,39,102.3,9600000.0,0
20221231,387,3,11,1,25,18.3,10150000.0,0
20221231,388,7,31,1,21,2.1,6440000.0,0
20221231,389,7,31,2,29,53.7,6080000.0,0
20221231,390,3,13,1,37,50.5,20730000.0,0
20221231,391,7,32,3,30,39.4,11700000.0,0
20221231,392,8,37,1,26,25.6,11280000.0,0
20221231,393,7,31,6,24,40.9,7220000.0,0
20221231,394,7,32,5,26,9.3,10550000.0,0
20221231,395,5,22,1,55,154.7,13250000.0,0
20221231,396,1,1,1,26,18.0,7860000.0,0
20221231,397,2,7,1,25,26.1,12290000.0,0
20221231,398,3,12,1,27,9.8,13010000.0,0
20221231,399,2,6,1,35,154.7,9020000.0,0
20221231,400,7,32,3,35,27.1,8930000.0,0
20221231,401,6,29,1,34,18.3,37090000.0,0
20221231,402,3,13,3,37,73.0,21890000.0,0
20221231,403,3,12,1,36,154.7,13150000.0,0
20221231,404,7,31,6,34,131.9,6350000.0,0
20221231,405,3,12,1,31,47.2,14340000.0,0
20221231,406,3,11,2,31,21.7,10760000.0,0
20221231,407,3,12,1,39,62.7,14260000.0,0
20221231,408,3,12,4,33,98.5,14440000.0,0
20221231,409,7,33,1,40,154.7,18860000.0,0
20221231,410,8,38,1,28,25.4,13900000.0,0
20221231,411,6,26,3,34,111.8,7920000.0,0
20221231,412,1,1,1,27,35.7,7910000.0,0
20221231,413,8,36,3,28,2.1,6900000.0,0
20221231,414,3,11,2,36,116.0,9370000.0,0
20221231,415,3,11,5,33,90.4,9780000.0,0
20221231,416,1,1,1,30,36.3,8090000.0,0
20221231,417,7,31,2,24,1.1,7050000.0,0
20221231,418,7,31,1,33,35.1,7210000.0,0
20221231,419,8,39,1,38,48.4,25730000.0,0
20221231,420,5,21,2,31,61.8,9530000.0,0
20221231,421,1,4,1,37,62.9,25780000.0,0
20221231,422,7,32,2,55,69.7,9740000.0,0
20221231,423,4,16,5,22,24.8,9320000.0,0
20221231,424,3,11,1,20,0.6,9570000.0,1
20221231,425,1,3,3,32,18.7,16470000.0,0
20221231,426,3,14,6,34,10.6,42000000.0,0
20221231,427,1,1,6,22,5.7,9780000.0,0
20221231,428,8,39,6,36,9.7,27220000.0,0
20221231,429,7,33,1,31,25.5,16920000.0,0
20221231,430,1,4,1,40,33.1,26570000.0,0
20221231,431,3,12,2,42,122.8,15600000.0,0
20221231,432,1,4,1,39,17.0,39900000.0,0
20221231,433,7,35,1,47,106.1,50490000.0,0
20221231,434,1,2,1,28,8.9,11800000.0,0
20221231,435,8,36,3,20,0.6,5690000.0,1
20221231,436,3,13,3,34,34.7,22330000.0,0
20221231,437,8,36,1,27,25.5,6340000.0,0
20221231,438,1,2,2,29,48.0,13410000.0,0
20221231,439,8,37,1,33,33.7,10770000.0,0
20221231,440,7,31,3,28,13.9,7110000.0,0
20221231,441,3,12,1,34,46.4,13310000.0,0
20221231,442,8,36,2,27,56.0,5820000.0,0
20221231,443,2,6,1,41,154.7,7090000.0,0
20221231,444,1,1,1,26,6.2,8180000.0,0
20221231,445,1,4,1,42,117.9,30670000.0,0
20221231,446,8,36,4,23,33.7,6890000.0,0
20221231,447,4,16,1,23,21.6,10540000.0,0
20221231,448,3,12,6,35,74.1,15840000.0,0
20221231,449,1,2,6,25,16.8,11170000.0,0
20221231,450,8,38,1,37,87.7,17850000.0,0
20221231,451,8,36,3,55,32.8,7070000.0,0
20221231,452,3,12,2,30,37.9,15290000.0,0
20221231,453,8,36,2,30,30.7,7970000.0,0
20221231,454,7,34,1,39,100.0,25920000.0,0
20221231,455,4,20,6,42,24.8,63640000.0,0
20221231,456,1,1,3,53,3.0,8780000.0,0
20221231,457,7,32,3,37,98.9,12110000.0,0
20221231,458,7,31,1,24,25.1,7370000.0,0
20221231,459,7,31,1,27,19.1,6030000.0,0
20221231,460,2,7,1,31,25.7,12480000.0,0
20230131,1,8,36,1,29,110.6,6680000.0,0
20230131,2,7,32,1,31,42.1,9270000.0,0
20230131,3,5,21,1,29,30.2,7600000.0,0
20230131,4,7,32,1,32,60.9,10700000.0,0
20230131,5,8,36,1,29,29.3,6410000.0,0
20230131,6,1,1,1,25,18.6,8390000.0,0
20230131,7,3,11,2,30,34.1,9800000.0,0
20230131,8,5,21,2,31,19.2,7780000.0,0
20230131,9,8,36,3,29,45.8,6230000.0,0
20230131,10,1,2,1,33,112.1,11620000.0,0
20230131,11,8,36,6,25,9.5,6410000.0,0
20230131,12,2,6,3,34,48.8,7510000.0,0
20230131,13,2,7,2,27,47.4,10770000.0,0
20230131,14,8,36,2,25,11.9,5510000.0,0
20230131,15,4,16,1,24,47.0,7510000.0,0
20230131,16,1,1,5,24,14.8,7150000.0,0
20230131,17,6,26,3,22,23.6,8380000.0,0
20230131,18,8,36,1,29,54.1,7130000.0,0
20230131,19,5,24,1,44,54.2,32210000.0,0
20230131,20,8,36,1,32,113.0,7000000.0,0
20230131,21,7,31,5,24,57.7,6390000.0,0
20230131,22,1,1,3,23,23.4,7660000.0,0
20230131,23,1,2,6,32,50.4,11500000.0,0
20230131,24,8,36,1,32,65.7,6850000.0,0
20230131,25,2,8,1,37,45.4,16740000.0,0
20230131,26,8,37,4,29,68.7,11500000.0,0
20230131,27,3,14,1,33,9.1,35720000.0,0
20230131,28,2,6,1,27,54.4,7150000.0,0
20230131,29,3,12,1,30,33.1,15330000.0,0
20230131,30,1,2,3,35,28.9,13450000.0,0
20230131,31,2,6,4,,81.4,8750000.0,0
20230131,32,8,36,3,27,11.5,7220000.0,0
20230131,33,3,11,3,26,12.3,9900000.0,0
20230131,34,8,36,5,22,27.2,6620000.0,0
20230131,35,1,3,6,30,25.5,19190000.0,0
20230131,36,8,37,4,30,5.6,8980000.0,0
20230131,37,1,3,1,33,11.5,17880000.0,0
20230131,38,3,11,1,36,49.4,9600000.0,0
20230131,39,4,16,3,24,10.3,9240000.0,0
20230131,40,3,11,5,29,34.4,9490000.0,0
20230131,41,7,31,1,25,30.0,5740000.0,0
20230131,42,2,7,4,30,6.5,12810000.0,0
20230131,43,5,21,1,26,7.9,7270000.0,0
20230131,44,6,26,2,29,46.5,7700000.0,0
20230131,45,7,31,1,34,92.5,7860000.0,0
20230131,46,7,31,2,20,3.1,5850000.0,0
20230131,47,7,31,4,33,66.4,7580000.0,0
20230131,48,7,31,5,28,76.6,6780000.0,0
20230131,49,3,13,1,28,86.1,23430000.0,0
20230131,50,3,13,1,35,18.5,20050000.0,0
20230131,51,7,31,1,29,11.2,6550000.0,0
20230131,52,8,38,1,33,76.8,12600000.0,0
20230131,53,7,32,1,29,12.9,10480000.0,0
20230131,54,8,37,2,30,15.7,10890000.0,0
20230131,55,8,36,1,27,19.0,5330000.0,0
20230131,56,1,1,3,28,72.4,7160000.0,0
20230131,57,4,16,1,28,51.2,9780000.0,0
20230131,58,4,16,3,35,105.5,8280000.0,0
20230131,59,3,12,1,33,66.4,14290000.0,0
20230131,60,3,11,1,54,29.9,10040000.0,0
20230131,61,4,17,3,32,96.5,15360000.0,0
20230131,62,2,6,4,26,13.5,7390000.0,0
20230131,63,3,11,5,29,49.1,10290000.0,0
20230131,64,7,31,1,31,20.0,6990000.0,0
20230131,65,3,11,1,24,55.0,8750000.0,0
20230131,66,1,3,4,31,42.8,15000000.0,0
20230131,67,7,31,6,23,10.2,6570000.0,0
20230131,68,3,12,4,25,8.8,16620000.0,0
20230131,69,5,21,6,25,35.0,8200000.0,0
20230131,70,7,31,1,23,35.0,6340000.0,0
20230131,71,1,4,2,39,155.7,27710000.0,0
20230131,72,5,21,1,31,64.8,7420000.0,0
20230131,73,3,14,1,41,29.1,37400000.0,0
20230131,74,8,36,2,33,78.1,7110000.0,0
20230131,75,4,16,6,29,103.0,9620000.0,0
20230131,76,3,13,5,43,113.2,21820000.0,0
20230131,77,5,21,1,23,19.2,7850000.0,0
20230131,78,8,38,3,42,20.1,13430000.0,0
20230131,79,8,39,1,42,8.6,23580000.0,0
20230131,80,7,33,2,33,9.3,13320000.0,0
20230131,81,1,1,6,23,26.7,7720000.0,0
20230131,82,2,6,1,27,5.5,8140000.0,0
20230131,83,6,27,2,29,18.7,11290000.0,0
20230131,84,4,16,3,39,121.9,7610000.0,0
20230131,85,7,33,1,38,41.3,13230000.0,0
20230131,86,3,13,1,37,89.0,21820000.0,0
20230131,87,6,26,1,22,21.1,7530000.0,0
20230131,88,1,1,5,23,39.5,6750000.0,0
20230131,89,1,1,5,28,24.5,7080000.0,0
20230131,90,8,37,1,31,17.1,10360000.0,0
20230131,91,7,31,1,24,31.0,7680000.0,0
20230131,92,5,21,3,27,41.6,6910000.0,0
20230131,93,2,9,1,41,34.8,24370000.0,0
20230131,94,2,6,1,27,61.6,7780000.0,0
20230131,95,1,2,2,25,38.8,13040000.0,0
20230131,96,2,9,1,46,155.7,30810000.0,0
20230131,97,3,13,3,25,3.6,24060000.0,0
20230131,98,8,36,1,54,6.9,5990000.0,0
20230131,99,7,32,6,31,70.3,11550000.0,0
20230131,100,1,1,3,31,25.0,7640000.0,0
20230131,101,7,31,5,32,33.7,6180000.0,0
20230131,102,7,32,1,29,18.0,9740000.0,0
20230131,103,7,31,2,40,139.0,6580000.0,0
20230131,104,2,6,1,29,54.9,7650000.0,0
20230131,105,8,36,3,36,101.3,5210000.0,0
20230131,106,8,36,3,32,31.2,5480000.0,0
20230131,107,1,1,1,56,12.2,7520000.0,0
20230131,108,4,17,3,31,9.0,14370000.0,0
20230131,109,5,21,1,31,57.0,9150000.0,0
20230131,110,2,6,4,28,64.4,6580000.0,0
20230131,111,1,2,1,33,155.7,13470000.0,0
20230131,112,2,6,3,30,4.2,6790000.0,0
20230131,113,3,12,5,28,4.7,11630000.0,0
20230131,114,1,2,1,26,5.7,12090000.0,0
20230131,115,3,13,1,30,5.6,22400000.0,0
20230131,116,1,5,1,41,31.1,42990000.0,0
20230131,118,7,31,5,28,31.7,6190000.0,0
20230131,120,2,6,4,22,5.0,6790000.0,0
20230131,121,3,11,1,39,155.7,9400000.0,0
20230131,122,7,32,5,30,29.4,9960000.0,0
20230131,123,3,11,2,33,12.9,9590000.0,0
20230131,124,8,36,6,24,32.3,5500000.0,0
20230131,125,7,32,1,28,40.9,10310000.0,0
20230131,126,8,36,1,32,73.6,5670000.0,0
20230131,127,1,1,6,26,12.2,7300000.0,0
20230131,128,4,16,2,35,66.1,9920000.0,0
20230131,129,6,26,1,38,155.7,6170000.0,0
20230131,130,3,11,2,24,22.6,9850000.0,0
20230131,131,1,5,1,51,147.1,47060000.0,0
20230131,132,3,12,1,33,57.9,12790000.0,0
20230131,133,1,3,1,39,139.8,16560000.0,0
20230131,134,3,12,1,31,58.0,13660000.0,0
20230131,135,1,1,1,38,52.3,7090000.0,0
20230131,136,7,32,2,28,49.2,8370000.0,0
20230131,137,1,1,3,25,12.4,8950000.0,0
20230131,138,6,29,1,36,34.2,27100000.0,0
20230131,139,7,32,4,28,36.0,12400000.0,0
20230131,140,8,36,1,31,10.9,5720000.0,0
20230131,141,1,3,3,36,51.4,16240000.0,0
20230131,142,8,36,2,26,21.5,7480000.0,0
20230131,143,7,31,4,53,33.4,7580000.0,0
20230131,144,3,11,1,55,11.6,9120000.0,0
20230131,145,7,31,4,31,64.3,5960000.0,0
20230131,146,1,3,4,27,42.1,18660000.0,0
20230131,147,8,36,3,27,6.8,6030000.0,0
20230131,148,7,31,1,39,140.4,6980000.0,0
20230131,149,1,1,5,26,25.5,6520000.0,0
20230131,150,7,32,5,38,105.2,11580000.0,0
20230131,151,8,36,3,23,33.7,6910000.0,0
20230131,152,6,26,1,31,18.8,6730000.0,0
20230131,153,7,33,1,34,78.7,15160000.0,0
20230131,154,1,5,1,41,31.5,43940000.0,0
20230131,155,4,16,2,30,8.7,7210000.0,0
20230131,156,1,3,6,40,54.5,17800000.0,0
20230131,157,1,5,1,42,37.8,42250000.0,0
20230131,158,8,36,1,31,127.1,6810000.0,0
20230131,159,7,31,1,26,28.5,6150000.0,0
20230131,160,7,35,1,42,97.8,35380000.0,0
20230131,161,4,16,6,39,155.7,8970000.0,0
20230131,162,4,16,1,30,94.1,8300000.0,0
20230131,163,3,11,1,23,14.2,9340000.0,0
20230131,164,1,5,1,37,44.1,46320000.0,0
20230131,165,5,21,2,36,150.1,8980000.0,0
20230131,166,6,26,1,24,41.7,8420000.0,0
20230131,167,8,39,1,38,44.2,21990000.0,0
20230131,168,2,7,1,34,69.7,13590000.0,0
20230131,169,1,1,1,21,11.8,6730000.0,0
20230131,170,1,2,6,36,30.5,12740000.0,0
20230131,171,7,31,6,27,14.9,7540000.0,0
20230131,172,7,31,1,25,1.5,7390000.0,0
20230131,173,7,31,1,28,41.7,6870000.0,0
20230131,174,8,37,1,24,40.7,9990000.0,0
20230131,175,8,38,3,40,43.9,13630000.0,0
20230131,176,3,14,1,35,18.2,39850000.0,0
20230131,177,1,1,1,26,42.6,6610000.0,0
20230131,178,7,33,1,36,3.3,16570000.0,0
20230131,179,1,4,1,37,65.1,29660000.0,0
20230131,180,8,36,2,21,1.5,5680000.0,0
20230131,181,1,2,1,32,57.5,9940000.0,0
20230131,182,7,31,1,29,57.0,5990000.0,0
20230131,183,5,21,2,31,89.2,8710000.0,0
20230131,184,8,36,1,27,11.2,7270000.0,0
20230131,185,7,31,3,29,9.4,6870000.0,0
20230131,186,7,31,2,55,8.8,7760000.0,0
20230131,187,8,36,3,22,22.8,6610000.0,0
20230131,188,4,16,1,24,39.5,8850000.0,0
20230131,189,3,13,1,30,20.4,19530000.0,0
20230131,190,7,31,5,26,56.5,6720000.0,0
20230131,191,4,16,1,33,23.5,8990000.0,0
20230131,192,1,5,2,41,15.5,40550000.0,0
20230131,193,1,2,1,32,28.0,9510000.0,0
20230131,194,8,39,1,29,50.7,25290000.0,0
20230131,195,7,32,1,54,56.4,9550000.0,0
20230131,196,7,32,6,29,88.8,8940000.0,0
20230131,197,6,28,3,38,100.8,19210000.0,0
20230131,198,6,26,6,32,41.3,6520000.0,0
20230131,199,6,26,1,33,22.0,7750000.0,0
20230131,200,2,7,1,25,19.7,11740000.0,0
20230131,201,5,21,5,23,32.0,6530000.0,0
20230131,202,1,2,3,30,38.9,11410000.0,0
20230131,203,7,31,1,21,6.5,5530000.0,0
20230131,204,1,1,1,38,101.6,8320000.0,0
20230131,205,8,36,4,24,10.7,5670000.0,0
20230131,206,1,1,1,29,33.9,7670000.0,0
20230131,207,8,36,2,27,22.5,6150000.0,0
20230131,208,3,13,2,42,155.7,24080000.0,0
20230131,209,6,26,1,24,24.6,7140000.0,0
20230131,210,7,33,1,30,23.3,15710000.0,0
20230131,211,7,31,1,29,68.9,6770000.0,0
20230131,212,3,12,6,26,9.5,16620000.0,0
20230131,213,2,6,3,26,24.8,8200000.0,0
20230131,214,8,36,1,33,117.0,5830000.0,0
20230131,215,4,17,1,30,70.2,13690000.0,0
20230131,216,4,16,6,,59.9,8780000.0,0
20230131,217,5,21,1,31,17.1,7220000.0,0
20230131,218,3,11,1,29,38.6,10250000.0,0
20230131,219,3,11,1,37,71.8,7990000.0,0
20230131,220,8,38,1,33,70.1,13020000.0,0
20230131,221,7,31,3,28,33.9,6090000.0,0
20230131,222,8,36,1,28,27.7,6590000.0,0
20230131,223,1,1,3,21,14.0,8020000.0,0
20230131,224,1,4,1,39,63.9,29150000.0,0
20230131,225,1,1,6,23,4.3,7790000.0,0
20230131,226,2,6,2,33,11.4,7160000.0,0
20230131,227,2,6,4,25,60.8,7450000.0,0
20230131,228,5,24,2,33,4.2,25880000.0,0
20230131,229,7,31,1,31,106.1,7080000.0,0
20230131,230,8,37,1,27,4.8,9770000.0,0
20230131,231,8,36,3,28,22.8,6870000.0,0
20230131,232,3,12,1,37,96.0,16050000.0,0
20230131,233,8,36,2,53,35.7,5890000.0,0
20230131,234,7,32,2,40,155.7,10490000.0,0
20230131,235,8,36,1,23,6.0,6410000.0,0
20230131,236,6,27,1,34,75.7,11140000.0,0
20230131,237,6,27,4,27,1.6,10300000.0,0
20230131,238,7,31,1,29,14.9,6510000.0,0
20230131,239,2,7,4,31,88.8,13970000.0,0
20230131,240,8,36,6,29,42.3,6020000.0,0
20230131,241,8,36,1,53,36.8,7000000.0,0
20230131,242,8,36,1,25,36.4,6620000.0,0
20230131,243,7,31,1,35,144.0,7320000.0,0
20230131,244,3,13,6,48,68.5,18970000.0,0
20230131,245,1,1,1,31,45.2,7210000.0,0
20230131,246,8,37,1,38,86.3,10240000.0,0
20230131,247,7,31,1,29,37.1,7070000.0,0
20230131,248,5,22,1,27,37.4,13360000.0,0
20230131,250,1,1,1,29,23.0,8430000.0,0
20230131,251,1,4,1,38,73.0,34310000.0,0
20230131,252,3,11,2,28,40.0,10870000.0,0
20230131,253,8,38,6,32,36.6,15030000.0,0
20230131,254,5,21,1,25,7.1,8880000.0,0
20230131,255,1,1,3,31,106.8,6610000.0,0
20230131,256,7,31,1,28,101.0,6920000.0,0
20230131,257,3,12,1,30,30.0,14250000.0,0
20230131,258,1,2,1,30,10.8,9940000.0,0
20230131,259,7,35,1,42,52.0,38190000.0,0
20230131,260,8,39,1,39,122.2,24720000.0,0
20230131,261,5,21,1,29,53.5,6680000.0,0
20230131,262,7,31,1,20,4.6,7050000.0,0
20230131,263,4,16,1,22,8.0,8280000.0,0
20230131,264,1,1,6,26,10.0,5840000.0,0
20230131,265,7,33,1,32,36.0,14770000.0,0
20230131,266,4,16,1,26,8.0,9410000.0,0
20230131,267,1,2,1,29,23.2,11290000.0,0
20230131,268,7,31,6,23,18.2,6940000.0,0
20230131,269,8,36,1,54,52.5,5900000.0,0
20230131,270,3,11,1,42,108.6,9430000.0,0
20230131,271,2,6,2,25,2.5,7700000.0,0
20230131,272,4,19,1,35,20.7,39540000.0,0
20230131,273,3,12,1,34,36.8,17380000.0,0
20230131,274,7,31,5,25,22.9,6150000.0,0
20230131,275,3,11,1,30,63.3,8350000.0,0
20230131,276,8,36,1,34,51.9,5780000.0,0
20230131,277,3,11,1,25,50.2,8730000.0,0
20230131,278,3,14,1,40,56.1,37110000.0,0
20230131,279,3,11,3,29,39.5,8270000.0,0
20230131,280,2,10,1,33,28.6,42670000.0,0
20230131,281,1,2,1,26,62.1,12590000.0,0
20230131,282,1,4,1,36,14.1,26560000.0,0
20230131,283,7,31,1,24,3.6,7570000.0,0
20230131,284,7,32,5,37,81.4,9510000.0,0
20230131,285,1,1,4,21,20.9,7650000.0,0
20230131,286,1,2,1,31,69.5,11050000.0,0
20230131,287,1,1,1,34,155.7,7860000.0,0
20230131,288,6,30,1,40,4.9,47940000.0,0
20230131,289,7,32,1,29,5.1,10000000.0,0
20230131,290,3,15,1,33,13.9,62680000.0,0
20230131,291,3,13,1,37,21.7,21520000.0,0
20230131,292,7,31,2,23,29.9,6350000.0,0
20230131,293,1,2,1,26,1.1,9710000.0,0
20230131,294,2,6,1,25,4.2,6900000.0,0
20230131,295,1,1,1,21,3.0,8030000.0,0
20230131,296,1,1,4,28,49.4,6970000.0,0
20230131,297,7,33,5,31,22.2,16320000.0,0
20230131,298,8,38,1,33,31.5,16190000.0,0
20230131,299,7,31,3,53,40.7,7030000.0,0
20230131,300,4,16,5,26,22.7,7720000.0,0
20230131,301,8,37,1,27,3.4,9860000.0,0
20230131,302,1,1,1,27,9.6,7980000.0,0
20230131,303,1,1,1,31,44.1,7380000.0,0
20230131,304,7,31,1,24,47.9,6450000.0,0
20230131,305,7,31,4,24,46.0,5670000.0,0
20230131,306,1,1,6,33,9.4,8010000.0,0
20230131,307,4,17,4,28,43.3,14360000.0,0
20230131,308,6,26,3,28,30.8,7580000.0,0
20230131,309,1,1,1,21,3.3,8100000.0,0
20230131,310,4,16,1,34,108.0,9080000.0,0
20230131,311,3,13,1,36,23.2,19160000.0,0
20230131,312,7,31,2,55,28.2,6540000.0,0
20230131,313,7,32,1,33,8.7,11050000.0,0
20230131,314,3,14,1,31,19.4,38990000.0,0
20230131,316,4,19,1,37,26.0,37920000.0,0
20230131,317,2,7,1,39,49.1,10880000.0,0
20230131,318,1,1,1,25,7.6,7490000.0,0
20230131,319,8,36,1,22,13.7,6100000.0,0
20230131,320,7,33,5,24,8.4,15710000.0,0
20230131,321,1,1,1,33,118.2,7750000.0,0
20230131,322,5,22,4,23,5.7,12940000.0,0
20230131,323,1,2,1,25,3.8,10960000.0,0
20230131,324,3,14,1,39,60.4,33760000.0,0
20230131,325,1,2,3,27,11.7,11030000.0,0
20230131,326,2,6,4,25,29.8,6800000.0,0
20230131,327,7,32,1,31,29.5,10670000.0,0
20230131,328,7,32,1,31,3.1,10200000.0,0
20230131,329,7,32,2,31,37.2,9720000.0,0
20230131,330,1,1,2,33,155.7,7640000.0,0
20230131,331,3,12,3,30,29.6,16750000.0,0
20230131,332,8,37,4,27,2.1,9000000.0,0
20230131,333,8,36,1,25,31.2,5660000.0,0
20230131,334,8,37,6,30,29.3,11020000.0,0
20230131,335,6,26,1,24,15.1,7800000.0,0
20230131,336,1,1,1,29,38.9,8460000.0,0
20230131,337,3,12,1,24,40.2,14980000.0,0
20230131,338,8,36,1,20,3.2,5480000.0,0
20230131,339,5,21,3,27,15.0,8250000.0,0
20230131,340,8,36,5,39,155.7,7160000.0,0
20230131,341,1,1,1,25,35.2,7720000.0,0
20230131,342,8,38,1,30,5.9,12630000.0,0
20230131,343,7,31,3,22,28.5,7580000.0,0
20230131,344,8,37,6,33,59.9,10120000.0,0
20230131,345,3,11,1,28,31.4,8230000.0,0
20230131,346,1,1,3,23,2.2,7240000.0,0
20230131,347,8,36,2,31,128.2,7190000.0,0
20230131,348,7,32,1,42,155.7,9040000.0,0
20230131,349,7,33,4,43,64.7,12950000.0,0
20230131,350,2,7,3,28,14.5,13340000.0,0
20230131,351,6,26,1,23,32.4,7710000.0,0
20230131,352,7,32,1,27,22.3,9670000.0,0
20230131,353,1,2,1,32,71.5,11240000.0,0
20230131,354,7,31,1,29,5.9,6350000.0,0
20230131,356,8,36,1,24,30.3,5790000.0,0
20230131,357,3,12,1,32,92.7,16320000.0,0
20230131,358,5,22,1,30,47.9,11960000.0,0
20230131,359,3,13,1,29,5.9,19650000.0,0
20230131,360,7,32,4,37,122.2,10610000.0,0
20230131,361,1,3,6,34,68.2,18540000.0,0
20230131,362,8,36,1,25,39.5,6910000.0,0
20230131,363,3,12,1,44,130.8,17060000.0,0
20230131,364,7,32,3,29,13.0,9970000.0,0
20230131,365,8,37,1,54,28.3,10900000.0,0
20230131,366,8,37,4,30,18.2,10740000.0,0
20230131,367,6,27,1,30,4.4,10340000.0,0
20230131,368,1,1,1,21,1.9,6450000.0,0
20230131,369,1,3,1,34,26.4,18830000.0,0
20230131,370,4,19,1,34,5.0,28410000.0,0
20230131,371,7,33,1,42,57.7,15310000.0,0
20230131,372,1,1,1,30,33.5,7140000.0,0
20230131,373,2,8,1,35,45.6,16200000.0,0
20230131,374,1,1,5,31,72.4,8610000.0,0
20230131,375,5,22,4,37,147.7,14110000.0,0
20230131,376,3,11,4,24,19.1,9180000.0,0
20230131,377,6,28,2,42,119.3,17160000.0,0
20230131,378,1,1,2,35,99.9,8100000.0,0
20230131,379,1,1,1,28,63.3,7240000.0,0
20230131,380,3,12,5,31,18.9,11530000.0,0
20230131,381,4,18,2,42,88.8,19230000.0,0
20230131,382,3,11,4,22,17.2,8420000.0,0
20230131,383,6,27,2,30,41.1,11170000.0,0
20230131,384,3,11,1,30,70.5,9260000.0,0
20230131,385,7,33,6,21,2.7,14930000.0,0
20230131,386,2,6,1,39,103.3,8710000.0,0
20230131,387,3,11,1,25,19.3,9760000.0,0
20230131,388,7,31,1,21,3.1,6010000.0,0
20230131,389,7,31,2,29,54.8,5790000.0,0
20230131,390,3,13,1,37,51.5,20320000.0,0
20230131,391,7,32,3,30,40.4,10410000.0,0
20230131,392,8,37,1,26,26.6,11060000.0,0
20230131,393,7,31,6,24,42.0,6550000.0,0
20230131,395,5,22,1,56,155.7,13250000.0,0
20230131,396,1,1,1,26,19.1,6680000.0,0
20230131,397,2,7,1,25,27.1,11810000.0,0
20230131,398,3,12,1,27,10.8,11920000.0,0
20230131,399,2,6,1,35,155.7,8030000.0,0
20230131,400,7,32,3,35,28.1,8340000.0,0
20230131,401,6,29,1,34,19.4,33640000.0,0
20230131,402,3,13,3,37,74.0,21890000.0,0
20230131,403,3,12,1,36,155.7,13150000.0,0
20230131,404,7,31,6,34,132.9,6100000.0,0
20230131,405,3,12,1,31,48.3,13660000.0,0
20230131,406,3,11,2,31,22.7,8890000.0,0
20230131,407,3,12,1,39,63.7,13330000.0,0
20230131,408,3,12,4,33,99.5,13500000.0,0
20230131,409,7,33,1,40,155.7,16470000.0,0
20230131,410,8,38,1,28,26.4,13630000.0,0
20230131,411,6,26,3,34,112.9,7920000.0,0
20230131,412,1,1,1,27,36.8,7600000.0,0
20230131,413,8,36,3,28,3.2,5700000.0,0
20230131,414,3,11,2,36,117.1,8500000.0,0
20230131,415,3,11,5,33,91.4,9310000.0,0
20230131,416,1,1,1,30,37.3,8090000.0,0
20230131,417,7,31,2,24,2.1,6780000.0,0
20230131,418,7,31,1,33,36.1,6930000.0,0
20230131,419,8,39,1,38,49.4,25230000.0,0
20230131,420,5,21,2,31,62.8,9160000.0,0
20230131,421,1,4,1,38,63.9,23380000.0,0
20230131,422,7,32,2,55,70.8,9740000.0,0
20230131,423,4,16,5,23,25.8,8700000.0,0
20230131,424,3,11,1,20,1.6,8520000.0,0
20230131,425,1,3,3,32,19.7,15380000.0,0
20230131,426,3,14,6,34,11.6,39220000.0,0
20230131,427,1,1,6,22,6.8,8540000.0,0
20230131,428,8,39,6,36,10.7,26690000.0,0
20230131,429,7,33,1,31,26.5,15060000.0,0
20230131,430,1,4,1,40,34.1,26570000.0,0
20230131,431,3,12,2,42,123.9,14570000.0,0
20230131,432,1,4,1,39,18.0,34850000.0,0
20230131,433,7,35,1,47,107.1,44100000.0,0
20230131,434,1,2,1,28,9.9,11800000.0,0
20230131,435,8,36,3,20,1.6,5580000.0,0
20230131,436,3,13,3,34,35.7,21270000.0,0
20230131,437,8,36,1,27,26.5,6340000.0,0
20230131,438,1,2,2,29,49.1,12770000.0,0
20230131,439,8,37,1,33,34.7,9150000.0,0
20230131,440,7,31,3,28,14.9,6450000.0,0
20230131,442,8,36,2,27,57.0,5590000.0,0
20230131,443,2,6,1,41,155.7,6750000.0,0
20230131,444,1,1,1,26,7.3,7280000.0,0
20230131,445,1,4,1,42,118.9,26790000.0,0
20230131,446,8,36,4,23,34.7,6130000.0,0
20230131,447,4,16,1,24,22.6,9380000.0,0
20230131,448,3,12,6,35,75.1,15840000.0,0
20230131,449,1,2,6,25,17.8,10130000.0,0
20230131,450,8,38,1,37,88.7,15890000.0,0
20230131,451,8,36,3,55,33.8,7070000.0,0
20230131,452,3,12,2,30,38.9,13610000.0,0
20230131,453,8,36,2,30,31.7,7090000.0,0
20230131,454,7,34,1,39,101.0,24910000.0,0
20230131,455,4,20,6,42,25.8,63640000.0,0
20230131,456,1,1,3,53,4.0,7960000.0,0
20230131,457,7,32,3,37,99.9,10780000.0,0
20230131,458,7,31,1,24,26.1,6560000.0,0
20230131,459,7,31,1,27,20.1,5740000.0,0
20230131,460,2,7,1,31,26.7,10310000.0,0
20230131,461,4,16,1,23,0.4,10170000.0,1
20230131,462,2,6,1,23,0.7,9240000.0,1
20230131,463,5,21,1,22,0.2,7900000.0,1
20230131,464,7,31,4,20,0.5,6410000.0,1
20230131,465,8,37,2,26,0.9,8520000.0,1
20230131,466,7,31,4,26,0.6,6690000.0,1
20230131,467,3,11,2,23,0.3,10060000.0,1
20230131,468,1,3,3,27,0.8,18570000.0,1
20230131,469,7,31,1,24,0.8,6500000.0,1
20230131,470,1,1,1,25,0.1,7360000.0,1
20230131,471,7,32,3,31,0.2,11260000.0,1
20230131,472,2,6,1,25,0.0,7320000.0,1
20230131,473,6,26,1,24,0.4,7440000.0,1
20230131,474,6,27,1,30,0.8,11110000.0,1
20230228,1,8,36,1,30,111.5,6680000.0,0
20230228,2,7,32,1,31,43.0,9270000.0,0
20230228,3,5,21,1,29,31.1,7600000.0,0
20230228,4,7,32,1,32,61.8,10700000.0,0
20230228,5,8,36,1,29,30.2,6410000.0,0
20230228,6,1,1,1,25,19.5,8390000.0,0
20230228,7,3,11,2,30,35.1,9800000.0,0
20230228,8,5,21,2,31,20.1,7780000.0,0
20230228,9,8,36,3,29,46.8,6230000.0,0
20230228,10,1,2,1,33,113.0,11620000.0,0
20230228,11,8,36,6,25,10.4,6410000.0,0
20230228,12,2,6,3,34,49.7,7510000.0,0
20230228,13,2,7,2,27,48.3,10770000.0,0
20230228,14,8,36,2,25,12.8,5510000.0,0
20230228,15,4,16,1,24,48.0,7510000.0,0
20230228,16,1,1,5,24,15.7,7150000.0,0
20230228,17,6,26,3,22,24.5,8380000.0,0
20230228,18,8,36,1,29,55.0,7130000.0,0
20230228,19,5,24,1,44,55.1,32210000.0,0
20230228,20,8,36,1,32,113.9,7000000.0,0
20230228,21,7,31,5,25,58.6,6390000.0,0
20230228,22,1,1,3,23,24.3,7660000.0,0
20230228,23,1,2,6,32,51.3,11500000.0,0
20230228,24,8,36,1,33,66.6,6850000.0,0
20230228,25,2,8,1,38,46.3,16740000.0,0
20230228,26,8,37,4,29,69.6,11500000.0,0
20230228,27,3,14,1,33,10.1,35720000.0,0
20230228,28,2,6,1,27,55.4,7150000.0,0
20230228,29,3,12,1,30,34.0,15330000.0,0
20230228,30,1,2,3,35,29.8,13450000.0,0
20230228,31,2,6,4,,82.4,8750000.0,0
20230228,32,8,36,3,27,12.4,7220000.0,0
20230228,33,3,11,3,27,13.2,9900000.0,0
20230228,34,8,36,5,22,28.1,6620000.0,0
20230228,35,1,3,6,30,26.4,19190000.0,0
20230228,37,1,3,1,34,12.5,17880000.0,0
20230228,38,3,11,1,36,50.4,9600000.0,0
20230228,39,4,16,3,24,11.2,9240000.0,0
20230228,40,3,11,5,29,35.4,9490000.0,0
20230228,41,7,31,1,26,30.9,5740000.0,0
20230228,42,2,7,4,30,7.5,12810000.0,0
20230228,43,5,21,1,26,8.8,7270000.0,0
20230228,44,6,26,2,29,47.4,7700000.0,0
20230228,45,7,31,1,34,93.4,7860000.0,0
20230228,46,7,31,2,20,4.0,5850000.0,0
20230228,47,7,31,4,33,67.3,7580000.0,0
20230228,48,7,31,5,28,77.5,6780000.0,0
20230228,49,3,13,1,29,87.0,23430000.0,0
20230228,50,3,13,1,35,19.4,20050000.0,0
20230228,51,7,31,1,29,12.1,6550000.0,0
20230228,52,8,38,1,33,77.7,12600000.0,0
20230228,53,7,32,1,30,13.9,10480000.0,0
20230228,54,8,37,2,30,16.7,10890000.0,0
20230228,55,8,36,1,27,19.9,5330000.0,0
20230228,56,1,1,3,28,73.3,7160000.0,0
20230228,57,4,16,1,28,52.1,9780000.0,0
20230228,58,4,16,3,35,106.4,8280000.0,0
20230228,59,3,12,1,33,67.3,14290000.0,0
20230228,60,3,11,1,54,30.9,10040000.0,0
20230228,61,4,17,3,33,97.4,15360000.0,0
20230228,62,2,6,4,26,14.4,7390000.0,0
20230228,63,3,11,5,29,50.0,10290000.0,0
20230228,64,7,31,1,31,20.9,6990000.0,0
20230228,65,3,11,1,25,55.9,8750000.0,0
20230228,66,1,3,4,31,43.8,15000000.0,0
20230228,67,7,31,6,23,11.1,6570000.0,0
20230228,68,3,12,4,25,9.8,16620000.0,0
20230228,69,5,21,6,25,35.9,8200000.0,0
20230228,71,1,4,2,39,156.6,27710000.0,0
20230228,72,5,21,1,31,65.7,7420000.0,0
20230228,73,3,14,1,41,30.0,37400000.0,0
20230228,74,8,36,2,33,79.0,7110000.0,0
20230228,75,4,16,6,29,103.9,9620000.0,0
20230228,76,3,13,5,43,114.1,21820000.0,0
20230228,77,5,21,1,23,20.1,7850000.0,0
20230228,78,8,38,3,42,21.0,13430000.0,0
20230228,79,8,39,1,42,9.5,23580000.0,0
20230228,80,7,33,2,33,10.3,13320000.0,0
20230228,81,1,1,6,23,27.6,7720000.0,0
20230228,82,2,6,1,27,6.4,8140000.0,0
20230228,83,6,27,2,29,19.6,11290000.0,0
20230228,84,4,16,3,40,122.8,7610000.0,0
20230228,85,7,33,1,38,42.2,13230000.0,0
20230228,86,3,13,1,37,90.0,21820000.0,0
20230228,87,6,26,1,22,22.0,7530000.0,0
20230228,88,1,1,5,23,40.4,6750000.0,0
20230228,89,1,1,5,28,25.5,7080000.0,0
20230228,90,8,37,1,31,18.0,10360000.0,0
20230228,91,7,31,1,24,32.0,7680000.0,0
20230228,92,5,21,3,27,42.5,6910000.0,0
20230228,93,2,9,1,41,35.7,24370000.0,0
20230228,94,2,6,1,27,62.5,7780000.0,0
20230228,95,1,2,2,25,39.7,13040000.0,0
20230228,96,2,9,1,46,156.6,30810000.0,0
20230228,97,3,13,3,25,4.5,24060000.0,0
20230228,98,8,36,1,54,7.8,5990000.0,0
20230228,99,7,32,6,31,71.3,11550000.0,0
20230228,100,1,1,3,31,25.9,7640000.0,0
20230228,101,7,31,5,33,34.7,6180000.0,0
20230228,102,7,32,1,29,18.9,9740000.0,0
20230228,103,7,31,2,40,139.9,6580000.0,0
20230228,104,2,6,1,29,55.8,7650000.0,0
20230228,105,8,36,3,36,102.2,5210000.0,0
20230228,106,8,36,3,32,32.2,5480000.0,0
20230228,108,4,17,3,31,9.9,14370000.0,0
20230228,109,5,21,1,31,57.9,9150000.0,0
20230228,110,2,6,4,28,65.3,6580000.0,0
20230228,111,1,2,1,33,156.6,13470000.0,0
20230228,112,2,6,3,30,5.1,6790000.0,0
20230228,114,1,2,1,26,6.6,12090000.0,0
20230228,115,3,13,1,30,6.5,22400000.0,0
20230228,116,1,5,1,41,32.0,42990000.0,0
20230228,118,7,31,5,28,32.7,6190000.0,0
20230228,120,2,6,4,22,5.9,6790000.0,0
20230228,121,3,11,1,39,156.6,9400000.0,0
20230228,122,7,32,5,30,30.4,9960000.0,0
20230228,123,3,11,2,33,13.9,9590000.0,0
20230228,124,8,36,6,25,33.2,5500000.0,0
20230228,125,7,32,1,28,41.9,10310000.0,0
20230228,126,8,36,1,32,74.5,5670000.0,0
20230228,127,1,1,6,26,13.1,7300000.0,0
20230228,128,4,16,2,35,67.0,9920000.0,0
20230228,129,6,26,1,38,156.6,6170000.0,0
20230228,130,3,11,2,24,23.6,9850000.0,0
20230228,131,1,5,1,51,148.0,47060000.0,0
20230228,132,3,12,1,34,58.8,12790000.0,0
20230228,133,1,3,1,39,140.7,16560000.0,0
20230228,134,3,12,1,31,58.9,13660000.0,0
20230228,135,1,1,1,38,53.2,7090000.0,0
20230228,136,7,32,2,28,50.2,8370000.0,0
20230228,137,1,1,3,25,13.3,8950000.0,0
20230228,138,6,29,1,37,35.2,27100000.0,0
20230228,139,7,32,4,28,37.0,12400000.0,0
20230228,140,8,36,1,31,11.8,5720000.0,0
20230228,141,1,3,3,36,52.3,16240000.0,0
20230228,142,8,36,2,26,22.4,7480000.0,0
20230228,143,7,31,4,53,34.3,7580000.0,0
20230228,144,3,11,1,55,12.5,9120000.0,0
20230228,145,7,31,4,31,65.2,5960000.0,0
20230228,146,1,3,4,27,43.0,18660000.0,0
20230228,147,8,36,3,27,7.7,6030000.0,0
20230228,148,7,31,1,39,141.3,6980000.0,0
20230228,149,1,1,5,26,26.4,6520000.0,0
20230228,150,7,32,5,38,106.1,11580000.0,0
20230228,151,8,36,3,23,34.7,6910000.0,0
20230228,152,6,26,1,31,19.7,6730000.0,0
20230228,153,7,33,1,34,79.6,15160000.0,0
20230228,154,1,5,1,41,32.4,43940000.0,0
20230228,155,4,16,2,30,9.7,7210000.0,0
20230228,156,1,3,6,40,55.4,17800000.0,0
20230228,157,1,5,1,42,38.7,42250000.0,0
20230228,158,8,36,1,31,128.0,6810000.0,0
20230228,159,7,31,1,26,29.4,6150000.0,0
20230228,160,7,35,1,43,98.7,35380000.0,0
20230228,161,4,16,6,39,156.6,8970000.0,0
20230228,162,4,16,1,30,95.0,8300000.0,0
20230228,163,3,11,1,23,15.1,9340000.0,0
20230228,164,1,5,1,37,45.0,46320000.0,0
20230228,165,5,21,2,37,151.0,8980000.0,0
20230228,166,6,26,1,24,42.6,8420000.0,0
20230228,167,8,39,1,38,45.1,21990000.0,0
20230228,168,2,7,1,34,70.7,13590000.0,0
20230228,169,1,1,1,21,12.7,6730000.0,0
20230228,170,1,2,6,36,31.4,12740000.0,0
20230228,171,7,31,6,27,15.8,7540000.0,0
20230228,172,7,31,1,25,2.4,7390000.0,0
20230228,173,7,31,1,28,42.6,6870000.0,0
20230228,174,8,37,1,24,41.6,9990000.0,0
20230228,175,8,38,3,40,44.8,13630000.0,0
20230228,176,3,14,1,35,19.1,39850000.0,0
20230228,177,1,1,1,26,43.6,6610000.0,0
20230228,178,7,33,1,36,4.2,16570000.0,0
20230228,179,1,4,1,37,66.0,29660000.0,0
20230228,180,8,36,2,22,2.4,5680000.0,0
20230228,181,1,2,1,32,58.4,9940000.0,0
20230228,182,7,31,1,29,57.9,5990000.0,0
20230228,183,5,21,2,31,90.1,8710000.0,0
20230228,184,8,36,1,27,12.1,7270000.0,0
20230228,185,7,31,3,29,10.3,6870000.0,0
20230228,186,7,31,2,55,9.8,7760000.0,0
20230228,187,8,36,3,22,23.8,6610000.0,0
20230228,188,4,16,1,24,40.4,8850000.0,0
20230228,189,3,13,1,31,21.3,19530000.0,0
20230228,190,7,31,5,26,57.5,6720000.0,0
20230228,191,4,16,1,33,24.4,8990000.0,0
20230228,192,1,5,2,42,16.5,40550000.0,0
20230228,193,1,2,1,32,28.9,9510000.0,0
20230228,194,8,39,1,29,51.6,25290000.0,0
20230228,195,7,32,1,54,57.3,9550000.0,0
20230228,196,7,32,6,29,89.7,8940000.0,0
20230228,197,6,28,3,38,101.7,19210000.0,0
20230228,198,6,26,6,32,42.2,6520000.0,0
20230228,199,6,26,1,33,22.9,7750000.0,0
20230228,200,2,7,1,25,20.7,11740000.0,0
20230228,201,5,21,5,23,32.9,6530000.0,0
20230228,202,1,2,3,30,39.8,11410000.0,0
20230228,203,7,31,1,21,7.4,5530000.0,0
20230228,204,1,1,1,38,102.5,8320000.0,0
20230228,205,8,36,4,24,11.6,5670000.0,0
20230228,206,1,1,1,29,34.8,7670000.0,0
20230228,207,8,36,2,27,23.4,6150000.0,0
20230228,208,3,13,2,42,156.6,24080000.0,0
20230228,209,6,26,1,24,25.6,7140000.0,0
20230228,210,7,33,1,30,24.2,15710000.0,0
20230228,211,7,31,1,29,69.8,6770000.0,0
20230228,212,3,12,6,27,10.4,16620000.0,0
20230228,213,2,6,3,26,25.7,8200000.0,0
20230228,214,8,36,1,33,117.9,5830000.0,0
20230228,215,4,17,1,30,71.2,13690000.0,0
20230228,216,4,16,6,,60.8,8780000.0,0
20230228,217,5,21,1,31,18.1,7220000.0,0
20230228,218,3,11,1,29,39.5,10250000.0,0
20230228,219,3,11,1,37,72.7,7990000.0,0
20230228,220,8,38,1,34,71.0,13020000.0,0
20230228,221,7,31,3,28,34.9,6090000.0,0
20230228,222,8,36,1,28,28.6,6590000.0,0
20230228,223,1,1,3,22,14.9,8020000.0,0
20230228,224,1,4,1,39,64.9,29150000.0,0
20230228,225,1,1,6,23,5.3,7790000.0,0
20230228,226,2,6,2,33,12.3,7160000.0,0
20230228,227,2,6,4,25,61.7,7450000.0,0
20230228,228,5,24,2,33,5.1,25880000.0,0
20230228,229,7,31,1,31,107.0,7080000.0,0
20230228,230,8,37,1,27,5.7,9770000.0,0
20230228,231,8,36,3,28,23.8,6870000.0,0
20230228,232,3,12,1,37,96.9,16050000.0,0
20230228,233,8,36,2,54,36.6,5890000.0,0
20230228,234,7,32,2,40,156.6,10490000.0,0
20230228,235,8,36,1,23,7.0,6410000.0,0
20230228,236,6,27,1,35,76.6,11140000.0,0
20230228,237,6,27,4,27,2.5,10300000.0,0
20230228,238,7,31,1,29,15.8,6510000.0,0
20230228,239,2,7,4,31,89.7,13970000.0,0
20230228,240,8,36,6,29,43.2,6020000.0,0
20230228,241,8,36,1,53,37.7,7000000.0,0
20230228,242,8,36,1,25,37.3,6620000.0,0
20230228,243,7,31,1,35,144.9,7320000.0,0
20230228,244,3,13,6,48,69.4,18970000.0,0
20230228,245,1,1,1,31,46.1,7210000.0,0
20230228,246,8,37,1,39,87.2,10240000.0,0
20230228,247,7,31,1,29,38.0,7070000.0,0
20230228,248,5,22,1,27,38.3,13360000.0,0
20230228,250,1,1,1,29,23.9,8430000.0,0
20230228,251,1,4,1,38,73.9,34310000.0,0
20230228,252,3,11,2,28,41.0,10870000.0,0
20230228,253,8,38,6,32,37.6,15030000.0,0
20230228,254,5,21,1,25,8.0,8880000.0,0
20230228,255,1,1,3,31,107.7,6610000.0,0
20230228,256,7,31,1,28,101.9,6920000.0,0
20230228,257,3,12,1,30,30.9,14250000.0,0
20230228,258,1,2,1,30,11.7,9940000.0,0
20230228,259,7,35,1,42,53.0,38190000.0,0
20230228,260,8,39,1,39,123.1,24720000.0,0
20230228,261,5,21,1,29,54.4,6680000.0,0
20230228,262,7,31,1,20,5.6,7050000.0,0
20230228,263,4,16,1,23,8.9,8280000.0,0
20230228,264,1,1,6,26,10.9,5840000.0,0
20230228,265,7,33,1,32,36.9,14770000.0,0
20230228,266,4,16,1,26,9.0,9410000.0,0
20230228,267,1,2,1,29,24.1,11290000.0,0
20230228,268,7,31,6,23,19.1,6940000.0,0
20230228,269,8,36,1,54,53.5,5900000.0,0
20230228,270,3,11,1,42,109.5,9430000.0,0
20230228,271,2,6,2,25,3.4,7700000.0,0
20230228,272,4,19,1,35,21.7,39540000.0,0
20230228,273,3,12,1,34,37.7,17380000.0,0
20230228,274,7,31,5,25,23.8,6150000.0,0
20230228,275,3,11,1,30,64.3,8350000.0,0
20230228,276,8,36,1,34,52.8,5780000.0,0
20230228,277,3,11,1,25,51.1,8730000.0,0
20230228,278,3,14,1,40,57.1,37110000.0,0
20230228,279,3,11,3,29,40.4,8270000.0,0
20230228,280,2,10,1,33,29.5,42670000.0,0
20230228,281,1,2,1,26,63.0,12590000.0,0
20230228,282,1,4,1,36,15.0,26560000.0,0
20230228,283,7,31,1,24,4.6,7570000.0,0
20230228,284,7,32,5,37,82.3,9510000.0,0
20230228,285,1,1,4,21,21.8,7650000.0,0
20230228,286,1,2,1,31,70.4,11050000.0,0
20230228,287,1,1,1,34,156.6,7860000.0,0
20230228,288,6,30,1,40,5.8,47940000.0,0
20230228,289,7,32,1,29,6.0,10000000.0,0
20230228,290,3,15,1,33,14.8,62680000.0,0
20230228,291,3,13,1,37,22.6,21520000.0,0
20230228,292,7,31,2,23,30.8,6350000.0,0
20230228,293,1,2,1,26,2.1,9710000.0,0
20230228,294,2,6,1,25,5.1,6900000.0,0
20230228,295,1,1,1,21,3.9,8030000.0,0
20230228,296,1,1,4,28,50.4,6970000.0,0
20230228,297,7,33,5,31,23.1,16320000.0,0
20230228,298,8,38,1,33,32.4,16190000.0,0
20230228,299,7,31,3,53,41.7,7030000.0,0
20230228,300,4,16,5,26,23.6,7720000.0,0
20230228,301,8,37,1,27,4.3,9860000.0,0
20230228,302,1,1,1,27,10.5,7980000.0,0
20230228,303,1,1,1,31,45.0,7380000.0,0
20230228,304,7,31,1,24,48.8,6450000.0,0
20230228,305,7,31,4,24,46.9,5670000.0,0
20230228,306,1,1,6,33,10.3,8010000.0,0
20230228,307,4,17,4,28,44.2,14360000.0,0
20230228,308,6,26,3,28,31.7,7580000.0,0
20230228,309,1,1,1,21,4.2,8100000.0,0
20230228,310,4,16,1,34,108.9,9080000.0,0
20230228,311,3,13,1,36,24.1,19160000.0,0
20230228,312,7,31,2,55,29.1,6540000.0,0
20230228,313,7,32,1,33,9.6,11050000.0,0
20230228,314,3,14,1,31,20.4,38990000.0,0
20230228,316,4,19,1,37,26.9,37920000.0,0
20230228,317,2,7,1,39,50.1,10880000.0,0
20230228,318,1,1,1,25,8.5,7490000.0,0
20230228,319,8,36,1,22,14.7,6100000.0,0
20230228,320,7,33,5,24,9.3,15710000.0,0
20230228,321,1,1,1,33,119.2,7750000.0,0
20230228,322,5,22,4,23,6.6,12940000.0,0
20230228,323,1,2,1,25,4.8,10960000.0,0
20230228,324,3,14,1,39,61.3,33760000.0,0
20230228,325,1,2,3,27,12.6,11030000.0,0
20230228,327,7,32,1,31,30.5,10670000.0,0
20230228,328,7,32,1,31,4.0,10200000.0,0
20230228,329,7,32,2,32,38.1,9720000.0,0
20230228,330,1,1,2,34,156.6,7640000.0,0
20230228,331,3,12,3,30,30.5,16750000.0,0
20230228,332,8,37,4,27,3.0,9000000.0,0
20230228,333,8,36,1,25,32.1,5660000.0,0
20230228,334,8,37,6,30,30.2,11020000.0,0
20230228,335,6,26,1,24,16.0,7800000.0,0
20230228,336,1,1,1,29,39.8,8460000.0,0
20230228,337,3,12,1,24,41.1,14980000.0,0
20230228,338,8,36,1,20,4.1,5480000.0,0
20230228,339,5,21,3,27,15.9,8250000.0,0
20230228,340,8,36,5,39,156.6,7160000.0,0
20230228,341,1,1,1,25,36.1,7720000.0,0
20230228,342,8,38,1,30,6.9,12630000.0,0
20230228,343,7,31,3,22,29.4,7580000.0,0
20230228,344,8,37,6,34,60.8,10120000.0,0
20230228,345,3,11,1,28,32.3,8230000.0,0
20230228,346,1,1,3,23,3.1,7240000.0,0
20230228,347,8,36,2,31,129.1,7190000.0,0
20230228,348,7,32,1,42,156.6,9040000.0,0
20230228,349,7,33,4,43,65.6,12950000.0,0
20230228,350,2,7,3,28,15.4,13340000.0,0
20230228,351,6,26,1,23,33.3,7710000.0,0
20230228,352,7,32,1,27,23.3,9670000.0,0
20230228,353,1,2,1,32,72.4,11240000.0,0
20230228,354,7,31,1,29,6.8,6350000.0,0
20230228,356,8,36,1,24,31.2,5790000.0,0
20230228,357,3,12,1,32,93.6,16320000.0,0
20230228,358,5,22,1,30,48.8,11960000.0,0
20230228,359,3,13,1,29,6.9,19650000.0,0
20230228,360,7,32,4,37,123.1,10610000.0,0
20230228,361,1,3,6,34,69.1,18540000.0,0
20230228,362,8,36,1,25,40.4,6910000.0,0
20230228,363,3,12,1,44,131.7,17060000.0,0
20230228,364,7,32,3,29,13.9,9970000.0,0
20230228,365,8,37,1,54,29.2,10900000.0,0
20230228,366,8,37,4,30,19.1,10740000.0,0
20230228,367,6,27,1,30,5.3,10340000.0,0
20230228,368,1,1,1,21,2.8,6450000.0,0
20230228,369,1,3,1,34,27.4,18830000.0,0
20230228,370,4,19,1,34,5.9,28410000.0,0
20230228,371,7,33,1,42,58.6,15310000.0,0
20230228,372,1,1,1,30,34.5,7140000.0,0
20230228,373,2,8,1,35,46.5,16200000.0,0
20230228,374,1,1,5,31,73.4,8610000.0,0
20230228,375,5,22,4,37,148.7,14110000.0,0
20230228,376,3,11,4,24,20.0,9180000.0,0
20230228,377,6,28,2,42,120.2,17160000.0,0
20230228,378,1,1,2,35,100.9,8100000.0,0
20230228,379,1,1,1,28,64.3,7240000.0,0
20230228,380,3,12,5,31,19.8,11530000.0,0
20230228,381,4,18,2,42,89.7,19230000.0,0
20230228,382,3,11,4,22,18.1,8420000.0,0
20230228,383,6,27,2,30,42.0,11170000.0,0
20230228,384,3,11,1,30,71.4,9260000.0,0
20230228,385,7,33,6,21,3.6,14930000.0,0
20230228,386,2,6,1,39,104.2,8710000.0,0
20230228,387,3,11,1,25,20.2,9760000.0,0
20230228,388,7,31,1,21,4.0,6010000.0,0
20230228,389,7,31,2,29,55.7,5790000.0,0
20230228,390,3,13,1,37,52.4,20320000.0,0
20230228,391,7,32,3,30,41.4,10410000.0,0
20230228,392,8,37,1,26,27.5,11060000.0,0
20230228,393,7,31,6,24,42.9,6550000.0,0
20230228,396,1,1,1,26,20.0,6680000.0,0
20230228,397,2,7,1,25,28.1,11810000.0,0
20230228,398,3,12,1,27,11.8,11920000.0,0
20230228,399,2,6,1,35,156.6,8030000.0,0
20230228,400,7,32,3,35,29.0,8340000.0,0
20230228,401,6,29,1,34,20.3,33640000.0,0
20230228,402,3,13,3,37,74.9,21890000.0,0
20230228,403,3,12,1,36,156.6,13150000.0,0
20230228,404,7,31,6,34,133.8,6100000.0,0
20230228,405,3,12,1,31,49.2,13660000.0,0
20230228,406,3,11,2,31,23.6,8890000.0,0
20230228,407,3,12,1,40,64.7,13330000.0,0
20230228,408,3,12,4,33,100.4,13500000.0,0
20230228,409,7,33,1,40,156.6,16470000.0,0
20230228,410,8,38,1,28,27.4,13630000.0,0
20230228,411,6,26,3,34,113.8,7920000.0,0
20230228,412,1,1,1,27,37.7,7600000.0,0
20230228,413,8,36,3,28,4.1,5700000.0,0
20230228,414,3,11,2,36,118.0,8500000.0,0
20230228,415,3,11,5,33,92.3,9310000.0,0
20230228,416,1,1,1,30,38.2,8090000.0,0
20230228,417,7,31,2,24,3.0,6780000.0,0
20230228,418,7,31,1,33,37.1,6930000.0,0
20230228,419,8,39,1,38,50.3,25230000.0,0
20230228,420,5,21,2,31,63.7,9160000.0,0
20230228,421,1,4,1,38,64.9,23380000.0,0
20230228,422,7,32,2,55,71.7,9740000.0,0
20230228,423,4,16,5,23,26.7,8700000.0,0
20230228,424,3,11,1,20,2.5,8520000.0,0
20230228,425,1,3,3,33,20.7,15380000.0,0
20230228,426,3,14,6,34,12.5,39220000.0,0
20230228,427,1,1,6,22,7.7,8540000.0,0
20230228,428,8,39,6,36,11.6,26690000.0,0
20230228,429,7,33,1,31,27.4,15060000.0,0
20230228,430,1,4,1,41,35.0,26570000.0,0
20230228,431,3,12,2,42,124.8,14570000.0,0
20230228,432,1,4,1,39,19.0,34850000.0,0
20230228,433,7,35,1,47,108.1,44100000.0,0
20230228,434,1,2,1,28,10.8,11800000.0,0
20230228,435,8,36,3,20,2.5,5580000.0,0
20230228,436,3,13,3,35,36.7,21270000.0,0
20230228,437,8,36,1,28,27.5,6340000.0,0
20230228,438,1,2,2,30,50.0,12770000.0,0
20230228,439,8,37,1,33,35.6,9150000.0,0
20230228,440,7,31,3,28,15.8,6450000.0,0
20230228,442,8,36,2,27,57.9,5590000.0,0
20230228,443,2,6,1,41,156.6,6750000.0,0
20230228,444,1,1,1,26,8.2,7280000.0,0
20230228,445,1,4,1,42,119.9,26790000.0,0
20230228,446,8,36,4,23,35.6,6130000.0,0
20230228,447,4,16,1,24,23.6,9380000.0,0
20230228,448,3,12,6,35,76.0,15840000.0,0
20230228,449,1,2,6,25,18.8,10130000.0,0
20230228,450,8,38,1,37,89.7,15890000.0,0
20230228,451,8,36,3,55,34.7,7070000.0,0
20230228,452,3,12,2,30,39.8,13610000.0,0
20230228,453,8,36,2,30,32.7,7090000.0,0
20230228,454,7,34,1,39,101.9,24910000.0,0
20230228,455,4,20,6,42,26.7,63640000.0,0
20230228,456,1,1,3,53,5.0,7960000.0,0
20230228,457,7,32,3,38,100.9,10780000.0,0
20230228,458,7,31,1,24,27.0,6560000.0,0
20230228,459,7,31,1,27,21.0,5740000.0,0
20230228,460,2,7,1,31,27.7,10310000.0,0
20230228,461,4,16,1,23,1.3,10170000.0,0
20230228,462,2,6,1,23,1.6,9240000.0,0
20230228,463,5,21,1,22,1.1,7900000.0,0
20230228,464,7,31,4,20,1.4,6410000.0,0
20230228,465,8,37,2,26,1.8,8520000.0,0
20230228,466,7,31,4,26,1.5,6690000.0,0
20230228,467,3,11,2,23,1.2,10060000.0,0
20230228,468,1,3,3,27,1.7,18570000.0,0
20230228,469,7,31,1,24,1.7,6500000.0,0
20230228,470,1,1,1,25,1.1,7360000.0,0
20230228,471,7,32,3,31,1.1,11260000.0,0
20230228,472,2,6,1,25,1.0,7320000.0,0
20230228,473,6,26,1,24,1.3,7440000.0,0
20230228,474,6,27,1,30,1.7,11110000.0,0
20230228,475,8,37,1,29,0.2,8590000.0,1
20230228,476,7,31,1,27,0.2,6960000.0,1
20230228,477,1,1,3,21,0.5,6730000.0,1
20230228,478,3,11,4,21,0.3,7950000.0,1
20230228,479,2,6,6,32,0.5,8760000.0,1
20230228,480,5,21,6,24,0.4,7610000.0,1
20230331,1,8,36,1,30,112.5,6680000.0,0
20230331,2,7,32,1,31,44.0,9270000.0,0
20230331,3,5,21,1,29,32.2,7600000.0,0
20230331,4,7,32,1,32,62.9,10700000.0,0
20230331,5,8,36,1,29,31.2,6410000.0,0
20230331,6,1,1,1,26,20.5,8390000.0,0
20230331,7,3,11,2,30,36.1,9800000.0,0
20230331,8,5,21,2,31,21.2,7780000.0,0
20230331,9,8,36,3,30,47.8,6230000.0,0
20230331,10,1,2,1,33,114.0,11620000.0,0
20230331,11,8,36,6,25,11.4,6410000.0,0
20230331,12,2,6,3,34,50.8,7510000.0,0
20230331,13,2,7,2,27,49.3,10770000.0,0
20230331,14,8,36,2,25,13.9,5510000.0,0
20230331,15,4,16,1,24,49.0,7510000.0,0
20230331,16,1,1,5,24,16.7,7150000.0,0
20230331,17,6,26,3,22,25.6,8380000.0,0
20230331,18,8,36,1,29,56.0,7130000.0,0
20230331,19,5,24,1,45,56.1,32210000.0,0
20230331,20,8,36,1,32,114.9,7000000.0,0
20230331,21,7,31,5,25,59.6,6390000.0,0
20230331,22,1,1,3,23,25.4,7660000.0,0
20230331,23,1,2,6,32,52.3,11500000.0,0
20230331,24,8,36,1,33,67.6,6850000.0,0
20230331,25,2,8,1,38,47.3,16740000.0,0
20230331,26,8,37,4,29,70.6,11500000.0,0
20230331,27,3,14,1,34,11.1,35720000.0,0
20230331,28,2,6,1,27,56.4,7150000.0,0
20230331,29,3,12,1,30,35.1,15330000.0,0
20230331,30,1,2,3,35,30.8,13450000.0,0
20230331,31,2,6,4,,83.4,8750000.0,0
20230331,32,8,36,3,27,13.4,7220000.0,0
20230331,33,3,11,3,27,14.3,9900000.0,0
20230331,34,8,36,5,22,29.1,6620000.0,0
20230331,35,1,3,6,30,27.5,19190000.0,0
20230331,37,1,3,1,34,13.5,17880000.0,0
20230331,38,3,11,1,36,51.4,9600000.0,0
20230331,39,4,16,3,24,12.2,9240000.0,0
20230331,40,3,11,5,29,36.4,9490000.0,0
20230331,41,7,31,1,26,31.9,5740000.0,0
20230331,42,2,7,4,30,8.5,12810000.0,0
20230331,43,5,21,1,26,9.9,7270000.0,0
20230331,44,6,26,2,29,48.4,7700000.0,0
20230331,45,7,31,1,34,94.4,7860000.0,0
20230331,46,7,31,2,20,5.0,5850000.0,0
20230331,47,7,31,4,33,68.3,7580000.0,0
20230331,48,7,31,5,28,78.6,6780000.0,0
20230331,49,3,13,1,29,88.0,23430000.0,0
20230331,50,3,13,1,35,20.5,20050000.0,0
20230331,51,7,31,1,29,13.1,6550000.0,0
20230331,52,8,38,1,34,78.7,12600000.0,0
20230331,53,7,32,1,30,14.9,10480000.0,0
20230331,54,8,37,2,31,17.7,10890000.0,0
20230331,55,8,36,1,27,20.9,5330000.0,0
20230331,56,1,1,3,28,74.3,7160000.0,0
20230331,57,4,16,1,28,53.2,9780000.0,0
20230331,58,4,16,3,36,107.4,8280000.0,0
20230331,59,3,12,1,33,68.3,14290000.0,0
20230331,60,3,11,1,54,31.9,10040000.0,0
20230331,61,4,17,3,33,98.4,15360000.0,0
20230331,62,2,6,4,26,15.4,7390000.0,0
20230331,63,3,11,5,29,51.0,10290000.0,0
20230331,64,7,31,1,31,21.9,6990000.0,0
20230331,65,3,11,1,25,56.9,8750000.0,0
20230331,66,1,3,4,32,44.8,15000000.0,0
20230331,67,7,31,6,24,12.1,6570000.0,0
20230331,68,3,12,4,25,10.8,16620000.0,0
20230331,69,5,21,6,25,36.9,8200000.0,0
20230331,71,1,4,2,39,157.6,27710000.0,0
20230331,72,5,21,1,31,66.8,7420000.0,0
20230331,73,3,14,1,42,31.0,37400000.0,0
20230331,74,8,36,2,33,80.0,7110000.0,0
20230331,75,4,16,6,29,104.9,9620000.0,0
20230331,76,3,13,5,43,115.1,21820000.0,0
20230331,77,5,21,1,23,21.2,7850000.0,0
20230331,78,8,38,3,42,22.0,13430000.0,0
20230331,79,8,39,1,42,10.5,23580000.0,0
20230331,80,7,33,2,33,11.3,13320000.0,0
20230331,81,1,1,6,23,28.6,7720000.0,0
20230331,82,2,6,1,28,7.4,8140000.0,0
20230331,83,6,27,2,29,20.6,11290000.0,0
20230331,84,4,16,3,40,123.9,7610000.0,0
20230331,85,7,33,1,38,43.2,13230000.0,0
20230331,86,3,13,1,37,91.0,21820000.0,0
20230331,87,6,26,1,22,23.0,7530000.0,0
20230331,88,1,1,5,23,41.4,6750000.0,0
20230331,89,1,1,5,28,26.5,7080000.0,0
20230331,90,8,37,1,31,19.1,10360000.0,0
20230331,91,7,31,1,25,33.0,7680000.0,0
20230331,92,5,21,3,27,43.5,6910000.0,0
20230331,93,2,9,1,41,36.7,24370000.0,0
20230331,94,2,6,1,27,63.5,7780000.0,0
20230331,95,1,2,2,25,40.7,13040000.0,0
20230331,96,2,9,1,46,157.6,30810000.0,0
20230331,97,3,13,3,25,5.5,24060000.0,0
20230331,98,8,36,1,54,8.8,5990000.0,0
20230331,99,7,32,6,31,72.3,11550000.0,0
20230331,100,1,1,3,31,26.9,7640000.0,0
20230331,101,7,31,5,33,35.7,6180000.0,0
20230331,102,7,32,1,29,19.9,9740000.0,0
20230331,103,7,31,2,40,140.9,6580000.0,0
20230331,104,2,6,1,29,56.8,7650000.0,0
20230331,105,8,36,3,36,103.2,5210000.0,0
20230331,106,8,36,3,32,33.2,5480000.0,0
20230331,108,4,17,3,31,10.9,14370000.0,0
20230331,109,5,21,1,31,58.9,9150000.0,0
20230331,110,2,6,4,28,66.3,6580000.0,0
20230331,111,1,2,1,33,157.6,13470000.0,0
20230331,112,2,6,3,30,6.1,6790000.0,0
20230331,114,1,2,1,26,7.7,12090000.0,0
20230331,115,3,13,1,30,7.5,22400000.0,0
20230331,116,1,5,1,41,33.0,42990000.0,0
20230331,118,7,31,5,28,33.7,6190000.0,0
20230331,120,2,6,4,22,6.9,6790000.0,0
20230331,121,3,11,1,40,157.6,9400000.0,0
20230331,122,7,32,5,30,31.4,9960000.0,0
20230331,123,3,11,2,33,14.9,9590000.0,0
20230331,124,8,36,6,25,34.2,5500000.0,0
20230331,125,7,32,1,28,42.9,10310000.0,0
20230331,126,8,36,1,32,75.5,5670000.0,0
20230331,127,1,1,6,26,14.1,7300000.0,0
20230331,128,4,16,2,35,68.0,9920000.0,0
20230331,129,6,26,1,38,157.6,6170000.0,0
20230331,130,3,11,2,24,24.6,9850000.0,0
20230331,131,1,5,1,51,149.0,47060000.0,0
20230331,132,3,12,1,34,59.8,12790000.0,0
20230331,133,1,3,1,40,141.7,16560000.0,0
20230331,134,3,12,1,31,59.9,13660000.0,0
20230331,135,1,1,1,38,54.2,7090000.0,0
20230331,136,7,32,2,28,51.2,8370000.0,0
20230331,137,1,1,3,25,14.3,8950000.0,0
20230331,138,6,29,1,37,36.2,27100000.0,0
20230331,139,7,32,4,28,38.0,12400000.0,0
20230331,140,8,36,1,31,12.8,5720000.0,0
20230331,141,1,3,3,36,53.3,16240000.0,0
20230331,142,8,36,2,26,23.4,7480000.0,0
20230331,143,7,31,4,53,35.4,7580000.0,0
20230331,144,3,11,1,55,13.5,9120000.0,0
20230331,145,7,31,4,31,66.3,5960000.0,0
20230331,146,1,3,4,27,44.1,18660000.0,0
20230331,147,8,36,3,27,8.7,6030000.0,0
20230331,148,7,31,1,39,142.4,6980000.0,0
20230331,149,1,1,5,26,27.5,6520000.0,0
20230331,150,7,32,5,38,107.1,11580000.0,0
20230331,151,8,36,3,23,35.7,6910000.0,0
20230331,152,6,26,1,31,20.7,6730000.0,0
20230331,153,7,33,1,34,80.6,15160000.0,0
20230331,154,1,5,1,41,33.4,43940000.0,0
20230331,155,4,16,2,30,10.7,7210000.0,0
20230331,156,1,3,6,40,56.4,17800000.0,0
20230331,157,1,5,1,43,39.8,42250000.0,0
20230331,158,8,36,1,31,129.0,6810000.0,0
20230331,159,7,31,1,26,30.5,6150000.0,0
20230331,160,7,35,1,43,99.7,35380000.0,0
20230331,161,4,16,6,39,157.6,8970000.0,0
20230331,162,4,16,1,30,96.1,8300000.0,0
20230331,163,3,11,1,23,16.2,9340000.0,0
20230331,164,1,5,1,37,46.0,46320000.0,0
20230331,165,5,21,2,37,152.0,8980000.0,0
20230331,166,6,26,1,24,43.6,8420000.0,0
20230331,167,8,39,1,38,46.1,21990000.0,0
20230331,168,2,7,1,34,71.7,13590000.0,0
20230331,169,1,1,1,21,13.7,6730000.0,0
20230331,170,1,2,6,36,32.5,12740000.0,0
20230331,171,7,31,6,27,16.8,7540000.0,0
20230331,172,7,31,1,25,3.4,7390000.0,0
20230331,173,7,31,1,28,43.7,6870000.0,0
20230331,174,8,37,1,24,42.6,9990000.0,0
20230331,175,8,38,3,40,45.9,13630000.0,0
20230331,176,3,14,1,35,20.1,39850000.0,0
20230331,177,1,1,1,26,44.6,6610000.0,0
20230331,178,7,33,1,36,5.3,16570000.0,0
20230331,179,1,4,1,37,67.0,29660000.0,0
20230331,180,8,36,2,22,3.4,5680000.0,0
20230331,181,1,2,1,32,59.4,9940000.0,0
20230331,182,7,31,1,30,58.9,5990000.0,0
20230331,183,5,21,2,32,91.1,8710000.0,0
20230331,184,8,36,1,27,13.1,7270000.0,0
20230331,185,7,31,3,29,11.4,6870000.0,0
20230331,186,7,31,2,55,10.8,7760000.0,0
20230331,187,8,36,3,22,24.8,6610000.0,0
20230331,188,4,16,1,24,41.4,8850000.0,0
20230331,189,3,13,1,31,22.3,19530000.0,0
20230331,190,7,31,5,26,58.5,6720000.0,0
20230331,191,4,16,1,33,25.4,8990000.0,0
20230331,192,1,5,2,42,17.5,40550000.0,0
20230331,193,1,2,1,32,30.0,9510000.0,0
20230331,194,8,39,1,29,52.6,25290000.0,0
20230331,195,7,32,1,54,58.3,9550000.0,0
20230331,196,7,32,6,29,90.7,8940000.0,0
20230331,197,6,28,3,38,102.8,19210000.0,0
20230331,198,6,26,6,32,43.2,6520000.0,0
20230331,199,6,26,1,33,23.9,7750000.0,0
20230331,200,2,7,1,26,21.7,11740000.0,0
20230331,201,5,21,5,23,33.9,6530000.0,0
20230331,202,1,2,3,30,40.8,11410000.0,0
20230331,203,7,31,1,21,8.4,5530000.0,0
20230331,204,1,1,1,38,103.5,8320000.0,0
20230331,205,8,36,4,24,12.6,5670000.0,0
20230331,206,1,1,1,29,35.8,7670000.0,0
20230331,207,8,36,2,27,24.4,6150000.0,0
20230331,208,3,13,2,42,157.6,24080000.0,0
20230331,209,6,26,1,24,26.6,7140000.0,0
20230331,210,7,33,1,30,25.2,15710000.0,0
20230331,211,7,31,1,29,70.8,6770000.0,0
20230331,212,3,12,6,27,11.4,16620000.0,0
20230331,213,2,6,3,26,26.7,8200000.0,0
20230331,214,8,36,1,33,118.9,5830000.0,0
20230331,215,4,17,1,30,72.2,13690000.0,0
20230331,216,4,16,6,,61.8,8780000.0,0
20230331,217,5,21,1,31,19.1,7220000.0,0
20230331,218,3,11,1,29,40.5,10250000.0,0
20230331,219,3,11,1,37,73.8,7990000.0,0
20230331,220,8,38,1,34,72.0,13020000.0,0
20230331,221,7,31,3,28,35.9,6090000.0,0
20230331,222,8,36,1,28,29.7,6590000.0,0
20230331,223,1,1,3,22,15.9,8020000.0,0
20230331,224,1,4,1,39,65.9,29150000.0,0
20230331,225,1,1,6,23,6.3,7790000.0,0
20230331,226,2,6,2,33,13.3,7160000.0,0
20230331,227,2,6,4,25,62.7,7450000.0,0
20230331,228,5,24,2,33,6.1,25880000.0,0
20230331,229,7,31,1,31,108.0,7080000.0,0
20230331,230,8,37,1,27,6.7,9770000.0,0
20230331,232,3,12,1,38,97.9,16050000.0,0
20230331,233,8,36,2,54,37.6,5890000.0,0
20230331,234,7,32,2,40,157.6,10490000.0,0
20230331,235,8,36,1,23,8.0,6410000.0,0
20230331,236,6,27,1,35,77.6,11140000.0,0
20230331,237,6,27,4,27,3.5,10300000.0,0
20230331,238,7,31,1,29,16.8,6510000.0,0
20230331,239,2,7,4,31,90.7,13970000.0,0
20230331,240,8,36,6,29,44.3,6020000.0,0
20230331,241,8,36,1,53,38.8,7000000.0,0
20230331,242,8,36,1,25,38.3,6620000.0,0
20230331,243,7,31,1,35,145.9,7320000.0,0
20230331,244,3,13,6,48,70.4,18970000.0,0
20230331,245,1,1,1,31,47.1,7210000.0,0
20230331,246,8,37,1,39,88.2,10240000.0,0
20230331,247,7,31,1,29,39.1,7070000.0,0
20230331,248,5,22,1,28,39.4,13360000.0,0
20230331,250,1,1,1,29,24.9,8430000.0,0
20230331,251,1,4,1,38,74.9,34310000.0,0
20230331,252,3,11,2,29,42.0,10870000.0,0
20230331,253,8,38,6,32,38.6,15030000.0,0
20230331,254,5,21,1,25,9.0,8880000.0,0
20230331,255,1,1,3,31,108.7,6610000.0,0
20230331,256,7,31,1,29,102.9,6920000.0,0
20230331,257,3,12,1,30,32.0,14250000.0,0
20230331,258,1,2,1,30,12.7,9940000.0,0
20230331,260,8,39,1,39,124.1,24720000.0,0
20230331,261,5,21,1,29,55.4,6680000.0,0
20230331,262,7,31,1,20,6.6,7050000.0,0
20230331,263,4,16,1,23,10.0,8280000.0,0
20230331,264,1,1,6,26,11.9,5840000.0,0
20230331,265,7,33,1,32,37.9,14770000.0,0
20230331,266,4,16,1,26,10.0,9410000.0,0
20230331,267,1,2,1,29,25.2,11290000.0,0
20230331,268,7,31,6,23,20.1,6940000.0,0
20230331,269,8,36,1,54,54.5,5900000.0,0
20230331,270,3,11,1,42,110.5,9430000.0,0
20230331,271,2,6,2,25,4.4,7700000.0,0
20230331,272,4,19,1,35,22.7,39540000.0,0
20230331,273,3,12,1,34,38.7,17380000.0,0
20230331,274,7,31,5,25,24.8,6150000.0,0
20230331,275,3,11,1,30,65.3,8350000.0,0
20230331,276,8,36,1,34,53.8,5780000.0,0
20230331,277,3,11,1,25,52.1,8730000.0,0
20230331,278,3,14,1,40,58.1,37110000.0,0
20230331,279,3,11,3,30,41.5,8270000.0,0
20230331,280,2,10,1,33,30.5,42670000.0,0
20230331,281,1,2,1,26,64.0,12590000.0,0
20230331,282,1,4,1,36,16.0,26560000.0,0
20230331,283,7,31,1,24,5.6,7570000.0,0
20230331,284,7,32,5,37,83.4,9510000.0,0
20230331,285,1,1,4,22,22.8,7650000.0,0
20230331,286,1,2,1,31,71.4,11050000.0,0
20230331,287,1,1,1,34,157.6,7860000.0,0
20230331,288,6,30,1,40,6.8,47940000.0,0
20230331,289,7,32,1,29,7.0,10000000.0,0
20230331,290,3,15,1,33,15.8,62680000.0,0
20230331,291,3,13,1,37,23.6,21520000.0,0
20230331,292,7,31,2,23,31.8,6350000.0,0
20230331,293,1,2,1,27,3.1,9710000.0,0
20230331,294,2,6,1,25,6.1,6900000.0,0
20230331,295,1,1,1,21,4.9,8030000.0,0
20230331,296,1,1,4,28,51.4,6970000.0,0
20230331,297,7,33,5,31,24.1,16320000.0,0
20230331,298,8,38,1,33,33.4,16190000.0,0
20230331,299,7,31,3,53,42.7,7030000.0,0
20230331,300,4,16,5,26,24.6,7720000.0,0
20230331,301,8,37,1,27,5.3,9860000.0,0
20230331,302,1,1,1,27,11.6,7980000.0,0
20230331,303,1,1,1,31,46.0,7380000.0,0
20230331,304,7,31,1,24,49.8,6450000.0,0
20230331,305,7,31,4,24,48.0,5670000.0,0
20230331,306,1,1,6,33,11.3,8010000.0,0
20230331,307,4,17,4,28,45.2,14360000.0,0
20230331,308,6,26,3,28,32.7,7580000.0,0
20230331,309,1,1,1,21,5.3,8100000.0,0
20230331,310,4,16,1,34,110.0,9080000.0,0
20230331,311,3,13,1,36,25.1,19160000.0,0
20230331,312,7,31,2,55,30.2,6540000.0,0
20230331,313,7,32,1,33,10.6,11050000.0,0
20230331,314,3,14,1,31,21.4,38990000.0,0
20230331,316,4,19,1,37,27.9,37920000.0,0
20230331,317,2,7,1,39,51.1,10880000.0,0
20230331,318,1,1,1,25,9.6,7490000.0,0
20230331,319,8,36,1,22,15.7,6100000.0,0
20230331,320,7,33,5,24,10.3,15710000.0,0
20230331,321,1,1,1,33,120.2,7750000.0,0
20230331,322,5,22,4,23,7.6,12940000.0,0
20230331,323,1,2,1,25,5.8,10960000.0,0
20230331,324,3,14,1,39,62.3,33760000.0,0
20230331,325,1,2,3,27,13.6,11030000.0,0
20230331,327,7,32,1,31,31.5,10670000.0,0
20230331,328,7,32,1,31,5.0,10200000.0,0
20230331,329,7,32,2,32,39.2,9720000.0,0
20230331,330,1,1,2,34,157.6,7640000.0,0
20230331,331,3,12,3,30,31.5,16750000.0,0
20230331,332,8,37,4,27,4.0,9000000.0,0
20230331,333,8,36,1,26,33.1,5660000.0,0
20230331,334,8,37,6,30,31.2,11020000.0,0
20230331,335,6,26,1,24,17.0,7800000.0,0
20230331,336,1,1,1,29,40.8,8460000.0,0
20230331,337,3,12,1,24,42.1,14980000.0,0
20230331,338,8,36,1,20,5.2,5480000.0,0
20230331,339,5,21,3,27,17.0,8250000.0,0
20230331,340,8,36,5,39,157.6,7160000.0,0
20230331,341,1,1,1,25,37.1,7720000.0,0
20230331,343,7,31,3,22,30.4,7580000.0,0
20230331,344,8,37,6,34,61.8,10120000.0,0
20230331,345,3,11,1,28,33.3,8230000.0,0
20230331,346,1,1,3,23,4.1,7240000.0,0
20230331,347,8,36,2,31,130.1,7190000.0,0
20230331,348,7,32,1,43,157.6,9040000.0,0
20230331,349,7,33,4,43,66.6,12950000.0,0
20230331,350,2,7,3,28,16.5,13340000.0,0
20230331,351,6,26,1,23,34.3,7710000.0,0
20230331,352,7,32,1,27,24.3,9670000.0,0
20230331,353,1,2,1,33,73.5,11240000.0,0
20230331,354,7,31,1,30,7.8,6350000.0,0
20230331,356,8,36,1,24,32.3,5790000.0,0
20230331,357,3,12,1,32,94.6,16320000.0,0
20230331,358,5,22,1,30,49.8,11960000.0,0
20230331,359,3,13,1,29,7.9,19650000.0,0
20230331,360,7,32,4,37,124.2,10610000.0,0
20230331,361,1,3,6,34,70.1,18540000.0,0
20230331,362,8,36,1,26,41.5,6910000.0,0
20230331,363,3,12,1,44,132.7,17060000.0,0
20230331,364,7,32,3,29,14.9,9970000.0,0
20230331,365,8,37,1,54,30.2,10900000.0,0
20230331,366,8,37,4,30,20.1,10740000.0,0
20230331,367,6,27,1,30,6.3,10340000.0,0
20230331,368,1,1,1,21,3.8,6450000.0,0
20230331,369,1,3,1,35,28.4,18830000.0,0
20230331,370,4,19,1,35,6.9,28410000.0,0
20230331,371,7,33,1,42,59.6,15310000.0,0
20230331,372,1,1,1,30,35.5,7140000.0,0
20230331,373,2,8,1,35,47.5,16200000.0,0
20230331,374,1,1,5,32,74.4,8610000.0,0
20230331,375,5,22,4,37,149.7,14110000.0,0
20230331,376,3,11,4,24,21.0,9180000.0,0
20230331,377,6,28,2,43,121.2,17160000.0,0
20230331,378,1,1,2,35,101.9,8100000.0,0
20230331,379,1,1,1,28,65.3,7240000.0,0
20230331,380,3,12,5,31,20.9,11530000.0,0
20230331,381,4,18,2,43,90.7,19230000.0,0
20230331,382,3,11,4,22,19.1,8420000.0,0
20230331,383,6,27,2,31,43.0,11170000.0,0
20230331,384,3,11,1,30,72.4,9260000.0,0
20230331,385,7,33,6,21,4.6,14930000.0,0
20230331,386,2,6,1,39,105.3,8710000.0,0
20230331,387,3,11,1,25,21.2,9760000.0,0
20230331,388,7,31,1,21,5.1,6010000.0,0
20230331,389,7,31,2,29,56.7,5790000.0,0
20230331,390,3,13,1,37,53.4,20320000.0,0
20230331,391,7,32,3,30,42.4,10410000.0,0
20230331,392,8,37,1,26,28.5,11060000.0,0
20230331,393,7,31,6,24,43.9,6550000.0,0
20230331,396,1,1,1,26,21.0,6680000.0,0
20230331,397,2,7,1,25,29.1,11810000.0,0
20230331,398,3,12,1,28,12.8,11920000.0,0
20230331,399,2,6,1,35,157.6,8030000.0,0
20230331,400,7,32,3,35,30.0,8340000.0,0
20230331,401,6,29,1,34,21.3,33640000.0,0
20230331,402,3,13,3,37,76.0,21890000.0,0
20230331,403,3,12,1,36,157.6,13150000.0,0
20230331,404,7,31,6,34,134.8,6100000.0,0
20230331,405,3,12,1,31,50.2,13660000.0,0
20230331,406,3,11,2,31,24.6,8890000.0,0
20230331,407,3,12,1,40,65.7,13330000.0,0
20230331,408,3,12,4,33,101.5,13500000.0,0
20230331,409,7,33,1,40,157.6,16470000.0,0
20230331,410,8,38,1,28,28.4,13630000.0,0
20230331,412,1,1,1,28,38.7,7600000.0,0
20230331,413,8,36,3,28,5.1,5700000.0,0
20230331,414,3,11,2,36,119.0,8500000.0,0
20230331,415,3,11,5,33,93.3,9310000.0,0
20230331,416,1,1,1,30,39.3,8090000.0,0
20230331,417,7,31,2,24,4.0,6780000.0,0
20230331,418,7,31,1,34,38.1,6930000.0,0
20230331,419,8,39,1,38,51.4,25230000.0,0
20230331,420,5,21,2,31,64.8,9160000.0,0
20230331,421,1,4,1,38,65.9,23380000.0,0
20230331,422,7,32,2,55,72.7,9740000.0,0
20230331,423,4,16,5,23,27.8,8700000.0,0
20230331,424,3,11,1,21,3.5,8520000.0,0
20230331,425,1,3,3,33,21.7,15380000.0,0
20230331,426,3,14,6,35,13.5,39220000.0,0
20230331,427,1,1,6,23,8.7,8540000.0,0
20230331,428,8,39,6,36,12.6,26690000.0,0
20230331,429,7,33,1,32,28.4,15060000.0,0
20230331,430,1,4,1,41,36.0,26570000.0,0
20230331,431,3,12,2,42,125.8,14570000.0,0
20230331,432,1,4,1,39,20.0,34850000.0,0
20230331,433,7,35,1,47,109.1,44100000.0,0
20230331,435,8,36,3,20,3.5,5580000.0,0
20230331,436,3,13,3,35,37.7,21270000.0,0
20230331,437,8,36,1,28,28.5,6340000.0,0
20230331,438,1,2,2,30,51.0,12770000.0,0
20230331,439,8,37,1,33,36.6,9150000.0,0
20230331,440,7,31,3,28,16.8,6450000.0,0
20230331,442,8,36,2,27,58.9,5590000.0,0
20230331,443,2,6,1,41,157.6,6750000.0,0
20230331,444,1,1,1,26,9.2,7280000.0,0
20230331,445,1,4,1,42,120.9,26790000.0,0
20230331,446,8,36,4,23,36.7,6130000.0,0
20230331,447,4,16,1,24,24.6,9380000.0,0
20230331,448,3,12,6,36,77.0,15840000.0,0
20230331,449,1,2,6,25,19.8,10130000.0,0
20230331,450,8,38,1,37,90.7,15890000.0,0
20230331,451,8,36,3,55,35.7,7070000.0,0
20230331,452,3,12,2,30,40.8,13610000.0,0
20230331,453,8,36,2,30,33.7,7090000.0,0
20230331,454,7,34,1,39,102.9,24910000.0,0
20230331,455,4,20,6,42,27.8,63640000.0,0
20230331,456,1,1,3,53,6.0,7960000.0,0
20230331,457,7,32,3,38,101.9,10780000.0,0
20230331,458,7,31,1,25,28.1,6560000.0,0
20230331,459,7,31,1,27,22.0,5740000.0,0
20230331,460,2,7,1,31,28.7,10310000.0,0
20230331,461,4,16,1,23,2.3,10170000.0,0
20230331,462,2,6,1,23,2.7,9240000.0,0
20230331,463,5,21,1,22,2.1,7900000.0,0
20230331,464,7,31,4,20,2.4,6410000.0,0
20230331,465,8,37,2,26,2.8,8520000.0,0
20230331,466,7,31,4,26,2.6,6690000.0,0
20230331,467,3,11,2,23,2.2,10060000.0,0
20230331,469,7,31,1,24,2.8,6500000.0,0
20230331,470,1,1,1,25,2.1,7360000.0,0
20230331,471,7,32,3,31,2.1,11260000.0,0
20230331,472,2,6,1,26,2.0,7320000.0,0
20230331,473,6,26,1,24,2.3,7440000.0,0
20230331,474,6,27,1,30,2.7,11110000.0,0
20230331,475,8,37,1,29,1.2,8590000.0,0
20230331,476,7,31,1,27,1.2,6960000.0,0
20230331,477,1,1,3,21,1.5,6730000.0,0
20230331,478,3,11,4,21,1.3,7950000.0,0
20230331,479,2,6,6,32,1.5,8760000.0,0
20230331,480,5,21,6,24,1.4,7610000.0,0
20230331,481,8,36,1,24,0.2,6830000.0,1
20230331,482,7,31,3,24,0.4,5920000.0,1
20230331,483,8,37,1,29,1.0,10020000.0,1
20230331,484,6,26,1,20,1.0,6500000.0,1
20230331,485,1,1,1,23,0.8,7010000.0,1
20230331,486,1,1,2,24,0.8,7580000.0,1
20230430,1,8,36,1,30,113.5,6680000.0,0
20230430,2,7,32,1,31,45.0,9270000.0,0
20230430,3,5,21,1,29,33.1,7600000.0,0
20230430,4,7,32,1,32,63.8,10700000.0,0
20230430,5,8,36,1,29,32.2,6410000.0,0
20230430,6,1,1,1,26,21.5,8390000.0,0
20230430,7,3,11,2,30,37.1,9800000.0,0
20230430,8,5,21,2,31,22.1,7780000.0,0
20230430,9,8,36,3,30,48.8,6230000.0,0
20230430,11,8,36,6,26,12.4,6410000.0,0
20230430,12,2,6,3,34,51.7,7510000.0,0
20230430,13,2,7,2,27,50.3,10770000.0,0
20230430,15,4,16,1,24,50.0,7510000.0,0
20230430,16,1,1,5,24,17.7,7150000.0,0
20230430,17,6,26,3,22,26.5,8380000.0,0
20230430,18,8,36,1,29,57.0,7130000.0,0
20230430,19,5,24,1,45,57.1,32210000.0,0
20230430,20,8,36,1,32,115.9,7000000.0,0
20230430,21,7,31,5,25,60.6,6390000.0,0
20230430,22,1,1,3,23,26.3,7660000.0,0
20230430,23,1,2,6,32,53.3,11500000.0,0
20230430,24,8,36,1,33,68.6,6850000.0,0
20230430,25,2,8,1,38,48.3,16740000.0,0
20230430,26,8,37,4,29,71.6,11500000.0,0
20230430,27,3,14,1,34,12.1,35720000.0,0
20230430,28,2,6,1,27,57.4,7150000.0,0
20230430,29,3,12,1,30,36.0,15330000.0,0
20230430,30,1,2,3,35,31.8,13450000.0,0
20230430,31,2,6,4,,84.4,8750000.0,0
20230430,32,8,36,3,27,14.4,7220000.0,0
20230430,33,3,11,3,27,15.2,9900000.0,0
20230430,34,8,36,5,22,30.1,6620000.0,0
20230430,35,1,3,6,30,28.5,19190000.0,0
20230430,37,1,3,1,34,14.5,17880000.0,0
20230430,38,3,11,1,36,52.4,9600000.0,0
20230430,39,4,16,3,25,13.2,9240000.0,0
20230430,40,3,11,5,29,37.4,9490000.0,0
20230430,41,7,31,1,26,32.9,5740000.0,0
20230430,42,2,7,4,30,9.5,12810000.0,0
20230430,43,5,21,1,26,10.8,7270000.0,0
20230430,44,6,26,2,29,49.4,7700000.0,0
20230430,45,7,31,1,35,95.4,7860000.0,0
20230430,46,7,31,2,21,6.0,5850000.0,0
20230430,47,7,31,4,33,69.3,7580000.0,0
20230430,48,7,31,5,29,79.5,6780000.0,0
20230430,49,3,13,1,29,89.0,23430000.0,0
20230430,50,3,13,1,35,21.5,20050000.0,0
20230430,51,7,31,1,29,14.1,6550000.0,0
20230430,53,7,32,1,30,15.9,10480000.0,0
20230430,54,8,37,2,31,18.7,10890000.0,0
20230430,55,8,36,1,27,21.9,5330000.0,0
20230430,56,1,1,3,28,75.3,7160000.0,0
20230430,57,4,16,1,28,54.1,9780000.0,0
20230430,58,4,16,3,36,108.4,8280000.0,0
20230430,59,3,12,1,34,69.3,14290000.0,0
20230430,60,3,11,1,54,32.9,10040000.0,0
20230430,61,4,17,3,33,99.4,15360000.0,0
20230430,62,2,6,4,26,16.4,7390000.0,0
20230430,63,3,11,5,29,52.0,10290000.0,0
20230430,64,7,31,1,31,22.9,6990000.0,0
20230430,65,3,11,1,25,57.9,8750000.0,0
20230430,66,1,3,4,32,45.8,15000000.0,0
20230430,67,7,31,6,24,13.1,6570000.0,0
20230430,69,5,21,6,25,37.9,8200000.0,0
20230430,71,1,4,2,39,158.6,27710000.0,0
20230430,72,5,21,1,31,67.7,7420000.0,0
20230430,73,3,14,1,42,32.0,37400000.0,0
20230430,74,8,36,2,33,81.0,7110000.0,0
20230430,75,4,16,6,29,105.9,9620000.0,0
20230430,76,3,13,5,43,116.1,21820000.0,0
20230430,77,5,21,1,24,22.1,7850000.0,0
20230430,79,8,39,1,42,11.5,23580000.0,0
20230430,80,7,33,2,34,12.3,13320000.0,0
20230430,81,1,1,6,23,29.6,7720000.0,0
20230430,82,2,6,1,28,8.4,8140000.0,0
20230430,83,6,27,2,30,21.6,11290000.0,0
20230430,84,4,16,3,40,124.8,7610000.0,0
20230430,85,7,33,1,38,44.2,13230000.0,0
20230430,86,3,13,1,37,92.0,21820000.0,0
20230430,87,6,26,1,22,24.0,7530000.0,0
20230430,88,1,1,5,23,42.4,6750000.0,0
20230430,89,1,1,5,28,27.5,7080000.0,0
20230430,91,7,31,1,25,34.0,7680000.0,0
20230430,92,5,21,3,27,44.5,6910000.0,0
20230430,93,2,9,1,41,37.7,24370000.0,0
20230430,94,2,6,1,27,64.5,7780000.0,0
20230430,95,1,2,2,25,41.7,13040000.0,0
20230430,96,2,9,1,46,158.6,30810000.0,0
20230430,97,3,13,3,26,6.5,24060000.0,0
20230430,98,8,36,1,54,9.8,5990000.0,0
20230430,99,7,32,6,31,73.3,11550000.0,0
20230430,100,1,1,3,31,27.9,7640000.0,0
20230430,101,7,31,5,33,36.7,6180000.0,0
20230430,102,7,32,1,30,20.9,9740000.0,0
20230430,103,7,31,2,40,141.9,6580000.0,0
20230430,104,2,6,1,29,57.8,7650000.0,0
20230430,105,8,36,3,36,104.2,5210000.0,0
20230430,106,8,36,3,32,34.2,5480000.0,0
20230430,108,4,17,3,32,11.9,14370000.0,0
20230430,109,5,21,1,31,59.9,9150000.0,0
20230430,110,2,6,4,28,67.3,6580000.0,0
20230430,111,1,2,1,33,158.6,13470000.0,0
20230430,112,2,6,3,30,7.1,6790000.0,0
20230430,114,1,2,1,26,8.6,12090000.0,0
20230430,115,3,13,1,30,8.5,22400000.0,0
20230430,116,1,5,1,41,34.0,42990000.0,0
20230430,118,7,31,5,28,34.7,6190000.0,0
20230430,120,2,6,4,22,7.9,6790000.0,0
20230430,121,3,11,1,40,158.6,9400000.0,0
20230430,122,7,32,5,30,32.4,9960000.0,0
20230430,123,3,11,2,33,15.9,9590000.0,0
20230430,124,8,36,6,25,35.2,5500000.0,0
20230430,125,7,32,1,28,43.9,10310000.0,0
20230430,126,8,36,1,33,76.5,5670000.0,0
20230430,127,1,1,6,26,15.1,7300000.0,0
20230430,128,4,16,2,35,69.0,9920000.0,0
20230430,129,6,26,1,38,158.6,6170000.0,0
20230430,130,3,11,2,24,25.6,9850000.0,0
20230430,131,1,5,1,51,150.0,47060000.0,0
20230430,132,3,12,1,34,60.8,12790000.0,0
20230430,133,1,3,1,40,142.7,16560000.0,0
20230430,134,3,12,1,31,60.9,13660000.0,0
20230430,135,1,1,1,38,55.2,7090000.0,0
20230430,136,7,32,2,28,52.2,8370000.0,0
20230430,137,1,1,3,25,15.3,8950000.0,0
20230430,138,6,29,1,37,37.2,27100000.0,0
20230430,139,7,32,4,28,39.0,12400000.0,0
20230430,140,8,36,1,31,13.8,5720000.0,0
20230430,141,1,3,3,36,54.3,16240000.0,0
20230430,142,8,36,2,27,24.4,7480000.0,0
20230430,143,7,31,4,53,36.3,7580000.0,0
20230430,144,3,11,1,56,14.5,9120000.0,0
20230430,146,1,3,4,28,45.0,18660000.0,0
20230430,147,8,36,3,27,9.7,6030000.0,0
20230430,148,7,31,1,39,143.3,6980000.0,0
20230430,149,1,1,5,27,28.5,6520000.0,0
20230430,150,7,32,5,39,108.1,11580000.0,0
20230430,151,8,36,3,23,36.7,6910000.0,0
20230430,152,6,26,1,31,21.7,6730000.0,0
20230430,153,7,33,1,34,81.6,15160000.0,0
20230430,154,1,5,1,41,34.4,43940000.0,0
20230430,155,4,16,2,30,11.7,7210000.0,0
20230430,156,1,3,6,41,57.4,17800000.0,0
20230430,157,1,5,1,43,40.7,42250000.0,0
20230430,158,8,36,1,31,130.0,6810000.0,0
20230430,159,7,31,1,26,31.4,6150000.0,0
20230430,160,7,35,1,43,100.7,35380000.0,0
20230430,162,4,16,1,30,97.1,8300000.0,0
20230430,164,1,5,1,37,47.0,46320000.0,0
20230430,165,5,21,2,37,153.0,8980000.0,0
20230430,166,6,26,1,24,44.6,8420000.0,0
20230430,167,8,39,1,38,47.1,21990000.0,0
20230430,168,2,7,1,34,72.7,13590000.0,0
20230430,169,1,1,1,21,14.7,6730000.0,0
20230430,170,1,2,6,36,33.4,12740000.0,0
20230430,171,7,31,6,27,17.8,7540000.0,0
20230430,172,7,31,1,25,4.4,7390000.0,0
20230430,173,7,31,1,28,44.6,6870000.0,0
20230430,174,8,37,1,24,43.6,9990000.0,0
20230430,175,8,38,3,40,46.9,13630000.0,0
20230430,176,3,14,1,36,21.1,39850000.0,0
20230430,177,1,1,1,26,45.6,6610000.0,0
20230430,178,7,33,1,36,6.2,16570000.0,0
20230430,179,1,4,1,37,68.0,29660000.0,0
20230430,180,8,36,2,22,4.4,5680000.0,0
20230430,181,1,2,1,32,60.4,9940000.0,0
20230430,182,7,31,1,30,59.9,5990000.0,0
20230430,183,5,21,2,32,92.1,8710000.0,0
20230430,184,8,36,1,27,14.1,7270000.0,0
20230430,186,7,31,2,55,11.8,7760000.0,0
20230430,187,8,36,3,22,25.8,6610000.0,0
20230430,188,4,16,1,24,42.4,8850000.0,0
20230430,189,3,13,1,31,23.3,19530000.0,0
20230430,190,7,31,5,26,59.5,6720000.0,0
20230430,191,4,16,1,33,26.4,8990000.0,0
20230430,192,1,5,2,42,18.5,40550000.0,0
20230430,193,1,2,1,32,30.9,9510000.0,0
20230430,194,8,39,1,29,53.6,25290000.0,0
20230430,195,7,32,1,54,59.3,9550000.0,0
20230430,196,7,32,6,29,91.7,8940000.0,0
20230430,197,6,28,3,38,103.8,19210000.0,0
20230430,198,6,26,6,32,44.2,6520000.0,0
20230430,199,6,26,1,33,24.9,7750000.0,0
20230430,200,2,7,1,26,22.7,11740000.0,0
20230430,201,5,21,5,23,34.9,6530000.0,0
20230430,202,1,2,3,30,41.8,11410000.0,0
20230430,203,7,31,1,21,9.4,5530000.0,0
20230430,204,1,1,1,38,104.5,8320000.0,0
20230430,205,8,36,4,24,13.6,5670000.0,0
20230430,206,1,1,1,29,36.8,7670000.0,0
20230430,207,8,36,2,27,25.4,6150000.0,0
20230430,208,3,13,2,42,158.6,24080000.0,0
20230430,209,6,26,1,24,27.6,7140000.0,0
20230430,210,7,33,1,30,26.2,15710000.0,0
20230430,211,7,31,1,29,71.8,6770000.0,0
20230430,212,3,12,6,27,12.4,16620000.0,0
20230430,213,2,6,3,27,27.7,8200000.0,0
20230430,214,8,36,1,33,119.9,5830000.0,0
20230430,215,4,17,1,30,73.2,13690000.0,0
20230430,216,4,16,6,,62.8,8780000.0,0
20230430,217,5,21,1,31,20.1,7220000.0,0
20230430,218,3,11,1,29,41.5,10250000.0,0
20230430,219,3,11,1,37,74.7,7990000.0,0
20230430,220,8,38,1,34,73.0,13020000.0,0
20230430,221,7,31,3,28,36.9,6090000.0,0
20230430,222,8,36,1,28,30.7,6590000.0,0
20230430,223,1,1,3,22,16.9,8020000.0,0
20230430,224,1,4,1,39,66.9,29150000.0,0
20230430,225,1,1,6,23,7.3,7790000.0,0
20230430,226,2,6,2,34,14.3,7160000.0,0
20230430,227,2,6,4,25,63.7,7450000.0,0
20230430,228,5,24,2,33,7.1,25880000.0,0
20230430,229,7,31,1,31,109.0,7080000.0,0
20230430,230,8,37,1,27,7.7,9770000.0,0
20230430,232,3,12,1,38,98.9,16050000.0,0
20230430,233,8,36,2,54,38.6,5890000.0,0
20230430,234,7,32,2,40,158.6,10490000.0,0
20230430,235,8,36,1,23,9.0,6410000.0,0
20230430,236,6,27,1,35,78.6,11140000.0,0
20230430,237,6,27,4,27,4.5,10300000.0,0
20230430,238,7,31,1,29,17.8,6510000.0,0
20230430,239,2,7,4,32,91.7,13970000.0,0
20230430,240,8,36,6,29,45.2,6020000.0,0
20230430,241,8,36,1,53,39.8,7000000.0,0
20230430,242,8,36,1,25,39.3,6620000.0,0
20230430,243,7,31,1,35,146.9,7320000.0,0
20230430,244,3,13,6,48,71.4,18970000.0,0
20230430,245,1,1,1,31,48.1,7210000.0,0
20230430,246,8,37,1,39,89.2,10240000.0,0
20230430,247,7,31,1,29,40.0,7070000.0,0
20230430,248,5,22,1,28,40.3,13360000.0,0
20230430,250,1,1,1,30,25.9,8430000.0,0
20230430,251,1,4,1,38,75.9,34310000.0,0
20230430,252,3,11,2,29,43.0,10870000.0,0
20230430,253,8,38,6,32,39.6,15030000.0,0
20230430,254,5,21,1,26,10.0,8880000.0,0
20230430,255,1,1,3,31,109.7,6610000.0,0
20230430,256,7,31,1,29,103.9,6920000.0,0
20230430,257,3,12,1,30,33.0,14250000.0,0
20230430,258,1,2,1,31,13.7,9940000.0,0
20230430,260,8,39,1,39,125.1,24720000.0,0
20230430,261,5,21,1,29,56.4,6680000.0,0
20230430,262,7,31,1,20,7.6,7050000.0,0
20230430,263,4,16,1,23,10.9,8280000.0,0
20230430,264,1,1,6,26,12.9,5840000.0,0
20230430,265,7,33,1,32,38.9,14770000.0,0
20230430,266,4,16,1,26,11.0,9410000.0,0
20230430,267,1,2,1,29,26.2,11290000.0,0
20230430,268,7,31,6,23,21.1,6940000.0,0
20230430,270,3,11,1,42,111.5,9430000.0,0
20230430,271,2,6,2,25,5.4,7700000.0,0
20230430,272,4,19,1,36,23.7,39540000.0,0
20230430,273,3,12,1,34,39.7,17380000.0,0
20230430,274,7,31,5,25,25.8,6150000.0,0
20230430,276,8,36,1,34,54.8,5780000.0,0
20230430,277,3,11,1,25,53.1,8730000.0,0
20230430,278,3,14,1,40,59.1,37110000.0,0
20230430,279,3,11,3,30,42.4,8270000.0,0
20230430,280,2,10,1,33,31.5,42670000.0,0
20230430,282,1,4,1,36,17.0,26560000.0,0
20230430,283,7,31,1,24,6.6,7570000.0,0
20230430,284,7,32,5,37,84.3,9510000.0,0
20230430,285,1,1,4,22,23.8,7650000.0,0
20230430,286,1,2,1,31,72.4,11050000.0,0
20230430,287,1,1,1,34,158.6,7860000.0,0
20230430,288,6,30,1,40,7.8,47940000.0,0
20230430,289,7,32,1,29,8.0,10000000.0,0
20230430,290,3,15,1,33,16.8,62680000.0,0
20230430,291,3,13,1,37,24.6,21520000.0,0
20230430,292,7,31,2,23,32.8,6350000.0,0
20230430,293,1,2,1,27,4.1,9710000.0,0
20230430,294,2,6,1,25,7.1,6900000.0,0
20230430,295,1,1,1,21,5.9,8030000.0,0
20230430,296,1,1,4,28,52.4,6970000.0,0
20230430,297,7,33,5,31,25.1,16320000.0,0
20230430,298,8,38,1,34,34.4,16190000.0,0
20230430,299,7,31,3,53,43.7,7030000.0,0
20230430,300,4,16,5,27,25.6,7720000.0,0
20230430,301,8,37,1,27,6.3,9860000.0,0
20230430,302,1,1,1,27,12.6,7980000.0,0
20230430,303,1,1,1,31,47.0,7380000.0,0
20230430,304,7,31,1,24,50.8,6450000.0,0
20230430,305,7,31,4,24,49.0,5670000.0,0
20230430,306,1,1,6,33,12.3,8010000.0,0
20230430,307,4,17,4,28,46.2,14360000.0,0
20230430,308,6,26,3,29,33.7,7580000.0,0
20230430,309,1,1,1,21,6.2,8100000.0,0
20230430,310,4,16,1,34,110.9,9080000.0,0
20230430,311,3,13,1,36,26.1,19160000.0,0
20230430,312,7,31,2,55,31.1,6540000.0,0
20230430,313,7,32,1,33,11.6,11050000.0,0
20230430,314,3,14,1,32,22.4,38990000.0,0
20230430,316,4,19,1,37,28.9,37920000.0,0
20230430,317,2,7,1,39,52.1,10880000.0,0
20230430,318,1,1,1,26,10.5,7490000.0,0
20230430,319,8,36,1,22,16.7,6100000.0,0
20230430,320,7,33,5,24,11.3,15710000.0,0
20230430,321,1,1,1,33,121.2,7750000.0,0
20230430,322,5,22,4,23,8.6,12940000.0,0
20230430,323,1,2,1,25,6.8,10960000.0,0
20230430,324,3,14,1,40,63.3,33760000.0,0
20230430,325,1,2,3,27,14.6,11030000.0,0
20230430,327,7,32,1,31,32.5,10670000.0,0
20230430,328,7,32,1,31,6.0,10200000.0,0
20230430,329,7,32,2,32,40.1,9720000.0,0
20230430,330,1,1,2,34,158.6,7640000.0,0
20230430,331,3,12,3,30,32.5,16750000.0,0
20230430,332,8,37,4,27,5.0,9000000.0,0
20230430,333,8,36,1,26,34.1,5660000.0,0
20230430,334,8,37,6,30,32.2,11020000.0,0
20230430,335,6,26,1,25,18.0,7800000.0,0
20230430,336,1,1,1,29,41.8,8460000.0,0
20230430,337,3,12,1,24,43.1,14980000.0,0
20230430,338,8,36,1,20,6.1,5480000.0,0
20230430,339,5,21,3,27,17.9,8250000.0,0
20230430,340,8,36,5,39,158.6,7160000.0,0
20230430,341,1,1,1,25,38.1,7720000.0,0
20230430,343,7,31,3,22,31.4,7580000.0,0
20230430,344,8,37,6,34,62.8,10120000.0,0
20230430,345,3,11,1,28,34.3,8230000.0,0
20230430,346,1,1,3,23,5.1,7240000.0,0
20230430,347,8,36,2,31,131.1,7190000.0,0
20230430,348,7,32,1,43,158.6,9040000.0,0
20230430,349,7,33,4,43,67.6,12950000.0,0
20230430,350,2,7,3,28,17.4,13340000.0,0
20230430,351,6,26,1,23,35.3,7710000.0,0
20230430,352,7,32,1,27,25.3,9670000.0,0
20230430,353,1,2,1,33,74.4,11240000.0,0
20230430,354,7,31,1,30,8.8,6350000.0,0
20230430,356,8,36,1,24,33.2,5790000.0,0
20230430,357,3,12,1,32,95.6,16320000.0,0
20230430,358,5,22,1,30,50.8,11960000.0,0
20230430,359,3,13,1,29,8.9,19650000.0,0
20230430,360,7,32,4,37,125.1,10610000.0,0
20230430,361,1,3,6,34,71.1,18540000.0,0
20230430,362,8,36,1,26,42.4,6910000.0,0
20230430,363,3,12,1,44,133.7,17060000.0,0
20230430,364,7,32,3,29,15.9,9970000.0,0
20230430,365,8,37,1,55,31.2,10900000.0,0
20230430,366,8,37,4,30,21.1,10740000.0,0
20230430,367,6,27,1,30,7.3,10340000.0,0
20230430,368,1,1,1,22,4.8,6450000.0,0
20230430,369,1,3,1,35,29.4,18830000.0,0
20230430,370,4,19,1,35,7.9,28410000.0,0
20230430,372,1,1,1,30,36.5,7140000.0,0
20230430,373,2,8,1,36,48.5,16200000.0,0
20230430,374,1,1,5,32,75.4,8610000.0,0
20230430,375,5,22,4,38,150.7,14110000.0,0
20230430,376,3,11,4,24,22.0,9180000.0,0
20230430,377,6,28,2,43,122.2,17160000.0,0
20230430,378,1,1,2,35,102.9,8100000.0,0
20230430,379,1,1,1,28,66.3,7240000.0,0
20230430,380,3,12,5,31,21.8,11530000.0,0
20230430,381,4,18,2,43,91.7,19230000.0,0
20230430,382,3,11,4,22,20.1,8420000.0,0
20230430,383,6,27,2,31,44.0,11170000.0,0
20230430,384,3,11,1,30,73.4,9260000.0,0
20230430,385,7,33,6,21,5.6,14930000.0,0
20230430,386,2,6,1,39,106.3,8710000.0,0
20230430,387,3,11,1,25,22.2,9760000.0,0
20230430,388,7,31,1,22,6.0,6010000.0,0
20230430,389,7,31,2,29,57.7,5790000.0,0
20230430,390,3,13,1,37,54.4,20320000.0,0
20230430,391,7,32,3,30,43.4,10410000.0,0
20230430,392,8,37,1,26,29.5,11060000.0,0
20230430,393,7,31,6,24,44.9,6550000.0,0
20230430,396,1,1,1,26,22.0,6680000.0,0
20230430,397,2,7,1,25,30.1,11810000.0,0
20230430,398,3,12,1,28,13.8,11920000.0,0
20230430,399,2,6,1,35,158.6,8030000.0,0
20230430,400,7,32,3,35,31.0,8340000.0,0
20230430,401,6,29,1,34,22.3,33640000.0,0
20230430,402,3,13,3,37,76.9,21890000.0,0
20230430,403,3,12,1,36,158.6,13150000.0,0
20230430,404,7,31,6,35,135.8,6100000.0,0
20230430,405,3,12,1,31,51.2,13660000.0,0
20230430,406,3,11,2,31,25.6,8890000.0,0
20230430,407,3,12,1,40,66.7,13330000.0,0
20230430,408,3,12,4,34,102.4,13500000.0,0
20230430,409,7,33,1,41,158.6,16470000.0,0
20230430,410,8,38,1,28,29.4,13630000.0,0
20230430,412,1,1,1,28,39.7,7600000.0,0
20230430,413,8,36,3,28,6.1,5700000.0,0
20230430,414,3,11,2,36,120.0,8500000.0,0
20230430,415,3,11,5,33,94.3,9310000.0,0
20230430,416,1,1,1,30,40.2,8090000.0,0
20230430,417,7,31,2,24,5.0,6780000.0,0
20230430,418,7,31,1,34,39.1,6930000.0,0
20230430,419,8,39,1,38,52.3,25230000.0,0
20230430,420,5,21,2,31,65.7,9160000.0,0
20230430,421,1,4,1,38,66.9,23380000.0,0
20230430,422,7,32,2,55,73.7,9740000.0,0
20230430,423,4,16,5,23,28.7,8700000.0,0
20230430,424,3,11,1,21,4.5,8520000.0,0
20230430,425,1,3,3,33,22.7,15380000.0,0
20230430,426,3,14,6,35,14.5,39220000.0,0
20230430,427,1,1,6,23,9.7,8540000.0,0
20230430,428,8,39,6,36,13.6,26690000.0,0
20230430,429,7,33,1,32,29.4,15060000.0,0
20230430,430,1,4,1,41,37.0,26570000.0,0
20230430,431,3,12,2,42,126.8,14570000.0,0
20230430,432,1,4,1,39,21.0,34850000.0,0
20230430,433,7,35,1,47,110.1,44100000.0,0
20230430,435,8,36,3,20,4.5,5580000.0,0
20230430,436,3,13,3,35,38.7,21270000.0,0
20230430,437,8,36,1,28,29.5,6340000.0,0
20230430,438,1,2,2,30,52.0,12770000.0,0
20230430,439,8,37,1,33,37.6,9150000.0,0
20230430,440,7,31,3,28,17.8,6450000.0,0
20230430,442,8,36,2,27,59.9,5590000.0,0
20230430,443,2,6,1,41,158.6,6750000.0,0
20230430,444,1,1,1,26,10.2,7280000.0,0
20230430,445,1,4,1,42,121.9,26790000.0,0
20230430,446,8,36,4,23,37.7,6130000.0,0
20230430,447,4,16,1,24,25.6,9380000.0,0
20230430,448,3,12,6,36,78.0,15840000.0,0
20230430,449,1,2,6,26,20.8,10130000.0,0
20230430,450,8,38,1,37,91.7,15890000.0,0
20230430,452,3,12,2,30,41.8,13610000.0,0
20230430,453,8,36,2,30,34.7,7090000.0,0
20230430,454,7,34,1,39,103.9,24910000.0,0
20230430,455,4,20,6,42,28.7,63640000.0,0
20230430,456,1,1,3,54,7.0,7960000.0,0
20230430,457,7,32,3,38,102.9,10780000.0,0
20230430,458,7,31,1,25,29.0,6560000.0,0
20230430,459,7,31,1,27,23.0,5740000.0,0
20230430,460,2,7,1,31,29.7,10310000.0,0
20230430,461,4,16,1,23,3.3,10170000.0,0
20230430,462,2,6,1,23,3.6,9240000.0,0
20230430,463,5,21,1,22,3.1,7900000.0,0
20230430,464,7,31,4,21,3.4,6410000.0,0
20230430,465,8,37,2,26,3.8,8520000.0,0
20230430,466,7,31,4,26,3.5,6690000.0,0
20230430,467,3,11,2,23,3.2,10060000.0,0
20230430,469,7,31,1,24,3.7,6500000.0,0
20230430,470,1,1,1,25,3.1,7360000.0,0
20230430,471,7,32,3,31,3.1,11260000.0,0
20230430,472,2,6,1,26,3.0,7320000.0,0
20230430,473,6,26,1,24,3.3,7440000.0,0
20230430,474,6,27,1,30,3.7,11110000.0,0
20230430,475,8,37,1,29,2.2,8590000.0,0
20230430,476,7,31,1,27,2.2,6960000.0,0
20230430,477,1,1,3,21,2.5,6730000.0,0
20230430,478,3,11,4,21,2.3,7950000.0,0
20230430,479,2,6,6,32,2.5,8760000.0,0
20230430,480,5,21,6,25,2.4,7610000.0,0
20230430,481,8,36,1,24,1.2,6830000.0,0
20230430,482,7,31,3,25,1.4,5920000.0,0
20230430,483,8,37,1,29,2.0,10020000.0,0
20230430,484,6,26,1,20,2.0,6500000.0,0
20230430,485,1,1,1,23,1.8,7010000.0,0
20230430,486,1,1,2,24,1.8,7580000.0,0
20230430,487,1,1,1,23,0.9,6680000.0,1
20230430,488,7,31,1,28,0.3,6050000.0,1
20230430,489,8,36,1,27,0.8,6730000.0,1
20230430,490,3,11,4,20,0.1,9340000.0,1
20230430,491,8,36,3,26,0.8,6290000.0,1
20230430,492,8,36,5,20,0.7,5880000.0,1
20230430,493,3,11,1,20,0.4,8360000.0,1
20230430,494,4,19,2,40,0.6,39020000.0,1
20230430,495,3,11,2,22,0.4,9230000.0,1
20230430,496,7,31,2,,0.9,6400000.0,1
20230430,497,8,36,1,26,0.8,6440000.0,1
20230430,498,7,32,6,25,1.0,9350000.0,1
20230430,499,1,2,5,21,0.5,12560000.0,1
20230430,500,2,6,2,25,0.7,7270000.0,1
20230430,501,8,36,4,30,0.2,5190000.0,1
20230430,502,1,1,6,20,0.1,6300000.0,1
20230430,503,3,11,3,20,0.5,7890000.0,1
20230430,504,7,31,3,26,0.7,6450000.0,1
20230430,505,2,7,3,28,0.2,11370000.0,1
20230430,506,3,12,1,32,0.8,12860000.0,1
20230430,507,2,6,1,20,0.7,8840000.0,1
20230430,508,7,33,1,32,0.9,16460000.0,1
20230430,509,7,31,1,25,0.0,6010000.0,1
20230531,1,8,36,1,30,114.5,6680000.0,0
20230531,2,7,32,1,31,46.0,9270000.0,0
20230531,3,5,21,1,29,34.2,7600000.0,0
20230531,4,7,32,1,32,64.9,10700000.0,0
20230531,5,8,36,1,29,33.2,6410000.0,0
20230531,6,1,1,1,26,22.5,8390000.0,0
20230531,7,3,11,2,31,38.1,9800000.0,0
20230531,8,5,21,2,31,23.2,7780000.0,0
20230531,9,8,36,3,30,49.8,6230000.0,0
20230531,11,8,36,6,26,13.4,6410000.0,0
20230531,12,2,6,3,34,52.8,7510000.0,0
20230531,13,2,7,2,27,51.3,10770000.0,0
20230531,15,4,16,1,24,51.0,7510000.0,0
20230531,16,1,1,5,24,18.7,7150000.0,0
20230531,17,6,26,3,22,27.6,8380000.0,0
20230531,18,8,36,1,30,58.1,7130000.0,0
20230531,19,5,24,1,45,58.1,32210000.0,0
20230531,20,8,36,1,33,116.9,7000000.0,0
20230531,21,7,31,5,25,61.6,6390000.0,0
20230531,22,1,1,3,23,27.4,7660000.0,0
20230531,23,1,2,6,32,54.3,11500000.0,0
20230531,24,8,36,1,33,69.6,6850000.0,0
20230531,25,2,8,1,38,49.3,16740000.0,0
20230531,26,8,37,4,29,72.6,11500000.0,0
20230531,27,3,14,1,34,13.1,35720000.0,0
20230531,28,2,6,1,27,58.4,7150000.0,0
20230531,29,3,12,1,30,37.1,15330000.0,0
20230531,30,1,2,3,35,32.8,13450000.0,0
20230531,31,2,6,4,,85.4,8750000.0,0
20230531,32,8,36,3,27,15.4,7220000.0,0
20230531,33,3,11,3,27,16.3,9900000.0,0
20230531,34,8,36,5,22,31.1,6620000.0,0
20230531,35,1,3,6,31,29.5,19190000.0,0
20230531,37,1,3,1,34,15.5,17880000.0,0
20230531,38,3,11,1,36,53.4,9600000.0,0
20230531,39,4,16,3,25,14.2,9240000.0,0
20230531,40,3,11,5,29,38.4,9490000.0,0
20230531,41,7,31,1,26,33.9,5740000.0,0
20230531,42,2,7,4,30,10.5,12810000.0,0
20230531,43,5,21,1,26,11.9,7270000.0,0
20230531,44,6,26,2,29,50.4,7700000.0,0
20230531,45,7,31,1,35,96.4,7860000.0,0
20230531,46,7,31,2,21,7.0,5850000.0,0
20230531,47,7,31,4,33,70.3,7580000.0,0
20230531,48,7,31,5,29,80.6,6780000.0,0
20230531,49,3,13,1,29,90.0,23430000.0,0
20230531,50,3,13,1,36,22.5,20050000.0,0
20230531,51,7,31,1,29,15.1,6550000.0,0
20230531,53,7,32,1,30,16.9,10480000.0,0
20230531,54,8,37,2,31,19.7,10890000.0,0
20230531,55,8,36,1,27,22.9,5330000.0,0
20230531,56,1,1,3,28,76.3,7160000.0,0
20230531,57,4,16,1,28,55.2,9780000.0,0
20230531,58,4,16,3,36,109.4,8280000.0,0
20230531,59,3,12,1,34,70.3,14290000.0,0
20230531,60,3,11,1,55,33.9,10040000.0,0
20230531,61,4,17,3,33,100.4,15360000.0,0
20230531,62,2,6,4,26,17.4,7390000.0,0
20230531,63,3,11,5,29,53.0,10290000.0,0
20230531,64,7,31,1,31,24.0,6990000.0,0
20230531,65,3,11,1,25,58.9,8750000.0,0
20230531,66,1,3,4,32,46.8,15000000.0,0
20230531,67,7,31,6,24,14.1,6570000.0,0
20230531,69,5,21,6,25,38.9,8200000.0,0
20230531,71,1,4,2,39,159.6,27710000.0,0
20230531,72,5,21,1,31,68.8,7420000.0,0
20230531,73,3,14,1,42,33.1,37400000.0,0
20230531,74,8,36,2,33,82.0,7110000.0,0
20230531,75,4,16,6,29,106.9,9620000.0,0
20230531,76,3,13,5,43,117.1,21820000.0,0
20230531,77,5,21,1,24,23.2,7850000.0,0
20230531,79,8,39,1,42,12.5,23580000.0,0
20230531,80,7,33,2,34,13.3,13320000.0,0
20230531,81,1,1,6,23,30.7,7720000.0,0
20230531,82,2,6,1,28,9.4,8140000.0,0
20230531,83,6,27,2,30,22.6,11290000.0,0
20230531,84,4,16,3,40,125.9,7610000.0,0
20230531,85,7,33,1,38,45.2,13230000.0,0
20230531,86,3,13,1,37,93.0,21820000.0,0
20230531,87,6,26,1,22,25.0,7530000.0,0
20230531,88,1,1,5,23,43.4,6750000.0,0
20230531,89,1,1,5,28,28.5,7080000.0,0
20230531,91,7,31,1,25,35.0,7680000.0,0
20230531,92,5,21,3,27,45.5,6910000.0,0
20230531,93,2,9,1,41,38.7,24370000.0,0
20230531,94,2,6,1,27,65.5,7780000.0,0
20230531,95,1,2,2,25,42.7,13040000.0,0
20230531,96,2,9,1,46,159.6,30810000.0,0
20230531,97,3,13,3,26,7.5,24060000.0,0
20230531,98,8,36,1,54,10.8,5990000.0,0
20230531,99,7,32,6,32,74.3,11550000.0,0
20230531,100,1,1,3,31,28.9,7640000.0,0
20230531,101,7,31,5,33,37.7,6180000.0,0
20230531,102,7,32,1,30,21.9,9740000.0,0
20230531,103,7,31,2,40,142.9,6580000.0,0
20230531,104,2,6,1,30,58.8,7650000.0,0
20230531,105,8,36,3,36,105.2,5210000.0,0
20230531,106,8,36,3,33,35.2,5480000.0,0
20230531,108,4,17,3,32,12.9,14370000.0,0
20230531,109,5,21,1,31,60.9,9150000.0,0
20230531,110,2,6,4,28,68.3,6580000.0,0
20230531,111,1,2,1,33,159.6,13470000.0,0
20230531,112,2,6,3,30,8.1,6790000.0,0
20230531,114,1,2,1,26,9.7,12090000.0,0
20230531,115,3,13,1,31,9.5,22400000.0,0
20230531,116,1,5,1,41,35.0,42990000.0,0
20230531,118,7,31,5,28,35.7,6190000.0,0
20230531,120,2,6,4,22,8.9,6790000.0,0
20230531,121,3,11,1,40,159.6,9400000.0,0
20230531,122,7,32,5,31,33.4,9960000.0,0
20230531,123,3,11,2,33,16.9,9590000.0,0
20230531,124,8,36,6,25,36.2,5500000.0,0
20230531,125,7,32,1,28,44.9,10310000.0,0
20230531,126,8,36,1,33,77.5,5670000.0,0
20230531,127,1,1,6,26,16.1,7300000.0,0
20230531,128,4,16,2,35,70.0,9920000.0,0
20230531,129,6,26,1,38,159.6,6170000.0,0
20230531,130,3,11,2,24,26.6,9850000.0,0
20230531,131,1,5,1,51,151.0,47060000.0,0
20230531,132,3,12,1,34,61.8,12790000.0,0
20230531,133,1,3,1,40,143.7,16560000.0,0
20230531,134,3,12,1,31,61.9,13660000.0,0
20230531,135,1,1,1,38,56.2,7090000.0,0
20230531,136,7,32,2,28,53.2,8370000.0,0
20230531,137,1,1,3,25,16.3,8950000.0,0
20230531,138,6,29,1,37,38.2,27100000.0,0
20230531,139,7,32,4,28,40.0,12400000.0,0
20230531,140,8,36,1,31,14.9,5720000.0,0
20230531,141,1,3,3,36,55.3,16240000.0,0
20230531,142,8,36,2,27,25.4,7480000.0,0
20230531,143,7,31,4,53,37.4,7580000.0,0
20230531,146,1,3,4,28,46.1,18660000.0,0
20230531,147,8,36,3,27,10.7,6030000.0,0
20230531,148,7,31,1,39,144.4,6980000.0,0
20230531,149,1,1,5,27,29.5,6520000.0,0
20230531,150,7,32,5,39,109.1,11580000.0,0
20230531,151,8,36,3,23,37.7,6910000.0,0
20230531,152,6,26,1,31,22.7,6730000.0,0
20230531,153,7,33,1,34,82.6,15160000.0,0
20230531,154,1,5,1,42,35.4,43940000.0,0
20230531,155,4,16,2,30,12.7,7210000.0,0
20230531,156,1,3,6,41,58.4,17800000.0,0
20230531,157,1,5,1,43,41.8,42250000.0,0
20230531,158,8,36,1,31,131.0,6810000.0,0
20230531,159,7,31,1,26,32.5,6150000.0,0
20230531,160,7,35,1,43,101.7,35380000.0,0
20230531,162,4,16,1,30,98.1,8300000.0,0
20230531,164,1,5,1,37,48.0,46320000.0,0
20230531,165,5,21,2,37,154.0,8980000.0,0
20230531,166,6,26,1,24,45.6,8420000.0,0
20230531,167,8,39,1,38,48.1,21990000.0,0
20230531,168,2,7,1,34,73.7,13590000.0,0
20230531,169,1,1,1,21,15.7,6730000.0,0
20230531,170,1,2,6,36,34.5,12740000.0,0
20230531,171,7,31,6,28,18.8,7540000.0,0
20230531,172,7,31,1,25,5.4,7390000.0,0
20230531,173,7,31,1,29,45.7,6870000.0,0
20230531,174,8,37,1,24,44.6,9990000.0,0
20230531,175,8,38,3,40,47.9,13630000.0,0
20230531,176,3,14,1,36,22.1,39850000.0,0
20230531,177,1,1,1,26,46.6,6610000.0,0
20230531,178,7,33,1,36,7.3,16570000.0,0
20230531,179,1,4,1,37,69.0,29660000.0,0
20230531,180,8,36,2,22,5.5,5680000.0,0
20230531,181,1,2,1,32,61.4,9940000.0,0
20230531,182,7,31,1,30,60.9,5990000.0,0
20230531,183,5,21,2,32,93.1,8710000.0,0
20230531,184,8,36,1,27,15.1,7270000.0,0
20230531,186,7,31,2,55,12.8,7760000.0,0
20230531,187,8,36,3,22,26.8,6610000.0,0
20230531,188,4,16,1,24,43.4,8850000.0,0
20230531,189,3,13,1,31,24.3,19530000.0,0
20230531,190,7,31,5,26,60.5,6720000.0,0
20230531,191,4,16,1,33,27.4,8990000.0,0
20230531,192,1,5,2,42,19.5,40550000.0,0
20230531,193,1,2,1,32,32.0,9510000.0,0
20230531,194,8,39,1,29,54.6,25290000.0,0
20230531,195,7,32,1,55,60.3,9550000.0,0
20230531,196,7,32,6,29,92.7,8940000.0,0
20230531,197,6,28,3,38,104.8,19210000.0,0
20230531,198,6,26,6,32,45.2,6520000.0,0
20230531,199,6,26,1,33,25.9,7750000.0,0
20230531,200,2,7,1,26,23.7,11740000.0,0
20230531,201,5,21,5,23,35.9,6530000.0,0
20230531,202,1,2,3,30,42.8,11410000.0,0
20230531,203,7,31,1,21,10.4,5530000.0,0
20230531,204,1,1,1,38,105.5,8320000.0,0
20230531,205,8,36,4,25,14.6,5670000.0,0
20230531,206,1,1,1,30,37.8,7670000.0,0
20230531,207,8,36,2,28,26.4,6150000.0,0
20230531,208,3,13,2,42,159.6,24080000.0,0
20230531,209,6,26,1,24,28.6,7140000.0,0
20230531,210,7,33,1,30,27.2,15710000.0,0
20230531,211,7,31,1,29,72.8,6770000.0,0
20230531,212,3,12,6,27,13.4,16620000.0,0
20230531,213,2,6,3,27,28.7,8200000.0,0
20230531,214,8,36,1,33,120.9,5830000.0,0
20230531,215,4,17,1,30,74.2,13690000.0,0
20230531,216,4,16,6,,63.8,8780000.0,0
20230531,217,5,21,1,31,21.1,7220000.0,0
20230531,218,3,11,1,29,42.5,10250000.0,0
20230531,219,3,11,1,37,75.8,7990000.0,0
20230531,220,8,38,1,34,74.0,13020000.0,0
20230531,221,7,31,3,28,37.9,6090000.0,0
20230531,222,8,36,1,28,31.7,6590000.0,0
20230531,223,1,1,3,22,17.9,8020000.0,0
20230531,224,1,4,1,39,67.9,29150000.0,0
20230531,225,1,1,6,23,8.3,7790000.0,0
20230531,226,2,6,2,34,15.3,7160000.0,0
20230531,227,2,6,4,25,64.7,7450000.0,0
20230531,228,5,24,2,34,8.1,25880000.0,0
20230531,229,7,31,1,31,110.0,7080000.0,0
20230531,230,8,37,1,27,8.7,9770000.0,0
20230531,232,3,12,1,38,99.9,16050000.0,0
20230531,233,8,36,2,54,39.6,5890000.0,0
20230531,234,7,32,2,40,159.6,10490000.0,0
20230531,236,6,27,1,35,79.6,11140000.0,0
20230531,237,6,27,4,28,5.6,10300000.0,0
20230531,238,7,31,1,29,18.8,6510000.0,0
20230531,239,2,7,4,32,92.7,13970000.0,0
20230531,240,8,36,6,29,46.3,6020000.0,0
20230531,241,8,36,1,53,40.8,7000000.0,0
20230531,242,8,36,1,25,40.3,6620000.0,0
20230531,243,7,31,1,35,147.9,7320000.0,0
20230531,244,3,13,6,48,72.4,18970000.0,0
20230531,245,1,1,1,31,49.1,7210000.0,0
20230531,246,8,37,1,39,90.2,10240000.0,0
20230531,247,7,31,1,29,41.1,7070000.0,0
20230531,248,5,22,1,28,41.4,13360000.0,0
20230531,250,1,1,1,30,26.9,8430000.0,0
20230531,251,1,4,1,38,76.9,34310000.0,0
20230531,252,3,11,2,29,44.0,10870000.0,0
20230531,253,8,38,6,33,40.6,15030000.0,0
20230531,254,5,21,1,26,11.0,8880000.0,0
20230531,255,1,1,3,31,110.8,6610000.0,0
20230531,256,7,31,1,29,104.9,6920000.0,0
20230531,257,3,12,1,30,34.0,14250000.0,0
20230531,258,1,2,1,31,14.7,9940000.0,0
20230531,260,8,39,1,39,126.1,24720000.0,0
20230531,261,5,21,1,29,57.4,6680000.0,0
20230531,262,7,31,1,20,8.6,7050000.0,0
20230531,263,4,16,1,23,12.0,8280000.0,0
20230531,264,1,1,6,26,13.9,5840000.0,0
20230531,265,7,33,1,33,40.0,14770000.0,0
20230531,266,4,16,1,26,12.0,9410000.0,0
20230531,267,1,2,1,30,27.2,11290000.0,0
20230531,268,7,31,6,23,22.1,6940000.0,0
20230531,270,3,11,1,42,112.5,9430000.0,0
20230531,271,2,6,2,25,6.4,7700000.0,0
20230531,272,4,19,1,36,24.7,39540000.0,0
20230531,273,3,12,1,34,40.7,17380000.0,0
20230531,274,7,31,5,25,26.8,6150000.0,0
20230531,276,8,36,1,34,55.8,5780000.0,0
20230531,277,3,11,1,25,54.1,8730000.0,0
20230531,278,3,14,1,40,60.1,37110000.0,0
20230531,279,3,11,3,30,43.5,8270000.0,0
20230531,280,2,10,1,33,32.5,42670000.0,0
20230531,282,1,4,1,36,18.0,26560000.0,0
20230531,283,7,31,1,24,7.6,7570000.0,0
20230531,284,7,32,5,37,85.4,9510000.0,0
20230531,285,1,1,4,22,24.8,7650000.0,0
20230531,286,1,2,1,31,73.4,11050000.0,0
20230531,287,1,1,1,34,159.6,7860000.0,0
20230531,288,6,30,1,40,8.8,47940000.0,0
20230531,289,7,32,1,29,9.0,10000000.0,0
20230531,290,3,15,1,33,17.8,62680000.0,0
20230531,291,3,13,1,37,25.6,21520000.0,0
20230531,292,7,31,2,23,33.8,6350000.0,0
20230531,293,1,2,1,27,5.1,9710000.0,0
20230531,294,2,6,1,25,8.1,6900000.0,0
20230531,295,1,1,1,21,6.9,8030000.0,0
20230531,296,1,1,4,28,53.4,6970000.0,0
20230531,297,7,33,5,31,26.1,16320000.0,0
20230531,298,8,38,1,34,35.4,16190000.0,0
20230531,299,7,31,3,54,44.7,7030000.0,0
20230531,300,4,16,5,27,26.6,7720000.0,0
20230531,301,8,37,1,27,7.3,9860000.0,0
20230531,302,1,1,1,27,13.6,7980000.0,0
20230531,303,1,1,1,31,48.0,7380000.0,0
20230531,304,7,31,1,24,51.8,6450000.0,0
20230531,305,7,31,4,24,50.0,5670000.0,0
20230531,306,1,1,6,33,13.3,8010000.0,0
20230531,307,4,17,4,28,47.2,14360000.0,0
20230531,308,6,26,3,29,34.7,7580000.0,0
20230531,309,1,1,1,21,7.3,8100000.0,0
20230531,310,4,16,1,34,112.0,9080000.0,0
20230531,311,3,13,1,36,27.1,19160000.0,0
20230531,312,7,31,2,55,32.2,6540000.0,0
20230531,313,7,32,1,33,12.6,11050000.0,0
20230531,314,3,14,1,32,23.4,38990000.0,0
20230531,316,4,19,1,38,29.9,37920000.0,0
20230531,317,2,7,1,39,53.1,10880000.0,0
20230531,318,1,1,1,26,11.6,7490000.0,0
20230531,319,8,36,1,22,17.7,6100000.0,0
20230531,320,7,33,5,24,12.3,15710000.0,0
20230531,321,1,1,1,33,122.2,7750000.0,0
20230531,322,5,22,4,23,9.6,12940000.0,0
20230531,323,1,2,1,25,7.8,10960000.0,0
20230531,324,3,14,1,40,64.3,33760000.0,0
20230531,325,1,2,3,27,15.6,11030000.0,0
20230531,327,7,32,1,31,33.5,10670000.0,0
20230531,328,7,32,1,31,7.0,10200000.0,0
20230531,329,7,32,2,32,41.2,9720000.0,0
20230531,330,1,1,2,34,159.6,7640000.0,0
20230531,331,3,12,3,30,33.5,16750000.0,0
20230531,332,8,37,4,27,6.0,9000000.0,0
20230531,333,8,36,1,26,35.1,5660000.0,0
20230531,334,8,37,6,30,33.2,11020000.0,0
20230531,335,6,26,1,25,19.0,7800000.0,0
20230531,336,1,1,1,29,42.8,8460000.0,0
20230531,337,3,12,1,24,44.1,14980000.0,0
20230531,338,8,36,1,20,7.2,5480000.0,0
20230531,339,5,21,3,27,19.0,8250000.0,0
20230531,340,8,36,5,39,159.6,7160000.0,0
20230531,341,1,1,1,25,39.1,7720000.0,0
20230531,343,7,31,3,23,32.4,7580000.0,0
20230531,344,8,37,6,34,63.8,10120000.0,0
20230531,345,3,11,1,28,35.3,8230000.0,0
20230531,346,1,1,3,23,6.1,7240000.0,0
20230531,347,8,36,2,31,132.1,7190000.0,0
20230531,348,7,32,1,43,159.6,9040000.0,0
20230531,349,7,33,4,43,68.6,12950000.0,0
20230531,350,2,7,3,28,18.5,13340000.0,0
20230531,351,6,26,1,23,36.3,7710000.0,0
20230531,352,7,32,1,27,26.3,9670000.0,0
20230531,353,1,2,1,33,75.5,11240000.0,0
20230531,354,7,31,1,30,9.8,6350000.0,0
20230531,356,8,36,1,24,34.3,5790000.0,0
20230531,357,3,12,1,33,96.6,16320000.0,0
20230531,358,5,22,1,30,51.8,11960000.0,0
20230531,359,3,13,1,29,9.9,19650000.0,0
20230531,360,7,32,4,37,126.2,10610000.0,0
20230531,361,1,3,6,35,72.1,18540000.0,0
20230531,362,8,36,1,26,43.5,6910000.0,0
20230531,363,3,12,1,44,134.7,17060000.0,0
20230531,364,7,32,3,29,16.9,9970000.0,0
20230531,365,8,37,1,55,32.2,10900000.0,0
20230531,366,8,37,4,30,22.1,10740000.0,0
20230531,367,6,27,1,30,8.3,10340000.0,0
20230531,368,1,1,1,22,5.8,6450000.0,0
20230531,369,1,3,1,35,30.4,18830000.0,0
20230531,370,4,19,1,35,8.9,28410000.0,0
20230531,372,1,1,1,30,37.5,7140000.0,0
20230531,373,2,8,1,36,49.5,16200000.0,0
20230531,374,1,1,5,32,76.4,8610000.0,0
20230531,375,5,22,4,38,151.7,14110000.0,0
20230531,376,3,11,4,24,23.0,9180000.0,0
20230531,377,6,28,2,43,123.2,17160000.0,0
20230531,378,1,1,2,35,103.9,8100000.0,0
20230531,379,1,1,1,28,67.3,7240000.0,0
20230531,380,3,12,5,31,22.9,11530000.0,0
20230531,381,4,18,2,43,92.7,19230000.0,0
20230531,382,3,11,4,22,21.1,8420000.0,0
20230531,383,6,27,2,31,45.0,11170000.0,0
20230531,384,3,11,1,30,74.4,9260000.0,0
20230531,385,7,33,6,21,6.6,14930000.0,0
20230531,386,2,6,1,39,107.3,8710000.0,0
20230531,387,3,11,1,25,23.2,9760000.0,0
20230531,388,7,31,1,22,7.1,6010000.0,0
20230531,389,7,31,2,29,58.7,5790000.0,0
20230531,390,3,13,1,37,55.4,20320000.0,0
20230531,391,7,32,3,30,44.4,10410000.0,0
20230531,392,8,37,1,26,30.5,11060000.0,0
20230531,393,7,31,6,24,45.9,6550000.0,0
20230531,396,1,1,1,26,23.0,6680000.0,0
20230531,397,2,7,1,25,31.1,11810000.0,0
20230531,398,3,12,1,28,14.8,11920000.0,0
20230531,399,2,6,1,35,159.6,8030000.0,0
20230531,400,7,32,3,35,32.0,8340000.0,0
20230531,401,6,29,1,34,23.3,33640000.0,0
20230531,402,3,13,3,37,78.0,21890000.0,0
20230531,403,3,12,1,36,159.6,13150000.0,0
20230531,404,7,31,6,35,136.8,6100000.0,0
20230531,405,3,12,1,31,52.2,13660000.0,0
20230531,406,3,11,2,31,26.6,8890000.0,0
20230531,407,3,12,1,40,67.7,13330000.0,0
20230531,408,3,12,4,34,103.5,13500000.0,0
20230531,409,7,33,1,41,159.6,16470000.0,0
20230531,410,8,38,1,28,30.4,13630000.0,0
20230531,412,1,1,1,28,40.7,7600000.0,0
20230531,413,8,36,3,28,7.1,5700000.0,0
20230531,414,3,11,2,36,121.0,8500000.0,0
20230531,415,3,11,5,33,95.3,9310000.0,0
20230531,416,1,1,1,30,41.3,8090000.0,0
20230531,417,7,31,2,25,6.0,6780000.0,0
20230531,418,7,31,1,34,40.1,6930000.0,0
20230531,419,8,39,1,38,53.4,25230000.0,0
20230531,420,5,21,2,31,66.8,9160000.0,0
20230531,421,1,4,1,38,67.9,23380000.0,0
20230531,422,7,32,2,55,74.7,9740000.0,0
20230531,423,4,16,5,23,29.8,8700000.0,0
20230531,424,3,11,1,21,5.6,8520000.0,0
20230531,425,1,3,3,33,23.7,15380000.0,0
20230531,426,3,14,6,35,15.5,39220000.0,0
20230531,427,1,1,6,23,10.7,8540000.0,0
20230531,428,8,39,6,36,14.6,26690000.0,0
20230531,429,7,33,1,32,30.4,15060000.0,0
20230531,430,1,4,1,41,38.0,26570000.0,0
20230531,431,3,12,2,42,127.8,14570000.0,0
20230531,432,1,4,1,39,22.0,34850000.0,0
20230531,433,7,35,1,47,111.1,44100000.0,0
20230531,435,8,36,3,21,5.5,5580000.0,0
20230531,436,3,13,3,35,39.7,21270000.0,0
20230531,437,8,36,1,28,30.5,6340000.0,0
20230531,438,1,2,2,30,53.0,12770000.0,0
20230531,439,8,37,1,33,38.6,9150000.0,0
20230531,440,7,31,3,28,18.8,6450000.0,0
20230531,442,8,36,2,27,60.9,5590000.0,0
20230531,443,2,6,1,41,159.6,6750000.0,0
20230531,444,1,1,1,26,11.2,7280000.0,0
20230531,445,1,4,1,43,122.9,26790000.0,0
20230531,446,8,36,4,23,38.7,6130000.0,0
20230531,447,4,16,1,24,26.6,9380000.0,0
20230531,448,3,12,6,36,79.0,15840000.0,0
20230531,449,1,2,6,26,21.8,10130000.0,0
20230531,450,8,38,1,37,92.7,15890000.0,0
20230531,452,3,12,2,30,42.8,13610000.0,0
20230531,453,8,36,2,30,35.7,7090000.0,0
20230531,454,7,34,1,39,104.9,24910000.0,0
20230531,455,4,20,6,42,29.8,63640000.0,0
20230531,456,1,1,3,54,8.0,7960000.0,0
20230531,457,7,32,3,38,103.9,10780000.0,0
20230531,458,7,31,1,25,30.1,6560000.0,0
20230531,459,7,31,1,27,24.0,5740000.0,0
20230531,460,2,7,1,31,30.7,10310000.0,0
20230531,461,4,16,1,23,4.3,10170000.0,0
20230531,462,2,6,1,23,4.7,9240000.0,0
20230531,463,5,21,1,22,4.1,7900000.0,0
20230531,464,7,31,4,21,4.4,6410000.0,0
20230531,465,8,37,2,26,4.8,8520000.0,0
20230531,466,7,31,4,26,4.6,6690000.0,0
20230531,467,3,11,2,23,4.2,10060000.0,0
20230531,469,7,31,1,24,4.8,6500000.0,0
20230531,470,1,1,1,25,4.1,7360000.0,0
20230531,471,7,32,3,31,4.1,11260000.0,0
20230531,472,2,6,1,26,4.0,7320000.0,0
20230531,473,6,26,1,24,4.3,7440000.0,0
20230531,474,6,27,1,30,4.7,11110000.0,0
20230531,475,8,37,1,30,3.3,8590000.0,0
20230531,476,7,31,1,27,3.2,6960000.0,0
20230531,477,1,1,3,21,3.5,6730000.0,0
20230531,478,3,11,4,21,3.3,7950000.0,0
20230531,479,2,6,6,32,3.5,8760000.0,0
20230531,480,5,21,6,25,3.4,7610000.0,0
20230531,481,8,36,1,24,2.2,6830000.0,0
20230531,482,7,31,3,25,2.4,5920000.0,0
20230531,483,8,37,1,29,3.0,10020000.0,0
20230531,484,6,26,1,20,3.0,6500000.0,0
20230531,485,1,1,1,23,2.8,7010000.0,0
20230531,486,1,1,2,24,2.8,7580000.0,0
20230531,487,1,1,1,23,1.9,6680000.0,0
20230531,488,7,31,1,28,1.3,6050000.0,0
20230531,489,8,36,1,27,1.8,6730000.0,0
20230531,490,3,11,4,20,1.1,9340000.0,0
20230531,491,8,36,3,26,1.8,6290000.0,0
20230531,492,8,36,5,20,1.7,5880000.0,0
20230531,493,3,11,1,20,1.4,8360000.0,0
20230531,494,4,19,2,40,1.6,39020000.0,0
20230531,495,3,11,2,22,1.4,9230000.0,0
20230531,496,7,31,2,,1.9,6400000.0,0
20230531,497,8,36,1,26,1.8,6440000.0,0
20230531,498,7,32,6,25,2.0,9350000.0,0
20230531,499,1,2,5,21,1.5,12560000.0,0
20230531,500,2,6,2,25,1.7,7270000.0,0
20230531,501,8,36,4,30,1.2,5190000.0,0
20230531,502,1,1,6,20,1.1,6300000.0,0
20230531,503,3,11,3,20,1.5,7890000.0,0
20230531,504,7,31,3,26,1.7,6450000.0,0
20230531,505,2,7,3,28,1.2,11370000.0,0
20230531,506,3,12,1,32,1.8,12860000.0,0
20230531,507,2,6,1,20,1.7,8840000.0,0
20230531,508,7,33,1,32,1.9,16460000.0,0
20230531,509,7,31,1,25,1.1,6010000.0,0
20230531,510,3,11,3,20,0.9,8750000.0,1
20230531,511,8,36,1,20,0.9,5470000.0,1
20230531,512,7,32,1,27,0.9,10540000.0,1
20230531,513,7,31,1,22,1.0,6180000.0,1
20230531,514,1,1,6,27,1.0,8090000.0,1
20230531,515,2,7,1,27,0.1,10040000.0,1
20230630,1,8,36,1,30,115.5,6680000.0,0
20230630,2,7,32,1,31,47.0,9270000.0,0
20230630,3,5,21,1,29,35.2,7600000.0,0
20230630,5,8,36,1,29,34.2,6410000.0,0
20230630,6,1,1,1,26,23.5,8390000.0,0
20230630,7,3,11,2,31,39.1,9800000.0,0
20230630,8,5,21,2,31,24.1,7780000.0,0
20230630,9,8,36,3,30,50.8,6230000.0,0
20230630,11,8,36,6,26,14.4,6410000.0,0
20230630,12,2,6,3,34,53.7,7510000.0,0
20230630,13,2,7,2,27,52.3,10770000.0,0
20230630,15,4,16,1,24,52.0,7510000.0,0
20230630,16,1,1,5,24,19.7,7150000.0,0
20230630,17,6,26,3,22,28.6,8380000.0,0
20230630,18,8,36,1,30,59.0,7130000.0,0
20230630,19,5,24,1,45,59.1,32210000.0,0
20230630,21,7,31,5,25,62.6,6390000.0,0
20230630,22,1,1,3,23,28.4,7660000.0,0
20230630,23,1,2,6,32,55.3,11500000.0,0
20230630,24,8,36,1,33,70.6,6850000.0,0
20230630,25,2,8,1,38,50.3,16740000.0,0
20230630,26,8,37,4,29,73.6,11500000.0,0
20230630,27,3,14,1,34,14.1,35720000.0,0
20230630,28,2,6,1,27,59.4,7150000.0,0
20230630,29,3,12,1,31,38.0,15330000.0,0
20230630,30,1,2,3,35,33.8,13450000.0,0
20230630,31,2,6,4,,86.4,8750000.0,0
20230630,32,8,36,3,28,16.4,7220000.0,0
20230630,33,3,11,3,27,17.2,9900000.0,0
20230630,34,8,36,5,22,32.1,6620000.0,0
20230630,35,1,3,6,31,30.5,19190000.0,0
20230630,37,1,3,1,34,16.5,17880000.0,0
20230630,38,3,11,1,36,54.4,9600000.0,0
20230630,39,4,16,3,25,15.2,9240000.0,0
20230630,40,3,11,5,29,39.4,9490000.0,0
20230630,41,7,31,1,26,34.9,5740000.0,0
20230630,42,2,7,4,31,11.5,12810000.0,0
20230630,43,5,21,1,26,12.8,7270000.0,0
20230630,44,6,26,2,29,51.4,7700000.0,0
20230630,45,7,31,1,35,97.4,7860000.0,0
20230630,46,7,31,2,21,8.0,5850000.0,0
20230630,47,7,31,4,33,71.3,7580000.0,0
20230630,48,7,31,5,29,81.5,6780000.0,0
20230630,49,3,13,1,29,91.0,23430000.0,0
20230630,50,3,13,1,36,23.5,20050000.0,0
20230630,51,7,31,1,29,16.1,6550000.0,0
20230630,53,7,32,1,30,17.9,10480000.0,0
20230630,54,8,37,2,31,20.7,10890000.0,0
20230630,55,8,36,1,27,23.9,5330000.0,0
20230630,56,1,1,3,28,77.3,7160000.0,0
20230630,57,4,16,1,29,56.1,9780000.0,0
20230630,58,4,16,3,36,110.4,8280000.0,0
20230630,59,3,12,1,34,71.3,14290000.0,0
20230630,60,3,11,1,55,34.9,10040000.0,0
20230630,61,4,17,3,33,101.4,15360000.0,0
20230630,62,2,6,4,26,18.4,7390000.0,0
20230630,63,3,11,5,29,54.0,10290000.0,0
20230630,64,7,31,1,31,24.9,6990000.0,0
20230630,65,3,11,1,25,59.9,8750000.0,0
20230630,66,1,3,4,32,47.8,15000000.0,0
20230630,67,7,31,6,24,15.1,6570000.0,0
20230630,69,5,21,6,25,39.9,8200000.0,0
20230630,71,1,4,2,39,160.6,27710000.0,0
20230630,72,5,21,1,31,69.7,7420000.0,0
20230630,73,3,14,1,42,34.0,37400000.0,0
20230630,74,8,36,2,33,83.0,7110000.0,0
20230630,75,4,16,6,29,107.9,9620000.0,0
20230630,76,3,13,5,43,118.1,21820000.0,0
20230630,77,5,21,1,24,24.1,7850000.0,0
20230630,79,8,39,1,42,13.5,23580000.0,0
20230630,80,7,33,2,34,14.3,13320000.0,0
20230630,81,1,1,6,23,31.6,7720000.0,0
20230630,82,2,6,1,28,10.4,8140000.0,0
20230630,83,6,27,2,30,23.6,11290000.0,0
20230630,84,4,16,3,40,126.9,7610000.0,0
20230630,85,7,33,1,38,46.2,13230000.0,0
20230630,86,3,13,1,38,94.0,21820000.0,0
20230630,87,6,26,1,22,26.0,7530000.0,0
20230630,88,1,1,5,24,44.4,6750000.0,0
20230630,89,1,1,5,29,29.5,7080000.0,0
20230630,91,7,31,1,25,36.0,7680000.0,0
20230630,92,5,21,3,27,46.5,6910000.0,0
20230630,93,2,9,1,41,39.7,24370000.0,0
20230630,94,2,6,1,27,66.5,7780000.0,0
20230630,95,1,2,2,25,43.7,13040000.0,0
20230630,96,2,9,1,47,160.6,30810000.0,0
20230630,97,3,13,3,26,8.5,24060000.0,0
20230630,98,8,36,1,54,11.8,5990000.0,0
20230630,99,7,32,6,32,75.3,11550000.0,0
20230630,100,1,1,3,31,29.9,7640000.0,0
20230630,101,7,31,5,33,38.7,6180000.0,0
20230630,102,7,32,1,30,22.9,9740000.0,0
20230630,103,7,31,2,40,143.9,6580000.0,0
20230630,104,2,6,1,30,59.8,7650000.0,0
20230630,105,8,36,3,36,106.2,5210000.0,0
20230630,106,8,36,3,33,36.2,5480000.0,0
20230630,108,4,17,3,32,13.9,14370000.0,0
20230630,109,5,21,1,32,61.9,9150000.0,0
20230630,111,1,2,1,33,160.6,13470000.0,0
20230630,112,2,6,3,30,9.1,6790000.0,0
20230630,114,1,2,1,26,10.6,12090000.0,0
20230630,115,3,13,1,31,10.5,22400000.0,0
20230630,116,1,5,1,41,36.0,42990000.0,0
20230630,118,7,31,5,28,36.7,6190000.0,0
20230630,120,2,6,4,23,9.9,6790000.0,0
20230630,121,3,11,1,40,160.6,9400000.0,0
20230630,122,7,32,5,31,34.4,9960000.0,0
20230630,123,3,11,2,34,17.9,9590000.0,0
20230630,124,8,36,6,25,37.2,5500000.0,0
20230630,125,7,32,1,28,45.9,10310000.0,0
20230630,126,8,36,1,33,78.5,5670000.0,0
20230630,127,1,1,6,26,17.1,7300000.0,0
20230630,128,4,16,2,35,71.0,9920000.0,0
20230630,129,6,26,1,39,160.6,6170000.0,0
20230630,130,3,11,2,24,27.6,9850000.0,0
20230630,131,1,5,1,51,152.0,47060000.0,0
20230630,132,3,12,1,34,62.8,12790000.0,0
20230630,133,1,3,1,40,144.7,16560000.0,0
20230630,134,3,12,1,32,62.9,13660000.0,0
20230630,135,1,1,1,38,57.2,7090000.0,0
20230630,136,7,32,2,28,54.2,8370000.0,0
20230630,137,1,1,3,25,17.3,8950000.0,0
20230630,138,6,29,1,37,39.2,27100000.0,0
20230630,139,7,32,4,28,41.0,12400000.0,0
20230630,140,8,36,1,31,15.8,5720000.0,0
20230630,141,1,3,3,36,56.3,16240000.0,0
20230630,142,8,36,2,27,26.4,7480000.0,0
20230630,143,7,31,4,53,38.3,7580000.0,0
20230630,146,1,3,4,28,47.0,18660000.0,0
20230630,147,8,36,3,27,11.7,6030000.0,0
20230630,148,7,31,1,39,145.3,6980000.0,0
20230630,149,1,1,5,27,30.5,6520000.0,0
20230630,150,7,32,5,39,110.1,11580000.0,0
20230630,151,8,36,3,23,38.7,6910000.0,0
20230630,152,6,26,1,32,23.7,6730000.0,0
20230630,153,7,33,1,34,83.6,15160000.0,0
20230630,154,1,5,1,42,36.4,43940000.0,0
20230630,155,4,16,2,30,13.7,7210000.0,0
20230630,156,1,3,6,41,59.4,17800000.0,0
20230630,157,1,5,1,43,42.7,42250000.0,0
20230630,158,8,36,1,31,132.0,6810000.0,0
20230630,159,7,31,1,26,33.4,6150000.0,0
20230630,160,7,35,1,43,102.7,35380000.0,0
20230630,162,4,16,1,30,99.1,8300000.0,0
20230630,164,1,5,1,37,49.0,46320000.0,0
20230630,165,5,21,2,37,155.0,8980000.0,0
20230630,166,6,26,1,24,46.6,8420000.0,0
20230630,167,8,39,1,38,49.1,21990000.0,0
20230630,168,2,7,1,34,74.7,13590000.0,0
20230630,169,1,1,1,21,16.7,6730000.0,0
20230630,170,1,2,6,36,35.4,12740000.0,0
20230630,171,7,31,6,28,19.8,7540000.0,0
20230630,172,7,31,1,26,6.4,7390000.0,0
20230630,173,7,31,1,29,46.7,6870000.0,0
20230630,174,8,37,1,24,45.6,9990000.0,0
20230630,175,8,38,3,40,48.9,13630000.0,0
20230630,176,3,14,1,36,23.1,39850000.0,0
20230630,177,1,1,1,26,47.6,6610000.0,0
20230630,178,7,33,1,36,8.2,16570000.0,0
20230630,179,1,4,1,37,70.0,29660000.0,0
20230630,181,1,2,1,32,62.4,9940000.0,0
20230630,182,7,31,1,30,61.9,5990000.0,0
20230630,183,5,21,2,32,94.1,8710000.0,0
20230630,184,8,36,1,28,16.1,7270000.0,0
20230630,186,7,31,2,55,13.8,7760000.0,0
20230630,187,8,36,3,22,27.8,6610000.0,0
20230630,188,4,16,1,24,44.4,8850000.0,0
20230630,189,3,13,1,31,25.3,19530000.0,0
20230630,190,7,31,5,27,61.5,6720000.0,0
20230630,191,4,16,1,34,28.4,8990000.0,0
20230630,192,1,5,2,42,20.5,40550000.0,0
20230630,193,1,2,1,32,33.0,9510000.0,0
20230630,194,8,39,1,29,55.6,25290000.0,0
20230630,195,7,32,1,55,61.3,9550000.0,0
20230630,196,7,32,6,29,93.7,8940000.0,0
20230630,197,6,28,3,38,105.8,19210000.0,0
20230630,198,6,26,6,32,46.2,6520000.0,0
20230630,199,6,26,1,34,26.9,7750000.0,0
20230630,200,2,7,1,26,24.7,11740000.0,0
20230630,201,5,21,5,23,36.9,6530000.0,0
20230630,202,1,2,3,30,43.8,11410000.0,0
20230630,203,7,31,1,21,11.4,5530000.0,0
20230630,204,1,1,1,38,106.5,8320000.0,0
20230630,205,8,36,4,25,15.6,5670000.0,0
20230630,206,1,1,1,30,38.8,7670000.0,0
20230630,207,8,36,2,28,27.4,6150000.0,0
20230630,208,3,13,2,42,160.6,24080000.0,0
20230630,209,6,26,1,24,29.6,7140000.0,0
20230630,210,7,33,1,30,28.2,15710000.0,0
20230630,211,7,31,1,29,73.8,6770000.0,0
20230630,212,3,12,6,27,14.4,16620000.0,0
20230630,213,2,6,3,27,29.7,8200000.0,0
20230630,214,8,36,1,34,121.9,5830000.0,0
20230630,215,4,17,1,31,75.2,13690000.0,0
20230630,216,4,16,6,,64.8,8780000.0,0
20230630,217,5,21,1,31,22.1,7220000.0,0
20230630,218,3,11,1,29,43.5,10250000.0,0
20230630,219,3,11,1,37,76.7,7990000.0,0
20230630,220,8,38,1,34,75.0,13020000.0,0
20230630,221,7,31,3,28,38.9,6090000.0,0
20230630,222,8,36,1,28,32.7,6590000.0,0
20230630,223,1,1,3,22,18.9,8020000.0,0
20230630,224,1,4,1,39,68.9,29150000.0,0
20230630,225,1,1,6,23,9.3,7790000.0,0
20230630,226,2,6,2,34,16.3,7160000.0,0
20230630,227,2,6,4,26,65.7,7450000.0,0
20230630,228,5,24,2,34,9.1,25880000.0,0
20230630,229,7,31,1,31,111.0,7080000.0,0
20230630,230,8,37,1,27,9.7,9770000.0,0
20230630,232,3,12,1,38,100.9,16050000.0,0
20230630,233,8,36,2,54,40.6,5890000.0,0
20230630,234,7,32,2,40,160.6,10490000.0,0
20230630,236,6,27,1,35,80.6,11140000.0,0
20230630,237,6,27,4,28,6.5,10300000.0,0
20230630,238,7,31,1,29,19.8,6510000.0,0
20230630,239,2,7,4,32,93.7,13970000.0,0
20230630,240,8,36,6,29,47.2,6020000.0,0
20230630,241,8,36,1,53,41.8,7000000.0,0
20230630,242,8,36,1,26,41.3,6620000.0,0
20230630,243,7,31,1,35,148.9,7320000.0,0
20230630,244,3,13,6,48,73.4,18970000.0,0
20230630,245,1,1,1,31,50.1,7210000.0,0
20230630,246,8,37,1,39,91.2,10240000.0,0
20230630,247,7,31,1,29,42.1,7070000.0,0
20230630,248,5,22,1,28,42.3,13360000.0,0
20230630,250,1,1,1,30,27.9,8430000.0,0
20230630,251,1,4,1,38,77.9,34310000.0,0
20230630,252,3,11,2,29,45.0,10870000.0,0
20230630,253,8,38,6,33,41.6,15030000.0,0
20230630,254,5,21,1,26,12.0,8880000.0,0
20230630,255,1,1,3,31,111.7,6610000.0,0
20230630,256,7,31,1,29,105.9,6920000.0,0
20230630,257,3,12,1,30,35.0,14250000.0,0
20230630,258,1,2,1,31,15.7,9940000.0,0
20230630,260,8,39,1,39,127.1,24720000.0,0
20230630,261,5,21,1,29,58.4,6680000.0,0
20230630,262,7,31,1,21,9.6,7050000.0,0
20230630,263,4,16,1,23,12.9,8280000.0,0
20230630,264,1,1,6,26,14.9,5840000.0,0
20230630,265,7,33,1,33,40.9,14770000.0,0
20230630,266,4,16,1,26,13.0,9410000.0,0
20230630,267,1,2,1,30,28.2,11290000.0,0
20230630,268,7,31,6,23,23.1,6940000.0,0
20230630,270,3,11,1,42,113.5,9430000.0,0
20230630,271,2,6,2,25,7.4,7700000.0,0
20230630,272,4,19,1,36,25.7,39540000.0,0
20230630,273,3,12,1,34,41.7,17380000.0,0
20230630,274,7,31,5,25,27.8,6150000.0,0
20230630,276,8,36,1,34,56.8,5780000.0,0
20230630,277,3,11,1,25,55.1,8730000.0,0
20230630,278,3,14,1,40,61.1,37110000.0,0
20230630,279,3,11,3,30,44.5,8270000.0,0
20230630,280,2,10,1,33,33.5,42670000.0,0
20230630,282,1,4,1,36,19.0,26560000.0,0
20230630,283,7,31,1,24,8.6,7570000.0,0
20230630,284,7,32,5,37,86.3,9510000.0,0
20230630,285,1,1,4,22,25.8,7650000.0,0
20230630,286,1,2,1,31,74.4,11050000.0,0
20230630,288,6,30,1,40,9.8,47940000.0,0
20230630,289,7,32,1,29,10.0,10000000.0,0
20230630,290,3,15,1,33,18.8,62680000.0,0
20230630,291,3,13,1,37,26.6,21520000.0,0
20230630,292,7,31,2,23,34.8,6350000.0,0
20230630,293,1,2,1,27,6.1,9710000.0,0
20230630,295,1,1,1,21,7.9,8030000.0,0
20230630,296,1,1,4,28,54.4,6970000.0,0
20230630,297,7,33,5,31,27.1,16320000.0,0
20230630,298,8,38,1,34,36.4,16190000.0,0
20230630,299,7,31,3,54,45.7,7030000.0,0
20230630,300,4,16,5,27,27.6,7720000.0,0
20230630,301,8,37,1,27,8.3,9860000.0,0
20230630,302,1,1,1,27,14.6,7980000.0,0
20230630,303,1,1,1,31,49.0,7380000.0,0
20230630,304,7,31,1,24,52.8,6450000.0,0
20230630,305,7,31,4,24,51.0,5670000.0,0
20230630,306,1,1,6,34,14.3,8010000.0,0
20230630,307,4,17,4,28,48.2,14360000.0,0
20230630,308,6,26,3,29,35.7,7580000.0,0
20230630,309,1,1,1,21,8.2,8100000.0,0
20230630,310,4,16,1,34,113.0,9080000.0,0
20230630,311,3,13,1,36,28.1,19160000.0,0
20230630,312,7,31,2,55,33.1,6540000.0,0
20230630,313,7,32,1,34,13.6,11050000.0,0
20230630,314,3,14,1,32,24.4,38990000.0,0
20230630,316,4,19,1,38,30.9,37920000.0,0
20230630,317,2,7,1,39,54.1,10880000.0,0
20230630,318,1,1,1,26,12.6,7490000.0,0
20230630,319,8,36,1,22,18.7,6100000.0,0
20230630,320,7,33,5,24,13.3,15710000.0,0
20230630,321,1,1,1,33,123.2,7750000.0,0
20230630,322,5,22,4,23,10.6,12940000.0,0
20230630,323,1,2,1,25,8.8,10960000.0,0
20230630,324,3,14,1,40,65.3,33760000.0,0
20230630,325,1,2,3,27,16.6,11030000.0,0
20230630,327,7,32,1,31,34.5,10670000.0,0
20230630,328,7,32,1,31,8.0,10200000.0,0
20230630,329,7,32,2,32,42.2,9720000.0,0
20230630,330,1,1,2,34,160.6,7640000.0,0
20230630,331,3,12,3,30,34.5,16750000.0,0
20230630,332,8,37,4,27,7.0,9000000.0,0
20230630,333,8,36,1,26,36.1,5660000.0,0
20230630,334,8,37,6,30,34.2,11020000.0,0
20230630,335,6,26,1,25,20.0,7800000.0,0
20230630,336,1,1,1,30,43.8,8460000.0,0
20230630,337,3,12,1,24,45.1,14980000.0,0
20230630,338,8,36,1,20,8.1,5480000.0,0
20230630,339,5,21,3,27,19.9,8250000.0,0
20230630,340,8,36,5,39,160.6,7160000.0,0
20230630,341,1,1,1,26,40.1,7720000.0,0
20230630,343,7,31,3,23,33.4,7580000.0,0
20230630,344,8,37,6,34,64.8,10120000.0,0
20230630,345,3,11,1,28,36.3,8230000.0,0
20230630,346,1,1,3,23,7.1,7240000.0,0
20230630,347,8,36,2,31,133.1,7190000.0,0
20230630,349,7,33,4,43,69.6,12950000.0,0
20230630,350,2,7,3,28,19.4,13340000.0,0
20230630,351,6,26,1,23,37.3,7710000.0,0
20230630,352,7,32,1,27,27.3,9670000.0,0
20230630,353,1,2,1,33,76.5,11240000.0,0
20230630,354,7,31,1,30,10.8,6350000.0,0
20230630,356,8,36,1,25,35.3,5790000.0,0
20230630,357,3,12,1,33,97.6,16320000.0,0
20230630,358,5,22,1,30,52.8,11960000.0,0
20230630,359,3,13,1,29,10.9,19650000.0,0
20230630,360,7,32,4,37,127.1,10610000.0,0
20230630,361,1,3,6,35,73.1,18540000.0,0
20230630,362,8,36,1,26,44.5,6910000.0,0
20230630,363,3,12,1,44,135.7,17060000.0,0
20230630,364,7,32,3,30,17.9,9970000.0,0
20230630,365,8,37,1,55,33.2,10900000.0,0
20230630,366,8,37,4,30,23.1,10740000.0,0
20230630,367,6,27,1,30,9.3,10340000.0,0
20230630,368,1,1,1,22,6.8,6450000.0,0
20230630,369,1,3,1,35,31.4,18830000.0,0
20230630,370,4,19,1,35,9.9,28410000.0,0
20230630,372,1,1,1,30,38.5,7140000.0,0
20230630,373,2,8,1,36,50.5,16200000.0,0
20230630,374,1,1,5,32,77.4,8610000.0,0
20230630,375,5,22,4,38,152.7,14110000.0,0
20230630,376,3,11,4,24,24.0,9180000.0,0
20230630,377,6,28,2,43,124.2,17160000.0,0
20230630,378,1,1,2,35,104.9,8100000.0,0
20230630,379,1,1,1,28,68.3,7240000.0,0
20230630,380,3,12,5,31,23.9,11530000.0,0
20230630,381,4,18,2,43,93.7,19230000.0,0
20230630,383,6,27,2,31,46.0,11170000.0,0
20230630,384,3,11,1,30,75.4,9260000.0,0
20230630,385,7,33,6,21,7.6,14930000.0,0
20230630,386,2,6,1,39,108.3,8710000.0,0
20230630,387,3,11,1,25,24.2,9760000.0,0
20230630,388,7,31,1,22,8.0,6010000.0,0
20230630,389,7,31,2,29,59.7,5790000.0,0
20230630,390,3,13,1,37,56.4,20320000.0,0
20230630,391,7,32,3,30,45.4,10410000.0,0
20230630,392,8,37,1,26,31.5,11060000.0,0
20230630,393,7,31,6,24,46.9,6550000.0,0
20230630,396,1,1,1,26,24.0,6680000.0,0
20230630,397,2,7,1,26,32.1,11810000.0,0
20230630,398,3,12,1,28,15.8,11920000.0,0
20230630,399,2,6,1,35,160.6,8030000.0,0
20230630,400,7,32,3,35,33.0,8340000.0,0
20230630,401,6,29,1,34,24.3,33640000.0,0
20230630,402,3,13,3,37,78.9,21890000.0,0
20230630,403,3,12,1,36,160.6,13150000.0,0
20230630,404,7,31,6,35,137.8,6100000.0,0
20230630,405,3,12,1,31,53.2,13660000.0,0
20230630,406,3,11,2,32,27.6,8890000.0,0
20230630,407,3,12,1,40,68.7,13330000.0,0
20230630,408,3,12,4,34,104.4,13500000.0,0
20230630,409,7,33,1,41,160.6,16470000.0,0
20230630,410,8,38,1,28,31.4,13630000.0,0
20230630,412,1,1,1,28,41.7,7600000.0,0
20230630,413,8,36,3,28,8.1,5700000.0,0
20230630,414,3,11,2,36,122.0,8500000.0,0
20230630,415,3,11,5,33,96.3,9310000.0,0
20230630,416,1,1,1,30,42.3,8090000.0,0
20230630,417,7,31,2,25,7.0,6780000.0,0
20230630,418,7,31,1,34,41.1,6930000.0,0
20230630,419,8,39,1,38,54.3,25230000.0,0
20230630,420,5,21,2,31,67.7,9160000.0,0
20230630,421,1,4,1,38,68.9,23380000.0,0
20230630,422,7,32,2,55,75.7,9740000.0,0
20230630,423,4,16,5,23,30.8,8700000.0,0
20230630,424,3,11,1,21,6.5,8520000.0,0
20230630,425,1,3,3,33,24.7,15380000.0,0
20230630,426,3,14,6,35,16.5,39220000.0,0
20230630,427,1,1,6,23,11.7,8540000.0,0
20230630,428,8,39,6,36,15.6,26690000.0,0
20230630,429,7,33,1,32,31.4,15060000.0,0
20230630,430,1,4,1,41,39.0,26570000.0,0
20230630,431,3,12,2,42,128.8,14570000.0,0
20230630,432,1,4,1,39,23.0,34850000.0,0
20230630,433,7,35,1,47,112.1,44100000.0,0
20230630,435,8,36,3,21,6.5,5580000.0,0
20230630,436,3,13,3,35,40.7,21270000.0,0
20230630,437,8,36,1,28,31.5,6340000.0,0
20230630,438,1,2,2,30,54.0,12770000.0,0
20230630,439,8,37,1,33,39.6,9150000.0,0
20230630,440,7,31,3,28,19.8,6450000.0,0
20230630,442,8,36,2,27,61.9,5590000.0,0
20230630,443,2,6,1,42,160.6,6750000.0,0
20230630,444,1,1,1,26,12.2,7280000.0,0
20230630,445,1,4,1,43,123.9,26790000.0,0
20230630,446,8,36,4,23,39.7,6130000.0,0
20230630,447,4,16,1,24,27.6,9380000.0,0
20230630,448,3,12,6,36,80.0,15840000.0,0
20230630,449,1,2,6,26,22.8,10130000.0,0
20230630,450,8,38,1,37,93.7,15890000.0,0
20230630,452,3,12,2,30,43.8,13610000.0,0
20230630,453,8,36,2,30,36.7,7090000.0,0
20230630,454,7,34,1,39,105.9,24910000.0,0
20230630,455,4,20,6,43,30.8,63640000.0,0
20230630,456,1,1,3,54,9.0,7960000.0,0
20230630,457,7,32,3,38,104.9,10780000.0,0
20230630,458,7,31,1,25,31.0,6560000.0,0
20230630,459,7,31,1,27,25.0,5740000.0,0
20230630,460,2,7,1,32,31.7,10310000.0,0
20230630,461,4,16,1,24,5.3,10170000.0,0
20230630,462,2,6,1,23,5.7,9240000.0,0
20230630,463,5,21,1,22,5.1,7900000.0,0
20230630,464,7,31,4,21,5.4,6410000.0,0
20230630,465,8,37,2,26,5.8,8520000.0,0
20230630,466,7,31,4,26,5.6,6690000.0,0
20230630,467,3,11,2,23,5.2,10060000.0,0
20230630,469,7,31,1,24,5.7,6500000.0,0
20230630,470,1,1,1,26,5.1,7360000.0,0
20230630,471,7,32,3,31,5.1,11260000.0,0
20230630,472,2,6,1,26,5.0,7320000.0,0
20230630,473,6,26,1,25,5.3,7440000.0,0
20230630,474,6,27,1,30,5.7,11110000.0,0
20230630,475,8,37,1,30,4.2,8590000.0,0
20230630,476,7,31,1,27,4.2,6960000.0,0
20230630,477,1,1,3,21,4.5,6730000.0,0
20230630,478,3,11,4,21,4.3,7950000.0,0
20230630,479,2,6,6,32,4.5,8760000.0,0
20230630,480,5,21,6,25,4.4,7610000.0,0
20230630,481,8,36,1,24,3.2,6830000.0,0
20230630,482,7,31,3,25,3.4,5920000.0,0
20230630,483,8,37,1,29,4.0,10020000.0,0
20230630,484,6,26,1,21,4.0,6500000.0,0
20230630,485,1,1,1,23,3.8,7010000.0,0
20230630,486,1,1,2,24,3.8,7580000.0,0
20230630,487,1,1,1,23,2.9,6680000.0,0
20230630,488,7,31,1,29,2.3,6050000.0,0
20230630,489,8,36,1,27,2.8,6730000.0,0
20230630,490,3,11,4,21,2.1,9340000.0,0
20230630,491,8,36,3,26,2.8,6290000.0,0
20230630,492,8,36,5,20,2.7,5880000.0,0
20230630,493,3,11,1,20,2.4,8360000.0,0
20230630,494,4,19,2,40,2.6,39020000.0,0
20230630,495,3,11,2,22,2.4,9230000.0,0
20230630,496,7,31,2,,2.9,6400000.0,0
20230630,497,8,36,1,27,2.8,6440000.0,0
20230630,498,7,32,6,25,3.0,9350000.0,0
20230630,499,1,2,5,21,2.5,12560000.0,0
20230630,500,2,6,2,25,2.7,7270000.0,0
20230630,501,8,36,4,30,2.2,5190000.0,0
20230630,502,1,1,6,21,2.1,6300000.0,0
20230630,503,3,11,3,20,2.5,7890000.0,0
20230630,504,7,31,3,26,2.7,6450000.0,0
20230630,505,2,7,3,28,2.2,11370000.0,0
20230630,506,3,12,1,32,2.8,12860000.0,0
20230630,507,2,6,1,21,2.7,8840000.0,0
20230630,508,7,33,1,32,2.9,16460000.0,0
20230630,509,7,31,1,25,2.0,6010000.0,0
20230630,510,3,11,3,20,1.8,8750000.0,0
20230630,511,8,36,1,21,1.8,5470000.0,0
20230630,512,7,32,1,27,1.8,10540000.0,0
20230630,513,7,31,1,23,1.9,6180000.0,0
20230630,514,1,1,6,27,2.0,8090000.0,0
20230630,515,2,7,1,27,1.1,10040000.0,0
20230630,516,7,31,2,23,0.5,7240000.0,1
20230630,517,8,36,1,26,0.5,7080000.0,1
20230630,518,2,6,2,28,0.4,8030000.0,1
20230630,519,8,36,1,20,0.2,5810000.0,1
20230630,520,1,1,1,20,0.1,6840000.0,1
20230630,521,7,31,2,26,0.9,7290000.0,1
20230630,522,7,31,1,23,0.5,7140000.0,1
20230731,1,8,36,1,30,116.5,6680000.0,0
20230731,2,7,32,1,31,48.0,9270000.0,0
20230731,3,5,21,1,29,36.2,7600000.0,0
20230731,5,8,36,1,29,35.3,6410000.0,0
20230731,6,1,1,1,26,24.5,8390000.0,0
20230731,7,3,11,2,31,40.1,9800000.0,0
20230731,8,5,21,2,31,25.2,7780000.0,0
20230731,9,8,36,3,30,51.8,6230000.0,0
20230731,11,8,36,6,26,15.4,6410000.0,0
20230731,12,2,6,3,34,54.8,7510000.0,0
20230731,13,2,7,2,28,53.3,10770000.0,0
20230731,15,4,16,1,24,53.0,7510000.0,0
20230731,16,1,1,5,25,20.7,7150000.0,0
20230731,17,6,26,3,22,29.6,8380000.0,0
20230731,18,8,36,1,30,60.1,7130000.0,0
20230731,19,5,24,1,45,60.1,32210000.0,0
20230731,21,7,31,5,25,63.6,6390000.0,0
20230731,22,1,1,3,23,29.4,7660000.0,0
20230731,23,1,2,6,32,56.3,11500000.0,0
20230731,24,8,36,1,33,71.6,6850000.0,0
20230731,25,2,8,1,38,51.4,16740000.0,0
20230731,26,8,37,4,30,74.6,11500000.0,0
20230731,27,3,14,1,34,15.1,35720000.0,0
20230731,28,2,6,1,27,60.4,7150000.0,0
20230731,29,3,12,1,31,39.1,15330000.0,0
20230731,30,1,2,3,35,34.8,13450000.0,0
20230731,31,2,6,4,,87.4,8750000.0,0
20230731,32,8,36,3,28,17.4,7220000.0,0
20230731,33,3,11,3,27,18.3,9900000.0,0
20230731,34,8,36,5,23,33.1,6620000.0,0
20230731,35,1,3,6,31,31.5,19190000.0,0
20230731,37,1,3,1,34,17.5,17880000.0,0
20230731,38,3,11,1,36,55.4,9600000.0,0
20230731,39,4,16,3,25,16.2,9240000.0,0
20230731,40,3,11,5,29,40.4,9490000.0,0
20230731,41,7,31,1,26,35.9,5740000.0,0
20230731,42,2,7,4,31,12.5,12810000.0,0
20230731,43,5,21,1,26,13.9,7270000.0,0
20230731,44,6,26,2,29,52.4,7700000.0,0
20230731,45,7,31,1,35,98.4,7860000.0,0
20230731,46,7,31,2,21,9.0,5850000.0,0
20230731,47,7,31,4,33,72.3,7580000.0,0
20230731,48,7,31,5,29,82.6,6780000.0,0
20230731,49,3,13,1,29,92.0,23430000.0,0
20230731,50,3,13,1,36,24.5,20050000.0,0
20230731,51,7,31,1,29,17.1,6550000.0,0
20230731,53,7,32,1,30,18.9,10480000.0,0
20230731,54,8,37,2,31,21.7,10890000.0,0
20230731,55,8,36,1,27,24.9,5330000.0,0
20230731,56,1,1,3,28,78.3,7160000.0,0
20230731,57,4,16,1,29,57.2,9780000.0,0
20230731,58,4,16,3,36,111.4,8280000.0,0
20230731,59,3,12,1,34,72.3,14290000.0,0
20230731,60,3,11,1,55,35.9,10040000.0,0
20230731,61,4,17,3,33,102.4,15360000.0,0
20230731,62,2,6,4,26,19.4,7390000.0,0
20230731,63,3,11,5,29,55.0,10290000.0,0
20230731,64,7,31,1,31,26.0,6990000.0,0
20230731,65,3,11,1,25,60.9,8750000.0,0
20230731,66,1,3,4,32,48.8,15000000.0,0
20230731,67,7,31,6,24,16.1,6570000.0,0
20230731,69,5,21,6,25,40.9,8200000.0,0
20230731,71,1,4,2,39,161.6,27710000.0,0
20230731,72,5,21,1,31,70.8,7420000.0,0
20230731,73,3,14,1,42,35.1,37400000.0,0
20230731,74,8,36,2,33,84.0,7110000.0,0
20230731,75,4,16,6,29,108.9,9620000.0,0
20230731,76,3,13,5,43,119.1,21820000.0,0
20230731,77,5,21,1,24,25.2,7850000.0,0
20230731,79,8,39,1,42,14.5,23580000.0,0
20230731,80,7,33,2,34,15.3,13320000.0,0
20230731,81,1,1,6,23,32.7,7720000.0,0
20230731,82,2,6,1,28,11.4,8140000.0,0
20230731,83,6,27,2,30,24.6,11290000.0,0
20230731,84,4,16,3,40,127.9,7610000.0,0
20230731,85,7,33,1,38,47.2,13230000.0,0
20230731,86,3,13,1,38,95.0,21820000.0,0
20230731,87,6,26,1,22,27.0,7530000.0,0
20230731,88,1,1,5,24,45.4,6750000.0,0
20230731,89,1,1,5,29,30.5,7080000.0,0
20230731,91,7,31,1,25,37.0,7680000.0,0
20230731,92,5,21,3,27,47.5,6910000.0,0
20230731,93,2,9,1,41,40.7,24370000.0,0
20230731,94,2,6,1,27,67.5,7780000.0,0
20230731,95,1,2,2,25,44.7,13040000.0,0
20230731,96,2,9,1,47,161.6,30810000.0,0
20230731,97,3,13,3,26,9.5,24060000.0,0
20230731,98,8,36,1,54,12.8,5990000.0,0
20230731,99,7,32,6,32,76.3,11550000.0,0
20230731,100,1,1,3,31,30.9,7640000.0,0
20230731,101,7,31,5,33,39.7,6180000.0,0
20230731,102,7,32,1,30,23.9,9740000.0,0
20230731,103,7,31,2,40,144.9,6580000.0,0
20230731,104,2,6,1,30,60.8,7650000.0,0
20230731,105,8,36,3,36,107.2,5210000.0,0
20230731,106,8,36,3,33,37.2,5480000.0,0
20230731,108,4,17,3,32,14.9,14370000.0,0
20230731,109,5,21,1,32,62.9,9150000.0,0
20230731,111,1,2,1,33,161.6,13470000.0,0
20230731,112,2,6,3,30,10.2,6790000.0,0
20230731,114,1,2,1,27,11.7,12090000.0,0
20230731,115,3,13,1,31,11.5,22400000.0,0
20230731,116,1,5,1,41,37.0,42990000.0,0
20230731,118,7,31,5,29,37.7,6190000.0,0
20230731,120,2,6,4,23,10.9,6790000.0,0
20230731,121,3,11,1,40,161.6,9400000.0,0
20230731,122,7,32,5,31,35.4,9960000.0,0
20230731,123,3,11,2,34,18.9,9590000.0,0
20230731,124,8,36,6,25,38.2,5500000.0,0
20230731,125,7,32,1,28,46.9,10310000.0,0
20230731,126,8,36,1,33,79.5,5670000.0,0
20230731,127,1,1,6,26,18.1,7300000.0,0
20230731,128,4,16,2,35,72.0,9920000.0,0
20230731,129,6,26,1,39,161.6,6170000.0,0
20230731,130,3,11,2,24,28.6,9850000.0,0
20230731,131,1,5,1,51,153.0,47060000.0,0
20230731,132,3,12,1,34,63.8,12790000.0,0
20230731,133,1,3,1,40,145.7,16560000.0,0
20230731,134,3,12,1,32,63.9,13660000.0,0
20230731,135,1,1,1,39,58.2,7090000.0,0
20230731,136,7,32,2,28,55.2,8370000.0,0
20230731,137,1,1,3,25,18.3,8950000.0,0
20230731,138,6,29,1,37,40.2,27100000.0,0
20230731,139,7,32,4,28,42.0,12400000.0,0
20230731,140,8,36,1,31,16.9,5720000.0,0
20230731,141,1,3,3,36,57.3,16240000.0,0
20230731,142,8,36,2,27,27.4,7480000.0,0
20230731,143,7,31,4,53,39.4,7580000.0,0
20230731,146,1,3,4,28,48.1,18660000.0,0
20230731,147,8,36,3,28,12.7,6030000.0,0
20230731,148,7,31,1,39,146.4,6980000.0,0
20230731,149,1,1,5,27,31.5,6520000.0,0
20230731,150,7,32,5,39,111.1,11580000.0,0
20230731,151,8,36,3,23,39.7,6910000.0,0
20230731,152,6,26,1,32,24.7,6730000.0,0
20230731,153,7,33,1,34,84.6,15160000.0,0
20230731,154,1,5,1,42,37.4,43940000.0,0
20230731,155,4,16,2,30,14.7,7210000.0,0
20230731,156,1,3,6,41,60.4,17800000.0,0
20230731,157,1,5,1,43,43.8,42250000.0,0
20230731,159,7,31,1,26,34.5,6150000.0,0
20230731,160,7,35,1,43,103.8,35380000.0,0
20230731,162,4,16,1,30,100.1,8300000.0,0
20230731,164,1,5,1,37,50.0,46320000.0,0
20230731,165,5,21,2,37,156.0,8980000.0,0
20230731,166,6,26,1,24,47.6,8420000.0,0
20230731,167,8,39,1,38,50.1,21990000.0,0
20230731,168,2,7,1,34,75.7,13590000.0,0
20230731,169,1,1,1,22,17.7,6730000.0,0
20230731,170,1,2,6,36,36.5,12740000.0,0
20230731,171,7,31,6,28,20.8,7540000.0,0
20230731,172,7,31,1,26,7.4,7390000.0,0
20230731,173,7,31,1,29,47.7,6870000.0,0
20230731,174,8,37,1,24,46.6,9990000.0,0
20230731,175,8,38,3,40,49.9,13630000.0,0
20230731,176,3,14,1,36,24.1,39850000.0,0
20230731,177,1,1,1,26,48.6,6610000.0,0
20230731,178,7,33,1,36,9.3,16570000.0,0
20230731,179,1,4,1,37,71.0,29660000.0,0
20230731,181,1,2,1,32,63.4,9940000.0,0
20230731,182,7,31,1,30,62.9,5990000.0,0
20230731,183,5,21,2,32,95.1,8710000.0,0
20230731,184,8,36,1,28,17.1,7270000.0,0
20230731,186,7,31,2,55,14.8,7760000.0,0
20230731,187,8,36,3,22,28.8,6610000.0,0
20230731,188,4,16,1,24,45.4,8850000.0,0
20230731,189,3,13,1,31,26.3,19530000.0,0
20230731,190,7,31,5,27,62.5,6720000.0,0
20230731,191,4,16,1,34,29.4,8990000.0,0
20230731,192,1,5,2,42,21.5,40550000.0,0
20230731,193,1,2,1,32,34.0,9510000.0,0
20230731,194,8,39,1,29,56.6,25290000.0,0
20230731,195,7,32,1,55,62.3,9550000.0,0
20230731,196,7,32,6,29,94.8,8940000.0,0
20230731,197,6,28,3,38,106.8,19210000.0,0
20230731,198,6,26,6,32,47.2,6520000.0,0
20230731,199,6,26,1,34,27.9,7750000.0,0
20230731,200,2,7,1,26,25.7,11740000.0,0
20230731,201,5,21,5,23,37.9,6530000.0,0
20230731,202,1,2,3,30,44.8,11410000.0,0
20230731,203,7,31,1,21,12.4,5530000.0,0
20230731,204,1,1,1,38,107.5,8320000.0,0
20230731,205,8,36,4,25,16.6,5670000.0,0
20230731,206,1,1,1,30,39.9,7670000.0,0
20230731,207,8,36,2,28,28.4,6150000.0,0
20230731,208,3,13,2,43,161.6,24080000.0,0
20230731,209,6,26,1,24,30.6,7140000.0,0
20230731,210,7,33,1,30,29.2,15710000.0,0
20230731,211,7,31,1,29,74.8,6770000.0,0
20230731,212,3,12,6,27,15.4,16620000.0,0
20230731,213,2,6,3,27,30.7,8200000.0,0
20230731,214,8,36,1,34,122.9,5830000.0,0
20230731,215,4,17,1,31,76.2,13690000.0,0
20230731,216,4,16,6,,65.8,8780000.0,0
20230731,217,5,21,1,31,23.1,7220000.0,0
20230731,218,3,11,1,29,44.6,10250000.0,0
20230731,219,3,11,1,37,77.8,7990000.0,0
20230731,220,8,38,1,34,76.0,13020000.0,0
20230731,221,7,31,3,28,39.9,6090000.0,0
20230731,222,8,36,1,28,33.7,6590000.0,0
20230731,223,1,1,3,22,19.9,8020000.0,0
20230731,224,1,4,1,39,69.9,29150000.0,0
20230731,225,1,1,6,23,10.3,7790000.0,0
20230731,226,2,6,2,34,17.3,7160000.0,0
20230731,227,2,6,4,26,66.7,7450000.0,0
20230731,228,5,24,2,34,10.1,25880000.0,0
20230731,229,7,31,1,31,112.0,7080000.0,0
20230731,230,8,37,1,27,10.7,9770000.0,0
20230731,232,3,12,1,38,101.9,16050000.0,0
20230731,233,8,36,2,54,41.6,5890000.0,0
20230731,234,7,32,2,40,161.6,10490000.0,0
20230731,236,6,27,1,35,81.6,11140000.0,0
20230731,237,6,27,4,28,7.6,10300000.0,0
20230731,238,7,31,1,29,20.8,6510000.0,0
20230731,239,2,7,4,32,94.7,13970000.0,0
20230731,240,8,36,6,29,48.3,6020000.0,0
20230731,241,8,36,1,53,42.8,7000000.0,0
20230731,242,8,36,1,26,42.3,6620000.0,0
20230731,243,7,31,1,35,149.9,7320000.0,0
20230731,244,3,13,6,48,74.4,18970000.0,0
20230731,245,1,1,1,31,51.1,7210000.0,0
20230731,246,8,37,1,39,92.2,10240000.0,0
20230731,247,7,31,1,29,43.1,7070000.0,0
20230731,248,5,22,1,28,43.4,13360000.0,0
20230731,250,1,1,1,30,28.9,8430000.0,0
20230731,251,1,4,1,38,78.9,34310000.0,0
20230731,252,3,11,2,29,46.0,10870000.0,0
20230731,253,8,38,6,33,42.6,15030000.0,0
20230731,254,5,21,1,26,13.0,8880000.0,0
20230731,255,1,1,3,31,112.8,6610000.0,0
20230731,256,7,31,1,29,106.9,6920000.0,0
20230731,257,3,12,1,30,36.0,14250000.0,0
20230731,258,1,2,1,31,16.7,9940000.0,0
20230731,260,8,39,1,39,128.1,24720000.0,0
20230731,261,5,21,1,29,59.4,6680000.0,0
20230731,262,7,31,1,21,10.6,7050000.0,0
20230731,263,4,16,1,23,14.0,8280000.0,0
20230731,264,1,1,6,26,15.9,5840000.0,0
20230731,265,7,33,1,33,42.0,14770000.0,0
20230731,266,4,16,1,26,14.0,9410000.0,0
20230731,267,1,2,1,30,29.2,11290000.0,0
20230731,268,7,31,6,23,24.1,6940000.0,0
20230731,270,3,11,1,42,114.5,9430000.0,0
20230731,271,2,6,2,25,8.4,7700000.0,0
20230731,272,4,19,1,36,26.7,39540000.0,0
20230731,273,3,12,1,34,42.7,17380000.0,0
20230731,274,7,31,5,25,28.8,6150000.0,0
20230731,276,8,36,1,34,57.8,5780000.0,0
20230731,277,3,11,1,25,56.1,8730000.0,0
20230731,278,3,14,1,41,62.1,37110000.0,0
20230731,279,3,11,3,30,45.5,8270000.0,0
20230731,280,2,10,1,33,34.5,42670000.0,0
20230731,282,1,4,1,36,20.0,26560000.0,0
20230731,284,7,32,5,37,87.4,9510000.0,0
20230731,285,1,1,4,22,26.8,7650000.0,0
20230731,286,1,2,1,32,75.4,11050000.0,0
20230731,288,6,30,1,40,10.8,47940000.0,0
20230731,289,7,32,1,29,11.0,10000000.0,0
20230731,290,3,15,1,33,19.8,62680000.0,0
20230731,291,3,13,1,37,27.6,21520000.0,0
20230731,292,7,31,2,23,35.8,6350000.0,0
20230731,293,1,2,1,27,7.1,9710000.0,0
20230731,295,1,1,1,21,8.9,8030000.0,0
20230731,296,1,1,4,28,55.4,6970000.0,0
20230731,297,7,33,5,31,28.1,16320000.0,0
20230731,298,8,38,1,34,37.4,16190000.0,0
20230731,299,7,31,3,54,46.7,7030000.0,0
20230731,300,4,16,5,27,28.6,7720000.0,0
20230731,301,8,37,1,27,9.3,9860000.0,0
20230731,302,1,1,1,27,15.6,7980000.0,0
20230731,303,1,1,1,31,50.0,7380000.0,0
20230731,304,7,31,1,24,53.8,6450000.0,0
20230731,305,7,31,4,24,52.0,5670000.0,0
20230731,306,1,1,6,34,15.3,8010000.0,0
20230731,307,4,17,4,28,49.2,14360000.0,0
20230731,308,6,26,3,29,36.7,7580000.0,0
20230731,309,1,1,1,21,9.3,8100000.0,0
20230731,310,4,16,1,35,114.0,9080000.0,0
20230731,311,3,13,1,36,29.1,19160000.0,0
20230731,312,7,31,2,55,34.2,6540000.0,0
20230731,313,7,32,1,34,14.7,11050000.0,0
20230731,314,3,14,1,32,25.4,38990000.0,0
20230731,316,4,19,1,38,31.9,37920000.0,0
20230731,317,2,7,1,39,55.1,10880000.0,0
20230731,318,1,1,1,26,13.6,7490000.0,0
20230731,319,8,36,1,22,19.7,6100000.0,0
20230731,320,7,33,5,24,14.3,15710000.0,0
20230731,321,1,1,1,34,124.2,7750000.0,0
20230731,322,5,22,4,23,11.6,12940000.0,0
20230731,323,1,2,1,25,9.8,10960000.0,0
20230731,324,3,14,1,40,66.3,33760000.0,0
20230731,325,1,2,3,27,17.6,11030000.0,0
20230731,327,7,32,1,31,35.5,10670000.0,0
20230731,329,7,32,2,32,43.2,9720000.0,0
20230731,330,1,1,2,34,161.6,7640000.0,0
20230731,331,3,12,3,30,35.5,16750000.0,0
20230731,333,8,36,1,26,37.1,5660000.0,0
20230731,334,8,37,6,30,35.2,11020000.0,0
20230731,335,6,26,1,25,21.0,7800000.0,0
20230731,336,1,1,1,30,44.8,8460000.0,0
20230731,337,3,12,1,24,46.1,14980000.0,0
20230731,338,8,36,1,20,9.2,5480000.0,0
20230731,339,5,21,3,27,21.0,8250000.0,0
20230731,340,8,36,5,39,161.6,7160000.0,0
20230731,341,1,1,1,26,41.1,7720000.0,0
20230731,343,7,31,3,23,34.4,7580000.0,0
20230731,344,8,37,6,34,65.8,10120000.0,0
20230731,345,3,11,1,28,37.3,8230000.0,0
20230731,346,1,1,3,23,8.1,7240000.0,0
20230731,347,8,36,2,32,134.1,7190000.0,0
20230731,349,7,33,4,44,70.6,12950000.0,0
20230731,350,2,7,3,28,20.5,13340000.0,0
20230731,351,6,26,1,24,38.3,7710000.0,0
20230731,352,7,32,1,27,28.3,9670000.0,0
20230731,353,1,2,1,33,77.5,11240000.0,0
20230731,354,7,31,1,30,11.8,6350000.0,0
20230731,356,8,36,1,25,36.3,5790000.0,0
20230731,357,3,12,1,33,98.6,16320000.0,0
20230731,358,5,22,1,31,53.8,11960000.0,0
20230731,359,3,13,1,29,11.9,19650000.0,0
20230731,360,7,32,4,37,128.2,10610000.0,0
20230731,361,1,3,6,35,74.1,18540000.0,0
20230731,362,8,36,1,26,45.5,6910000.0,0
20230731,363,3,12,1,44,136.7,17060000.0,0
20230731,364,7,32,3,30,18.9,9970000.0,0
20230731,365,8,37,1,55,34.2,10900000.0,0
20230731,366,8,37,4,30,24.1,10740000.0,0
20230731,367,6,27,1,30,10.3,10340000.0,0
20230731,368,1,1,1,22,7.8,6450000.0,0
20230731,369,1,3,1,35,32.4,18830000.0,0
20230731,370,4,19,1,35,10.9,28410000.0,0
20230731,372,1,1,1,30,39.5,7140000.0,0
20230731,373,2,8,1,36,51.5,16200000.0,0
20230731,374,1,1,5,32,78.4,8610000.0,0
20230731,375,5,22,4,38,153.7,14110000.0,0
20230731,376,3,11,4,24,25.0,9180000.0,0
20230731,377,6,28,2,43,125.2,17160000.0,0
20230731,378,1,1,2,35,105.9,8100000.0,0
20230731,379,1,1,1,28,69.3,7240000.0,0
20230731,380,3,12,5,31,24.9,11530000.0,0
20230731,381,4,18,2,43,94.8,19230000.0,0
20230731,383,6,27,2,31,47.0,11170000.0,0
20230731,384,3,11,1,30,76.5,9260000.0,0
20230731,385,7,33,6,21,8.6,14930000.0,0
20230731,386,2,6,1,39,109.3,8710000.0,0
20230731,387,3,11,1,25,25.2,9760000.0,0
20230731,388,7,31,1,22,9.1,6010000.0,0
20230731,389,7,31,2,29,60.7,5790000.0,0
20230731,390,3,13,1,37,57.4,20320000.0,0
20230731,391,7,32,3,30,46.4,10410000.0,0
20230731,392,8,37,1,26,32.5,11060000.0,0
20230731,393,7,31,6,24,47.9,6550000.0,0
20230731,396,1,1,1,26,25.0,6680000.0,0
20230731,397,2,7,1,26,33.1,11810000.0,0
20230731,398,3,12,1,28,16.8,11920000.0,0
20230731,399,2,6,1,35,161.6,8030000.0,0
20230731,400,7,32,3,35,34.0,8340000.0,0
20230731,401,6,29,1,34,25.3,33640000.0,0
20230731,402,3,13,3,37,80.0,21890000.0,0
20230731,404,7,31,6,35,138.8,6100000.0,0
20230731,405,3,12,1,31,54.2,13660000.0,0
20230731,406,3,11,2,32,28.6,8890000.0,0
20230731,407,3,12,1,40,69.7,13330000.0,0
20230731,408,3,12,4,34,105.5,13500000.0,0
20230731,409,7,33,1,41,161.6,16470000.0,0
20230731,410,8,38,1,28,32.4,13630000.0,0
20230731,412,1,1,1,28,42.7,7600000.0,0
20230731,413,8,36,3,28,9.1,5700000.0,0
20230731,414,3,11,2,36,123.0,8500000.0,0
20230731,415,3,11,5,33,97.3,9310000.0,0
20230731,416,1,1,1,30,43.3,8090000.0,0
20230731,417,7,31,2,25,8.0,6780000.0,0
20230731,418,7,31,1,34,42.1,6930000.0,0
20230731,419,8,39,1,38,55.4,25230000.0,0
20230731,420,5,21,2,31,68.8,9160000.0,0
20230731,421,1,4,1,38,69.9,23380000.0,0
20230731,423,4,16,5,23,31.8,8700000.0,0
20230731,424,3,11,1,21,7.6,8520000.0,0
20230731,425,1,3,3,33,25.7,15380000.0,0
20230731,426,3,14,6,35,17.5,39220000.0,0
20230731,427,1,1,6,23,12.7,8540000.0,0
20230731,428,8,39,6,36,16.6,26690000.0,0
20230731,429,7,33,1,32,32.4,15060000.0,0
20230731,430,1,4,1,41,40.0,26570000.0,0
20230731,431,3,12,2,42,129.8,14570000.0,0
20230731,432,1,4,1,39,24.0,34850000.0,0
20230731,433,7,35,1,47,113.1,44100000.0,0
20230731,435,8,36,3,21,7.5,5580000.0,0
20230731,436,3,13,3,35,41.7,21270000.0,0
20230731,438,1,2,2,30,55.0,12770000.0,0
20230731,439,8,37,1,33,40.6,9150000.0,0
20230731,440,7,31,3,28,20.8,6450000.0,0
20230731,442,8,36,2,27,62.9,5590000.0,0
20230731,443,2,6,1,42,161.6,6750000.0,0
20230731,444,1,1,1,26,13.2,7280000.0,0
20230731,445,1,4,1,43,124.9,26790000.0,0
20230731,446,8,36,4,23,40.7,6130000.0,0
20230731,447,4,16,1,24,28.6,9380000.0,0
20230731,448,3,12,6,36,81.0,15840000.0,0
20230731,449,1,2,6,26,23.8,10130000.0,0
20230731,450,8,38,1,37,94.7,15890000.0,0
20230731,452,3,12,2,30,44.8,13610000.0,0
20230731,453,8,36,2,30,37.7,7090000.0,0
20230731,454,7,34,1,39,106.9,24910000.0,0
20230731,455,4,20,6,43,31.8,63640000.0,0
20230731,456,1,1,3,54,10.0,7960000.0,0
20230731,457,7,32,3,38,105.9,10780000.0,0
20230731,458,7,31,1,25,32.1,6560000.0,0
20230731,459,7,31,1,27,26.0,5740000.0,0
20230731,460,2,7,1,32,32.7,10310000.0,0
20230731,461,4,16,1,24,6.3,10170000.0,0
20230731,462,2,6,1,23,6.7,9240000.0,0
20230731,463,5,21,1,22,6.1,7900000.0,0
20230731,464,7,31,4,21,6.4,6410000.0,0
20230731,465,8,37,2,26,6.8,8520000.0,0
20230731,466,7,31,4,26,6.6,6690000.0,0
20230731,467,3,11,2,23,6.2,10060000.0,0
20230731,469,7,31,1,24,6.8,6500000.0,0
20230731,470,1,1,1,26,6.1,7360000.0,0
20230731,471,7,32,3,32,6.1,11260000.0,0
20230731,472,2,6,1,26,6.0,7320000.0,0
20230731,473,6,26,1,25,6.3,7440000.0,0
20230731,474,6,27,1,30,6.7,11110000.0,0
20230731,475,8,37,1,30,5.3,8590000.0,0
20230731,476,7,31,1,27,5.2,6960000.0,0
20230731,477,1,1,3,21,5.5,6730000.0,0
20230731,478,3,11,4,21,5.3,7950000.0,0
20230731,479,2,6,6,32,5.6,8760000.0,0
20230731,480,5,21,6,25,5.4,7610000.0,0
20230731,481,8,36,1,24,4.2,6830000.0,0
20230731,482,7,31,3,25,4.4,5920000.0,0
20230731,483,8,37,1,30,5.0,10020000.0,0
20230731,484,6,26,1,21,5.0,6500000.0,0
20230731,485,1,1,1,23,4.8,7010000.0,0
20230731,486,1,1,2,24,4.8,7580000.0,0
20230731,487,1,1,1,23,3.9,6680000.0,0
20230731,488,7,31,1,29,3.3,6050000.0,0
20230731,489,8,36,1,27,3.8,6730000.0,0
20230731,490,3,11,4,21,3.2,9340000.0,0
20230731,491,8,36,3,26,3.8,6290000.0,0
20230731,492,8,36,5,20,3.7,5880000.0,0
20230731,493,3,11,1,20,3.4,8360000.0,0
20230731,494,4,19,2,40,3.6,39020000.0,0
20230731,495,3,11,2,22,3.4,9230000.0,0
20230731,496,7,31,2,,3.9,6400000.0,0
20230731,497,8,36,1,27,3.8,6440000.0,0
20230731,498,7,32,6,25,4.0,9350000.0,0
20230731,499,1,2,5,21,3.5,12560000.0,0
20230731,500,2,6,2,25,3.7,7270000.0,0
20230731,501,8,36,4,30,3.2,5190000.0,0
20230731,502,1,1,6,21,3.1,6300000.0,0
20230731,503,3,11,3,20,3.5,7890000.0,0
20230731,504,7,31,3,26,3.7,6450000.0,0
20230731,505,2,7,3,28,3.2,11370000.0,0
20230731,506,3,12,1,32,3.8,12860000.0,0
20230731,507,2,6,1,21,3.7,8840000.0,0
20230731,508,7,33,1,32,3.9,16460000.0,0
20230731,509,7,31,1,25,3.1,6010000.0,0
20230731,510,3,11,3,20,2.9,8750000.0,0
20230731,511,8,36,1,21,2.9,5470000.0,0
20230731,512,7,32,1,27,2.9,10540000.0,0
20230731,513,7,31,1,23,3.0,6180000.0,0
20230731,514,1,1,6,27,3.0,8090000.0,0
20230731,515,2,7,1,27,2.1,10040000.0,0
20230731,516,7,31,2,24,1.5,7240000.0,0
20230731,517,8,36,1,26,1.5,7080000.0,0
20230731,518,2,6,2,28,1.4,8030000.0,0
20230731,519,8,36,1,21,1.2,5810000.0,0
20230731,520,1,1,1,20,1.1,6840000.0,0
20230731,521,7,31,2,26,1.9,7290000.0,0
20230731,522,7,31,1,23,1.5,7140000.0,0
20230731,523,8,37,1,28,0.2,10190000.0,1
20230731,524,7,32,1,21,0.3,10670000.0,1
20230731,525,3,11,6,25,0.4,3486364.0,1
20230731,526,8,36,1,26,0.9,6630000.0,1
20230731,527,3,14,1,32,0.5,33160000.0,1
20230731,528,7,32,3,32,0.8,9740000.0,1
20230731,529,8,36,5,21,0.6,6440000.0,1
20230731,530,7,33,1,25,0.6,14660000.0,1
20230731,531,1,2,1,23,0.1,12500000.0,1
20230731,532,6,26,1,24,0.6,8000000.0,1
20230731,533,4,17,1,24,0.7,14120000.0,1
20230831,2,7,32,1,31,49.0,9270000.0,0
20230831,3,5,21,1,30,37.2,7600000.0,0
20230831,5,8,36,1,29,36.3,6410000.0,0
20230831,6,1,1,1,26,25.6,8390000.0,0
20230831,7,3,11,2,31,41.1,9800000.0,0
20230831,8,5,21,2,31,26.2,7780000.0,0
20230831,9,8,36,3,30,52.8,6230000.0,0
20230831,11,8,36,6,26,16.5,6410000.0,0
20230831,12,2,6,3,34,55.8,7510000.0,0
20230831,13,2,7,2,28,54.3,10770000.0,0
20230831,15,4,16,1,25,54.0,7510000.0,0
20230831,16,1,1,5,25,21.7,7150000.0,0
20230831,17,6,26,3,22,30.6,8380000.0,0
20230831,18,8,36,1,30,61.1,7130000.0,0
20230831,19,5,24,1,45,61.1,32210000.0,0
20230831,21,7,31,5,25,64.6,6390000.0,0
20230831,22,1,1,3,23,30.4,7660000.0,0
20230831,23,1,2,6,32,57.3,11500000.0,0
20230831,24,8,36,1,33,72.6,6850000.0,0
20230831,25,2,8,1,38,52.4,16740000.0,0
20230831,26,8,37,4,30,75.6,11500000.0,0
20230831,27,3,14,1,34,16.1,35720000.0,0
20230831,28,2,6,1,28,61.4,7150000.0,0
20230831,29,3,12,1,31,40.1,15330000.0,0
20230831,30,1,2,3,36,35.8,13450000.0,0
20230831,31,2,6,4,,88.4,8750000.0,0
20230831,32,8,36,3,28,18.4,7220000.0,0
20230831,33,3,11,3,27,19.3,9900000.0,0
20230831,34,8,36,5,23,34.1,6620000.0,0
20230831,35,1,3,6,31,32.5,19190000.0,0
20230831,37,1,3,1,34,18.5,17880000.0,0
20230831,38,3,11,1,36,56.4,9600000.0,0
20230831,39,4,16,3,25,17.2,9240000.0,0
20230831,40,3,11,5,29,41.4,9490000.0,0
20230831,41,7,31,1,26,37.0,5740000.0,0
20230831,42,2,7,4,31,13.5,12810000.0,0
20230831,43,5,21,1,26,14.9,7270000.0,0
20230831,44,6,26,2,29,53.4,7700000.0,0
20230831,45,7,31,1,35,99.4,7860000.0,0
20230831,46,7,31,2,21,10.0,5850000.0,0
20230831,47,7,31,4,33,73.3,7580000.0,0
20230831,48,7,31,5,29,83.6,6780000.0,0
20230831,49,3,13,1,29,93.0,23430000.0,0
20230831,50,3,13,1,36,25.5,20050000.0,0
20230831,51,7,31,1,29,18.1,6550000.0,0
20230831,53,7,32,1,30,19.9,10480000.0,0
20230831,54,8,37,2,31,22.7,10890000.0,0
20230831,55,8,36,1,27,26.0,5330000.0,0
20230831,56,1,1,3,28,79.3,7160000.0,0
20230831,57,4,16,1,29,58.2,9780000.0,0
20230831,58,4,16,3,36,112.5,8280000.0,0
20230831,59,3,12,1,34,73.3,14290000.0,0
20230831,60,3,11,1,55,36.9,10040000.0,0
20230831,61,4,17,3,33,103.5,15360000.0,0
20230831,62,2,6,4,26,20.5,7390000.0,0
20230831,63,3,11,5,29,56.0,10290000.0,0
20230831,64,7,31,1,31,27.0,6990000.0,0
20230831,65,3,11,1,25,62.0,8750000.0,0
20230831,66,1,3,4,32,49.8,15000000.0,0
20230831,67,7,31,6,24,17.1,6570000.0,0
20230831,69,5,21,6,25,42.0,8200000.0,0
20230831,71,1,4,2,39,162.7,27710000.0,0
20230831,72,5,21,1,31,71.8,7420000.0,0
20230831,73,3,14,1,42,36.1,37400000.0,0
20230831,74,8,36,2,33,85.1,7110000.0,0
20230831,75,4,16,6,30,109.9,9620000.0,0
20230831,76,3,13,5,44,120.1,21820000.0,0
20230831,77,5,21,1,24,26.2,7850000.0,0
20230831,79,8,39,1,42,15.5,23580000.0,0
20230831,80,7,33,2,34,16.3,13320000.0,0
20230831,81,1,1,6,23,33.7,7720000.0,0
20230831,82,2,6,1,28,12.5,8140000.0,0
20230831,83,6,27,2,30,25.6,11290000.0,0
20230831,84,4,16,3,40,128.9,7610000.0,0
20230831,85,7,33,1,38,48.2,13230000.0,0
20230831,86,3,13,1,38,96.0,21820000.0,0
20230831,87,6,26,1,22,28.1,7530000.0,0
20230831,88,1,1,5,24,46.4,6750000.0,0
20230831,89,1,1,5,29,31.5,7080000.0,0
20230831,91,7,31,1,25,38.0,7680000.0,0
20230831,92,5,21,3,27,48.6,6910000.0,0
20230831,93,2,9,1,41,41.8,24370000.0,0
20230831,94,2,6,1,27,68.5,7780000.0,0
20230831,95,1,2,2,26,45.8,13040000.0,0
20230831,96,2,9,1,47,162.7,30810000.0,0
20230831,97,3,13,3,26,10.5,24060000.0,0
20230831,98,8,36,1,54,13.9,5990000.0,0
20230831,99,7,32,6,32,77.3,11550000.0,0
20230831,100,1,1,3,31,32.0,7640000.0,0
20230831,101,7,31,5,33,40.7,6180000.0,0
20230831,102,7,32,1,30,24.9,9740000.0,0
20230831,103,7,31,2,40,145.9,6580000.0,0
20230831,104,2,6,1,30,61.9,7650000.0,0
20230831,105,8,36,3,36,108.2,5210000.0,0
20230831,106,8,36,3,33,38.2,5480000.0,0
20230831,108,4,17,3,32,16.0,14370000.0,0
20230831,109,5,21,1,32,64.0,9150000.0,0
20230831,111,1,2,1,34,162.7,13470000.0,0
20230831,112,2,6,3,30,11.2,6790000.0,0
20230831,114,1,2,1,27,12.7,12090000.0,0
20230831,115,3,13,1,31,12.5,22400000.0,0
20230831,116,1,5,1,41,38.0,42990000.0,0
20230831,118,7,31,5,29,38.7,6190000.0,0
20230831,120,2,6,4,23,12.0,6790000.0,0
20230831,121,3,11,1,40,162.7,9400000.0,0
20230831,122,7,32,5,31,36.4,9960000.0,0
20230831,123,3,11,2,34,19.9,9590000.0,0
20230831,124,8,36,6,25,39.3,5500000.0,0
20230831,125,7,32,1,28,47.9,10310000.0,0
20230831,126,8,36,1,33,80.5,5670000.0,0
20230831,127,1,1,6,26,19.2,7300000.0,0
20230831,128,4,16,2,35,73.0,9920000.0,0
20230831,129,6,26,1,39,162.7,6170000.0,0
20230831,130,3,11,2,24,29.6,9850000.0,0
20230831,131,1,5,1,51,154.0,47060000.0,0
20230831,132,3,12,1,34,64.8,12790000.0,0
20230831,133,1,3,1,40,146.7,16560000.0,0
20230831,134,3,12,1,32,65.0,13660000.0,0
20230831,135,1,1,1,39,59.2,7090000.0,0
20230831,136,7,32,2,28,56.2,8370000.0,0
20230831,137,1,1,3,25,19.4,8950000.0,0
20230831,138,6,29,1,37,41.2,27100000.0,0
20230831,139,7,32,4,28,43.0,12400000.0,0
20230831,140,8,36,1,31,17.9,5720000.0,0
20230831,141,1,3,3,36,58.3,16240000.0,0
20230831,142,8,36,2,27,28.5,7480000.0,0
20230831,143,7,31,4,53,40.4,7580000.0,0
20230831,146,1,3,4,28,49.1,18660000.0,0
20230831,147,8,36,3,28,13.8,6030000.0,0
20230831,148,7,31,1,39,147.4,6980000.0,0
20230831,149,1,1,5,27,32.5,6520000.0,0
20230831,150,7,32,5,39,112.2,11580000.0,0
20230831,151,8,36,3,23,40.7,6910000.0,0
20230831,152,6,26,1,32,25.7,6730000.0,0
20230831,153,7,33,1,34,85.7,15160000.0,0
20230831,154,1,5,1,42,38.4,43940000.0,0
20230831,155,4,16,2,31,15.7,7210000.0,0
20230831,156,1,3,6,41,61.4,17800000.0,0
20230831,157,1,5,1,43,44.8,42250000.0,0
20230831,159,7,31,1,26,35.5,6150000.0,0
20230831,160,7,35,1,43,104.8,35380000.0,0
20230831,162,4,16,1,30,101.1,8300000.0,0
20230831,164,1,5,1,37,51.0,46320000.0,0
20230831,165,5,21,2,37,157.0,8980000.0,0
20230831,166,6,26,1,24,48.6,8420000.0,0
20230831,167,8,39,1,39,51.1,21990000.0,0
20230831,168,2,7,1,34,76.7,13590000.0,0
20230831,169,1,1,1,22,18.8,6730000.0,0
20230831,170,1,2,6,36,37.5,12740000.0,0
20230831,171,7,31,6,28,21.8,7540000.0,0
20230831,172,7,31,1,26,8.4,7390000.0,0
20230831,173,7,31,1,29,48.7,6870000.0,0
20230831,174,8,37,1,24,47.6,9990000.0,0
20230831,175,8,38,3,40,50.9,13630000.0,0
20230831,176,3,14,1,36,25.2,39850000.0,0
20230831,177,1,1,1,27,49.6,6610000.0,0
20230831,178,7,33,1,36,10.3,16570000.0,0
20230831,179,1,4,1,37,72.0,29660000.0,0
20230831,181,1,2,1,32,64.4,9940000.0,0
20230831,182,7,31,1,30,63.9,5990000.0,0
20230831,183,5,21,2,32,96.2,8710000.0,0
20230831,184,8,36,1,28,18.1,7270000.0,0
20230831,186,7,31,2,55,15.8,7760000.0,0
20230831,187,8,36,3,22,29.8,6610000.0,0
20230831,188,4,16,1,24,46.4,8850000.0,0
20230831,189,3,13,1,31,27.3,19530000.0,0
20230831,190,7,31,5,27,63.5,6720000.0,0
20230831,191,4,16,1,34,30.5,8990000.0,0
20230831,192,1,5,2,42,22.5,40550000.0,0
20230831,193,1,2,1,32,35.0,9510000.0,0
20230831,194,8,39,1,29,57.6,25290000.0,0
20230831,195,7,32,1,55,63.3,9550000.0,0
20230831,196,7,32,6,29,95.8,8940000.0,0
20230831,197,6,28,3,38,107.8,19210000.0,0
20230831,198,6,26,6,32,48.3,6520000.0,0
20230831,199,6,26,1,34,28.9,7750000.0,0
20230831,200,2,7,1,26,26.7,11740000.0,0
20230831,201,5,21,5,23,39.0,6530000.0,0
20230831,202,1,2,3,30,45.9,11410000.0,0
20230831,203,7,31,1,21,13.4,5530000.0,0
20230831,204,1,1,1,38,108.5,8320000.0,0
20230831,205,8,36,4,25,17.6,5670000.0,0
20230831,206,1,1,1,30,40.9,7670000.0,0
20230831,207,8,36,2,28,29.4,6150000.0,0
20230831,208,3,13,2,43,162.7,24080000.0,0
20230831,209,6,26,1,24,31.6,7140000.0,0
20230831,210,7,33,1,30,30.2,15710000.0,0
20230831,211,7,31,1,30,75.8,6770000.0,0
20230831,212,3,12,6,27,16.5,16620000.0,0
20230831,213,2,6,3,27,31.7,8200000.0,0
20230831,214,8,36,1,34,124.0,5830000.0,0
20230831,215,4,17,1,31,77.2,13690000.0,0
20230831,216,4,16,6,,66.8,8780000.0,0
20230831,217,5,21,1,31,24.1,7220000.0,0
20230831,218,3,11,1,29,45.6,10250000.0,0
20230831,219,3,11,1,37,78.8,7990000.0,0
20230831,220,8,38,1,34,77.0,13020000.0,0
20230831,221,7,31,3,28,40.9,6090000.0,0
20230831,222,8,36,1,28,34.7,6590000.0,0
20230831,223,1,1,3,22,20.9,8020000.0,0
20230831,224,1,4,1,40,70.9,29150000.0,0
20230831,225,1,1,6,24,11.3,7790000.0,0
20230831,226,2,6,2,34,18.3,7160000.0,0
20230831,227,2,6,4,26,67.7,7450000.0,0
20230831,228,5,24,2,34,11.1,25880000.0,0
20230831,229,7,31,1,31,113.0,7080000.0,0
20230831,230,8,37,1,27,11.7,9770000.0,0
20230831,232,3,12,1,38,102.9,16050000.0,0
20230831,233,8,36,2,54,42.6,5890000.0,0
20230831,234,7,32,2,40,162.7,10490000.0,0
20230831,236,6,27,1,35,82.6,11140000.0,0
20230831,237,6,27,4,28,8.6,10300000.0,0
20230831,238,7,31,1,29,21.8,6510000.0,0
20230831,239,2,7,4,32,95.7,13970000.0,0
20230831,240,8,36,6,29,49.3,6020000.0,0
20230831,241,8,36,1,53,43.8,7000000.0,0
20230831,242,8,36,1,26,43.4,6620000.0,0
20230831,243,7,31,1,36,150.9,7320000.0,0
20230831,244,3,13,6,48,75.5,18970000.0,0
20230831,245,1,1,1,31,52.1,7210000.0,0
20230831,246,8,37,1,39,93.2,10240000.0,0
20230831,247,7,31,1,29,44.1,7070000.0,0
20230831,248,5,22,1,28,44.4,13360000.0,0
20230831,250,1,1,1,30,30.0,8430000.0,0
20230831,251,1,4,1,39,79.9,34310000.0,0
20230831,252,3,11,2,29,47.0,10870000.0,0
20230831,253,8,38,6,33,43.6,15030000.0,0
20230831,254,5,21,1,26,14.0,8880000.0,0
20230831,255,1,1,3,31,113.8,6610000.0,0
20230831,256,7,31,1,29,108.0,6920000.0,0
20230831,257,3,12,1,31,37.0,14250000.0,0
20230831,258,1,2,1,31,17.7,9940000.0,0
20230831,260,8,39,1,40,129.1,24720000.0,0
20230831,262,7,31,1,21,11.6,7050000.0,0
20230831,264,1,1,6,26,17.0,5840000.0,0
20230831,265,7,33,1,33,43.0,14770000.0,0
20230831,266,4,16,1,27,15.0,9410000.0,0
20230831,267,1,2,1,30,30.2,11290000.0,0
20230831,268,7,31,6,23,25.1,6940000.0,0
20230831,270,3,11,1,42,115.5,9430000.0,0
20230831,271,2,6,2,25,9.5,7700000.0,0
20230831,272,4,19,1,36,27.7,39540000.0,0
20230831,273,3,12,1,34,43.8,17380000.0,0
20230831,274,7,31,5,26,29.9,6150000.0,0
20230831,276,8,36,1,34,58.8,5780000.0,0
20230831,277,3,11,1,25,57.2,8730000.0,0
20230831,278,3,14,1,41,63.1,37110000.0,0
20230831,279,3,11,3,30,46.5,8270000.0,0
20230831,280,2,10,1,33,35.5,42670000.0,0
20230831,282,1,4,1,37,21.0,26560000.0,0
20230831,284,7,32,5,37,88.4,9510000.0,0
20230831,285,1,1,4,22,27.8,7650000.0,0
20230831,286,1,2,1,32,76.4,11050000.0,0
20230831,288,6,30,1,40,11.9,47940000.0,0
20230831,289,7,32,1,30,12.1,10000000.0,0
20230831,290,3,15,1,34,20.8,62680000.0,0
20230831,291,3,13,1,37,28.6,21520000.0,0
20230831,292,7,31,2,23,36.9,6350000.0,0
20230831,293,1,2,1,27,8.1,9710000.0,0
20230831,295,1,1,1,21,10.0,8030000.0,0
20230831,296,1,1,4,28,56.4,6970000.0,0
20230831,298,8,38,1,34,38.4,16190000.0,0
20230831,299,7,31,3,54,47.7,7030000.0,0
20230831,300,4,16,5,27,29.6,7720000.0,0
20230831,301,8,37,1,27,10.3,9860000.0,0
20230831,302,1,1,1,27,16.6,7980000.0,0
20230831,303,1,1,1,31,51.0,7380000.0,0
20230831,304,7,31,1,24,54.8,6450000.0,0
20230831,305,7,31,4,25,53.0,5670000.0,0
20230831,306,1,1,6,34,16.4,8010000.0,0
20230831,307,4,17,4,28,50.3,14360000.0,0
20230831,308,6,26,3,29,37.7,7580000.0,0
20230831,309,1,1,1,21,10.3,8100000.0,0
20230831,310,4,16,1,35,115.0,9080000.0,0
20230831,311,3,13,1,36,30.1,19160000.0,0
20230831,312,7,31,2,55,35.2,6540000.0,0
20230831,313,7,32,1,34,15.7,11050000.0,0
20230831,314,3,14,1,32,26.4,38990000.0,0
20230831,316,4,19,1,38,32.9,37920000.0,0
20230831,317,2,7,1,39,56.1,10880000.0,0
20230831,318,1,1,1,26,14.6,7490000.0,0
20230831,319,8,36,1,22,20.7,6100000.0,0
20230831,320,7,33,5,24,15.3,15710000.0,0
20230831,321,1,1,1,34,125.2,7750000.0,0
20230831,322,5,22,4,23,12.6,12940000.0,0
20230831,323,1,2,1,25,10.8,10960000.0,0
20230831,324,3,14,1,40,67.3,33760000.0,0
20230831,325,1,2,3,27,18.7,11030000.0,0
20230831,327,7,32,1,31,36.5,10670000.0,0
20230831,329,7,32,2,32,44.2,9720000.0,0
20230831,330,1,1,2,34,162.7,7640000.0,0
20230831,331,3,12,3,30,36.5,16750000.0,0
20230831,333,8,36,1,26,38.1,5660000.0,0
20230831,334,8,37,6,30,36.2,11020000.0,0
20230831,335,6,26,1,25,22.0,7800000.0,0
20230831,336,1,1,1,30,45.9,8460000.0,0
20230831,337,3,12,1,24,47.1,14980000.0,0
20230831,338,8,36,1,20,10.2,5480000.0,0
20230831,339,5,21,3,27,22.0,8250000.0,0
20230831,340,8,36,5,39,162.7,7160000.0,0
20230831,341,1,1,1,26,42.1,7720000.0,0
20230831,343,7,31,3,23,35.4,7580000.0,0
20230831,344,8,37,6,34,66.8,10120000.0,0
20230831,345,3,11,1,28,38.3,8230000.0,0
20230831,346,1,1,3,23,9.1,7240000.0,0
20230831,347,8,36,2,32,135.1,7190000.0,0
20230831,349,7,33,4,44,71.6,12950000.0,0
20230831,350,2,7,3,29,21.5,13340000.0,0
20230831,351,6,26,1,24,39.3,7710000.0,0
20230831,352,7,32,1,28,29.3,9670000.0,0
20230831,353,1,2,1,33,78.5,11240000.0,0
20230831,354,7,31,1,30,12.8,6350000.0,0
20230831,356,8,36,1,25,37.3,5790000.0,0
20230831,357,3,12,1,33,99.6,16320000.0,0
20230831,358,5,22,1,31,54.9,11960000.0,0
20230831,359,3,13,1,29,12.9,19650000.0,0
20230831,360,7,32,4,37,129.2,10610000.0,0
20230831,361,1,3,6,35,75.1,18540000.0,0
20230831,362,8,36,1,26,46.5,6910000.0,0
20230831,363,3,12,1,44,137.7,17060000.0,0
20230831,364,7,32,3,30,19.9,9970000.0,0
20230831,365,8,37,1,55,35.2,10900000.0,0
20230831,366,8,37,4,30,25.1,10740000.0,0
20230831,367,6,27,1,30,11.3,10340000.0,0
20230831,368,1,1,1,22,8.8,6450000.0,0
20230831,369,1,3,1,35,33.4,18830000.0,0
20230831,370,4,19,1,35,11.9,28410000.0,0
20230831,372,1,1,1,30,40.5,7140000.0,0
20230831,373,2,8,1,36,52.6,16200000.0,0
20230831,374,1,1,5,32,79.4,8610000.0,0
20230831,375,5,22,4,38,154.7,14110000.0,0
20230831,376,3,11,4,24,26.1,9180000.0,0
20230831,377,6,28,2,43,126.2,17160000.0,0
20230831,378,1,1,2,35,106.9,8100000.0,0
20230831,379,1,1,1,28,70.3,7240000.0,0
20230831,380,3,12,5,31,25.9,11530000.0,0
20230831,381,4,18,2,43,95.8,19230000.0,0
20230831,383,6,27,2,31,48.0,11170000.0,0
20230831,384,3,11,1,30,77.5,9260000.0,0
20230831,385,7,33,6,22,9.6,14930000.0,0
20230831,386,2,6,1,39,110.3,8710000.0,0
20230831,387,3,11,1,26,26.3,9760000.0,0
20230831,388,7,31,1,22,10.1,6010000.0,0
20230831,389,7,31,2,29,61.7,5790000.0,0
20230831,390,3,13,1,38,58.4,20320000.0,0
20230831,391,7,32,3,30,47.4,10410000.0,0
20230831,392,8,37,1,26,33.5,11060000.0,0
20230831,393,7,31,6,24,48.9,6550000.0,0
20230831,396,1,1,1,26,26.0,6680000.0,0
20230831,397,2,7,1,26,34.1,11810000.0,0
20230831,398,3,12,1,28,17.8,11920000.0,0
20230831,399,2,6,1,35,162.7,8030000.0,0
20230831,400,7,32,3,35,35.1,8340000.0,0
20230831,401,6,29,1,34,26.3,33640000.0,0
20230831,402,3,13,3,37,81.0,21890000.0,0
20230831,404,7,31,6,35,139.9,6100000.0,0
20230831,405,3,12,1,32,55.2,13660000.0,0
20230831,406,3,11,2,32,29.7,8890000.0,0
20230831,407,3,12,1,40,70.7,13330000.0,0
20230831,408,3,12,4,34,106.5,13500000.0,0
20230831,409,7,33,1,41,162.7,16470000.0,0
20230831,410,8,38,1,29,33.4,13630000.0,0
20230831,412,1,1,1,28,43.7,7600000.0,0
20230831,413,8,36,3,28,10.1,5700000.0,0
20230831,414,3,11,2,36,124.0,8500000.0,0
20230831,415,3,11,5,33,98.4,9310000.0,0
20230831,416,1,1,1,30,44.3,8090000.0,0
20230831,417,7,31,2,25,9.0,6780000.0,0
20230831,418,7,31,1,34,43.1,6930000.0,0
20230831,419,8,39,1,39,56.4,25230000.0,0
20230831,420,5,21,2,31,69.8,9160000.0,0
20230831,421,1,4,1,38,70.9,23380000.0,0
20230831,423,4,16,5,23,32.8,8700000.0,0
20230831,424,3,11,1,21,8.6,8520000.0,0
20230831,425,1,3,3,33,26.7,15380000.0,0
20230831,426,3,14,6,35,18.6,39220000.0,0
20230831,427,1,1,6,23,13.7,8540000.0,0
20230831,428,8,39,6,36,17.6,26690000.0,0
20230831,429,7,33,1,32,33.4,15060000.0,0
20230831,430,1,4,1,41,41.1,26570000.0,0
20230831,431,3,12,2,42,130.8,14570000.0,0
20230831,432,1,4,1,40,25.0,34850000.0,0
20230831,433,7,35,1,47,114.1,44100000.0,0
20230831,435,8,36,3,21,8.5,5580000.0,0
20230831,436,3,13,3,35,42.7,21270000.0,0
20230831,438,1,2,2,30,56.0,12770000.0,0
20230831,439,8,37,1,33,41.7,9150000.0,0
20230831,440,7,31,3,28,21.8,6450000.0,0
20230831,442,8,36,2,27,64.0,5590000.0,0
20230831,443,2,6,1,42,162.7,6750000.0,0
20230831,444,1,1,1,27,14.2,7280000.0,0
20230831,445,1,4,1,43,125.9,26790000.0,0
20230831,446,8,36,4,23,41.7,6130000.0,0
20230831,447,4,16,1,24,29.6,9380000.0,0
20230831,449,1,2,6,26,24.8,10130000.0,0
20230831,450,8,38,1,37,95.7,15890000.0,0
20230831,452,3,12,2,30,45.9,13610000.0,0
20230831,453,8,36,2,30,38.7,7090000.0,0
20230831,454,7,34,1,39,108.0,24910000.0,0
20230831,455,4,20,6,43,32.8,63640000.0,0
20230831,456,1,1,3,54,11.0,7960000.0,0
20230831,457,7,32,3,38,106.9,10780000.0,0
20230831,458,7,31,1,25,33.1,6560000.0,0
20230831,459,7,31,1,27,27.0,5740000.0,0
20230831,460,2,7,1,32,33.7,10310000.0,0
20230831,461,4,16,1,24,7.3,10170000.0,0
20230831,462,2,6,1,23,7.7,9240000.0,0
20230831,463,5,21,1,23,7.2,7900000.0,0
20230831,464,7,31,4,21,7.5,6410000.0,0
20230831,465,8,37,2,26,7.8,8520000.0,0
20230831,466,7,31,4,26,7.6,6690000.0,0
20230831,467,3,11,2,23,7.2,10060000.0,0
20230831,469,7,31,1,24,7.8,6500000.0,0
20230831,470,1,1,1,26,7.1,7360000.0,0
20230831,471,7,32,3,32,7.2,11260000.0,0
20230831,472,2,6,1,26,7.0,7320000.0,0
20230831,473,6,26,1,25,7.4,7440000.0,0
20230831,474,6,27,1,30,7.8,11110000.0,0
20230831,475,8,37,1,30,6.3,8590000.0,0
20230831,476,7,31,1,27,6.2,6960000.0,0
20230831,477,1,1,3,21,6.5,6730000.0,0
20230831,478,3,11,4,21,6.3,7950000.0,0
20230831,479,2,6,6,32,6.6,8760000.0,0
20230831,480,5,21,6,25,6.4,7610000.0,0
20230831,481,8,36,1,24,5.2,6830000.0,0
20230831,482,7,31,3,25,5.5,5920000.0,0
20230831,483,8,37,1,30,6.0,10020000.0,0
20230831,484,6,26,1,21,6.0,6500000.0,0
20230831,485,1,1,1,24,5.8,7010000.0,0
20230831,486,1,1,2,24,5.8,7580000.0,0
20230831,487,1,1,1,24,5.0,6680000.0,0
20230831,488,7,31,1,29,4.3,6050000.0,0
20230831,489,8,36,1,28,4.8,6730000.0,0
20230831,490,3,11,4,21,4.2,9340000.0,0
20230831,491,8,36,3,26,4.8,6290000.0,0
20230831,492,8,36,5,20,4.7,5880000.0,0
20230831,493,3,11,1,20,4.5,8360000.0,0
20230831,494,4,19,2,40,4.7,39020000.0,0
20230831,495,3,11,2,22,4.4,9230000.0,0
20230831,496,7,31,2,,4.9,6400000.0,0
20230831,498,7,32,6,25,5.0,9350000.0,0
20230831,499,1,2,5,21,4.5,12560000.0,0
20230831,500,2,6,2,25,4.7,7270000.0,0
20230831,501,8,36,4,31,4.2,5190000.0,0
20230831,502,1,1,6,21,4.1,6300000.0,0
20230831,503,3,11,3,20,4.6,7890000.0,0
20230831,504,7,31,3,26,4.7,6450000.0,0
20230831,505,2,7,3,28,4.2,11370000.0,0
20230831,506,3,12,1,32,4.9,12860000.0,0
20230831,507,2,6,1,21,4.8,8840000.0,0
20230831,508,7,33,1,32,4.9,16460000.0,0
20230831,509,7,31,1,26,4.1,6010000.0,0
20230831,510,3,11,3,20,3.9,8750000.0,0
20230831,511,8,36,1,21,3.9,5470000.0,0
20230831,512,7,32,1,27,3.9,10540000.0,0
20230831,513,7,31,1,23,4.0,6180000.0,0
20230831,514,1,1,6,27,4.0,8090000.0,0
20230831,515,2,7,1,27,3.2,10040000.0,0
20230831,516,7,31,2,24,2.5,7240000.0,0
20230831,517,8,36,1,26,2.6,7080000.0,0
20230831,518,2,6,2,28,2.4,8030000.0,0
20230831,519,8,36,1,21,2.2,5810000.0,0
20230831,520,1,1,1,21,2.1,6840000.0,0
20230831,521,7,31,2,26,3.0,7290000.0,0
20230831,522,7,31,1,23,2.5,7140000.0,0
20230831,523,8,37,1,28,1.2,10190000.0,0
20230831,524,7,32,1,21,1.3,10670000.0,0
20230831,526,8,36,1,26,1.9,6630000.0,0
20230831,527,3,14,1,32,1.5,33160000.0,0
20230831,528,7,32,3,32,1.8,9740000.0,0
20230831,529,8,36,5,21,1.6,6440000.0,0
20230831,530,7,33,1,26,1.6,14660000.0,0
20230831,531,1,2,1,23,1.1,12500000.0,0
20230831,532,6,26,1,24,1.6,8000000.0,0
20230831,533,4,17,1,24,1.7,14120000.0,0
20230831,534,8,36,1,25,0.0,5440000.0,1
20230831,535,5,21,3,22,0.3,8470000.0,1
20230831,536,3,11,1,21,0.7,8850000.0,1
20230831,537,7,31,1,25,0.5,5870000.0,1
20230831,538,3,11,3,20,0.4,8640000.0,1
20230831,539,2,7,4,27,0.6,12630000.0,1
20230831,540,3,11,1,23,0.6,10710000.0,1
20230831,541,8,36,1,21,0.6,7430000.0,1
20230831,542,8,36,4,20,0.7,7320000.0,1
20230831,543,3,12,1,24,0.6,13670000.0,1
20230831,544,6,26,1,28,0.9,7400000.0,1
20230831,545,4,16,2,24,0.7,8620000.0,1
20230831,546,2,7,1,34,0.0,12510000.0,1
20230831,547,1,2,2,23,0.6,11840000.0,1
20230930,2,7,32,1,31,50.0,9270000.0,0
20230930,3,5,21,1,30,38.2,7600000.0,0
20230930,5,8,36,1,29,37.3,6410000.0,0
20230930,6,1,1,1,26,26.5,8390000.0,0
20230930,7,3,11,2,31,42.1,9800000.0,0
20230930,8,5,21,2,31,27.2,7780000.0,0
20230930,9,8,36,3,30,53.8,6230000.0,0
20230930,11,8,36,6,26,17.4,6410000.0,0
20230930,12,2,6,3,34,56.8,7510000.0,0
20230930,13,2,7,2,28,55.3,10770000.0,0
20230930,15,4,16,1,25,55.0,7510000.0,0
20230930,16,1,1,5,25,22.7,7150000.0,0
20230930,17,6,26,3,23,31.6,8380000.0,0
20230930,18,8,36,1,30,62.1,7130000.0,0
20230930,19,5,24,1,45,62.1,32210000.0,0
20230930,21,7,31,5,25,65.6,6390000.0,0
20230930,22,1,1,3,24,31.4,7660000.0,0
20230930,23,1,2,6,32,58.3,11500000.0,0
20230930,24,8,36,1,33,73.6,6850000.0,0
20230930,25,2,8,1,38,53.4,16740000.0,0
20230930,26,8,37,4,30,76.6,11500000.0,0
20230930,27,3,14,1,34,17.1,35720000.0,0
20230930,28,2,6,1,28,62.4,7150000.0,0
20230930,29,3,12,1,31,41.1,15330000.0,0
20230930,30,1,2,3,36,36.8,13450000.0,0
20230930,31,2,6,4,,89.4,8750000.0,0
20230930,32,8,36,3,28,19.4,7220000.0,0
20230930,33,3,11,3,27,20.3,9900000.0,0
20230930,34,8,36,5,23,35.1,6620000.0,0
20230930,35,1,3,6,31,33.5,19190000.0,0
20230930,37,1,3,1,34,19.5,17880000.0,0
20230930,38,3,11,1,36,57.4,9600000.0,0
20230930,39,4,16,3,25,18.2,9240000.0,0
20230930,40,3,11,5,29,42.4,9490000.0,0
20230930,41,7,31,1,26,37.9,5740000.0,0
20230930,42,2,7,4,31,14.5,12810000.0,0
20230930,43,5,21,1,26,15.9,7270000.0,0
20230930,44,6,26,2,29,54.4,7700000.0,0
20230930,45,7,31,1,35,100.4,7860000.0,0
20230930,46,7,31,2,21,11.0,5850000.0,0
20230930,47,7,31,4,34,74.3,7580000.0,0
20230930,48,7,31,5,29,84.6,6780000.0,0
20230930,49,3,13,1,29,94.0,23430000.0,0
20230930,50,3,13,1,36,26.5,20050000.0,0
20230930,51,7,31,1,29,19.1,6550000.0,0
20230930,53,7,32,1,30,20.9,10480000.0,0
20230930,54,8,37,2,31,23.7,10890000.0,0
20230930,55,8,36,1,27,26.9,5330000.0,0
20230930,56,1,1,3,28,80.3,7160000.0,0
20230930,57,4,16,1,29,59.2,9780000.0,0
20230930,58,4,16,3,36,113.4,8280000.0,0
20230930,59,3,12,1,34,74.3,14290000.0,0
20230930,60,3,11,1,55,37.9,10040000.0,0
20230930,61,4,17,3,33,104.4,15360000.0,0
20230930,62,2,6,4,26,21.5,7390000.0,0
20230930,63,3,11,5,29,57.0,10290000.0,0
20230930,64,7,31,1,31,28.0,6990000.0,0
20230930,65,3,11,1,25,62.9,8750000.0,0
20230930,66,1,3,4,32,50.8,15000000.0,0
20230930,67,7,31,6,24,18.1,6570000.0,0
20230930,69,5,21,6,25,42.9,8200000.0,0
20230930,71,1,4,2,39,163.6,27710000.0,0
20230930,72,5,21,1,31,72.8,7420000.0,0
20230930,73,3,14,1,42,37.1,37400000.0,0
20230930,74,8,36,2,34,86.0,7110000.0,0
20230930,75,4,16,6,30,110.9,9620000.0,0
20230930,76,3,13,5,44,121.1,21820000.0,0
20230930,77,5,21,1,24,27.2,7850000.0,0
20230930,79,8,39,1,42,16.5,23580000.0,0
20230930,80,7,33,2,34,17.3,13320000.0,0
20230930,81,1,1,6,24,34.7,7720000.0,0
20230930,82,2,6,1,28,13.4,8140000.0,0
20230930,83,6,27,2,30,26.6,11290000.0,0
20230930,84,4,16,3,40,129.9,7610000.0,0
20230930,85,7,33,1,38,49.2,13230000.0,0
20230930,86,3,13,1,38,97.0,21820000.0,0
20230930,87,6,26,1,22,29.0,7530000.0,0
20230930,88,1,1,5,24,47.4,6750000.0,0
20230930,89,1,1,5,29,32.5,7080000.0,0
20230930,91,7,31,1,25,39.0,7680000.0,0
20230930,92,5,21,3,27,49.5,6910000.0,0
20230930,93,2,9,1,41,42.7,24370000.0,0
20230930,94,2,6,1,27,69.5,7780000.0,0
20230930,95,1,2,2,26,46.8,13040000.0,0
20230930,96,2,9,1,47,163.6,30810000.0,0
20230930,97,3,13,3,26,11.5,24060000.0,0
20230930,98,8,36,1,54,14.9,5990000.0,0
20230930,99,7,32,6,32,78.3,11550000.0,0
20230930,100,1,1,3,31,33.0,7640000.0,0
20230930,101,7,31,5,33,41.7,6180000.0,0
20230930,102,7,32,1,30,25.9,9740000.0,0
20230930,103,7,31,2,41,146.9,6580000.0,0
20230930,104,2,6,1,30,62.9,7650000.0,0
20230930,105,8,36,3,37,109.2,5210000.0,0
20230930,106,8,36,3,33,39.2,5480000.0,0
20230930,108,4,17,3,32,17.0,14370000.0,0
20230930,109,5,21,1,32,65.0,9150000.0,0
20230930,111,1,2,1,34,163.6,13470000.0,0
20230930,112,2,6,3,30,12.2,6790000.0,0
20230930,114,1,2,1,27,13.7,12090000.0,0
20230930,115,3,13,1,31,13.5,22400000.0,0
20230930,116,1,5,1,41,39.0,42990000.0,0
20230930,118,7,31,5,29,39.7,6190000.0,0
20230930,120,2,6,4,23,12.9,6790000.0,0
20230930,121,3,11,1,40,163.6,9400000.0,0
20230930,122,7,32,5,31,37.4,9960000.0,0
20230930,123,3,11,2,34,20.9,9590000.0,0
20230930,124,8,36,6,25,40.2,5500000.0,0
20230930,125,7,32,1,28,48.9,10310000.0,0
20230930,126,8,36,1,33,81.5,5670000.0,0
20230930,127,1,1,6,26,20.1,7300000.0,0
20230930,128,4,16,2,35,74.0,9920000.0,0
20230930,129,6,26,1,39,163.6,6170000.0,0
20230930,130,3,11,2,24,30.6,9850000.0,0
20230930,131,1,5,1,51,155.0,47060000.0,0
20230930,132,3,12,1,34,65.8,12790000.0,0
20230930,133,1,3,1,40,147.7,16560000.0,0
20230930,134,3,12,1,32,65.9,13660000.0,0
20230930,135,1,1,1,39,60.2,7090000.0,0
20230930,136,7,32,2,28,57.2,8370000.0,0
20230930,137,1,1,3,25,20.3,8950000.0,0
20230930,138,6,29,1,37,42.2,27100000.0,0
20230930,139,7,32,4,28,44.0,12400000.0,0
20230930,140,8,36,1,31,18.9,5720000.0,0
20230930,141,1,3,3,36,59.3,16240000.0,0
20230930,142,8,36,2,27,29.4,7480000.0,0
20230930,143,7,31,4,53,41.4,7580000.0,0
20230930,146,1,3,4,28,50.1,18660000.0,0
20230930,147,8,36,3,28,14.8,6030000.0,0
20230930,148,7,31,1,39,148.4,6980000.0,0
20230930,149,1,1,5,27,33.5,6520000.0,0
20230930,150,7,32,5,39,113.1,11580000.0,0
20230930,151,8,36,3,23,41.7,6910000.0,0
20230930,152,6,26,1,32,26.7,6730000.0,0
20230930,153,7,33,1,34,86.6,15160000.0,0
20230930,154,1,5,1,42,39.4,43940000.0,0
20230930,155,4,16,2,31,16.7,7210000.0,0
20230930,156,1,3,6,41,62.4,17800000.0,0
20230930,157,1,5,1,43,45.8,42250000.0,0
20230930,159,7,31,1,26,36.5,6150000.0,0
20230930,160,7,35,1,43,105.8,35380000.0,0
20230930,162,4,16,1,30,102.1,8300000.0,0
20230930,164,1,5,1,38,52.0,46320000.0,0
20230930,165,5,21,2,37,158.0,8980000.0,0
20230930,166,6,26,1,24,49.6,8420000.0,0
20230930,167,8,39,1,39,52.1,21990000.0,0
20230930,168,2,7,1,34,77.7,13590000.0,0
20230930,169,1,1,1,22,19.7,6730000.0,0
20230930,170,1,2,6,36,38.5,12740000.0,0
20230930,171,7,31,6,28,22.8,7540000.0,0
20230930,172,7,31,1,26,9.4,7390000.0,0
20230930,173,7,31,1,29,49.7,6870000.0,0
20230930,174,8,37,1,24,48.6,9990000.0,0
20230930,175,8,38,3,41,51.9,13630000.0,0
20230930,176,3,14,1,36,26.2,39850000.0,0
20230930,177,1,1,1,27,50.6,6610000.0,0
20230930,178,7,33,1,36,11.3,16570000.0,0
20230930,179,1,4,1,37,73.0,29660000.0,0
20230930,181,1,2,1,33,65.4,9940000.0,0
20230930,182,7,31,1,30,64.9,5990000.0,0
20230930,183,5,21,2,32,97.1,8710000.0,0
20230930,184,8,36,1,28,19.1,7270000.0,0
20230930,186,7,31,2,55,16.8,7760000.0,0
20230930,187,8,36,3,22,30.8,6610000.0,0
20230930,188,4,16,1,24,47.4,8850000.0,0
20230930,189,3,13,1,31,28.3,19530000.0,0
20230930,190,7,31,5,27,64.5,6720000.0,0
20230930,191,4,16,1,34,31.4,8990000.0,0
20230930,193,1,2,1,32,36.0,9510000.0,0
20230930,194,8,39,1,29,58.6,25290000.0,0
20230930,195,7,32,1,55,64.3,9550000.0,0
20230930,196,7,32,6,29,96.8,8940000.0,0
20230930,197,6,28,3,38,108.8,19210000.0,0
20230930,198,6,26,6,32,49.2,6520000.0,0
20230930,199,6,26,1,34,29.9,7750000.0,0
20230930,200,2,7,1,26,27.7,11740000.0,0
20230930,201,5,21,5,23,40.0,6530000.0,0
20230930,202,1,2,3,30,46.9,11410000.0,0
20230930,203,7,31,1,21,14.4,5530000.0,0
20230930,204,1,1,1,39,109.5,8320000.0,0
20230930,205,8,36,4,25,18.6,5670000.0,0
20230930,206,1,1,1,30,41.9,7670000.0,0
20230930,207,8,36,2,28,30.4,6150000.0,0
20230930,208,3,13,2,43,163.6,24080000.0,0
20230930,209,6,26,1,24,32.6,7140000.0,0
20230930,210,7,33,1,30,31.2,15710000.0,0
20230930,211,7,31,1,30,76.8,6770000.0,0
20230930,212,3,12,6,27,17.4,16620000.0,0
20230930,213,2,6,3,27,32.7,8200000.0,0
20230930,214,8,36,1,34,124.9,5830000.0,0
20230930,215,4,17,1,31,78.2,13690000.0,0
20230930,216,4,16,6,,67.8,8780000.0,0
20230930,217,5,21,1,31,25.1,7220000.0,0
20230930,218,3,11,1,29,46.6,10250000.0,0
20230930,219,3,11,1,37,79.8,7990000.0,0
20230930,220,8,38,1,34,78.0,13020000.0,0
20230930,221,7,31,3,29,41.9,6090000.0,0
20230930,222,8,36,1,28,35.7,6590000.0,0
20230930,223,1,1,3,22,21.9,8020000.0,0
20230930,224,1,4,1,40,71.9,29150000.0,0
20230930,225,1,1,6,24,12.3,7790000.0,0
20230930,226,2,6,2,34,19.3,7160000.0,0
20230930,227,2,6,4,26,68.7,7450000.0,0
20230930,228,5,24,2,34,12.1,25880000.0,0
20230930,229,7,31,1,31,114.0,7080000.0,0
20230930,230,8,37,1,27,12.7,9770000.0,0
20230930,232,3,12,1,38,103.9,16050000.0,0
20230930,233,8,36,2,54,43.6,5890000.0,0
20230930,234,7,32,2,40,163.6,10490000.0,0
20230930,236,6,27,1,35,83.6,11140000.0,0
20230930,237,6,27,4,28,9.6,10300000.0,0
20230930,238,7,31,1,29,22.8,6510000.0,0
20230930,239,2,7,4,32,96.7,13970000.0,0
20230930,240,8,36,6,29,50.3,6020000.0,0
20230930,241,8,36,1,53,44.8,7000000.0,0
20230930,242,8,36,1,26,44.4,6620000.0,0
20230930,243,7,31,1,36,151.9,7320000.0,0
20230930,244,3,13,6,48,76.5,18970000.0,0
20230930,245,1,1,1,31,53.1,7210000.0,0
20230930,246,8,37,1,39,94.2,10240000.0,0
20230930,247,7,31,1,30,45.1,7070000.0,0
20230930,248,5,22,1,28,45.4,13360000.0,0
20230930,250,1,1,1,30,30.9,8430000.0,0
20230930,251,1,4,1,39,80.9,34310000.0,0
20230930,252,3,11,2,29,48.0,10870000.0,0
20230930,253,8,38,6,33,44.6,15030000.0,0
20230930,254,5,21,1,26,15.0,8880000.0,0
20230930,255,1,1,3,31,114.8,6610000.0,0
20230930,256,7,31,1,29,108.9,6920000.0,0
20230930,257,3,12,1,31,38.0,14250000.0,0
20230930,258,1,2,1,31,18.7,9940000.0,0
20230930,260,8,39,1,40,130.1,24720000.0,0
20230930,262,7,31,1,21,12.6,7050000.0,0
20230930,264,1,1,6,26,17.9,5840000.0,0
20230930,265,7,33,1,33,44.0,14770000.0,0
20230930,266,4,16,1,27,16.0,9410000.0,0
20230930,267,1,2,1,30,31.2,11290000.0,0
20230930,268,7,31,6,24,26.1,6940000.0,0
20230930,270,3,11,1,43,116.5,9430000.0,0
20230930,271,2,6,2,25,10.4,7700000.0,0
20230930,272,4,19,1,36,28.7,39540000.0,0
20230930,273,3,12,1,34,44.7,17380000.0,0
20230930,274,7,31,5,26,30.9,6150000.0,0
20230930,276,8,36,1,34,59.8,5780000.0,0
20230930,277,3,11,1,25,58.2,8730000.0,0
20230930,278,3,14,1,41,64.1,37110000.0,0
20230930,279,3,11,3,30,47.5,8270000.0,0
20230930,280,2,10,1,33,36.5,42670000.0,0
20230930,282,1,4,1,37,22.0,26560000.0,0
20230930,284,7,32,5,38,89.4,9510000.0,0
20230930,285,1,1,4,22,28.8,7650000.0,0
20230930,286,1,2,1,32,77.4,11050000.0,0
20230930,288,6,30,1,40,12.8,47940000.0,0
20230930,289,7,32,1,30,13.0,10000000.0,0
20230930,290,3,15,1,34,21.8,62680000.0,0
20230930,291,3,13,1,37,29.6,21520000.0,0
20230930,292,7,31,2,24,37.8,6350000.0,0
20230930,293,1,2,1,27,9.1,9710000.0,0
20230930,296,1,1,4,28,57.4,6970000.0,0
20230930,298,8,38,1,34,39.4,16190000.0,0
20230930,299,7,31,3,54,48.7,7030000.0,0
20230930,300,4,16,5,27,30.6,7720000.0,0
20230930,301,8,37,1,27,11.3,9860000.0,0
20230930,302,1,1,1,27,17.6,7980000.0,0
20230930,303,1,1,1,31,52.0,7380000.0,0
20230930,304,7,31,1,24,55.8,6450000.0,0
20230930,305,7,31,4,25,54.0,5670000.0,0
20230930,306,1,1,6,34,17.3,8010000.0,0
20230930,307,4,17,4,28,51.3,14360000.0,0
20230930,308,6,26,3,29,38.7,7580000.0,0
20230930,309,1,1,1,21,11.3,8100000.0,0
20230930,310,4,16,1,35,116.0,9080000.0,0
20230930,311,3,13,1,36,31.1,19160000.0,0
20230930,312,7,31,2,55,36.2,6540000.0,0
20230930,313,7,32,1,34,16.7,11050000.0,0
20230930,314,3,14,1,32,27.4,38990000.0,0
20230930,316,4,19,1,38,33.9,37920000.0,0
20230930,317,2,7,1,39,57.1,10880000.0,0
20230930,318,1,1,1,26,15.6,7490000.0,0
20230930,319,8,36,1,22,21.7,6100000.0,0
20230930,320,7,33,5,24,16.3,15710000.0,0
20230930,321,1,1,1,34,126.2,7750000.0,0
20230930,322,5,22,4,23,13.6,12940000.0,0
20230930,323,1,2,1,25,11.8,10960000.0,0
20230930,324,3,14,1,40,68.3,33760000.0,0
20230930,325,1,2,3,28,19.6,11030000.0,0
20230930,327,7,32,1,31,37.5,10670000.0,0
20230930,329,7,32,2,32,45.2,9720000.0,0
20230930,330,1,1,2,34,163.6,7640000.0,0
20230930,331,3,12,3,30,37.5,16750000.0,0
20230930,333,8,36,1,26,39.1,5660000.0,0
20230930,334,8,37,6,30,37.2,11020000.0,0
20230930,335,6,26,1,25,23.0,7800000.0,0
20230930,336,1,1,1,30,46.9,8460000.0,0
20230930,337,3,12,1,24,48.1,14980000.0,0
20230930,338,8,36,1,21,11.2,5480000.0,0
20230930,339,5,21,3,27,23.0,8250000.0,0
20230930,340,8,36,5,39,163.6,7160000.0,0
20230930,341,1,1,1,26,43.1,7720000.0,0
20230930,343,7,31,3,23,36.4,7580000.0,0
20230930,345,3,11,1,29,39.3,8230000.0,0
20230930,346,1,1,3,23,10.1,7240000.0,0
20230930,347,8,36,2,32,136.1,7190000.0,0
20230930,349,7,33,4,44,72.6,12950000.0,0
20230930,350,2,7,3,29,22.5,13340000.0,0
20230930,351,6,26,1,24,40.3,7710000.0,0
20230930,352,7,32,1,28,30.3,9670000.0,0
20230930,353,1,2,1,33,79.5,11240000.0,0
20230930,354,7,31,1,30,13.8,6350000.0,0
20230930,356,8,36,1,25,38.3,5790000.0,0
20230930,357,3,12,1,33,100.6,16320000.0,0
20230930,358,5,22,1,31,55.9,11960000.0,0
20230930,359,3,13,1,29,13.9,19650000.0,0
20230930,360,7,32,4,38,130.2,10610000.0,0
20230930,361,1,3,6,35,76.1,18540000.0,0
20230930,362,8,36,1,26,47.5,6910000.0,0
20230930,363,3,12,1,44,138.7,17060000.0,0
20230930,364,7,32,3,30,20.9,9970000.0,0
20230930,365,8,37,1,55,36.2,10900000.0,0
20230930,366,8,37,4,30,26.1,10740000.0,0
20230930,367,6,27,1,30,12.3,10340000.0,0
20230930,368,1,1,1,22,9.8,6450000.0,0
20230930,369,1,3,1,35,34.4,18830000.0,0
20230930,370,4,19,1,35,12.9,28410000.0,0
20230930,372,1,1,1,30,41.5,7140000.0,0
20230930,373,2,8,1,36,53.6,16200000.0,0
20230930,374,1,1,5,32,80.4,8610000.0,0
20230930,375,5,22,4,38,155.7,14110000.0,0
20230930,376,3,11,4,24,27.0,9180000.0,0
20230930,377,6,28,2,43,127.2,17160000.0,0
20230930,378,1,1,2,36,107.9,8100000.0,0
20230930,379,1,1,1,28,71.3,7240000.0,0
20230930,380,3,12,5,31,26.9,11530000.0,0
20230930,381,4,18,2,43,96.8,19230000.0,0
20230930,383,6,27,2,31,49.0,11170000.0,0
20230930,384,3,11,1,30,78.5,9260000.0,0
20230930,385,7,33,6,22,10.6,14930000.0,0
20230930,386,2,6,1,39,111.3,8710000.0,0
20230930,387,3,11,1,26,27.2,9760000.0,0
20230930,388,7,31,1,22,11.1,6010000.0,0
20230930,389,7,31,2,29,62.7,5790000.0,0
20230930,390,3,13,1,38,59.4,20320000.0,0
20230930,391,7,32,3,31,48.4,10410000.0,0
20230930,392,8,37,1,26,34.5,11060000.0,0
20230930,393,7,31,6,24,49.9,6550000.0,0
20230930,396,1,1,1,26,27.0,6680000.0,0
20230930,397,2,7,1,26,35.1,11810000.0,0
20230930,398,3,12,1,28,18.8,11920000.0,0
20230930,399,2,6,1,36,163.6,8030000.0,0
20230930,400,7,32,3,35,36.0,8340000.0,0
20230930,401,6,29,1,34,27.3,33640000.0,0
20230930,402,3,13,3,37,82.0,21890000.0,0
20230930,404,7,31,6,35,140.8,6100000.0,0
20230930,405,3,12,1,32,56.2,13660000.0,0
20230930,406,3,11,2,32,30.7,8890000.0,0
20230930,407,3,12,1,40,71.7,13330000.0,0
20230930,408,3,12,4,34,107.5,13500000.0,0
20230930,409,7,33,1,41,163.6,16470000.0,0
20230930,410,8,38,1,29,34.4,13630000.0,0
20230930,412,1,1,1,28,44.7,7600000.0,0
20230930,413,8,36,3,28,11.1,5700000.0,0
20230930,414,3,11,2,36,125.0,8500000.0,0
20230930,415,3,11,5,34,99.4,9310000.0,0
20230930,416,1,1,1,30,45.3,8090000.0,0
20230930,417,7,31,2,25,10.0,6780000.0,0
20230930,418,7,31,1,34,44.1,6930000.0,0
20230930,419,8,39,1,39,57.4,25230000.0,0
20230930,420,5,21,2,31,70.8,9160000.0,0
20230930,421,1,4,1,38,71.9,23380000.0,0
20230930,423,4,16,5,23,33.8,8700000.0,0
20230930,424,3,11,1,21,9.6,8520000.0,0
20230930,425,1,3,3,33,27.7,15380000.0,0
20230930,426,3,14,6,35,19.5,39220000.0,0
20230930,427,1,1,6,23,14.7,8540000.0,0
20230930,428,8,39,6,36,18.6,26690000.0,0
20230930,429,7,33,1,32,34.4,15060000.0,0
20230930,430,1,4,1,41,42.1,26570000.0,0
20230930,431,3,12,2,43,131.8,14570000.0,0
20230930,432,1,4,1,40,26.0,34850000.0,0
20230930,433,7,35,1,48,115.1,44100000.0,0
20230930,435,8,36,3,21,9.5,5580000.0,0
20230930,436,3,13,3,35,43.7,21270000.0,0
20230930,438,1,2,2,30,57.0,12770000.0,0
20230930,439,8,37,1,33,42.6,9150000.0,0
20230930,440,7,31,3,29,22.8,6450000.0,0
20230930,442,8,36,2,27,65.0,5590000.0,0
20230930,443,2,6,1,42,163.6,6750000.0,0
20230930,444,1,1,1,27,15.2,7280000.0,0
20230930,445,1,4,1,43,126.9,26790000.0,0
20230930,446,8,36,4,23,42.7,6130000.0,0
20230930,447,4,16,1,24,30.6,9380000.0,0
20230930,449,1,2,6,26,25.8,10130000.0,0
20230930,450,8,38,1,37,96.7,15890000.0,0
20230930,452,3,12,2,30,46.9,13610000.0,0
20230930,453,8,36,2,30,39.7,7090000.0,0
20230930,454,7,34,1,39,108.9,24910000.0,0
20230930,455,4,20,6,43,33.8,63640000.0,0
20230930,456,1,1,3,54,12.0,7960000.0,0
20230930,457,7,32,3,38,107.9,10780000.0,0
20230930,458,7,31,1,25,34.1,6560000.0,0
20230930,459,7,31,1,27,28.0,5740000.0,0
20230930,460,2,7,1,32,34.7,10310000.0,0
20230930,461,4,16,1,24,8.3,10170000.0,0
20230930,462,2,6,1,23,8.7,9240000.0,0
20230930,463,5,21,1,23,8.1,7900000.0,0
20230930,464,7,31,4,21,8.4,6410000.0,0
20230930,465,8,37,2,26,8.8,8520000.0,0
20230930,466,7,31,4,26,8.6,6690000.0,0
20230930,467,3,11,2,24,8.2,10060000.0,0
20230930,469,7,31,1,24,8.8,6500000.0,0
20230930,470,1,1,1,26,8.1,7360000.0,0
20230930,471,7,32,3,32,8.1,11260000.0,0
20230930,472,2,6,1,26,8.0,7320000.0,0
20230930,473,6,26,1,25,8.3,7440000.0,0
20230930,474,6,27,1,30,8.7,11110000.0,0
20230930,476,7,31,1,28,7.2,6960000.0,0
20230930,477,1,1,3,21,7.5,6730000.0,0
20230930,478,3,11,4,21,7.3,7950000.0,0
20230930,479,2,6,6,32,7.6,8760000.0,0
20230930,480,5,21,6,25,7.4,7610000.0,0
20230930,481,8,36,1,24,6.2,6830000.0,0
20230930,482,7,31,3,25,6.4,5920000.0,0
20230930,483,8,37,1,30,7.0,10020000.0,0
20230930,484,6,26,1,21,7.0,6500000.0,0
20230930,485,1,1,1,24,6.8,7010000.0,0
20230930,486,1,1,2,25,6.8,7580000.0,0
20230930,487,1,1,1,24,5.9,6680000.0,0
20230930,488,7,31,1,29,5.3,6050000.0,0
20230930,489,8,36,1,28,5.8,6730000.0,0
20230930,490,3,11,4,21,5.2,9340000.0,0
20230930,491,8,36,3,26,5.8,6290000.0,0
20230930,492,8,36,5,20,5.7,5880000.0,0
20230930,493,3,11,1,20,5.5,8360000.0,0
20230930,494,4,19,2,40,5.7,39020000.0,0
20230930,495,3,11,2,22,5.4,9230000.0,0
20230930,496,7,31,2,,5.9,6400000.0,0
20230930,498,7,32,6,25,6.0,9350000.0,0
20230930,499,1,2,5,21,5.5,12560000.0,0
20230930,500,2,6,2,25,5.7,7270000.0,0
20230930,501,8,36,4,31,5.2,5190000.0,0
20230930,502,1,1,6,21,5.1,6300000.0,0
20230930,503,3,11,3,20,5.6,7890000.0,0
20230930,504,7,31,3,26,5.7,6450000.0,0
20230930,505,2,7,3,28,5.2,11370000.0,0
20230930,506,3,12,1,32,5.8,12860000.0,0
20230930,507,2,6,1,21,5.7,8840000.0,0
20230930,508,7,33,1,32,5.9,16460000.0,0
20230930,509,7,31,1,26,5.1,6010000.0,0
20230930,510,3,11,3,20,4.9,8750000.0,0
20230930,511,8,36,1,21,4.9,5470000.0,0
20230930,512,7,32,1,27,4.9,10540000.0,0
20230930,513,7,31,1,23,5.0,6180000.0,0
20230930,514,1,1,6,27,5.0,8090000.0,0
20230930,515,2,7,1,28,4.1,10040000.0,0
20230930,516,7,31,2,24,3.5,7240000.0,0
20230930,518,2,6,2,29,3.4,8030000.0,0
20230930,519,8,36,1,21,3.2,5810000.0,0
20230930,520,1,1,1,21,3.1,6840000.0,0
20230930,521,7,31,2,26,3.9,7290000.0,0
20230930,522,7,31,1,23,3.5,7140000.0,0
20230930,523,8,37,1,28,2.2,10190000.0,0
20230930,524,7,32,1,21,2.3,10670000.0,0
20230930,526,8,36,1,27,2.9,6630000.0,0
20230930,527,3,14,1,33,2.5,33160000.0,0
20230930,528,7,32,3,32,2.8,9740000.0,0
20230930,529,8,36,5,21,2.6,6440000.0,0
20230930,530,7,33,1,26,2.6,14660000.0,0
20230930,531,1,2,1,24,2.1,12500000.0,0
20230930,532,6,26,1,24,2.6,8000000.0,0
20230930,533,4,17,1,24,2.7,14120000.0,0
20230930,534,8,36,1,25,1.0,5440000.0,0
20230930,535,5,21,3,22,1.3,8470000.0,0
20230930,536,3,11,1,21,1.7,8850000.0,0
20230930,537,7,31,1,25,1.5,5870000.0,0
20230930,538,3,11,3,20,1.3,8640000.0,0
20230930,539,2,7,4,27,1.6,12630000.0,0
20230930,540,3,11,1,23,1.5,10710000.0,0
20230930,541,8,36,1,21,1.6,7430000.0,0
20230930,542,8,36,4,20,1.7,7320000.0,0
20230930,543,3,12,1,24,1.5,13670000.0,0
20230930,544,6,26,1,28,1.9,7400000.0,0
20230930,545,4,16,2,24,1.7,8620000.0,0
20230930,546,2,7,1,35,1.0,12510000.0,0
20230930,547,1,2,2,23,1.5,11840000.0,0
20230930,548,1,1,5,24,0.0,8080000.0,1
20230930,549,1,2,1,29,0.5,13180000.0,1
20230930,550,8,36,3,28,0.6,4879000.0,1
20230930,551,8,36,2,31,0.9,5790000.0,1
20230930,552,8,38,5,30,0.7,14390000.0,1
20231031,2,7,32,1,32,51.0,9270000.0,0
20231031,3,5,21,1,30,39.2,7600000.0,0
20231031,5,8,36,1,30,38.3,6410000.0,0
20231031,6,1,1,1,26,27.6,8390000.0,0
20231031,7,3,11,2,31,43.1,9800000.0,0
20231031,8,5,21,2,31,28.2,7780000.0,0
20231031,9,8,36,3,30,54.8,6230000.0,0
20231031,11,8,36,6,26,18.5,6410000.0,0
20231031,12,2,6,3,34,57.8,7510000.0,0
20231031,13,2,7,2,28,56.3,10770000.0,0
20231031,15,4,16,1,25,56.0,7510000.0,0
20231031,16,1,1,5,25,23.8,7150000.0,0
20231031,17,6,26,3,23,32.6,8380000.0,0
20231031,18,8,36,1,30,63.1,7130000.0,0
20231031,19,5,24,1,45,63.1,32210000.0,0
20231031,21,7,31,5,25,66.6,6390000.0,0
20231031,22,1,1,3,24,32.4,7660000.0,0
20231031,23,1,2,6,32,59.3,11500000.0,0
20231031,24,8,36,1,33,74.6,6850000.0,0
20231031,25,2,8,1,38,54.4,16740000.0,0
20231031,26,8,37,4,30,77.6,11500000.0,0
20231031,27,3,14,1,34,18.1,35720000.0,0
20231031,28,2,6,1,28,63.4,7150000.0,0
20231031,29,3,12,1,31,42.1,15330000.0,0
20231031,30,1,2,3,36,37.8,13450000.0,0
20231031,31,2,6,4,,90.4,8750000.0,0
20231031,32,8,36,3,28,20.4,7220000.0,0
20231031,33,3,11,3,27,21.3,9900000.0,0
20231031,34,8,36,5,23,36.1,6620000.0,0
20231031,35,1,3,6,31,34.5,19190000.0,0
20231031,37,1,3,1,34,20.5,17880000.0,0
20231031,38,3,11,1,37,58.4,9600000.0,0
20231031,39,4,16,3,25,19.2,9240000.0,0
20231031,40,3,11,5,30,43.4,9490000.0,0
20231031,41,7,31,1,26,39.0,5740000.0,0
20231031,42,2,7,4,31,15.5,12810000.0,0
20231031,43,5,21,1,26,16.9,7270000.0,0
20231031,44,6,26,2,30,55.4,7700000.0,0
20231031,45,7,31,1,35,101.4,7860000.0,0
20231031,46,7,31,2,21,12.0,5850000.0,0
20231031,47,7,31,4,34,75.3,7580000.0,0
20231031,48,7,31,5,29,85.6,6780000.0,0
20231031,49,3,13,1,29,95.0,23430000.0,0
20231031,50,3,13,1,36,27.5,20050000.0,0
20231031,51,7,31,1,29,20.1,6550000.0,0
20231031,53,7,32,1,30,21.9,10480000.0,0
20231031,54,8,37,2,31,24.7,10890000.0,0
20231031,55,8,36,1,27,28.0,5330000.0,0
20231031,56,1,1,3,28,81.3,7160000.0,0
20231031,57,4,16,1,29,60.2,9780000.0,0
20231031,58,4,16,3,36,114.5,8280000.0,0
20231031,59,3,12,1,34,75.3,14290000.0,0
20231031,60,3,11,1,55,38.9,10040000.0,0
20231031,61,4,17,3,33,105.5,15360000.0,0
20231031,62,2,6,4,26,22.5,7390000.0,0
20231031,63,3,11,5,29,58.1,10290000.0,0
20231031,64,7,31,1,31,29.0,6990000.0,0
20231031,65,3,11,1,25,64.0,8750000.0,0
20231031,66,1,3,4,32,51.8,15000000.0,0
20231031,67,7,31,6,24,19.2,6570000.0,0
20231031,69,5,21,6,25,44.0,8200000.0,0
20231031,71,1,4,2,40,164.7,27710000.0,0
20231031,72,5,21,1,31,73.8,7420000.0,0
20231031,73,3,14,1,42,38.1,37400000.0,0
20231031,74,8,36,2,34,87.1,7110000.0,0
20231031,75,4,16,6,30,111.9,9620000.0,0
20231031,76,3,13,5,44,122.2,21820000.0,0
20231031,77,5,21,1,24,28.2,7850000.0,0
20231031,79,8,39,1,42,17.5,23580000.0,0
20231031,80,7,33,2,34,18.3,13320000.0,0
20231031,81,1,1,6,24,35.7,7720000.0,0
20231031,82,2,6,1,28,14.5,8140000.0,0
20231031,83,6,27,2,30,27.6,11290000.0,0
20231031,84,4,16,3,40,130.9,7610000.0,0
20231031,85,7,33,1,39,50.2,13230000.0,0
20231031,86,3,13,1,38,98.0,21820000.0,0
20231031,87,6,26,1,23,30.1,7530000.0,0
20231031,88,1,1,5,24,48.4,6750000.0,0
20231031,89,1,1,5,29,33.5,7080000.0,0
20231031,91,7,31,1,25,40.0,7680000.0,0
20231031,92,5,21,3,28,50.6,6910000.0,0
20231031,93,2,9,1,41,43.8,24370000.0,0
20231031,94,2,6,1,27,70.5,7780000.0,0
20231031,95,1,2,2,26,47.8,13040000.0,0
20231031,96,2,9,1,47,164.7,30810000.0,0
20231031,97,3,13,3,26,12.6,24060000.0,0
20231031,98,8,36,1,54,15.9,5990000.0,0
20231031,99,7,32,6,32,79.3,11550000.0,0
20231031,100,1,1,3,31,34.0,7640000.0,0
20231031,101,7,31,5,33,42.7,6180000.0,0
20231031,102,7,32,1,30,26.9,9740000.0,0
20231031,103,7,31,2,41,147.9,6580000.0,0
20231031,104,2,6,1,30,63.9,7650000.0,0
20231031,105,8,36,3,37,110.2,5210000.0,0
20231031,106,8,36,3,33,40.2,5480000.0,0
20231031,108,4,17,3,32,18.0,14370000.0,0
20231031,109,5,21,1,32,66.0,9150000.0,0
20231031,111,1,2,1,34,164.7,13470000.0,0
20231031,112,2,6,3,30,13.2,6790000.0,0
20231031,114,1,2,1,27,14.7,12090000.0,0
20231031,115,3,13,1,31,14.5,22400000.0,0
20231031,116,1,5,1,41,40.0,42990000.0,0
20231031,118,7,31,5,29,40.7,6190000.0,0
20231031,120,2,6,4,23,14.0,6790000.0,0
20231031,121,3,11,1,40,164.7,9400000.0,0
20231031,122,7,32,5,31,38.4,9960000.0,0
20231031,123,3,11,2,34,21.9,9590000.0,0
20231031,124,8,36,6,25,41.3,5500000.0,0
20231031,125,7,32,1,28,49.9,10310000.0,0
20231031,126,8,36,1,33,82.5,5670000.0,0
20231031,127,1,1,6,26,21.2,7300000.0,0
20231031,128,4,16,2,35,75.0,9920000.0,0
20231031,129,6,26,1,39,164.7,6170000.0,0
20231031,131,1,5,1,51,156.0,47060000.0,0
20231031,132,3,12,1,34,66.8,12790000.0,0
20231031,133,1,3,1,40,148.7,16560000.0,0
20231031,135,1,1,1,39,61.2,7090000.0,0
20231031,136,7,32,2,28,58.2,8370000.0,0
20231031,137,1,1,3,25,21.4,8950000.0,0
20231031,138,6,29,1,37,43.2,27100000.0,0
20231031,139,7,32,4,28,45.0,12400000.0,0
20231031,140,8,36,1,31,19.9,5720000.0,0
20231031,141,1,3,3,36,60.4,16240000.0,0
20231031,142,8,36,2,27,30.5,7480000.0,0
20231031,143,7,31,4,54,42.4,7580000.0,0
20231031,146,1,3,4,28,51.1,18660000.0,0
20231031,148,7,31,1,40,149.4,6980000.0,0
20231031,149,1,1,5,27,34.5,6520000.0,0
20231031,150,7,32,5,39,114.2,11580000.0,0
20231031,151,8,36,3,23,42.7,6910000.0,0
20231031,152,6,26,1,32,27.7,6730000.0,0
20231031,153,7,33,1,35,87.7,15160000.0,0
20231031,154,1,5,1,42,40.4,43940000.0,0
20231031,155,4,16,2,31,17.7,7210000.0,0
20231031,156,1,3,6,41,63.4,17800000.0,0
20231031,157,1,5,1,43,46.8,42250000.0,0
20231031,159,7,31,1,26,37.5,6150000.0,0
20231031,160,7,35,1,43,106.8,35380000.0,0
20231031,162,4,16,1,30,103.1,8300000.0,0
20231031,165,5,21,2,37,159.0,8980000.0,0
20231031,166,6,26,1,24,50.6,8420000.0,0
20231031,167,8,39,1,39,53.1,21990000.0,0
20231031,168,2,7,1,34,78.7,13590000.0,0
20231031,169,1,1,1,22,20.8,6730000.0,0
20231031,170,1,2,6,37,39.5,12740000.0,0
20231031,171,7,31,6,28,23.8,7540000.0,0
20231031,172,7,31,1,26,10.4,7390000.0,0
20231031,173,7,31,1,29,50.7,6870000.0,0
20231031,174,8,37,1,24,49.6,9990000.0,0
20231031,175,8,38,3,41,52.9,13630000.0,0
20231031,176,3,14,1,36,27.2,39850000.0,0
20231031,177,1,1,1,27,51.6,6610000.0,0
20231031,178,7,33,1,36,12.3,16570000.0,0
20231031,179,1,4,1,37,74.0,29660000.0,0
20231031,181,1,2,1,33,66.4,9940000.0,0
20231031,182,7,31,1,30,65.9,5990000.0,0
20231031,183,5,21,2,32,98.2,8710000.0,0
20231031,184,8,36,1,28,20.1,7270000.0,0
20231031,186,7,31,2,55,17.8,7760000.0,0
20231031,187,8,36,3,22,31.8,6610000.0,0
20231031,188,4,16,1,24,48.4,8850000.0,0
20231031,189,3,13,1,31,29.3,19530000.0,0
20231031,190,7,31,5,27,65.5,6720000.0,0
20231031,191,4,16,1,34,32.5,8990000.0,0
20231031,193,1,2,1,32,37.0,9510000.0,0
20231031,194,8,39,1,29,59.6,25290000.0,0
20231031,195,7,32,1,55,65.3,9550000.0,0
20231031,196,7,32,6,29,97.8,8940000.0,0
20231031,197,6,28,3,38,109.8,19210000.0,0
20231031,198,6,26,6,32,50.3,6520000.0,0
20231031,199,6,26,1,34,30.9,7750000.0,0
20231031,200,2,7,1,26,28.7,11740000.0,0
20231031,201,5,21,5,23,41.0,6530000.0,0
20231031,202,1,2,3,30,47.9,11410000.0,0
20231031,203,7,31,1,22,15.4,5530000.0,0
20231031,204,1,1,1,39,110.5,8320000.0,0
20231031,205,8,36,4,25,19.6,5670000.0,0
20231031,206,1,1,1,30,42.9,7670000.0,0
20231031,207,8,36,2,28,31.4,6150000.0,0
20231031,208,3,13,2,43,164.7,24080000.0,0
20231031,209,6,26,1,24,33.6,7140000.0,0
20231031,210,7,33,1,30,32.2,15710000.0,0
20231031,211,7,31,1,30,77.8,6770000.0,0
20231031,212,3,12,6,27,18.5,16620000.0,0
20231031,213,2,6,3,27,33.7,8200000.0,0
20231031,214,8,36,1,34,126.0,5830000.0,0
20231031,215,4,17,1,31,79.2,13690000.0,0
20231031,216,4,16,6,,68.8,8780000.0,0
20231031,217,5,21,1,31,26.1,7220000.0,0
20231031,218,3,11,1,29,47.6,10250000.0,0
20231031,219,3,11,1,37,80.8,7990000.0,0
20231031,220,8,38,1,34,79.0,13020000.0,0
20231031,221,7,31,3,29,42.9,6090000.0,0
20231031,222,8,36,1,28,36.7,6590000.0,0
20231031,223,1,1,3,22,22.9,8020000.0,0
20231031,224,1,4,1,40,72.9,29150000.0,0
20231031,225,1,1,6,24,13.3,7790000.0,0
20231031,226,2,6,2,34,20.3,7160000.0,0
20231031,227,2,6,4,26,69.7,7450000.0,0
20231031,228,5,24,2,34,13.1,25880000.0,0
20231031,229,7,31,1,32,115.0,7080000.0,0
20231031,230,8,37,1,28,13.7,9770000.0,0
20231031,232,3,12,1,38,104.9,16050000.0,0
20231031,233,8,36,2,54,44.6,5890000.0,0
20231031,234,7,32,2,41,164.7,10490000.0,0
20231031,236,6,27,1,35,84.6,11140000.0,0
20231031,237,6,27,4,28,10.6,10300000.0,0
20231031,238,7,31,1,30,23.8,6510000.0,0
20231031,239,2,7,4,32,97.7,13970000.0,0
20231031,240,8,36,6,29,51.3,6020000.0,0
20231031,241,8,36,1,53,45.8,7000000.0,0
20231031,242,8,36,1,26,45.4,6620000.0,0
20231031,243,7,31,1,36,152.9,7320000.0,0
20231031,244,3,13,6,49,77.5,18970000.0,0
20231031,245,1,1,1,31,54.1,7210000.0,0
20231031,246,8,37,1,39,95.2,10240000.0,0
20231031,247,7,31,1,30,46.1,7070000.0,0
20231031,248,5,22,1,28,46.4,13360000.0,0
20231031,250,1,1,1,30,32.0,8430000.0,0
20231031,251,1,4,1,39,81.9,34310000.0,0
20231031,252,3,11,2,29,49.0,10870000.0,0
20231031,253,8,38,6,33,45.6,15030000.0,0
20231031,254,5,21,1,26,16.0,8880000.0,0
20231031,255,1,1,3,31,115.8,6610000.0,0
20231031,256,7,31,1,29,110.0,6920000.0,0
20231031,257,3,12,1,31,39.0,14250000.0,0
20231031,260,8,39,1,40,131.1,24720000.0,0
20231031,262,7,31,1,21,13.6,7050000.0,0
20231031,264,1,1,6,26,19.0,5840000.0,0
20231031,265,7,33,1,33,45.0,14770000.0,0
20231031,266,4,16,1,27,17.0,9410000.0,0
20231031,267,1,2,1,30,32.2,11290000.0,0
20231031,268,7,31,6,24,27.1,6940000.0,0
20231031,270,3,11,1,43,117.6,9430000.0,0
20231031,271,2,6,2,26,11.5,7700000.0,0
20231031,272,4,19,1,36,29.7,39540000.0,0
20231031,273,3,12,1,34,45.8,17380000.0,0
20231031,274,7,31,5,26,31.9,6150000.0,0
20231031,276,8,36,1,34,60.8,5780000.0,0
20231031,277,3,11,1,25,59.2,8730000.0,0
20231031,278,3,14,1,41,65.1,37110000.0,0
20231031,279,3,11,3,30,48.5,8270000.0,0
20231031,280,2,10,1,33,37.6,42670000.0,0
20231031,282,1,4,1,37,23.0,26560000.0,0
20231031,284,7,32,5,38,90.4,9510000.0,0
20231031,285,1,1,4,22,29.8,7650000.0,0
20231031,286,1,2,1,32,78.4,11050000.0,0
20231031,288,6,30,1,40,13.9,47940000.0,0
20231031,289,7,32,1,30,14.1,10000000.0,0
20231031,290,3,15,1,34,22.8,62680000.0,0
20231031,291,3,13,1,37,30.7,21520000.0,0
20231031,292,7,31,2,24,38.9,6350000.0,0
20231031,293,1,2,1,27,10.1,9710000.0,0
20231031,296,1,1,4,28,58.4,6970000.0,0
20231031,298,8,38,1,34,40.4,16190000.0,0
20231031,299,7,31,3,54,49.7,7030000.0,0
20231031,300,4,16,5,27,31.6,7720000.0,0
20231031,301,8,37,1,27,12.4,9860000.0,0
20231031,302,1,1,1,27,18.6,7980000.0,0
20231031,303,1,1,1,31,53.0,7380000.0,0
20231031,304,7,31,1,24,56.8,6450000.0,0
20231031,305,7,31,4,25,55.0,5670000.0,0
20231031,306,1,1,6,34,18.4,8010000.0,0
20231031,307,4,17,4,28,52.3,14360000.0,0
20231031,308,6,26,3,29,39.7,7580000.0,0
20231031,309,1,1,1,21,12.3,8100000.0,0
20231031,310,4,16,1,35,117.0,9080000.0,0
20231031,311,3,13,1,36,32.1,19160000.0,0
20231031,312,7,31,2,55,37.2,6540000.0,0
20231031,313,7,32,1,34,17.7,11050000.0,0
20231031,314,3,14,1,32,28.4,38990000.0,0
20231031,316,4,19,1,38,34.9,37920000.0,0
20231031,317,2,7,1,39,58.1,10880000.0,0
20231031,318,1,1,1,26,16.6,7490000.0,0
20231031,319,8,36,1,23,22.7,6100000.0,0
20231031,320,7,33,5,24,17.3,15710000.0,0
20231031,321,1,1,1,34,127.2,7750000.0,0
20231031,322,5,22,4,24,14.7,12940000.0,0
20231031,323,1,2,1,25,12.8,10960000.0,0
20231031,324,3,14,1,40,69.3,33760000.0,0
20231031,325,1,2,3,28,20.7,11030000.0,0
20231031,327,7,32,1,32,38.5,10670000.0,0
20231031,329,7,32,2,32,46.2,9720000.0,0
20231031,330,1,1,2,34,164.7,7640000.0,0
20231031,331,3,12,3,30,38.5,16750000.0,0
20231031,333,8,36,1,26,40.1,5660000.0,0
20231031,334,8,37,6,30,38.2,11020000.0,0
20231031,336,1,1,1,30,47.9,8460000.0,0
20231031,337,3,12,1,24,49.1,14980000.0,0
20231031,338,8,36,1,21,12.2,5480000.0,0
20231031,339,5,21,3,27,24.0,8250000.0,0
20231031,340,8,36,5,40,164.7,7160000.0,0
20231031,341,1,1,1,26,44.1,7720000.0,0
20231031,343,7,31,3,23,37.5,7580000.0,0
20231031,345,3,11,1,29,40.3,8230000.0,0
20231031,346,1,1,3,24,11.1,7240000.0,0
20231031,347,8,36,2,32,137.1,7190000.0,0
20231031,349,7,33,4,44,73.6,12950000.0,0
20231031,350,2,7,3,29,23.5,13340000.0,0
20231031,351,6,26,1,24,41.3,7710000.0,0
20231031,352,7,32,1,28,31.3,9670000.0,0
20231031,353,1,2,1,33,80.5,11240000.0,0
20231031,354,7,31,1,30,14.9,6350000.0,0
20231031,356,8,36,1,25,39.3,5790000.0,0
20231031,357,3,12,1,33,101.7,16320000.0,0
20231031,358,5,22,1,31,56.9,11960000.0,0
20231031,359,3,13,1,29,14.9,19650000.0,0
20231031,360,7,32,4,38,131.2,10610000.0,0
20231031,361,1,3,6,35,77.1,18540000.0,0
20231031,362,8,36,1,26,48.5,6910000.0,0
20231031,363,3,12,1,45,139.7,17060000.0,0
20231031,364,7,32,3,30,21.9,9970000.0,0
20231031,365,8,37,1,55,37.2,10900000.0,0
20231031,366,8,37,4,31,27.1,10740000.0,0
20231031,367,6,27,1,30,13.3,10340000.0,0
20231031,368,1,1,1,22,10.8,6450000.0,0
20231031,369,1,3,1,35,35.4,18830000.0,0
20231031,370,4,19,1,35,13.9,28410000.0,0
20231031,372,1,1,1,31,42.5,7140000.0,0
20231031,373,2,8,1,36,54.6,16200000.0,0
20231031,374,1,1,5,32,81.4,8610000.0,0
20231031,375,5,22,4,38,156.7,14110000.0,0
20231031,376,3,11,4,25,28.1,9180000.0,0
20231031,377,6,28,2,43,128.2,17160000.0,0
20231031,378,1,1,2,36,108.9,8100000.0,0
20231031,379,1,1,1,28,72.3,7240000.0,0
20231031,380,3,12,5,31,27.9,11530000.0,0
20231031,381,4,18,2,43,97.8,19230000.0,0
20231031,383,6,27,2,31,50.0,11170000.0,0
20231031,384,3,11,1,30,79.5,9260000.0,0
20231031,385,7,33,6,22,11.6,14930000.0,0
20231031,386,2,6,1,39,112.3,8710000.0,0
20231031,387,3,11,1,26,28.3,9760000.0,0
20231031,388,7,31,1,22,12.1,6010000.0,0
20231031,389,7,31,2,29,63.7,5790000.0,0
20231031,390,3,13,1,38,60.5,20320000.0,0
20231031,391,7,32,3,31,49.4,10410000.0,0
20231031,392,8,37,1,26,35.5,11060000.0,0
20231031,393,7,31,6,24,50.9,6550000.0,0
20231031,396,1,1,1,27,28.0,6680000.0,0
20231031,397,2,7,1,26,36.1,11810000.0,0
20231031,398,3,12,1,28,19.8,11920000.0,0
20231031,399,2,6,1,36,164.7,8030000.0,0
20231031,400,7,32,3,35,37.1,8340000.0,0
20231031,401,6,29,1,34,28.3,33640000.0,0
20231031,402,3,13,3,38,83.0,21890000.0,0
20231031,404,7,31,6,35,141.9,6100000.0,0
20231031,405,3,12,1,32,57.2,13660000.0,0
20231031,406,3,11,2,32,31.7,8890000.0,0
20231031,407,3,12,1,40,72.7,13330000.0,0
20231031,408,3,12,4,34,108.5,13500000.0,0
20231031,409,7,33,1,41,164.7,16470000.0,0
20231031,410,8,38,1,29,35.4,13630000.0,0
20231031,412,1,1,1,28,45.7,7600000.0,0
20231031,413,8,36,3,28,12.1,5700000.0,0
20231031,414,3,11,2,37,126.0,8500000.0,0
20231031,415,3,11,5,34,100.4,9310000.0,0
20231031,416,1,1,1,31,46.3,8090000.0,0
20231031,417,7,31,2,25,11.0,6780000.0,0
20231031,418,7,31,1,34,45.1,6930000.0,0
20231031,419,8,39,1,39,58.4,25230000.0,0
20231031,420,5,21,2,32,71.8,9160000.0,0
20231031,421,1,4,1,38,72.9,23380000.0,0
20231031,423,4,16,5,23,34.8,8700000.0,0
20231031,424,3,11,1,21,10.6,8520000.0,0
20231031,425,1,3,3,33,28.7,15380000.0,0
20231031,426,3,14,6,35,20.6,39220000.0,0
20231031,427,1,1,6,23,15.7,8540000.0,0
20231031,428,8,39,6,36,19.6,26690000.0,0
20231031,429,7,33,1,32,35.4,15060000.0,0
20231031,430,1,4,1,41,43.1,26570000.0,0
20231031,431,3,12,2,43,132.8,14570000.0,0
20231031,432,1,4,1,40,27.0,34850000.0,0
20231031,433,7,35,1,48,116.1,44100000.0,0
20231031,435,8,36,3,21,10.5,5580000.0,0
20231031,436,3,13,3,35,44.7,21270000.0,0
20231031,438,1,2,2,30,58.0,12770000.0,0
20231031,439,8,37,1,34,43.7,9150000.0,0
20231031,440,7,31,3,29,23.9,6450000.0,0
20231031,442,8,36,2,27,66.0,5590000.0,0
20231031,443,2,6,1,42,164.7,6750000.0,0
20231031,444,1,1,1,27,16.2,7280000.0,0
20231031,445,1,4,1,43,127.9,26790000.0,0
20231031,446,8,36,4,24,43.7,6130000.0,0
20231031,447,4,16,1,24,31.6,9380000.0,0
20231031,449,1,2,6,26,26.8,10130000.0,0
20231031,450,8,38,1,38,97.7,15890000.0,0
20231031,452,3,12,2,30,47.9,13610000.0,0
20231031,453,8,36,2,31,40.7,7090000.0,0
20231031,454,7,34,1,39,110.0,24910000.0,0
20231031,455,4,20,6,43,34.8,63640000.0,0
20231031,456,1,1,3,54,13.0,7960000.0,0
20231031,457,7,32,3,38,108.9,10780000.0,0
20231031,458,7,31,1,25,35.1,6560000.0,0
20231031,459,7,31,1,27,29.0,5740000.0,0
20231031,460,2,7,1,32,35.7,10310000.0,0
20231031,461,4,16,1,24,9.3,10170000.0,0
20231031,462,2,6,1,24,9.7,9240000.0,0
20231031,463,5,21,1,23,9.2,7900000.0,0
20231031,464,7,31,4,21,9.5,6410000.0,0
20231031,465,8,37,2,27,9.8,8520000.0,0
20231031,466,7,31,4,26,9.6,6690000.0,0
20231031,467,3,11,2,24,9.2,10060000.0,0
20231031,469,7,31,1,24,9.8,6500000.0,0
20231031,470,1,1,1,26,9.1,7360000.0,0
20231031,471,7,32,3,32,9.2,11260000.0,0
20231031,472,2,6,1,26,9.0,7320000.0,0
20231031,473,6,26,1,25,9.4,7440000.0,0
20231031,474,6,27,1,30,9.8,11110000.0,0
20231031,476,7,31,1,28,8.2,6960000.0,0
20231031,477,1,1,3,21,8.5,6730000.0,0
20231031,478,3,11,4,21,8.3,7950000.0,0
20231031,479,2,6,6,32,8.6,8760000.0,0
20231031,480,5,21,6,25,8.4,7610000.0,0
20231031,481,8,36,1,24,7.2,6830000.0,0
20231031,482,7,31,3,25,7.5,5920000.0,0
20231031,483,8,37,1,30,8.0,10020000.0,0
20231031,484,6,26,1,21,8.0,6500000.0,0
20231031,485,1,1,1,24,7.9,7010000.0,0
20231031,486,1,1,2,25,7.9,7580000.0,0
20231031,487,1,1,1,24,7.0,6680000.0,0
20231031,488,7,31,1,29,6.3,6050000.0,0
20231031,490,3,11,4,21,6.2,9340000.0,0
20231031,491,8,36,3,26,6.8,6290000.0,0
20231031,492,8,36,5,20,6.7,5880000.0,0
20231031,493,3,11,1,20,6.5,8360000.0,0
20231031,494,4,19,2,40,6.7,39020000.0,0
20231031,495,3,11,2,22,6.4,9230000.0,0
20231031,496,7,31,2,,6.9,6400000.0,0
20231031,498,7,32,6,25,7.0,9350000.0,0
20231031,499,1,2,5,22,6.5,12560000.0,0
20231031,500,2,6,2,25,6.7,7270000.0,0
20231031,501,8,36,4,31,6.2,5190000.0,0
20231031,502,1,1,6,21,6.1,6300000.0,0
20231031,503,3,11,3,20,6.6,7890000.0,0
20231031,504,7,31,3,26,6.7,6450000.0,0
20231031,505,2,7,3,29,6.2,11370000.0,0
20231031,506,3,12,1,32,6.9,12860000.0,0
20231031,507,2,6,1,21,6.8,8840000.0,0
20231031,508,7,33,1,32,6.9,16460000.0,0
20231031,509,7,31,1,26,6.1,6010000.0,0
20231031,510,3,11,3,20,5.9,8750000.0,0
20231031,511,8,36,1,21,5.9,5470000.0,0
20231031,512,7,32,1,27,5.9,10540000.0,0
20231031,513,7,31,1,23,6.0,6180000.0,0
20231031,514,1,1,6,27,6.0,8090000.0,0
20231031,515,2,7,1,28,5.2,10040000.0,0
20231031,516,7,31,2,24,4.5,7240000.0,0
20231031,518,2,6,2,29,4.4,8030000.0,0
20231031,519,8,36,1,21,4.2,5810000.0,0
20231031,520,1,1,1,21,4.1,6840000.0,0
20231031,521,7,31,2,27,5.0,7290000.0,0
20231031,522,7,31,1,23,4.5,7140000.0,0
20231031,523,8,37,1,29,3.2,10190000.0,0
20231031,524,7,32,1,21,3.3,10670000.0,0
20231031,526,8,36,1,27,3.9,6630000.0,0
20231031,527,3,14,1,33,3.5,33160000.0,0
20231031,528,7,32,3,32,3.8,9740000.0,0
20231031,529,8,36,5,21,3.6,6440000.0,0
20231031,530,7,33,1,26,3.6,14660000.0,0
20231031,531,1,2,1,24,3.2,12500000.0,0
20231031,532,6,26,1,25,3.6,8000000.0,0
20231031,533,4,17,1,24,3.7,14120000.0,0
20231031,534,8,36,1,25,2.0,5440000.0,0
20231031,535,5,21,3,22,2.3,8470000.0,0
20231031,536,3,11,1,21,2.7,8850000.0,0
20231031,537,7,31,1,25,2.5,5870000.0,0
20231031,538,3,11,3,20,2.4,8640000.0,0
20231031,539,2,7,4,27,2.6,12630000.0,0
20231031,540,3,11,1,23,2.6,10710000.0,0
20231031,541,8,36,1,21,2.6,7430000.0,0
20231031,542,8,36,4,21,2.7,7320000.0,0
20231031,543,3,12,1,24,2.6,13670000.0,0
20231031,544,6,26,1,28,2.9,7400000.0,0
20231031,545,4,16,2,24,2.7,8620000.0,0
20231031,546,2,7,1,35,2.0,12510000.0,0
20231031,547,1,2,2,23,2.6,11840000.0,0
20231031,548,1,1,5,24,1.0,8080000.0,0
20231031,549,1,2,1,29,1.5,13180000.0,0
20231031,551,8,36,2,31,1.9,5790000.0,0
20231031,552,8,38,5,30,1.7,14390000.0,0
20231031,553,3,11,1,23,0.4,7440000.0,1
20231031,554,1,1,5,20,0.3,8280000.0,1
20231031,555,8,36,2,20,0.7,6550000.0,1
20231031,556,2,6,6,23,0.1,8450000.0,1
20231031,557,1,1,1,28,0.6,7160000.0,1
20231031,558,6,26,1,20,0.9,7340000.0,1
20231031,559,8,36,1,20,0.1,7350000.0,1
20231031,560,8,36,1,28,0.8,5990000.0,1
20231031,561,2,6,1,20,0.1,7950000.0,1
20231031,562,1,1,1,25,0.1,7550000.0,1
20231130,2,7,32,1,32,52.0,9270000.0,0
20231130,3,5,21,1,30,40.2,7600000.0,0
20231130,5,8,36,1,30,39.3,6410000.0,0
20231130,6,1,1,1,26,28.6,8390000.0,0
20231130,7,3,11,2,31,44.1,9800000.0,0
20231130,8,5,21,2,31,29.2,7780000.0,0
20231130,9,8,36,3,30,55.8,6230000.0,0
20231130,11,8,36,6,26,19.4,6410000.0,0
20231130,12,2,6,3,34,58.8,7510000.0,0
20231130,13,2,7,2,28,57.3,10770000.0,0
20231130,15,4,16,1,25,57.0,7510000.0,0
20231130,16,1,1,5,25,24.7,7150000.0,0
20231130,17,6,26,3,23,33.6,8380000.0,0
20231130,18,8,36,1,30,64.1,7130000.0,0
20231130,19,5,24,1,45,64.1,32210000.0,0
20231130,21,7,31,5,25,67.6,6390000.0,0
20231130,22,1,1,3,24,33.4,7660000.0,0
20231130,23,1,2,6,32,60.3,11500000.0,0
20231130,24,8,36,1,33,75.6,6850000.0,0
20231130,25,2,8,1,38,55.4,16740000.0,0
20231130,26,8,37,4,30,78.6,11500000.0,0
20231130,27,3,14,1,34,19.1,35720000.0,0
20231130,28,2,6,1,28,64.4,7150000.0,0
20231130,29,3,12,1,31,43.1,15330000.0,0
20231130,30,1,2,3,36,38.8,13450000.0,0
20231130,31,2,6,4,,91.4,8750000.0,0
20231130,33,3,11,3,27,22.3,9900000.0,0
20231130,34,8,36,5,23,37.1,6620000.0,0
20231130,37,1,3,1,34,21.5,17880000.0,0
20231130,38,3,11,1,37,59.4,9600000.0,0
20231130,39,4,16,3,25,20.2,9240000.0,0
20231130,40,3,11,5,30,44.4,9490000.0,0
20231130,41,7,31,1,26,40.0,5740000.0,0
20231130,42,2,7,4,31,16.5,12810000.0,0
20231130,43,5,21,1,26,17.9,7270000.0,0
20231130,44,6,26,2,30,56.4,7700000.0,0
20231130,45,7,31,1,35,102.4,7860000.0,0
20231130,46,7,31,2,21,13.0,5850000.0,0
20231130,47,7,31,4,34,76.3,7580000.0,0
20231130,48,7,31,5,29,86.6,6780000.0,0
20231130,49,3,13,1,29,96.0,23430000.0,0
20231130,50,3,13,1,36,28.5,20050000.0,0
20231130,51,7,31,1,29,21.1,6550000.0,0
20231130,53,7,32,1,30,22.9,10480000.0,0
20231130,54,8,37,2,31,25.7,10890000.0,0
20231130,55,8,36,1,28,28.9,5330000.0,0
20231130,56,1,1,3,28,82.3,7160000.0,0
20231130,57,4,16,1,29,61.2,9780000.0,0
20231130,58,4,16,3,36,115.4,8280000.0,0
20231130,59,3,12,1,34,76.3,14290000.0,0
20231130,60,3,11,1,55,39.9,10040000.0,0
20231130,61,4,17,3,33,106.4,15360000.0,0
20231130,62,2,6,4,26,23.5,7390000.0,0
20231130,63,3,11,5,29,59.0,10290000.0,0
20231130,64,7,31,1,31,30.0,6990000.0,0
20231130,65,3,11,1,25,65.0,8750000.0,0
20231130,66,1,3,4,32,52.8,15000000.0,0
20231130,67,7,31,6,24,20.1,6570000.0,0
20231130,69,5,21,6,25,44.9,8200000.0,0
20231130,71,1,4,2,40,165.7,27710000.0,0
20231130,72,5,21,1,31,74.8,7420000.0,0
20231130,73,3,14,1,42,39.1,37400000.0,0
20231130,74,8,36,2,34,88.0,7110000.0,0
20231130,75,4,16,6,30,112.9,9620000.0,0
20231130,76,3,13,5,44,123.1,21820000.0,0
20231130,77,5,21,1,24,29.2,7850000.0,0
20231130,79,8,39,1,42,18.5,23580000.0,0
20231130,80,7,33,2,34,19.3,13320000.0,0
20231130,81,1,1,6,24,36.7,7720000.0,0
20231130,82,2,6,1,28,15.4,8140000.0,0
20231130,83,6,27,2,30,28.6,11290000.0,0
20231130,84,4,16,3,40,131.9,7610000.0,0
20231130,85,7,33,1,39,51.2,13230000.0,0
20231130,86,3,13,1,38,99.0,21820000.0,0
20231130,87,6,26,1,23,31.0,7530000.0,0
20231130,88,1,1,5,24,49.4,6750000.0,0
20231130,89,1,1,5,29,34.5,7080000.0,0
20231130,91,7,31,1,25,41.0,7680000.0,0
20231130,92,5,21,3,28,51.5,6910000.0,0
20231130,94,2,6,1,27,71.5,7780000.0,0
20231130,95,1,2,2,26,48.8,13040000.0,0
20231130,96,2,9,1,47,165.7,30810000.0,0
20231130,97,3,13,3,26,13.5,24060000.0,0
20231130,98,8,36,1,54,16.9,5990000.0,0
20231130,99,7,32,6,32,80.3,11550000.0,0
20231130,100,1,1,3,32,35.0,7640000.0,0
20231130,101,7,31,5,33,43.7,6180000.0,0
20231130,102,7,32,1,30,27.9,9740000.0,0
20231130,103,7,31,2,41,148.9,6580000.0,0
20231130,104,2,6,1,30,64.9,7650000.0,0
20231130,105,8,36,3,37,111.2,5210000.0,0
20231130,106,8,36,3,33,41.2,5480000.0,0
20231130,108,4,17,3,32,19.0,14370000.0,0
20231130,109,5,21,1,32,67.0,9150000.0,0
20231130,111,1,2,1,34,165.7,13470000.0,0
20231130,112,2,6,3,30,14.2,6790000.0,0
20231130,114,1,2,1,27,15.7,12090000.0,0
20231130,115,3,13,1,31,15.5,22400000.0,0
20231130,116,1,5,1,41,41.0,42990000.0,0
20231130,118,7,31,5,29,41.7,6190000.0,0
20231130,120,2,6,4,23,14.9,6790000.0,0
20231130,121,3,11,1,40,165.7,9400000.0,0
20231130,122,7,32,5,31,39.4,9960000.0,0
20231130,123,3,11,2,34,22.9,9590000.0,0
20231130,124,8,36,6,25,42.3,5500000.0,0
20231130,125,7,32,1,29,50.9,10310000.0,0
20231130,127,1,1,6,26,22.1,7300000.0,0
20231130,128,4,16,2,36,76.0,9920000.0,0
20231130,129,6,26,1,39,165.7,6170000.0,0
20231130,131,1,5,1,51,157.0,47060000.0,0
20231130,132,3,12,1,34,67.8,12790000.0,0
20231130,133,1,3,1,40,149.7,16560000.0,0
20231130,135,1,1,1,39,62.2,7090000.0,0
20231130,136,7,32,2,29,59.2,8370000.0,0
20231130,137,1,1,3,25,22.3,8950000.0,0
20231130,138,6,29,1,37,44.2,27100000.0,0
20231130,139,7,32,4,28,46.0,12400000.0,0
20231130,140,8,36,1,31,20.9,5720000.0,0
20231130,141,1,3,3,36,61.3,16240000.0,0
20231130,143,7,31,4,54,43.4,7580000.0,0
20231130,146,1,3,4,28,52.1,18660000.0,0
20231130,148,7,31,1,40,150.4,6980000.0,0
20231130,149,1,1,5,27,35.5,6520000.0,0
20231130,150,7,32,5,39,115.2,11580000.0,0
20231130,151,8,36,3,24,43.7,6910000.0,0
20231130,152,6,26,1,32,28.7,6730000.0,0
20231130,153,7,33,1,35,88.6,15160000.0,0
20231130,154,1,5,1,42,41.4,43940000.0,0
20231130,155,4,16,2,31,18.7,7210000.0,0
20231130,156,1,3,6,41,64.4,17800000.0,0
20231130,157,1,5,1,43,47.8,42250000.0,0
20231130,159,7,31,1,27,38.5,6150000.0,0
20231130,160,7,35,1,43,107.8,35380000.0,0
20231130,162,4,16,1,30,104.1,8300000.0,0
20231130,165,5,21,2,37,160.0,8980000.0,0
20231130,166,6,26,1,24,51.6,8420000.0,0
20231130,167,8,39,1,39,54.1,21990000.0,0
20231130,168,2,7,1,34,79.7,13590000.0,0
20231130,169,1,1,1,22,21.7,6730000.0,0
20231130,170,1,2,6,37,40.5,12740000.0,0
20231130,171,7,31,6,28,24.8,7540000.0,0
20231130,172,7,31,1,26,11.4,7390000.0,0
20231130,173,7,31,1,29,51.7,6870000.0,0
20231130,174,8,37,1,25,50.6,9990000.0,0
20231130,175,8,38,3,41,53.9,13630000.0,0
20231130,176,3,14,1,36,28.2,39850000.0,0
20231130,177,1,1,1,27,52.6,6610000.0,0
20231130,178,7,33,1,36,13.3,16570000.0,0
20231130,179,1,4,1,37,75.0,29660000.0,0
20231130,181,1,2,1,33,67.4,9940000.0,0
20231130,182,7,31,1,30,66.9,5990000.0,0
20231130,183,5,21,2,32,99.2,8710000.0,0
20231130,184,8,36,1,28,21.1,7270000.0,0
20231130,186,7,31,2,55,18.8,7760000.0,0
20231130,187,8,36,3,22,32.8,6610000.0,0
20231130,188,4,16,1,24,49.4,8850000.0,0
20231130,189,3,13,1,31,30.3,19530000.0,0
20231130,190,7,31,5,27,66.5,6720000.0,0
20231130,191,4,16,1,34,33.4,8990000.0,0
20231130,193,1,2,1,32,38.0,9510000.0,0
20231130,194,8,39,1,29,60.6,25290000.0,0
20231130,195,7,32,1,55,66.3,9550000.0,0
20231130,196,7,32,6,29,98.8,8940000.0,0
20231130,197,6,28,3,38,110.8,19210000.0,0
20231130,198,6,26,6,32,51.3,6520000.0,0
20231130,199,6,26,1,34,31.9,7750000.0,0
20231130,200,2,7,1,26,29.7,11740000.0,0
20231130,201,5,21,5,24,42.0,6530000.0,0
20231130,202,1,2,3,30,48.9,11410000.0,0
20231130,203,7,31,1,22,16.4,5530000.0,0
20231130,204,1,1,1,39,111.5,8320000.0,0
20231130,205,8,36,4,25,20.6,5670000.0,0
20231130,206,1,1,1,30,43.9,7670000.0,0
20231130,207,8,36,2,28,32.4,6150000.0,0
20231130,208,3,13,2,43,165.7,24080000.0,0
20231130,209,6,26,1,24,34.6,7140000.0,0
20231130,210,7,33,1,30,33.2,15710000.0,0
20231130,211,7,31,1,30,78.8,6770000.0,0
20231130,212,3,12,6,27,19.4,16620000.0,0
20231130,213,2,6,3,27,34.7,8200000.0,0
20231130,214,8,36,1,34,126.9,5830000.0,0
20231130,215,4,17,1,31,80.2,13690000.0,0
20231130,216,4,16,6,,69.8,8780000.0,0
20231130,217,5,21,1,31,27.1,7220000.0,0
20231130,218,3,11,1,30,48.6,10250000.0,0
20231130,219,3,11,1,37,81.8,7990000.0,0
20231130,220,8,38,1,34,80.0,13020000.0,0
20231130,221,7,31,3,29,43.9,6090000.0,0
20231130,222,8,36,1,28,37.7,6590000.0,0
20231130,223,1,1,3,22,23.9,8020000.0,0
20231130,224,1,4,1,40,73.9,29150000.0,0
20231130,225,1,1,6,24,14.3,7790000.0,0
20231130,226,2,6,2,34,21.3,7160000.0,0
20231130,227,2,6,4,26,70.7,7450000.0,0
20231130,228,5,24,2,34,14.1,25880000.0,0
20231130,229,7,31,1,32,116.0,7080000.0,0
20231130,230,8,37,1,28,14.7,9770000.0,0
20231130,232,3,12,1,38,105.9,16050000.0,0
20231130,233,8,36,2,54,45.6,5890000.0,0
20231130,234,7,32,2,41,165.7,10490000.0,0
20231130,236,6,27,1,35,85.6,11140000.0,0
20231130,237,6,27,4,28,11.6,10300000.0,0
20231130,238,7,31,1,30,24.8,6510000.0,0
20231130,239,2,7,4,32,98.7,13970000.0,0
20231130,240,8,36,6,30,52.3,6020000.0,0
20231130,241,8,36,1,53,46.8,7000000.0,0
20231130,242,8,36,1,26,46.4,6620000.0,0
20231130,243,7,31,1,36,153.9,7320000.0,0
20231130,244,3,13,6,49,78.5,18970000.0,0
20231130,245,1,1,1,31,55.1,7210000.0,0
20231130,246,8,37,1,39,96.2,10240000.0,0
20231130,247,7,31,1,30,47.1,7070000.0,0
20231130,248,5,22,1,28,47.4,13360000.0,0
20231130,250,1,1,1,30,33.0,8430000.0,0
20231130,251,1,4,1,39,82.9,34310000.0,0
20231130,252,3,11,2,29,50.0,10870000.0,0
20231130,253,8,38,6,33,46.6,15030000.0,0
20231130,254,5,21,1,26,17.0,8880000.0,0
20231130,255,1,1,3,31,116.8,6610000.0,0
20231130,256,7,31,1,29,110.9,6920000.0,0
20231130,257,3,12,1,31,40.0,14250000.0,0
20231130,260,8,39,1,40,132.1,24720000.0,0
20231130,262,7,31,1,21,14.6,7050000.0,0
20231130,264,1,1,6,26,19.9,5840000.0,0
20231130,265,7,33,1,33,46.0,14770000.0,0
20231130,266,4,16,1,27,18.0,9410000.0,0
20231130,267,1,2,1,30,33.2,11290000.0,0
20231130,268,7,31,6,24,28.1,6940000.0,0
20231130,270,3,11,1,43,118.5,9430000.0,0
20231130,271,2,6,2,26,12.5,7700000.0,0
20231130,272,4,19,1,36,30.7,39540000.0,0
20231130,273,3,12,1,35,46.8,17380000.0,0
20231130,274,7,31,5,26,32.9,6150000.0,0
20231130,276,8,36,1,35,61.8,5780000.0,0
20231130,277,3,11,1,26,60.2,8730000.0,0
20231130,278,3,14,1,41,66.1,37110000.0,0
20231130,280,2,10,1,34,38.5,42670000.0,0
20231130,282,1,4,1,37,24.0,26560000.0,0
20231130,284,7,32,5,38,91.4,9510000.0,0
20231130,285,1,1,4,22,30.8,7650000.0,0
20231130,286,1,2,1,32,79.4,11050000.0,0
20231130,288,6,30,1,40,14.9,47940000.0,0
20231130,289,7,32,1,30,15.0,10000000.0,0
20231130,290,3,15,1,34,23.8,62680000.0,0
20231130,291,3,13,1,37,31.6,21520000.0,0
20231130,292,7,31,2,24,39.9,6350000.0,0
20231130,293,1,2,1,27,11.1,9710000.0,0
20231130,296,1,1,4,29,59.4,6970000.0,0
20231130,298,8,38,1,34,41.4,16190000.0,0
20231130,299,7,31,3,54,50.7,7030000.0,0
20231130,300,4,16,5,27,32.6,7720000.0,0
20231130,301,8,37,1,27,13.3,9860000.0,0
20231130,302,1,1,1,27,19.6,7980000.0,0
20231130,303,1,1,1,31,54.0,7380000.0,0
20231130,304,7,31,1,25,57.8,6450000.0,0
20231130,305,7,31,4,25,56.0,5670000.0,0
20231130,306,1,1,6,34,19.4,8010000.0,0
20231130,307,4,17,4,28,53.3,14360000.0,0
20231130,308,6,26,3,29,40.7,7580000.0,0
20231130,309,1,1,1,21,13.3,8100000.0,0
20231130,310,4,16,1,35,118.0,9080000.0,0
20231130,311,3,13,1,36,33.1,19160000.0,0
20231130,312,7,31,2,55,38.2,6540000.0,0
20231130,313,7,32,1,34,18.7,11050000.0,0
20231130,314,3,14,1,32,29.4,38990000.0,0
20231130,316,4,19,1,38,35.9,37920000.0,0
20231130,317,2,7,1,39,59.1,10880000.0,0
20231130,318,1,1,1,26,17.6,7490000.0,0
20231130,320,7,33,5,25,18.3,15710000.0,0
20231130,321,1,1,1,34,128.2,7750000.0,0
20231130,322,5,22,4,24,15.6,12940000.0,0
20231130,323,1,2,1,25,13.8,10960000.0,0
20231130,324,3,14,1,40,70.3,33760000.0,0
20231130,325,1,2,3,28,21.7,11030000.0,0
20231130,327,7,32,1,32,39.5,10670000.0,0
20231130,329,7,32,2,32,47.2,9720000.0,0
20231130,330,1,1,2,34,165.7,7640000.0,0
20231130,331,3,12,3,31,39.5,16750000.0,0
20231130,333,8,36,1,26,41.1,5660000.0,0
20231130,334,8,37,6,30,39.2,11020000.0,0
20231130,336,1,1,1,30,48.9,8460000.0,0
20231130,337,3,12,1,24,50.1,14980000.0,0
20231130,338,8,36,1,21,13.2,5480000.0,0
20231130,339,5,21,3,27,25.0,8250000.0,0
20231130,340,8,36,5,40,165.7,7160000.0,0
20231130,341,1,1,1,26,45.1,7720000.0,0
20231130,343,7,31,3,23,38.4,7580000.0,0
20231130,345,3,11,1,29,41.3,8230000.0,0
20231130,346,1,1,3,24,12.1,7240000.0,0
20231130,347,8,36,2,32,138.1,7190000.0,0
20231130,349,7,33,4,44,74.6,12950000.0,0
20231130,350,2,7,3,29,24.5,13340000.0,0
20231130,351,6,26,1,24,42.3,7710000.0,0
20231130,352,7,32,1,28,32.3,9670000.0,0
20231130,353,1,2,1,33,81.5,11240000.0,0
20231130,354,7,31,1,30,15.8,6350000.0,0
20231130,356,8,36,1,25,40.3,5790000.0,0
20231130,357,3,12,1,33,102.6,16320000.0,0
20231130,358,5,22,1,31,57.9,11960000.0,0
20231130,359,3,13,1,29,15.9,19650000.0,0
20231130,360,7,32,4,38,132.2,10610000.0,0
20231130,361,1,3,6,35,78.1,18540000.0,0
20231130,362,8,36,1,26,49.5,6910000.0,0
20231130,363,3,12,1,45,140.7,17060000.0,0
20231130,364,7,32,3,30,22.9,9970000.0,0
20231130,365,8,37,1,55,38.2,10900000.0,0
20231130,366,8,37,4,31,28.1,10740000.0,0
20231130,367,6,27,1,31,14.3,10340000.0,0
20231130,369,1,3,1,35,36.4,18830000.0,0
20231130,370,4,19,1,35,14.9,28410000.0,0
20231130,372,1,1,1,31,43.5,7140000.0,0
20231130,373,2,8,1,36,55.6,16200000.0,0
20231130,374,1,1,5,32,82.4,8610000.0,0
20231130,375,5,22,4,38,157.7,14110000.0,0
20231130,376,3,11,4,25,29.0,9180000.0,0
20231130,377,6,28,2,43,129.2,17160000.0,0
20231130,378,1,1,2,36,109.9,8100000.0,0
20231130,379,1,1,1,28,73.3,7240000.0,0
20231130,380,3,12,5,31,28.9,11530000.0,0
20231130,381,4,18,2,43,98.8,19230000.0,0
20231130,383,6,27,2,31,51.0,11170000.0,0
20231130,384,3,11,1,31,80.5,9260000.0,0
20231130,385,7,33,6,22,12.6,14930000.0,0
20231130,386,2,6,1,40,113.3,8710000.0,0
20231130,387,3,11,1,26,29.2,9760000.0,0
20231130,388,7,31,1,22,13.1,6010000.0,0
20231130,389,7,31,2,29,64.7,5790000.0,0
20231130,390,3,13,1,38,61.4,20320000.0,0
20231130,391,7,32,3,31,50.4,10410000.0,0
20231130,392,8,37,1,27,36.5,11060000.0,0
20231130,393,7,31,6,25,51.9,6550000.0,0
20231130,396,1,1,1,27,29.0,6680000.0,0
20231130,397,2,7,1,26,37.1,11810000.0,0
20231130,398,3,12,1,28,20.8,11920000.0,0
20231130,399,2,6,1,36,165.7,8030000.0,0
20231130,400,7,32,3,35,38.0,8340000.0,0
20231130,401,6,29,1,34,29.3,33640000.0,0
20231130,402,3,13,3,38,84.0,21890000.0,0
20231130,404,7,31,6,35,142.9,6100000.0,0
20231130,405,3,12,1,32,58.2,13660000.0,0
20231130,406,3,11,2,32,32.7,8890000.0,0
20231130,407,3,12,1,40,73.7,13330000.0,0
20231130,408,3,12,4,34,109.5,13500000.0,0
20231130,409,7,33,1,41,165.7,16470000.0,0
20231130,410,8,38,1,29,36.4,13630000.0,0
20231130,412,1,1,1,28,46.7,7600000.0,0
20231130,413,8,36,3,29,13.1,5700000.0,0
20231130,414,3,11,2,37,127.0,8500000.0,0
20231130,415,3,11,5,34,101.4,9310000.0,0
20231130,416,1,1,1,31,47.3,8090000.0,0
20231130,417,7,31,2,25,12.0,6780000.0,0
20231130,418,7,31,1,34,46.1,6930000.0,0
20231130,419,8,39,1,39,59.4,25230000.0,0
20231130,420,5,21,2,32,72.8,9160000.0,0
20231130,421,1,4,1,38,73.9,23380000.0,0
20231130,423,4,16,5,23,35.8,8700000.0,0
20231130,424,3,11,1,21,11.6,8520000.0,0
20231130,425,1,3,3,33,29.7,15380000.0,0
20231130,426,3,14,6,35,21.6,39220000.0,0
20231130,427,1,1,6,23,16.7,8540000.0,0
20231130,428,8,39,6,36,20.6,26690000.0,0
20231130,429,7,33,1,32,36.4,15060000.0,0
20231130,430,1,4,1,41,44.1,26570000.0,0
20231130,431,3,12,2,43,133.8,14570000.0,0
20231130,432,1,4,1,40,28.0,34850000.0,0
20231130,433,7,35,1,48,117.1,44100000.0,0
20231130,435,8,36,3,21,11.5,5580000.0,0
20231130,436,3,13,3,35,45.7,21270000.0,0
20231130,438,1,2,2,30,59.0,12770000.0,0
20231130,439,8,37,1,34,44.6,9150000.0,0
20231130,440,7,31,3,29,24.8,6450000.0,0
20231130,442,8,36,2,27,67.0,5590000.0,0
20231130,443,2,6,1,42,165.7,6750000.0,0
20231130,444,1,1,1,27,17.2,7280000.0,0
20231130,445,1,4,1,43,128.9,26790000.0,0
20231130,446,8,36,4,24,44.7,6130000.0,0
20231130,447,4,16,1,24,32.6,9380000.0,0
20231130,449,1,2,6,26,27.8,10130000.0,0
20231130,450,8,38,1,38,98.7,15890000.0,0
20231130,452,3,12,2,30,48.9,13610000.0,0
20231130,453,8,36,2,31,41.7,7090000.0,0
20231130,454,7,34,1,40,110.9,24910000.0,0
20231130,455,4,20,6,43,35.8,63640000.0,0
20231130,456,1,1,3,54,14.0,7960000.0,0
20231130,457,7,32,3,38,109.9,10780000.0,0
20231130,458,7,31,1,25,36.1,6560000.0,0
20231130,459,7,31,1,27,30.0,5740000.0,0
20231130,460,2,7,1,32,36.7,10310000.0,0
20231130,461,4,16,1,24,10.3,10170000.0,0
20231130,462,2,6,1,24,10.7,9240000.0,0
20231130,463,5,21,1,23,10.2,7900000.0,0
20231130,464,7,31,4,21,10.4,6410000.0,0
20231130,465,8,37,2,27,10.8,8520000.0,0
20231130,466,7,31,4,26,10.6,6690000.0,0
20231130,467,3,11,2,24,10.2,10060000.0,0
20231130,469,7,31,1,24,10.8,6500000.0,0
20231130,470,1,1,1,26,10.1,7360000.0,0
20231130,471,7,32,3,32,10.2,11260000.0,0
20231130,472,2,6,1,26,10.0,7320000.0,0
20231130,473,6,26,1,25,10.3,7440000.0,0
20231130,474,6,27,1,30,10.7,11110000.0,0
20231130,476,7,31,1,28,9.2,6960000.0,0
20231130,477,1,1,3,22,9.5,6730000.0,0
20231130,478,3,11,4,22,9.3,7950000.0,0
20231130,479,2,6,6,33,9.6,8760000.0,0
20231130,480,5,21,6,25,9.4,7610000.0,0
20231130,481,8,36,1,24,8.2,6830000.0,0
20231130,482,7,31,3,25,8.4,5920000.0,0
20231130,483,8,37,1,30,9.0,10020000.0,0
20231130,485,1,1,1,24,8.8,7010000.0,0
20231130,486,1,1,2,25,8.8,7580000.0,0
20231130,487,1,1,1,24,8.0,6680000.0,0
20231130,488,7,31,1,29,7.3,6050000.0,0
20231130,490,3,11,4,21,7.2,9340000.0,0
20231130,491,8,36,3,26,7.8,6290000.0,0
20231130,492,8,36,5,20,7.7,5880000.0,0
20231130,493,3,11,1,20,7.5,8360000.0,0
20231130,494,4,19,2,40,7.7,39020000.0,0
20231130,495,3,11,2,22,7.4,9230000.0,0
20231130,496,7,31,2,,7.9,6400000.0,0
20231130,498,7,32,6,25,8.0,9350000.0,0
20231130,499,1,2,5,22,7.5,12560000.0,0
20231130,500,2,6,2,25,7.7,7270000.0,0
20231130,501,8,36,4,31,7.2,5190000.0,0
20231130,502,1,1,6,21,7.1,6300000.0,0
20231130,503,3,11,3,20,7.6,7890000.0,0
20231130,504,7,31,3,26,7.7,6450000.0,0
20231130,505,2,7,3,29,7.2,11370000.0,0
20231130,506,3,12,1,32,7.9,12860000.0,0
20231130,507,2,6,1,21,7.8,8840000.0,0
20231130,508,7,33,1,33,7.9,16460000.0,0
20231130,509,7,31,1,26,7.1,6010000.0,0
20231130,510,3,11,3,20,6.9,8750000.0,0
20231130,511,8,36,1,21,6.9,5470000.0,0
20231130,512,7,32,1,27,6.9,10540000.0,0
20231130,513,7,31,1,23,7.0,6180000.0,0
20231130,514,1,1,6,27,7.0,8090000.0,0
20231130,515,2,7,1,28,6.1,10040000.0,0
20231130,516,7,31,2,24,5.5,7240000.0,0
20231130,518,2,6,2,29,5.4,8030000.0,0
20231130,519,8,36,1,21,5.2,5810000.0,0
20231130,520,1,1,1,21,5.1,6840000.0,0
20231130,521,7,31,2,27,5.9,7290000.0,0
20231130,522,7,31,1,23,5.5,7140000.0,0
20231130,523,8,37,1,29,4.2,10190000.0,0
20231130,524,7,32,1,21,4.3,10670000.0,0
20231130,526,8,36,1,27,4.9,6630000.0,0
20231130,527,3,14,1,33,4.5,33160000.0,0
20231130,528,7,32,3,32,4.8,9740000.0,0
20231130,529,8,36,5,21,4.6,6440000.0,0
20231130,530,7,33,1,26,4.6,14660000.0,0
20231130,531,1,2,1,24,4.1,12500000.0,0
20231130,532,6,26,1,25,4.6,8000000.0,0
20231130,533,4,17,1,24,4.7,14120000.0,0
20231130,534,8,36,1,25,3.0,5440000.0,0
20231130,535,5,21,3,22,3.3,8470000.0,0
20231130,536,3,11,1,22,3.7,8850000.0,0
20231130,537,7,31,1,25,3.5,5870000.0,0
20231130,538,3,11,3,20,3.4,8640000.0,0
20231130,539,2,7,4,27,3.6,12630000.0,0
20231130,540,3,11,1,24,3.5,10710000.0,0
20231130,541,8,36,1,21,3.6,7430000.0,0
20231130,542,8,36,4,21,3.7,7320000.0,0
20231130,543,3,12,1,24,3.5,13670000.0,0
20231130,544,6,26,1,28,3.9,7400000.0,0
20231130,545,4,16,2,24,3.7,8620000.0,0
20231130,546,2,7,1,35,3.0,12510000.0,0
20231130,547,1,2,2,24,3.5,11840000.0,0
20231130,548,1,1,5,25,2.0,8080000.0,0
20231130,549,1,2,1,29,2.5,13180000.0,0
20231130,551,8,36,2,31,2.9,5790000.0,0
20231130,552,8,38,5,30,2.7,14390000.0,0
20231130,553,3,11,1,23,1.4,7440000.0,0
20231130,554,1,1,5,20,1.3,8280000.0,0
20231130,555,8,36,2,20,1.6,6550000.0,0
20231130,556,2,6,6,23,1.1,8450000.0,0
20231130,557,1,1,1,28,1.6,7160000.0,0
20231130,558,6,26,1,20,1.9,7340000.0,0
20231130,559,8,36,1,20,1.1,7350000.0,0
20231130,560,8,36,1,28,1.8,5990000.0,0
20231130,561,2,6,1,20,1.1,7950000.0,0
20231130,562,1,1,1,25,1.1,7550000.0,0
20231130,563,8,36,5,26,0.5,7080000.0,1
20231130,564,1,1,1,26,0.2,7420000.0,1
20231130,565,2,7,1,25,0.5,12950000.0,1
20231130,566,4,16,5,26,0.8,8670000.0,1
20231130,567,8,37,6,30,0.4,9290000.0,1
20231130,568,3,12,5,28,0.4,13310000.0,1
20231130,569,8,38,1,33,0.2,15600000.0,1
20231130,570,7,32,1,28,0.7,9040000.0,1
20231130,571,6,26,6,27,0.6,7800000.0,1
20231130,572,3,12,1,23,0.1,13830000.0,1
20231130,573,4,16,5,26,0.1,7970000.0,1
20231130,574,5,21,5,27,0.2,7690000.0,1
20231130,575,1,2,4,29,0.9,10800000.0,1
20231130,576,7,31,1,29,0.3,7440000.0,1
20231130,577,7,31,2,25,0.0,7460000.0,1
20231130,578,3,11,3,21,0.7,10520000.0,1
20231231,2,7,32,1,32,53.0,9270000.0,0
20231231,3,5,21,1,30,41.2,7600000.0,0
20231231,5,8,36,1,30,40.3,6410000.0,0
20231231,6,1,1,1,26,29.6,8390000.0,0
20231231,7,3,11,2,31,45.1,9800000.0,0
20231231,8,5,21,2,31,30.2,7780000.0,0
20231231,9,8,36,3,30,56.8,6230000.0,0
20231231,11,8,36,6,26,20.5,6410000.0,0
20231231,12,2,6,3,34,59.8,7510000.0,0
20231231,13,2,7,2,28,58.3,10770000.0,0
20231231,15,4,16,1,25,58.0,7510000.0,0
20231231,16,1,1,5,25,25.8,7150000.0,0
20231231,17,6,26,3,23,34.6,8380000.0,0
20231231,19,5,24,1,45,65.1,32210000.0,0
20231231,21,7,31,5,25,68.6,6390000.0,0
20231231,22,1,1,3,24,34.4,7660000.0,0
20231231,23,1,2,6,32,61.3,11500000.0,0
20231231,24,8,36,1,33,76.6,6850000.0,0
20231231,25,2,8,1,38,56.4,16740000.0,0
20231231,26,8,37,4,30,79.6,11500000.0,0
20231231,27,3,14,1,34,20.1,35720000.0,0
20231231,28,2,6,1,28,65.4,7150000.0,0
20231231,29,3,12,1,31,44.1,15330000.0,0
20231231,30,1,2,3,36,39.9,13450000.0,0
20231231,31,2,6,4,,92.4,8750000.0,0
20231231,33,3,11,3,27,23.3,9900000.0,0
20231231,34,8,36,5,23,38.1,6620000.0,0
20231231,37,1,3,1,34,22.5,17880000.0,0
20231231,38,3,11,1,37,60.4,9600000.0,0
20231231,39,4,16,3,25,21.2,9240000.0,0
20231231,40,3,11,5,30,45.4,9490000.0,0
20231231,41,7,31,1,26,41.0,5740000.0,0
20231231,43,5,21,1,27,18.9,7270000.0,0
20231231,44,6,26,2,30,57.4,7700000.0,0
20231231,45,7,31,1,35,103.4,7860000.0,0
20231231,46,7,31,2,21,14.0,5850000.0,0
20231231,47,7,31,4,34,77.3,7580000.0,0
20231231,48,7,31,5,29,87.6,6780000.0,0
20231231,49,3,13,1,29,97.1,23430000.0,0
20231231,50,3,13,1,36,29.5,20050000.0,0
20231231,51,7,31,1,29,22.1,6550000.0,0
20231231,53,7,32,1,30,23.9,10480000.0,0
20231231,54,8,37,2,31,26.7,10890000.0,0
20231231,55,8,36,1,28,30.0,5330000.0,0
20231231,56,1,1,3,28,83.4,7160000.0,0
20231231,57,4,16,1,29,62.2,9780000.0,0
20231231,58,4,16,3,36,116.5,8280000.0,0
20231231,59,3,12,1,34,77.3,14290000.0,0
20231231,60,3,11,1,55,40.9,10040000.0,0
20231231,61,4,17,3,33,107.5,15360000.0,0
20231231,62,2,6,4,26,24.5,7390000.0,0
20231231,63,3,11,5,30,60.1,10290000.0,0
20231231,64,7,31,1,32,31.0,6990000.0,0
20231231,65,3,11,1,25,66.0,8750000.0,0
20231231,66,1,3,4,32,53.8,15000000.0,0
20231231,67,7,31,6,24,21.2,6570000.0,0
20231231,69,5,21,6,26,46.0,8200000.0,0
20231231,71,1,4,2,40,166.7,27710000.0,0
20231231,72,5,21,1,32,75.8,7420000.0,0
20231231,73,3,14,1,42,40.1,37400000.0,0
20231231,74,8,36,2,34,89.1,7110000.0,0
20231231,75,4,16,6,30,113.9,9620000.0,0
20231231,76,3,13,5,44,124.2,21820000.0,0
20231231,77,5,21,1,24,30.2,7850000.0,0
20231231,79,8,39,1,43,19.5,23580000.0,0
20231231,80,7,33,2,34,20.3,13320000.0,0
20231231,81,1,1,6,24,37.7,7720000.0,0
20231231,82,2,6,1,28,16.5,8140000.0,0
20231231,83,6,27,2,30,29.6,11290000.0,0
20231231,84,4,16,3,40,132.9,7610000.0,0
20231231,85,7,33,1,39,52.2,13230000.0,0
20231231,86,3,13,1,38,100.0,21820000.0,0
20231231,87,6,26,1,23,32.1,7530000.0,0
20231231,88,1,1,5,24,50.4,6750000.0,0
20231231,89,1,1,5,29,35.5,7080000.0,0
20231231,91,7,31,1,25,42.0,7680000.0,0
20231231,92,5,21,3,28,52.6,6910000.0,0
20231231,94,2,6,1,27,72.5,7780000.0,0
20231231,95,1,2,2,26,49.8,13040000.0,0
20231231,96,2,9,1,47,166.7,30810000.0,0
20231231,98,8,36,1,55,17.9,5990000.0,0
20231231,99,7,32,6,32,81.3,11550000.0,0
20231231,100,1,1,3,32,36.0,7640000.0,0
20231231,101,7,31,5,33,44.7,6180000.0,0
20231231,102,7,32,1,30,28.9,9740000.0,0
20231231,103,7,31,2,41,149.9,6580000.0,0
20231231,104,2,6,1,30,65.9,7650000.0,0
20231231,105,8,36,3,37,112.2,5210000.0,0
20231231,106,8,36,3,33,42.2,5480000.0,0
20231231,108,4,17,3,32,20.0,14370000.0,0
20231231,109,5,21,1,32,68.0,9150000.0,0
20231231,111,1,2,1,34,166.7,13470000.0,0
20231231,112,2,6,3,30,15.2,6790000.0,0
20231231,114,1,2,1,27,16.7,12090000.0,0
20231231,115,3,13,1,31,16.5,22400000.0,0
20231231,116,1,5,1,41,42.1,42990000.0,0
20231231,118,7,31,5,29,42.7,6190000.0,0
20231231,120,2,6,4,23,16.0,6790000.0,0
20231231,121,3,11,1,40,166.7,9400000.0,0
20231231,122,7,32,5,31,40.4,9960000.0,0
20231231,123,3,11,2,34,23.9,9590000.0,0
20231231,124,8,36,6,25,43.3,5500000.0,0
20231231,125,7,32,1,29,51.9,10310000.0,0
20231231,127,1,1,6,26,23.2,7300000.0,0
20231231,128,4,16,2,36,77.0,9920000.0,0
20231231,129,6,26,1,39,166.7,6170000.0,0
20231231,131,1,5,1,51,158.0,47060000.0,0
20231231,132,3,12,1,34,68.8,12790000.0,0
20231231,133,1,3,1,40,150.7,16560000.0,0
20231231,135,1,1,1,39,63.2,7090000.0,0
20231231,136,7,32,2,29,60.2,8370000.0,0
20231231,137,1,1,3,26,23.4,8950000.0,0
20231231,138,6,29,1,37,45.2,27100000.0,0
20231231,139,7,32,4,29,47.0,12400000.0,0
20231231,140,8,36,1,31,21.9,5720000.0,0
20231231,141,1,3,3,36,62.4,16240000.0,0
20231231,143,7,31,4,54,44.4,7580000.0,0
20231231,146,1,3,4,28,53.1,18660000.0,0
20231231,148,7,31,1,40,151.4,6980000.0,0
20231231,149,1,1,5,27,36.5,6520000.0,0
20231231,150,7,32,5,39,116.2,11580000.0,0
20231231,151,8,36,3,24,44.7,6910000.0,0
20231231,152,6,26,1,32,29.7,6730000.0,0
20231231,153,7,33,1,35,89.7,15160000.0,0
20231231,154,1,5,1,42,42.4,43940000.0,0
20231231,155,4,16,2,31,19.7,7210000.0,0
20231231,156,1,3,6,41,65.4,17800000.0,0
20231231,157,1,5,1,43,48.8,42250000.0,0
20231231,159,7,31,1,27,39.5,6150000.0,0
20231231,160,7,35,1,43,108.8,35380000.0,0
20231231,162,4,16,1,31,105.1,8300000.0,0
20231231,165,5,21,2,37,161.1,8980000.0,0
20231231,166,6,26,1,25,52.6,8420000.0,0
20231231,167,8,39,1,39,55.1,21990000.0,0
20231231,168,2,7,1,34,80.7,13590000.0,0
20231231,169,1,1,1,22,22.8,6730000.0,0
20231231,170,1,2,6,37,41.5,12740000.0,0
20231231,171,7,31,6,28,25.8,7540000.0,0
20231231,172,7,31,1,26,12.5,7390000.0,0
20231231,173,7,31,1,29,52.7,6870000.0,0
20231231,174,8,37,1,25,51.6,9990000.0,0
20231231,175,8,38,3,41,54.9,13630000.0,0
20231231,176,3,14,1,36,29.2,39850000.0,0
20231231,178,7,33,1,36,14.3,16570000.0,0
20231231,179,1,4,1,38,76.0,29660000.0,0
20231231,181,1,2,1,33,68.4,9940000.0,0
20231231,182,7,31,1,30,67.9,5990000.0,0
20231231,183,5,21,2,32,100.2,8710000.0,0
20231231,184,8,36,1,28,22.1,7270000.0,0
20231231,186,7,31,2,56,19.8,7760000.0,0
20231231,187,8,36,3,23,33.8,6610000.0,0
20231231,188,4,16,1,25,50.4,8850000.0,0
20231231,189,3,13,1,31,31.3,19530000.0,0
20231231,190,7,31,5,27,67.5,6720000.0,0
20231231,191,4,16,1,34,34.5,8990000.0,0
20231231,193,1,2,1,32,39.0,9510000.0,0
20231231,194,8,39,1,30,61.6,25290000.0,0
20231231,195,7,32,1,55,67.4,9550000.0,0
20231231,196,7,32,6,29,99.8,8940000.0,0
20231231,197,6,28,3,38,111.8,19210000.0,0
20231231,198,6,26,6,32,52.3,6520000.0,0
20231231,199,6,26,1,34,33.0,7750000.0,0
20231231,200,2,7,1,26,30.7,11740000.0,0
20231231,201,5,21,5,24,43.0,6530000.0,0
20231231,202,1,2,3,31,49.9,11410000.0,0
20231231,203,7,31,1,22,17.4,5530000.0,0
20231231,204,1,1,1,39,112.5,8320000.0,0
20231231,205,8,36,4,25,21.7,5670000.0,0
20231231,206,1,1,1,30,44.9,7670000.0,0
20231231,207,8,36,2,28,33.4,6150000.0,0
20231231,208,3,13,2,43,166.7,24080000.0,0
20231231,209,6,26,1,25,35.6,7140000.0,0
20231231,210,7,33,1,30,34.2,15710000.0,0
20231231,211,7,31,1,30,79.8,6770000.0,0
20231231,212,3,12,6,27,20.5,16620000.0,0
20231231,213,2,6,3,27,35.7,8200000.0,0
20231231,214,8,36,1,34,128.0,5830000.0,0
20231231,215,4,17,1,31,81.2,13690000.0,0
20231231,216,4,16,6,,70.8,8780000.0,0
20231231,217,5,21,1,32,28.1,7220000.0,0
20231231,218,3,11,1,30,49.6,10250000.0,0
20231231,219,3,11,1,38,82.8,7990000.0,0
20231231,220,8,38,1,34,81.1,13020000.0,0
20231231,221,7,31,3,29,44.9,6090000.0,0
20231231,222,8,36,1,28,38.7,6590000.0,0
20231231,223,1,1,3,22,24.9,8020000.0,0
20231231,224,1,4,1,40,74.9,29150000.0,0
20231231,225,1,1,6,24,15.3,7790000.0,0
20231231,226,2,6,2,34,22.3,7160000.0,0
20231231,227,2,6,4,26,71.8,7450000.0,0
20231231,228,5,24,2,34,15.1,25880000.0,0
20231231,229,7,31,1,32,117.0,7080000.0,0
20231231,230,8,37,1,28,15.7,9770000.0,0
20231231,232,3,12,1,38,106.9,16050000.0,0
20231231,233,8,36,2,54,46.7,5890000.0,0
20231231,234,7,32,2,41,166.7,10490000.0,0
20231231,237,6,27,4,28,12.6,10300000.0,0
20231231,238,7,31,1,30,25.8,6510000.0,0
20231231,239,2,7,4,32,99.7,13970000.0,0
20231231,240,8,36,6,30,53.3,6020000.0,0
20231231,241,8,36,1,54,47.8,7000000.0,0
20231231,242,8,36,1,26,47.4,6620000.0,0
20231231,243,7,31,1,36,154.9,7320000.0,0
20231231,244,3,13,6,49,79.5,18970000.0,0
20231231,245,1,1,1,32,56.1,7210000.0,0
20231231,246,8,37,1,39,97.2,10240000.0,0
20231231,247,7,31,1,30,48.1,7070000.0,0
20231231,248,5,22,1,28,48.4,13360000.0,0
20231231,250,1,1,1,30,34.0,8430000.0,0
20231231,251,1,4,1,39,83.9,34310000.0,0
20231231,252,3,11,2,29,51.0,10870000.0,0
20231231,253,8,38,6,33,47.6,15030000.0,0
20231231,254,5,21,1,26,18.0,8880000.0,0
20231231,255,1,1,3,31,117.8,6610000.0,0
20231231,256,7,31,1,29,112.0,6920000.0,0
20231231,257,3,12,1,31,41.0,14250000.0,0
20231231,260,8,39,1,40,133.1,24720000.0,0
20231231,262,7,31,1,21,15.6,7050000.0,0
20231231,264,1,1,6,27,21.0,5840000.0,0
20231231,265,7,33,1,33,47.0,14770000.0,0
20231231,266,4,16,1,27,19.0,9410000.0,0
20231231,267,1,2,1,30,34.2,11290000.0,0
20231231,268,7,31,6,24,29.1,6940000.0,0
20231231,270,3,11,1,43,119.6,9430000.0,0
20231231,271,2,6,2,26,13.5,7700000.0,0
20231231,272,4,19,1,36,31.7,39540000.0,0
20231231,273,3,12,1,35,47.8,17380000.0,0
20231231,274,7,31,5,26,33.9,6150000.0,0
20231231,276,8,36,1,35,62.9,5780000.0,0
20231231,277,3,11,1,26,61.2,8730000.0,0
20231231,278,3,14,1,41,67.1,37110000.0,0
20231231,280,2,10,1,34,39.6,42670000.0,0
20231231,282,1,4,1,37,25.0,26560000.0,0
20231231,284,7,32,5,38,92.4,9510000.0,0
20231231,285,1,1,4,22,31.8,7650000.0,0
20231231,286,1,2,1,32,80.4,11050000.0,0
20231231,288,6,30,1,40,15.9,47940000.0,0
20231231,289,7,32,1,30,16.1,10000000.0,0
20231231,290,3,15,1,34,24.8,62680000.0,0
20231231,291,3,13,1,38,32.7,21520000.0,0
20231231,292,7,31,2,24,40.9,6350000.0,0
20231231,293,1,2,1,27,12.1,9710000.0,0
20231231,296,1,1,4,29,60.4,6970000.0,0
20231231,298,8,38,1,34,42.4,16190000.0,0
20231231,299,7,31,3,54,51.7,7030000.0,0
20231231,300,4,16,5,27,33.6,7720000.0,0
20231231,301,8,37,1,28,14.4,9860000.0,0
20231231,302,1,1,1,28,20.6,7980000.0,0
20231231,303,1,1,1,31,55.0,7380000.0,0
20231231,304,7,31,1,25,58.8,6450000.0,0
20231231,305,7,31,4,25,57.0,5670000.0,0
20231231,306,1,1,6,34,20.4,8010000.0,0
20231231,307,4,17,4,28,54.3,14360000.0,0
20231231,308,6,26,3,29,41.7,7580000.0,0
20231231,309,1,1,1,22,14.3,8100000.0,0
20231231,310,4,16,1,35,119.0,9080000.0,0
20231231,311,3,13,1,37,34.1,19160000.0,0
20231231,312,7,31,2,56,39.2,6540000.0,0
20231231,313,7,32,1,34,19.7,11050000.0,0
20231231,314,3,14,1,32,30.4,38990000.0,0
20231231,316,4,19,1,38,36.9,37920000.0,0
20231231,317,2,7,1,40,60.1,10880000.0,0
20231231,318,1,1,1,26,18.6,7490000.0,0
20231231,320,7,33,5,25,19.4,15710000.0,0
20231231,321,1,1,1,34,129.2,7750000.0,0
20231231,322,5,22,4,24,16.7,12940000.0,0
20231231,323,1,2,1,25,14.8,10960000.0,0
20231231,324,3,14,1,40,71.3,33760000.0,0
20231231,325,1,2,3,28,22.7,11030000.0,0
20231231,327,7,32,1,32,40.5,10670000.0,0
20231231,329,7,32,2,32,48.2,9720000.0,0
20231231,330,1,1,2,34,166.7,7640000.0,0
20231231,331,3,12,3,31,40.5,16750000.0,0
20231231,333,8,36,1,26,42.2,5660000.0,0
20231231,334,8,37,6,31,40.2,11020000.0,0
20231231,336,1,1,1,30,49.9,8460000.0,0
20231231,337,3,12,1,24,51.2,14980000.0,0
20231231,338,8,36,1,21,14.2,5480000.0,0
20231231,339,5,21,3,28,26.0,8250000.0,0
20231231,340,8,36,5,40,166.7,7160000.0,0
20231231,341,1,1,1,26,46.1,7720000.0,0
20231231,343,7,31,3,23,39.5,7580000.0,0
20231231,345,3,11,1,29,42.3,8230000.0,0
20231231,346,1,1,3,24,13.1,7240000.0,0
20231231,347,8,36,2,32,139.1,7190000.0,0
20231231,349,7,33,4,44,75.6,12950000.0,0
20231231,350,2,7,3,29,25.5,13340000.0,0
20231231,351,6,26,1,24,43.3,7710000.0,0
20231231,352,7,32,1,28,33.3,9670000.0,0
20231231,353,1,2,1,33,82.5,11240000.0,0
20231231,354,7,31,1,30,16.9,6350000.0,0
20231231,356,8,36,1,25,41.3,5790000.0,0
20231231,357,3,12,1,33,103.7,16320000.0,0
20231231,358,5,22,1,31,58.9,11960000.0,0
20231231,359,3,13,1,29,16.9,19650000.0,0
20231231,360,7,32,4,38,133.2,10610000.0,0
20231231,361,1,3,6,35,79.1,18540000.0,0
20231231,362,8,36,1,26,50.5,6910000.0,0
20231231,363,3,12,1,45,141.7,17060000.0,0
20231231,364,7,32,3,30,24.0,9970000.0,0
20231231,365,8,37,1,55,39.2,10900000.0,0
20231231,366,8,37,4,31,29.1,10740000.0,0
20231231,367,6,27,1,31,15.3,10340000.0,0
20231231,369,1,3,1,35,37.4,18830000.0,0
20231231,370,4,19,1,35,15.9,28410000.0,0
20231231,372,1,1,1,31,44.5,7140000.0,0
20231231,373,2,8,1,36,56.6,16200000.0,0
20231231,374,1,1,5,32,83.4,8610000.0,0
20231231,375,5,22,4,38,158.7,14110000.0,0
20231231,376,3,11,4,25,30.1,9180000.0,0
20231231,377,6,28,2,43,130.2,17160000.0,0
20231231,378,1,1,2,36,110.9,8100000.0,0
20231231,379,1,1,1,29,74.3,7240000.0,0
20231231,380,3,12,5,31,29.9,11530000.0,0
20231231,381,4,18,2,43,99.8,19230000.0,0
20231231,383,6,27,2,31,52.0,11170000.0,0
20231231,384,3,11,1,31,81.5,9260000.0,0
20231231,385,7,33,6,22,13.6,14930000.0,0
20231231,386,2,6,1,40,114.3,8710000.0,0
20231231,387,3,11,1,26,30.3,9760000.0,0
20231231,388,7,31,1,22,14.1,6010000.0,0
20231231,389,7,31,2,30,65.7,5790000.0,0
20231231,390,3,13,1,38,62.5,20320000.0,0
20231231,391,7,32,3,31,51.4,10410000.0,0
20231231,392,8,37,1,27,37.6,11060000.0,0
20231231,393,7,31,6,25,52.9,6550000.0,0
20231231,396,1,1,1,27,30.0,6680000.0,0
20231231,397,2,7,1,26,38.1,11810000.0,0
20231231,398,3,12,1,28,21.8,11920000.0,0
20231231,399,2,6,1,36,166.7,8030000.0,0
20231231,400,7,32,3,36,39.1,8340000.0,0
20231231,401,6,29,1,35,30.3,33640000.0,0
20231231,404,7,31,6,35,143.9,6100000.0,0
20231231,405,3,12,1,32,59.2,13660000.0,0
20231231,406,3,11,2,32,33.7,8890000.0,0
20231231,407,3,12,1,40,74.7,13330000.0,0
20231231,408,3,12,4,34,110.5,13500000.0,0
20231231,409,7,33,1,41,166.7,16470000.0,0
20231231,410,8,38,1,29,37.4,13630000.0,0
20231231,412,1,1,1,28,47.7,7600000.0,0
20231231,413,8,36,3,29,14.1,5700000.0,0
20231231,414,3,11,2,37,128.0,8500000.0,0
20231231,415,3,11,5,34,102.4,9310000.0,0
20231231,417,7,31,2,25,13.0,6780000.0,0
20231231,418,7,31,1,34,47.1,6930000.0,0
20231231,419,8,39,1,39,60.4,25230000.0,0
20231231,420,5,21,2,32,73.8,9160000.0,0
20231231,421,1,4,1,38,74.9,23380000.0,0
20231231,423,4,16,5,23,36.8,8700000.0,0
20231231,424,3,11,1,21,12.6,8520000.0,0
20231231,425,1,3,3,33,30.7,15380000.0,0
20231231,426,3,14,6,35,22.6,39220000.0,0
20231231,427,1,1,6,23,17.7,8540000.0,0
20231231,428,8,39,6,37,21.7,26690000.0,0
20231231,429,7,33,1,32,37.5,15060000.0,0
20231231,431,3,12,2,43,134.8,14570000.0,0
20231231,432,1,4,1,40,29.0,34850000.0,0
20231231,433,7,35,1,48,118.1,44100000.0,0
20231231,435,8,36,3,21,12.6,5580000.0,0
20231231,436,3,13,3,35,46.7,21270000.0,0
20231231,438,1,2,2,30,60.0,12770000.0,0
20231231,439,8,37,1,34,45.7,9150000.0,0
20231231,440,7,31,3,29,25.9,6450000.0,0
20231231,442,8,36,2,28,68.0,5590000.0,0
20231231,443,2,6,1,42,166.7,6750000.0,0
20231231,444,1,1,1,27,18.2,7280000.0,0
20231231,445,1,4,1,43,129.9,26790000.0,0
20231231,446,8,36,4,24,45.7,6130000.0,0
20231231,447,4,16,1,24,33.6,9380000.0,0
20231231,449,1,2,6,26,28.8,10130000.0,0
20231231,450,8,38,1,38,99.7,15890000.0,0
20231231,452,3,12,2,31,49.9,13610000.0,0
20231231,453,8,36,2,31,42.7,7090000.0,0
20231231,454,7,34,1,40,112.0,24910000.0,0
20231231,455,4,20,6,43,36.8,63640000.0,0
20231231,456,1,1,3,54,15.0,7960000.0,0
20231231,457,7,32,3,38,110.9,10780000.0,0
20231231,458,7,31,1,25,37.1,6560000.0,0
20231231,459,7,31,1,28,31.0,5740000.0,0
20231231,460,2,7,1,32,37.7,10310000.0,0
20231231,461,4,16,1,24,11.3,10170000.0,0
20231231,462,2,6,1,24,11.7,9240000.0,0
20231231,463,5,21,1,23,11.2,7900000.0,0
20231231,464,7,31,4,21,11.5,6410000.0,0
20231231,465,8,37,2,27,11.8,8520000.0,0
20231231,466,7,31,4,27,11.6,6690000.0,0
20231231,467,3,11,2,24,11.2,10060000.0,0
20231231,469,7,31,1,25,11.8,6500000.0,0
20231231,470,1,1,1,26,11.1,7360000.0,0
20231231,471,7,32,3,32,11.2,11260000.0,0
20231231,472,2,6,1,26,11.0,7320000.0,0
20231231,473,6,26,1,25,11.4,7440000.0,0
20231231,474,6,27,1,31,11.8,11110000.0,0
20231231,476,7,31,1,28,10.3,6960000.0,0
20231231,478,3,11,4,22,10.3,7950000.0,0
20231231,479,2,6,6,33,10.6,8760000.0,0
20231231,480,5,21,6,25,10.4,7610000.0,0
20231231,481,8,36,1,24,9.2,6830000.0,0
20231231,482,7,31,3,25,9.5,5920000.0,0
20231231,483,8,37,1,30,10.0,10020000.0,0
20231231,485,1,1,1,24,9.9,7010000.0,0
20231231,486,1,1,2,25,9.9,7580000.0,0
20231231,487,1,1,1,24,9.0,6680000.0,0
20231231,488,7,31,1,29,8.3,6050000.0,0
20231231,490,3,11,4,21,8.2,9340000.0,0
20231231,491,8,36,3,26,8.8,6290000.0,0
20231231,492,8,36,5,21,8.7,5880000.0,0
20231231,493,3,11,1,20,8.5,8360000.0,0
20231231,494,4,19,2,41,8.7,39020000.0,0
20231231,495,3,11,2,22,8.4,9230000.0,0
20231231,496,7,31,2,,8.9,6400000.0,0
20231231,498,7,32,6,25,9.0,9350000.0,0
20231231,499,1,2,5,22,8.5,12560000.0,0
20231231,500,2,6,2,25,8.7,7270000.0,0
20231231,501,8,36,4,31,8.2,5190000.0,0
20231231,502,1,1,6,21,8.1,6300000.0,0
20231231,503,3,11,3,20,8.6,7890000.0,0
20231231,504,7,31,3,26,8.7,6450000.0,0
20231231,505,2,7,3,29,8.2,11370000.0,0
20231231,506,3,12,1,33,8.9,12860000.0,0
20231231,507,2,6,1,21,8.8,8840000.0,0
20231231,508,7,33,1,33,8.9,16460000.0,0
20231231,509,7,31,1,26,8.1,6010000.0,0
20231231,510,3,11,3,20,7.9,8750000.0,0
20231231,511,8,36,1,21,7.9,5470000.0,0
20231231,512,7,32,1,27,7.9,10540000.0,0
20231231,513,7,31,1,23,8.0,6180000.0,0
20231231,514,1,1,6,28,8.0,8090000.0,0
20231231,515,2,7,1,28,7.2,10040000.0,0
20231231,518,2,6,2,29,6.4,8030000.0,0
20231231,519,8,36,1,21,6.2,5810000.0,0
20231231,520,1,1,1,21,6.1,6840000.0,0
20231231,521,7,31,2,27,7.0,7290000.0,0
20231231,522,7,31,1,23,6.5,7140000.0,0
20231231,523,8,37,1,29,5.2,10190000.0,0
20231231,524,7,32,1,21,5.3,10670000.0,0
20231231,526,8,36,1,27,5.9,6630000.0,0
20231231,527,3,14,1,33,5.5,33160000.0,0
20231231,528,7,32,3,32,5.8,9740000.0,0
20231231,529,8,36,5,21,5.6,6440000.0,0
20231231,530,7,33,1,26,5.7,14660000.0,0
20231231,531,1,2,1,24,5.2,12500000.0,0
20231231,532,6,26,1,25,5.6,8000000.0,0
20231231,533,4,17,1,24,5.7,14120000.0,0
20231231,534,8,36,1,25,4.0,5440000.0,0
20231231,535,5,21,3,22,4.3,8470000.0,0
20231231,536,3,11,1,22,4.7,8850000.0,0
20231231,537,7,31,1,25,4.5,5870000.0,0
20231231,538,3,11,3,20,4.4,8640000.0,0
20231231,539,2,7,4,27,4.6,12630000.0,0
20231231,540,3,11,1,24,4.6,10710000.0,0
20231231,541,8,36,1,21,4.6,7430000.0,0
20231231,542,8,36,4,21,4.7,7320000.0,0
20231231,543,3,12,1,25,4.6,13670000.0,0
20231231,544,6,26,1,28,4.9,7400000.0,0
20231231,545,4,16,2,25,4.7,8620000.0,0
20231231,546,2,7,1,35,4.0,12510000.0,0
20231231,547,1,2,2,24,4.6,11840000.0,0
20231231,548,1,1,5,25,3.0,8080000.0,0
20231231,549,1,2,1,29,3.5,13180000.0,0
20231231,551,8,36,2,31,3.9,5790000.0,0
20231231,552,8,38,5,30,3.7,14390000.0,0
20231231,553,3,11,1,24,2.4,7440000.0,0
20231231,554,1,1,5,20,2.3,8280000.0,0
20231231,555,8,36,2,20,2.7,6550000.0,0
20231231,556,2,6,6,23,2.1,8450000.0,0
20231231,557,1,1,1,29,2.6,7160000.0,0
20231231,558,6,26,1,20,2.9,7340000.0,0
20231231,559,8,36,1,20,2.1,7350000.0,0
20231231,560,8,36,1,28,2.8,5990000.0,0
20231231,561,2,6,1,21,2.1,7950000.0,0
20231231,562,1,1,1,25,2.1,7550000.0,0
20231231,563,8,36,5,26,1.5,7080000.0,0
20231231,564,1,1,1,26,1.2,7420000.0,0
20231231,565,2,7,1,25,1.5,12950000.0,0
20231231,566,4,16,5,26,1.8,8670000.0,0
20231231,567,8,37,6,30,1.4,9290000.0,0
20231231,568,3,12,5,28,1.4,13310000.0,0
20231231,569,8,38,1,33,1.2,15600000.0,0
20231231,570,7,32,1,28,1.7,9040000.0,0
20231231,571,6,26,6,27,1.6,7800000.0,0
20231231,572,3,12,1,23,1.1,13830000.0,0
20231231,573,4,16,5,26,1.1,7970000.0,0
20231231,574,5,21,5,27,1.2,7690000.0,0
20231231,575,1,2,4,29,1.9,10800000.0,0
20231231,576,7,31,1,30,1.3,7440000.0,0
20231231,577,7,31,2,25,1.0,7460000.0,0
20231231,578,3,11,3,21,1.7,10520000.0,0
20231231,579,8,36,6,25,0.3,1535000.0,1
20231231,580,2,6,5,20,0.5,3249000.0,1
20231231,581,3,13,5,26,0.5,9925000.0,1
20231231,582,1,1,1,23,0.0,7260000.0,1
20231231,583,6,26,5,28,0.8,6040000.0,1
20231231,584,3,11,3,22,0.9,8531000.0,1
20231231,585,1,3,6,27,0.9,15618000.0,1
20231231,586,1,1,3,20,1.0,6384000.0,1
20231231,587,1,1,1,29,0.7,5138000.0,1
20231231,588,8,36,5,20,0.3,1770000.0,1
20231231,589,1,1,1,27,0.8,7097500.0,1
20231231,590,8,36,3,23,0.6,3960000.0,1
20231231,591,1,1,2,28,0.0,8700000.0,1
20240131,2,7,32,1,32,54.0,9920000.0,0
20240131,3,5,21,1,30,42.2,7980000.0,0
20240131,5,8,36,1,30,41.3,6730000.0,0
20240131,6,1,1,1,26,30.6,8560000.0,0
20240131,7,3,11,2,31,46.1,10290000.0,0
20240131,8,5,21,2,32,31.2,7940000.0,0
20240131,9,8,36,3,30,57.8,6350000.0,0
20240131,11,8,36,6,26,21.5,7050000.0,0
20240131,12,2,6,3,35,60.8,7890000.0,0
20240131,13,2,7,2,28,59.4,11850000.0,0
20240131,15,4,16,1,25,59.0,7660000.0,0
20240131,16,1,1,5,25,26.8,7510000.0,0
20240131,17,6,26,3,23,35.6,9220000.0,0
20240131,19,5,24,1,45,66.2,33820000.0,0
20240131,21,7,31,5,25,69.7,6840000.0,0
20240131,22,1,1,3,24,35.4,8200000.0,0
20240131,23,1,2,6,33,62.4,12300000.0,0
20240131,24,8,36,1,33,77.7,7190000.0,0
20240131,25,2,8,1,38,57.4,17070000.0,0
20240131,26,8,37,4,30,80.7,11730000.0,0
20240131,27,3,14,1,34,21.1,39290000.0,0
20240131,28,2,6,1,28,66.4,7290000.0,0
20240131,29,3,12,1,31,45.1,15640000.0,0
20240131,30,1,2,3,36,40.9,14120000.0,0
20240131,31,2,6,4,,93.4,9190000.0,0
20240131,33,3,11,3,27,24.3,10100000.0,0
20240131,34,8,36,5,23,39.2,6620000.0,0
20240131,37,1,3,1,34,23.5,18770000.0,0
20240131,38,3,11,1,37,61.4,9600000.0,0
20240131,39,4,16,3,25,22.2,9420000.0,0
20240131,40,3,11,5,30,46.4,10150000.0,0
20240131,41,7,31,1,26,42.0,5850000.0,0
20240131,43,5,21,1,27,19.9,7630000.0,0
20240131,44,6,26,2,30,58.4,8080000.0,0
20240131,45,7,31,1,35,104.4,8020000.0,0
20240131,46,7,31,2,21,15.0,6260000.0,0
20240131,47,7,31,4,34,78.4,8110000.0,0
20240131,48,7,31,5,29,88.6,6780000.0,0
20240131,49,3,13,1,29,98.1,24600000.0,0
20240131,50,3,13,1,36,30.5,21450000.0,0
20240131,51,7,31,1,30,23.2,6680000.0,0
20240131,53,7,32,1,30,24.9,11000000.0,0
20240131,54,8,37,2,31,27.7,11650000.0,0
20240131,55,8,36,1,28,31.0,5600000.0,0
20240131,56,1,1,3,29,84.4,7660000.0,0
20240131,57,4,16,1,29,63.2,10270000.0,0
20240131,58,4,16,3,36,117.5,9110000.0,0
20240131,59,3,12,1,34,78.4,14580000.0,0
20240131,60,3,11,1,55,41.9,10540000.0,0
20240131,61,4,17,3,33,108.5,15670000.0,0
20240131,62,2,6,4,27,25.5,7910000.0,0
20240131,63,3,11,5,30,61.1,10500000.0,0
20240131,64,7,31,1,32,32.0,7480000.0,0
20240131,65,3,11,1,25,67.0,9190000.0,0
20240131,66,1,3,4,32,54.8,16050000.0,0
20240131,67,7,31,6,24,22.2,6900000.0,0
20240131,69,5,21,6,26,47.0,8770000.0,0
20240131,71,1,4,2,40,167.7,29650000.0,0
20240131,72,5,21,1,32,76.8,8160000.0,0
20240131,73,3,14,1,42,41.1,39270000.0,0
20240131,74,8,36,2,34,90.1,7110000.0,0
20240131,75,4,16,6,30,115.0,10100000.0,0
20240131,76,3,13,5,44,125.2,21820000.0,0
20240131,77,5,21,1,24,31.2,8240000.0,0
20240131,79,8,39,1,43,20.6,24050000.0,0
20240131,80,7,33,2,34,21.3,13990000.0,0
20240131,81,1,1,6,24,38.7,8110000.0,0
20240131,82,2,6,1,28,17.5,8140000.0,0
20240131,83,6,27,2,30,30.7,11520000.0,0
20240131,84,4,16,3,40,133.9,7990000.0,0
20240131,85,7,33,1,39,53.3,13490000.0,0
20240131,86,3,13,1,38,101.0,22910000.0,0
20240131,87,6,26,1,23,33.1,7680000.0,0
20240131,88,1,1,5,24,51.4,7090000.0,0
20240131,89,1,1,5,29,36.5,7430000.0,0
20240131,91,7,31,1,25,43.0,8220000.0,0
20240131,92,5,21,3,28,53.6,7050000.0,0
20240131,94,2,6,1,28,73.6,8320000.0,0
20240131,95,1,2,2,26,50.8,13040000.0,0
20240131,96,2,9,1,47,167.7,31430000.0,0
20240131,98,8,36,1,55,18.9,6110000.0,0
20240131,99,7,32,6,32,82.3,12130000.0,0
20240131,100,1,1,3,32,37.0,8020000.0,0
20240131,101,7,31,5,33,45.7,6490000.0,0
20240131,102,7,32,1,30,30.0,9930000.0,0
20240131,103,7,31,2,41,151.0,7040000.0,0
20240131,104,2,6,1,30,66.9,7800000.0,0
20240131,105,8,36,3,37,113.2,5470000.0,0
20240131,106,8,36,3,33,43.2,5750000.0,0
20240131,108,4,17,3,32,21.0,15090000.0,0
20240131,109,5,21,1,32,69.0,9150000.0,0
20240131,111,1,2,1,34,167.7,14410000.0,0
20240131,112,2,6,3,31,16.2,7130000.0,0
20240131,114,1,2,1,27,17.7,13300000.0,0
20240131,115,3,13,1,31,17.5,23970000.0,0
20240131,116,1,5,1,42,43.1,42990000.0,0
20240131,118,7,31,5,29,43.7,6190000.0,0
20240131,120,2,6,4,23,17.0,6930000.0,0
20240131,121,3,11,1,40,167.7,9590000.0,0
20240131,122,7,32,5,31,41.4,10460000.0,0
20240131,123,3,11,2,34,24.9,10070000.0,0
20240131,124,8,36,6,25,44.3,5780000.0,0
20240131,125,7,32,1,29,52.9,11030000.0,0
20240131,127,1,1,6,27,24.2,7450000.0,0
20240131,128,4,16,2,36,78.1,10420000.0,0
20240131,129,6,26,1,39,167.7,6290000.0,0
20240131,131,1,5,1,52,159.0,49410000.0,0
20240131,132,3,12,1,34,69.8,12790000.0,0
20240131,133,1,3,1,40,151.8,17720000.0,0
20240131,135,1,1,1,39,64.3,7090000.0,0
20240131,136,7,32,2,29,61.2,8790000.0,0
20240131,137,1,1,3,26,24.4,9130000.0,0
20240131,138,6,29,1,37,46.2,27100000.0,0
20240131,139,7,32,4,29,48.0,12650000.0,0
20240131,140,8,36,1,32,22.9,6010000.0,0
20240131,141,1,3,3,37,63.4,17380000.0,0
20240131,143,7,31,4,54,45.4,7960000.0,0
20240131,146,1,3,4,28,54.1,20530000.0,0
20240131,148,7,31,1,40,152.4,7680000.0,0
20240131,149,1,1,5,27,37.5,6650000.0,0
20240131,150,7,32,5,39,117.2,12160000.0,0
20240131,151,8,36,3,24,45.7,7260000.0,0
20240131,152,6,26,1,32,30.8,7070000.0,0
20240131,153,7,33,1,35,90.7,15460000.0,0
20240131,154,1,5,1,42,43.5,44820000.0,0
20240131,155,4,16,2,31,20.7,7710000.0,0
20240131,156,1,3,6,41,66.5,18160000.0,0
20240131,157,1,5,1,43,49.8,44360000.0,0
20240131,159,7,31,1,27,40.5,6460000.0,0
20240131,160,7,35,1,43,109.8,37150000.0,0
20240131,162,4,16,1,31,106.1,8720000.0,0
20240131,165,5,21,2,37,162.1,9430000.0,0
20240131,166,6,26,1,25,53.7,8420000.0,0
20240131,167,8,39,1,39,56.1,23090000.0,0
20240131,168,2,7,1,35,81.7,13590000.0,0
20240131,169,1,1,1,22,23.8,7070000.0,0
20240131,170,1,2,6,37,42.5,13380000.0,0
20240131,171,7,31,6,28,26.8,7690000.0,0
20240131,172,7,31,1,26,13.5,7540000.0,0
20240131,173,7,31,1,29,53.7,7210000.0,0
20240131,174,8,37,1,25,52.7,10490000.0,0
20240131,175,8,38,3,41,55.9,14310000.0,0
20240131,176,3,14,1,36,30.2,42640000.0,0
20240131,178,7,33,1,37,15.3,18230000.0,0
20240131,179,1,4,1,38,77.0,30250000.0,0
20240131,181,1,2,1,33,69.5,10440000.0,0
20240131,182,7,31,1,30,69.0,6590000.0,0
20240131,183,5,21,2,32,101.2,8880000.0,0
20240131,184,8,36,1,28,23.2,7780000.0,0
20240131,187,8,36,3,23,34.8,7070000.0,0
20240131,188,4,16,1,25,51.4,9290000.0,0
20240131,189,3,13,1,31,32.4,20510000.0,0
20240131,190,7,31,5,27,68.5,7060000.0,0
20240131,191,4,16,1,34,35.5,9620000.0,0
20240131,193,1,2,1,33,40.0,10180000.0,0
20240131,194,8,39,1,30,62.7,25800000.0,0
20240131,195,7,32,1,55,68.4,9740000.0,0
20240131,196,7,32,6,30,100.8,9390000.0,0
20240131,197,6,28,3,39,112.8,19210000.0,0
20240131,198,6,26,6,33,53.3,6980000.0,0
20240131,199,6,26,1,34,34.0,8140000.0,0
20240131,200,2,7,1,26,31.7,11740000.0,0
20240131,201,5,21,5,24,44.0,6660000.0,0
20240131,202,1,2,3,31,50.9,12550000.0,0
20240131,203,7,31,1,22,18.5,5810000.0,0
20240131,204,1,1,1,39,113.5,8900000.0,0
20240131,205,8,36,4,25,22.7,5950000.0,0
20240131,206,1,1,1,30,45.9,8440000.0,0
20240131,207,8,36,2,28,34.5,6270000.0,0
20240131,208,3,13,2,43,167.7,25770000.0,0
20240131,209,6,26,1,25,36.6,7640000.0,0
20240131,210,7,33,1,31,35.3,16500000.0,0
20240131,211,7,31,1,30,80.9,7450000.0,0
20240131,212,3,12,6,27,21.5,16950000.0,0
20240131,213,2,6,3,27,36.8,8610000.0,0
20240131,214,8,36,1,34,129.0,5950000.0,0
20240131,215,4,17,1,31,82.2,14370000.0,0
20240131,216,4,16,6,,71.9,9390000.0,0
20240131,217,5,21,1,32,29.1,7360000.0,0
20240131,218,3,11,1,30,50.6,10970000.0,0
20240131,219,3,11,1,38,83.8,8150000.0,0
20240131,220,8,38,1,34,82.1,13280000.0,0
20240131,221,7,31,3,29,45.9,6210000.0,0
20240131,222,8,36,1,29,39.7,6590000.0,0
20240131,223,1,1,3,22,26.0,8420000.0,0
20240131,224,1,4,1,40,75.9,32070000.0,0
20240131,225,1,1,6,24,16.3,7950000.0,0
20240131,226,2,6,2,34,23.4,7520000.0,0
20240131,227,2,6,4,26,72.8,7820000.0,0
20240131,228,5,24,2,34,16.2,28470000.0,0
20240131,229,7,31,1,32,118.0,7430000.0,0
20240131,230,8,37,1,28,16.8,10260000.0,0
20240131,232,3,12,1,38,108.0,16850000.0,0
20240131,233,8,36,2,54,47.7,6180000.0,0
20240131,234,7,32,2,41,167.7,11010000.0,0
20240131,237,6,27,4,28,13.6,11020000.0,0
20240131,238,7,31,1,30,26.8,6640000.0,0
20240131,239,2,7,4,32,100.8,14250000.0,0
20240131,240,8,36,6,30,54.3,6440000.0,0
20240131,241,8,36,1,54,48.8,7350000.0,0
20240131,242,8,36,1,26,48.4,6620000.0,0
20240131,243,7,31,1,36,156.0,7690000.0,0
20240131,244,3,13,6,49,80.5,20870000.0,0
20240131,245,1,1,1,32,57.2,7570000.0,0
20240131,246,8,37,1,39,98.3,10750000.0,0
20240131,247,7,31,1,30,49.1,7560000.0,0
20240131,248,5,22,1,28,49.4,13630000.0,0
20240131,250,1,1,1,30,35.0,8850000.0,0
20240131,251,1,4,1,39,85.0,37740000.0,0
20240131,252,3,11,2,29,52.0,11630000.0,0
20240131,253,8,38,6,33,48.6,16080000.0,0
20240131,254,5,21,1,26,19.1,9060000.0,0
20240131,255,1,1,3,32,118.8,7070000.0,0
20240131,256,7,31,1,29,113.0,7400000.0,0
20240131,257,3,12,1,31,42.0,15250000.0,0
20240131,260,8,39,1,40,134.1,27190000.0,0
20240131,262,7,31,1,21,16.6,7400000.0,0
20240131,264,1,1,6,27,22.0,6130000.0,0
20240131,265,7,33,1,33,48.0,15510000.0,0
20240131,266,4,16,1,27,20.0,10070000.0,0
20240131,267,1,2,1,30,35.2,11290000.0,0
20240131,268,7,31,6,24,30.2,7080000.0,0
20240131,270,3,11,1,43,120.6,9620000.0,0
20240131,271,2,6,2,26,14.5,7850000.0,0
20240131,272,4,19,1,36,32.7,40330000.0,0
20240131,273,3,12,1,35,48.8,18600000.0,0
20240131,274,7,31,5,26,34.9,6580000.0,0
20240131,276,8,36,1,35,63.9,6180000.0,0
20240131,277,3,11,1,26,62.2,8900000.0,0
20240131,278,3,14,1,41,68.1,40820000.0,0
20240131,280,2,10,1,34,40.6,43520000.0,0
20240131,282,1,4,1,37,26.1,28420000.0,0
20240131,284,7,32,5,38,93.4,10180000.0,0
20240131,285,1,1,4,22,32.9,8190000.0,0
20240131,286,1,2,1,32,81.4,11820000.0,0
20240131,288,6,30,1,41,16.9,48900000.0,0
20240131,289,7,32,1,30,17.1,10500000.0,0
20240131,290,3,15,1,34,25.9,63930000.0,0
20240131,291,3,13,1,38,33.7,23030000.0,0
20240131,292,7,31,2,24,41.9,6670000.0,0
20240131,293,1,2,1,27,13.1,10200000.0,0
20240131,296,1,1,4,29,61.4,7320000.0,0
20240131,298,8,38,1,34,43.5,17320000.0,0
20240131,299,7,31,3,54,52.7,7380000.0,0
20240131,300,4,16,5,27,34.7,8260000.0,0
20240131,301,8,37,1,28,15.4,10550000.0,0
20240131,302,1,1,1,28,21.6,8380000.0,0
20240131,303,1,1,1,32,56.0,8120000.0,0
20240131,304,7,31,1,25,59.9,6770000.0,0
20240131,305,7,31,4,25,58.0,6070000.0,0
20240131,306,1,1,6,34,21.4,8810000.0,0
20240131,307,4,17,4,29,55.3,15370000.0,0
20240131,308,6,26,3,29,42.7,8340000.0,0
20240131,309,1,1,1,22,15.3,8910000.0,0
20240131,310,4,16,1,35,120.0,9990000.0,0
20240131,311,3,13,1,37,35.2,20120000.0,0
20240131,313,7,32,1,34,20.7,11820000.0,0
20240131,314,3,14,1,32,31.4,39770000.0,0
20240131,316,4,19,1,38,37.9,39820000.0,0
20240131,317,2,7,1,40,61.1,11100000.0,0
20240131,318,1,1,1,26,19.6,8010000.0,0
20240131,320,7,33,5,25,20.4,16810000.0,0
20240131,321,1,1,1,34,130.2,8290000.0,0
20240131,322,5,22,4,24,17.7,13590000.0,0
20240131,323,1,2,1,26,15.8,11180000.0,0
20240131,324,3,14,1,40,72.3,35450000.0,0
20240131,325,1,2,3,28,23.7,11800000.0,0
20240131,327,7,32,1,32,41.5,10880000.0,0
20240131,329,7,32,2,32,49.2,10400000.0,0
20240131,330,1,1,2,34,167.7,8170000.0,0
20240131,331,3,12,3,31,41.6,17920000.0,0
20240131,333,8,36,1,26,43.2,5940000.0,0
20240131,334,8,37,6,31,41.3,11790000.0,0
20240131,336,1,1,1,30,50.9,8880000.0,0
20240131,337,3,12,1,24,52.2,15730000.0,0
20240131,338,8,36,1,21,15.2,5860000.0,0
20240131,339,5,21,3,28,27.0,8420000.0,0
20240131,340,8,36,5,40,167.7,7880000.0,0
20240131,341,1,1,1,26,47.1,8110000.0,0
20240131,343,7,31,3,23,40.5,8110000.0,0
20240131,345,3,11,1,29,43.4,8640000.0,0
20240131,346,1,1,3,24,14.2,7380000.0,0
20240131,347,8,36,2,32,140.2,7910000.0,0
20240131,349,7,33,4,44,76.6,13600000.0,0
20240131,350,2,7,3,29,26.5,14010000.0,0
20240131,351,6,26,1,24,44.4,7710000.0,0
20240131,352,7,32,1,28,34.3,10350000.0,0
20240131,353,1,2,1,33,83.5,11460000.0,0
20240131,354,7,31,1,30,17.9,6480000.0,0
20240131,356,8,36,1,25,42.3,6080000.0,0
20240131,357,3,12,1,33,104.7,17460000.0,0
20240131,358,5,22,1,31,59.9,12200000.0,0
20240131,359,3,13,1,30,17.9,20630000.0,0
20240131,360,7,32,4,38,134.2,11350000.0,0
20240131,361,1,3,6,35,80.2,19840000.0,0
20240131,362,8,36,1,26,51.5,7050000.0,0
20240131,363,3,12,1,45,142.8,17910000.0,0
20240131,364,7,32,3,30,25.0,10470000.0,0
20240131,365,8,37,1,55,40.2,11120000.0,0
20240131,366,8,37,4,31,30.2,11280000.0,0
20240131,367,6,27,1,31,16.4,11370000.0,0
20240131,369,1,3,1,35,38.4,19770000.0,0
20240131,370,4,19,1,35,17.0,30400000.0,0
20240131,372,1,1,1,31,45.5,7640000.0,0
20240131,373,2,8,1,36,57.6,17330000.0,0
20240131,374,1,1,5,32,84.4,9040000.0,0
20240131,375,5,22,4,38,159.7,14390000.0,0
20240131,376,3,11,4,25,31.1,9360000.0,0
20240131,377,6,28,2,43,131.3,17500000.0,0
20240131,378,1,1,2,36,111.9,8500000.0,0
20240131,379,1,1,1,29,75.3,7750000.0,0
20240131,380,3,12,5,32,30.9,12110000.0,0
20240131,381,4,18,2,43,100.8,20190000.0,0
20240131,383,6,27,2,31,53.1,11170000.0,0
20240131,384,3,11,1,31,82.5,9720000.0,0
20240131,385,7,33,6,22,14.7,15230000.0,0
20240131,386,2,6,1,40,115.3,9150000.0,0
20240131,387,3,11,1,26,31.3,9960000.0,0
20240131,388,7,31,1,22,15.1,6310000.0,0
20240131,389,7,31,2,30,66.8,6080000.0,0
20240131,390,3,13,1,38,63.5,20730000.0,0
20240131,391,7,32,3,31,52.4,11140000.0,0
20240131,392,8,37,1,27,38.6,11280000.0,0
20240131,393,7,31,6,25,53.9,6880000.0,0
20240131,396,1,1,1,27,31.0,7350000.0,0
20240131,397,2,7,1,26,39.1,12050000.0,0
20240131,398,3,12,1,28,22.8,12160000.0,0
20240131,399,2,6,1,36,167.7,8590000.0,0
20240131,400,7,32,3,36,40.1,8510000.0,0
20240131,401,6,29,1,35,31.3,35320000.0,0
20240131,404,7,31,6,35,144.9,6220000.0,0
20240131,405,3,12,1,32,60.3,14340000.0,0
20240131,406,3,11,2,32,34.7,9780000.0,0
20240131,407,3,12,1,40,75.7,14260000.0,0
20240131,408,3,12,4,34,111.5,14440000.0,0
20240131,409,7,33,1,41,167.7,17620000.0,0
20240131,410,8,38,1,29,38.4,13900000.0,0
20240131,412,1,1,1,28,48.8,7750000.0,0
20240131,413,8,36,3,29,15.1,6270000.0,0
20240131,414,3,11,2,37,129.1,8920000.0,0
20240131,415,3,11,5,34,103.4,9780000.0,0
20240131,417,7,31,2,25,14.1,6920000.0,0
20240131,418,7,31,1,34,48.1,7070000.0,0
20240131,419,8,39,1,39,61.4,25230000.0,0
20240131,420,5,21,2,32,74.8,9340000.0,0
20240131,421,1,4,1,39,75.9,24550000.0,0
20240131,423,4,16,5,24,37.8,9140000.0,0
20240131,424,3,11,1,21,13.6,9120000.0,0
20240131,425,1,3,3,33,31.7,15690000.0,0
20240131,426,3,14,6,35,23.6,41180000.0,0
20240131,427,1,1,6,23,18.8,9140000.0,0
20240131,428,8,39,6,37,22.7,27220000.0,0
20240131,429,7,33,1,32,38.5,15810000.0,0
20240131,431,3,12,2,43,135.9,14860000.0,0
20240131,432,1,4,1,40,30.0,37290000.0,0
20240131,433,7,35,1,48,119.1,47190000.0,0
20240131,435,8,36,3,21,13.6,5690000.0,0
20240131,436,3,13,3,35,47.7,22330000.0,0
20240131,438,1,2,2,30,61.0,13410000.0,0
20240131,439,8,37,1,34,46.7,10060000.0,0
20240131,440,7,31,3,29,26.9,6770000.0,0
20240131,442,8,36,2,28,69.0,5700000.0,0
20240131,443,2,6,1,42,167.7,7090000.0,0
20240131,444,1,1,1,27,19.3,7640000.0,0
20240131,445,1,4,1,43,130.9,28670000.0,0
20240131,446,8,36,4,24,46.7,6560000.0,0
20240131,447,4,16,1,25,34.6,9850000.0,0
20240131,449,1,2,6,26,29.8,10640000.0,0
20240131,450,8,38,1,38,100.7,17000000.0,0
20240131,452,3,12,2,31,50.9,14290000.0,0
20240131,453,8,36,2,31,43.7,7440000.0,0
20240131,454,7,34,1,40,113.0,25410000.0,0
20240131,455,4,20,6,43,37.8,63640000.0,0
20240131,456,1,1,3,54,16.0,8360000.0,0
20240131,457,7,32,3,38,111.9,11530000.0,0
20240131,458,7,31,1,25,38.1,7020000.0,0
20240131,459,7,31,1,28,32.1,6030000.0,0
20240131,460,2,7,1,32,38.7,11340000.0,0
20240131,461,4,16,1,24,12.4,10680000.0,0
20240131,462,2,6,1,24,12.7,9890000.0,0
20240131,463,5,21,1,23,12.2,8300000.0,0
20240131,464,7,31,4,21,12.5,6540000.0,0
20240131,465,8,37,2,27,12.8,9120000.0,0
20240131,466,7,31,4,27,12.6,7160000.0,0
20240131,467,3,11,2,24,12.3,10560000.0,0
20240131,469,7,31,1,25,12.8,6500000.0,0
20240131,470,1,1,1,26,12.1,7880000.0,0
20240131,471,7,32,3,32,12.2,11820000.0,0
20240131,472,2,6,1,26,12.0,7690000.0,0
20240131,473,6,26,1,25,12.4,7810000.0,0
20240131,474,6,27,1,31,12.8,11890000.0,0
20240131,476,7,31,1,28,11.3,7310000.0,0
20240131,478,3,11,4,22,11.4,8350000.0,0
20240131,479,2,6,6,33,11.6,8940000.0,0
20240131,480,5,21,6,25,11.4,7990000.0,0
20240131,481,8,36,1,24,10.3,7510000.0,0
20240131,482,7,31,3,25,10.5,6330000.0,0
20240131,483,8,37,1,30,11.0,10720000.0,0
20240131,485,1,1,1,24,10.9,7150000.0,0
20240131,486,1,1,2,25,10.9,7580000.0,0
20240131,487,1,1,1,24,10.0,7010000.0,0
20240131,488,7,31,1,29,9.3,6350000.0,0
20240131,490,3,11,4,21,9.2,10270000.0,0
20240131,491,8,36,3,26,9.9,6730000.0,0
20240131,492,8,36,5,21,9.7,6000000.0,0
20240131,493,3,11,1,21,9.5,8950000.0,0
20240131,494,4,19,2,41,9.7,39800000.0,0
20240131,495,3,11,2,22,9.4,10150000.0,0
20240131,496,7,31,2,,10.0,6530000.0,0
20240131,498,7,32,6,25,10.0,10280000.0,0
20240131,499,1,2,5,22,9.5,13190000.0,0
20240131,500,2,6,2,26,9.7,8000000.0,0
20240131,501,8,36,4,31,9.3,5450000.0,0
20240131,502,1,1,6,21,9.1,6620000.0,0
20240131,503,3,11,3,20,9.6,8280000.0,0
20240131,504,7,31,3,27,9.7,6900000.0,0
20240131,505,2,7,3,29,9.3,11600000.0,0
20240131,506,3,12,1,33,9.9,13760000.0,0
20240131,507,2,6,1,21,9.8,9720000.0,0
20240131,508,7,33,1,33,10.0,16790000.0,0
20240131,509,7,31,1,26,9.1,6310000.0,0
20240131,510,3,11,3,20,8.9,8750000.0,0
20240131,511,8,36,1,21,8.9,5850000.0,0
20240131,512,7,32,1,27,8.9,11280000.0,0
20240131,513,7,31,1,23,9.0,6180000.0,0
20240131,514,1,1,6,28,9.0,8660000.0,0
20240131,515,2,7,1,28,8.2,10540000.0,0
20240131,518,2,6,2,29,7.4,8430000.0,0
20240131,519,8,36,1,21,7.2,5930000.0,0
20240131,520,1,1,1,21,7.1,7180000.0,0
20240131,521,7,31,2,27,8.0,7440000.0,0
20240131,522,7,31,1,23,7.5,7500000.0,0
20240131,523,8,37,1,29,6.2,10700000.0,0
20240131,524,7,32,1,21,6.3,11200000.0,0
20240131,526,8,36,1,27,6.9,6960000.0,0
20240131,527,3,14,1,33,6.5,34820000.0,0
20240131,528,7,32,3,32,6.8,10230000.0,0
20240131,529,8,36,5,21,6.6,6760000.0,0
20240131,530,7,33,1,26,6.7,15390000.0,0
20240131,531,1,2,1,24,6.2,13120000.0,0
20240131,532,6,26,1,25,6.6,8400000.0,0
20240131,533,4,17,1,24,6.7,14830000.0,0
20240131,534,8,36,1,25,5.0,5710000.0,0
20240131,535,5,21,3,22,5.4,8890000.0,0
20240131,536,3,11,1,22,5.7,9290000.0,0
20240131,537,7,31,1,25,5.6,6160000.0,0
20240131,538,3,11,3,20,5.4,9070000.0,0
20240131,539,2,7,4,27,5.7,13260000.0,0
20240131,540,3,11,1,24,5.6,11250000.0,0
20240131,541,8,36,1,21,5.6,7800000.0,0
20240131,542,8,36,4,21,5.7,7690000.0,0
20240131,543,3,12,1,25,5.6,14350000.0,0
20240131,544,6,26,1,28,5.9,7770000.0,0
20240131,545,4,16,2,25,5.7,9050000.0,0
20240131,546,2,7,1,35,5.1,13140000.0,0
20240131,547,1,2,2,24,5.6,12430000.0,0
20240131,548,1,1,5,25,4.0,8480000.0,0
20240131,549,1,2,1,29,4.5,13840000.0,0
20240131,551,8,36,2,31,5.0,6080000.0,0
20240131,552,8,38,5,30,4.7,15110000.0,0
20240131,553,3,11,1,24,3.4,7440000.0,0
20240131,554,1,1,5,20,3.3,8280000.0,0
20240131,555,8,36,2,20,3.7,6550000.0,0
20240131,556,2,6,6,23,3.1,8450000.0,0
20240131,557,1,1,1,29,3.6,7160000.0,0
20240131,558,6,26,1,20,3.9,7340000.0,0
20240131,559,8,36,1,20,3.1,7350000.0,0
20240131,560,8,36,1,29,3.8,5990000.0,0
20240131,561,2,6,1,21,3.1,7950000.0,0
20240131,562,1,1,1,25,3.1,7550000.0,0
20240131,563,8,36,5,26,2.5,7080000.0,0
20240131,564,1,1,1,26,2.2,7420000.0,0
20240131,566,4,16,5,26,2.8,8670000.0,0
20240131,567,8,37,6,30,2.4,9290000.0,0
20240131,568,3,12,5,29,2.4,13310000.0,0
20240131,569,8,38,1,33,2.2,15600000.0,0
20240131,570,7,32,1,28,2.7,9040000.0,0
20240131,571,6,26,6,27,2.6,7800000.0,0
20240131,572,3,12,1,23,2.1,13830000.0,0
20240131,573,4,16,5,26,2.1,7970000.0,0
20240131,574,5,21,5,27,2.2,7690000.0,0
20240131,575,1,2,4,29,2.9,10800000.0,0
20240131,576,7,31,1,30,2.3,7440000.0,0
20240131,577,7,31,2,25,2.0,7460000.0,0
20240131,578,3,11,3,21,2.7,10520000.0,0
20240131,580,2,6,5,20,1.5,7220000.0,0
20240131,581,3,13,5,26,1.5,19850000.0,0
20240131,582,1,1,1,23,1.0,6910000.0,0
20240131,583,6,26,5,28,1.8,7550000.0,0
20240131,584,3,11,3,22,1.9,8980000.0,0
20240131,585,1,3,6,27,1.9,16440000.0,0
20240131,586,1,1,3,20,2.0,6720000.0,0
20240131,587,1,1,1,29,1.7,7340000.0,0
20240131,588,8,36,5,20,1.3,5900000.0,0
20240131,589,1,1,1,27,1.8,8350000.0,0
20240131,590,8,36,3,23,1.6,6600000.0,0
20240131,591,1,1,2,28,1.1,8290000.0,0
20240131,592,7,31,6,22,0.4,5870000.0,1
20240131,593,7,33,3,33,0.6,15480000.0,1
20240229,2,7,32,1,32,55.0,9920000.0,0
20240229,3,5,21,1,30,43.2,7980000.0,0
20240229,5,8,36,1,30,42.3,6730000.0,0
20240229,6,1,1,1,26,31.5,8560000.0,0
20240229,7,3,11,2,31,47.1,10290000.0,0
20240229,8,5,21,2,32,32.2,7940000.0,0
20240229,9,8,36,3,30,58.8,6350000.0,0
20240229,11,8,36,6,26,22.4,7050000.0,0
20240229,12,2,6,3,35,61.8,7890000.0,0
20240229,13,2,7,2,28,60.3,11850000.0,0
20240229,15,4,16,1,25,60.0,7660000.0,0
20240229,16,1,1,5,25,27.7,7510000.0,0
20240229,17,6,26,3,23,36.6,9220000.0,0
20240229,19,5,24,1,45,67.1,33820000.0,0
20240229,21,7,31,5,26,70.6,6840000.0,0
20240229,22,1,1,3,24,36.4,8200000.0,0
20240229,23,1,2,6,33,63.3,12300000.0,0
20240229,24,8,36,1,34,78.6,7190000.0,0
20240229,25,2,8,1,39,58.3,17070000.0,0
20240229,26,8,37,4,30,81.6,11730000.0,0
20240229,27,3,14,1,34,22.1,39290000.0,0
20240229,28,2,6,1,28,67.4,7290000.0,0
20240229,29,3,12,1,31,46.1,15640000.0,0
20240229,30,1,2,3,36,41.8,14120000.0,0
20240229,31,2,6,4,,94.4,9190000.0,0
20240229,33,3,11,3,28,25.3,10100000.0,0
20240229,34,8,36,5,23,40.1,6620000.0,0
20240229,37,1,3,1,35,24.5,18770000.0,0
20240229,38,3,11,1,37,62.4,9600000.0,0
20240229,39,4,16,3,25,23.2,9420000.0,0
20240229,40,3,11,5,30,47.4,10150000.0,0
20240229,41,7,31,1,27,42.9,5850000.0,0
20240229,43,5,21,1,27,20.9,7630000.0,0
20240229,44,6,26,2,30,59.4,8080000.0,0
20240229,45,7,31,1,35,105.4,8020000.0,0
20240229,46,7,31,2,21,16.0,6260000.0,0
20240229,47,7,31,4,34,79.3,8110000.0,0
20240229,48,7,31,5,29,89.6,6780000.0,0
20240229,49,3,13,1,30,99.0,24600000.0,0
20240229,50,3,13,1,36,31.5,21450000.0,0
20240229,51,7,31,1,30,24.1,6680000.0,0
20240229,53,7,32,1,31,25.9,11000000.0,0
20240229,54,8,37,2,31,28.7,11650000.0,0
20240229,55,8,36,1,28,31.9,5600000.0,0
20240229,56,1,1,3,29,85.3,7660000.0,0
20240229,57,4,16,1,29,64.2,10270000.0,0
20240229,58,4,16,3,36,118.4,9110000.0,0
20240229,59,3,12,1,34,79.3,14580000.0,0
20240229,60,3,11,1,55,42.9,10540000.0,0
20240229,61,4,17,3,34,109.4,15670000.0,0
20240229,62,2,6,4,27,26.4,7910000.0,0
20240229,63,3,11,5,30,62.0,10500000.0,0
20240229,64,7,31,1,32,33.0,7480000.0,0
20240229,65,3,11,1,26,67.9,9190000.0,0
20240229,66,1,3,4,32,55.8,16050000.0,0
20240229,67,7,31,6,24,23.1,6900000.0,0
20240229,69,5,21,6,26,47.9,8770000.0,0
20240229,71,1,4,2,40,168.6,29650000.0,0
20240229,72,5,21,1,32,77.8,8160000.0,0
20240229,73,3,14,1,42,42.1,39270000.0,0
20240229,74,8,36,2,34,91.0,7110000.0,0
20240229,75,4,16,6,30,115.9,10100000.0,0
20240229,76,3,13,5,44,126.1,21820000.0,0
20240229,77,5,21,1,24,32.2,8240000.0,0
20240229,79,8,39,1,43,21.5,24050000.0,0
20240229,80,7,33,2,34,22.3,13990000.0,0
20240229,81,1,1,6,24,39.7,8110000.0,0
20240229,82,2,6,1,28,18.4,8140000.0,0
20240229,83,6,27,2,30,31.6,11520000.0,0
20240229,84,4,16,3,41,134.9,7990000.0,0
20240229,86,3,13,1,38,102.0,22910000.0,0
20240229,87,6,26,1,23,34.0,7680000.0,0
20240229,88,1,1,5,24,52.4,7090000.0,0
20240229,89,1,1,5,29,37.5,7430000.0,0
20240229,91,7,31,1,25,44.0,8220000.0,0
20240229,92,5,21,3,28,54.5,7050000.0,0
20240229,94,2,6,1,28,74.5,8320000.0,0
20240229,95,1,2,2,26,51.7,13040000.0,0
20240229,96,2,9,1,47,168.6,31430000.0,0
20240229,98,8,36,1,55,19.8,6110000.0,0
20240229,99,7,32,6,32,83.3,12130000.0,0
20240229,100,1,1,3,32,37.9,8020000.0,0
20240229,101,7,31,5,34,46.7,6490000.0,0
20240229,102,7,32,1,30,30.9,9930000.0,0
20240229,104,2,6,1,30,67.8,7800000.0,0
20240229,105,8,36,3,37,114.2,5470000.0,0
20240229,106,8,36,3,33,44.2,5750000.0,0
20240229,108,4,17,3,32,21.9,15090000.0,0
20240229,109,5,21,1,32,69.9,9150000.0,0
20240229,111,1,2,1,34,168.6,14410000.0,0
20240229,112,2,6,3,31,17.1,7130000.0,0
20240229,114,1,2,1,27,18.7,13300000.0,0
20240229,115,3,13,1,31,18.5,23970000.0,0
20240229,116,1,5,1,42,44.0,42990000.0,0
20240229,118,7,31,5,29,44.7,6190000.0,0
20240229,120,2,6,4,23,17.9,6930000.0,0
20240229,121,3,11,1,40,168.6,9590000.0,0
20240229,122,7,32,5,31,42.4,10460000.0,0
20240229,123,3,11,2,34,25.9,10070000.0,0
20240229,124,8,36,6,26,45.2,5780000.0,0
20240229,125,7,32,1,29,53.9,11030000.0,0
20240229,127,1,1,6,27,25.1,7450000.0,0
20240229,128,4,16,2,36,79.0,10420000.0,0
20240229,129,6,26,1,39,168.6,6290000.0,0
20240229,131,1,5,1,52,160.0,49410000.0,0
20240229,132,3,12,1,35,70.8,12790000.0,0
20240229,133,1,3,1,40,152.7,17720000.0,0
20240229,135,1,1,1,39,65.2,7090000.0,0
20240229,136,7,32,2,29,62.2,8790000.0,0
20240229,137,1,1,3,26,25.3,9130000.0,0
20240229,138,6,29,1,38,47.2,27100000.0,0
20240229,139,7,32,4,29,49.0,12650000.0,0
20240229,140,8,36,1,32,23.9,6010000.0,0
20240229,141,1,3,3,37,64.3,17380000.0,0
20240229,143,7,31,4,54,46.4,7960000.0,0
20240229,146,1,3,4,28,55.1,20530000.0,0
20240229,148,7,31,1,40,153.4,7680000.0,0
20240229,149,1,1,5,27,38.5,6650000.0,0
20240229,150,7,32,5,39,118.1,12160000.0,0
20240229,151,8,36,3,24,46.7,7260000.0,0
20240229,152,6,26,1,32,31.7,7070000.0,0
20240229,153,7,33,1,35,91.6,15460000.0,0
20240229,154,1,5,1,42,44.4,44820000.0,0
20240229,155,4,16,2,31,21.7,7710000.0,0
20240229,156,1,3,6,41,67.4,18160000.0,0
20240229,157,1,5,1,43,50.8,44360000.0,0
20240229,159,7,31,1,27,41.5,6460000.0,0
20240229,160,7,35,1,44,110.8,37150000.0,0
20240229,162,4,16,1,31,107.1,8720000.0,0
20240229,165,5,21,2,38,163.0,9430000.0,0
20240229,167,8,39,1,39,57.1,23090000.0,0
20240229,168,2,7,1,35,82.7,13590000.0,0
20240229,169,1,1,1,22,24.7,7070000.0,0
20240229,170,1,2,6,37,43.5,13380000.0,0
20240229,171,7,31,6,28,27.8,7690000.0,0
20240229,172,7,31,1,26,14.4,7540000.0,0
20240229,173,7,31,1,29,54.7,7210000.0,0
20240229,174,8,37,1,25,53.6,10490000.0,0
20240229,175,8,38,3,41,56.9,14310000.0,0
20240229,176,3,14,1,36,31.1,42640000.0,0
20240229,178,7,33,1,37,16.3,18230000.0,0
20240229,179,1,4,1,38,78.0,30250000.0,0
20240229,181,1,2,1,33,70.4,10440000.0,0
20240229,182,7,31,1,30,69.9,6590000.0,0
20240229,183,5,21,2,32,102.1,8880000.0,0
20240229,184,8,36,1,28,24.1,7780000.0,0
20240229,187,8,36,3,23,35.8,7070000.0,0
20240229,188,4,16,1,25,52.4,9290000.0,0
20240229,189,3,13,1,32,33.3,20510000.0,0
20240229,190,7,31,5,27,69.5,7060000.0,0
20240229,191,4,16,1,34,36.4,9620000.0,0
20240229,193,1,2,1,33,41.0,10180000.0,0
20240229,194,8,39,1,30,63.6,25800000.0,0
20240229,195,7,32,1,55,69.3,9740000.0,0
20240229,196,7,32,6,30,101.7,9390000.0,0
20240229,197,6,28,3,39,113.8,19210000.0,0
20240229,198,6,26,6,33,54.2,6980000.0,0
20240229,199,6,26,1,34,34.9,8140000.0,0
20240229,200,2,7,1,26,32.7,11740000.0,0
20240229,201,5,21,5,24,44.9,6660000.0,0
20240229,202,1,2,3,31,51.8,12550000.0,0
20240229,203,7,31,1,22,19.4,5810000.0,0
20240229,204,1,1,1,39,114.5,8900000.0,0
20240229,205,8,36,4,25,23.6,5950000.0,0
20240229,206,1,1,1,30,46.9,8440000.0,0
20240229,207,8,36,2,28,35.4,6270000.0,0
20240229,208,3,13,2,43,168.6,25770000.0,0
20240229,209,6,26,1,25,37.6,7640000.0,0
20240229,210,7,33,1,31,36.2,16500000.0,0
20240229,211,7,31,1,30,81.8,7450000.0,0
20240229,212,3,12,6,28,22.4,16950000.0,0
20240229,213,2,6,3,27,37.7,8610000.0,0
20240229,214,8,36,1,34,129.9,5950000.0,0
20240229,215,4,17,1,31,83.2,14370000.0,0
20240229,216,4,16,6,,72.8,9390000.0,0
20240229,217,5,21,1,32,30.1,7360000.0,0
20240229,218,3,11,1,30,51.5,10970000.0,0
20240229,219,3,11,1,38,84.8,8150000.0,0
20240229,220,8,38,1,35,83.0,13280000.0,0
20240229,221,7,31,3,29,46.9,6210000.0,0
20240229,222,8,36,1,29,40.7,6590000.0,0
20240229,223,1,1,3,23,26.9,8420000.0,0
20240229,224,1,4,1,40,76.9,32070000.0,0
20240229,225,1,1,6,24,17.3,7950000.0,0
20240229,226,2,6,2,34,24.3,7520000.0,0
20240229,227,2,6,4,26,73.7,7820000.0,0
20240229,228,5,24,2,34,17.1,28470000.0,0
20240229,229,7,31,1,32,119.0,7430000.0,0
20240229,230,8,37,1,28,17.7,10260000.0,0
20240229,232,3,12,1,38,108.9,16850000.0,0
20240229,233,8,36,2,55,48.6,6180000.0,0
20240229,234,7,32,2,41,168.6,11010000.0,0
20240229,237,6,27,4,28,14.6,11020000.0,0
20240229,238,7,31,1,30,27.8,6640000.0,0
20240229,239,2,7,4,32,101.7,14250000.0,0
20240229,240,8,36,6,30,55.3,6440000.0,0
20240229,241,8,36,1,54,49.8,7350000.0,0
20240229,242,8,36,1,26,49.3,6620000.0,0
20240229,243,7,31,1,36,156.9,7690000.0,0
20240229,244,3,13,6,49,81.4,20870000.0,0
20240229,245,1,1,1,32,58.1,7570000.0,0
20240229,246,8,37,1,40,99.2,10750000.0,0
20240229,247,7,31,1,30,50.1,7560000.0,0
20240229,248,5,22,1,28,50.4,13630000.0,0
20240229,250,1,1,1,30,35.9,8850000.0,0
20240229,251,1,4,1,39,85.9,37740000.0,0
20240229,252,3,11,2,29,53.0,11630000.0,0
20240229,253,8,38,6,33,49.6,16080000.0,0
20240229,254,5,21,1,26,20.0,9060000.0,0
20240229,255,1,1,3,32,119.8,7070000.0,0
20240229,256,7,31,1,29,113.9,7400000.0,0
20240229,257,3,12,1,31,43.0,15250000.0,0
20240229,260,8,39,1,40,135.1,27190000.0,0
20240229,262,7,31,1,21,17.6,7400000.0,0
20240229,264,1,1,6,27,22.9,6130000.0,0
20240229,265,7,33,1,33,49.0,15510000.0,0
20240229,266,4,16,1,27,21.0,10070000.0,0
20240229,267,1,2,1,30,36.2,11290000.0,0
20240229,268,7,31,6,24,31.1,7080000.0,0
20240229,270,3,11,1,43,121.5,9620000.0,0
20240229,271,2,6,2,26,15.4,7850000.0,0
20240229,272,4,19,1,36,33.7,40330000.0,0
20240229,273,3,12,1,35,49.7,18600000.0,0
20240229,274,7,31,5,26,35.8,6580000.0,0
20240229,276,8,36,1,35,64.8,6180000.0,0
20240229,277,3,11,1,26,63.1,8900000.0,0
20240229,278,3,14,1,41,69.1,40820000.0,0
20240229,282,1,4,1,37,27.0,28420000.0,0
20240229,284,7,32,5,38,94.4,10180000.0,0
20240229,285,1,1,4,22,33.8,8190000.0,0
20240229,286,1,2,1,32,82.4,11820000.0,0
20240229,288,6,30,1,41,17.8,48900000.0,0
20240229,289,7,32,1,30,18.0,10500000.0,0
20240229,290,3,15,1,34,26.8,63930000.0,0
20240229,291,3,13,1,38,34.6,23030000.0,0
20240229,292,7,31,2,24,42.8,6670000.0,0
20240229,293,1,2,1,27,14.1,10200000.0,0
20240229,296,1,1,4,29,62.4,7320000.0,0
20240229,298,8,38,1,34,44.4,17320000.0,0
20240229,299,7,31,3,54,53.7,7380000.0,0
20240229,300,4,16,5,27,35.6,8260000.0,0
20240229,301,8,37,1,28,16.3,10550000.0,0
20240229,302,1,1,1,28,22.6,8380000.0,0
20240229,303,1,1,1,32,57.0,8120000.0,0
20240229,304,7,31,1,25,60.8,6770000.0,0
20240229,305,7,31,4,25,59.0,6070000.0,0
20240229,306,1,1,6,34,22.3,8810000.0,0
20240229,307,4,17,4,29,56.2,15370000.0,0
20240229,308,6,26,3,29,43.7,8340000.0,0
20240229,309,1,1,1,22,16.3,8910000.0,0
20240229,310,4,16,1,35,121.0,9990000.0,0
20240229,311,3,13,1,37,36.1,20120000.0,0
20240229,313,7,32,1,34,21.7,11820000.0,0
20240229,314,3,14,1,32,32.4,39770000.0,0
20240229,316,4,19,1,38,38.9,39820000.0,0
20240229,317,2,7,1,40,62.1,11100000.0,0
20240229,318,1,1,1,26,20.6,8010000.0,0
20240229,320,7,33,5,25,21.3,16810000.0,0
20240229,321,1,1,1,34,131.2,8290000.0,0
20240229,322,5,22,4,24,18.6,13590000.0,0
20240229,323,1,2,1,26,16.8,11180000.0,0
20240229,324,3,14,1,40,73.3,35450000.0,0
20240229,327,7,32,1,32,42.5,10880000.0,0
20240229,329,7,32,2,33,50.2,10400000.0,0
20240229,330,1,1,2,35,168.6,8170000.0,0
20240229,331,3,12,3,31,42.5,17920000.0,0
20240229,333,8,36,1,26,44.1,5940000.0,0
20240229,334,8,37,6,31,42.2,11790000.0,0
20240229,336,1,1,1,30,51.8,8880000.0,0
20240229,337,3,12,1,25,53.1,15730000.0,0
20240229,338,8,36,1,21,16.2,5860000.0,0
20240229,339,5,21,3,28,28.0,8420000.0,0
20240229,340,8,36,5,40,168.6,7880000.0,0
20240229,341,1,1,1,26,48.1,8110000.0,0
20240229,343,7,31,3,23,41.4,8110000.0,0
20240229,345,3,11,1,29,44.3,8640000.0,0
20240229,346,1,1,3,24,15.1,7380000.0,0
20240229,347,8,36,2,32,141.1,7910000.0,0
20240229,349,7,33,4,44,77.6,13600000.0,0
20240229,350,2,7,3,29,27.5,14010000.0,0
20240229,351,6,26,1,24,45.3,7710000.0,0
20240229,352,7,32,1,28,35.3,10350000.0,0
20240229,353,1,2,1,33,84.5,11460000.0,0
20240229,354,7,31,1,30,18.8,6480000.0,0
20240229,356,8,36,1,25,43.3,6080000.0,0
20240229,357,3,12,1,33,105.6,17460000.0,0
20240229,358,5,22,1,31,60.8,12200000.0,0
20240229,359,3,13,1,30,18.9,20630000.0,0
20240229,360,7,32,4,38,135.2,11350000.0,0
20240229,361,1,3,6,35,81.1,19840000.0,0
20240229,362,8,36,1,26,52.5,7050000.0,0
20240229,363,3,12,1,45,143.7,17910000.0,0
20240229,364,7,32,3,30,25.9,10470000.0,0
20240229,365,8,37,1,55,41.2,11120000.0,0
20240229,366,8,37,4,31,31.1,11280000.0,0
20240229,367,6,27,1,31,17.3,11370000.0,0
20240229,369,1,3,1,35,39.4,19770000.0,0
20240229,370,4,19,1,35,17.9,30400000.0,0
20240229,372,1,1,1,31,46.5,7640000.0,0
20240229,373,2,8,1,36,58.5,17330000.0,0
20240229,374,1,1,5,32,85.4,9040000.0,0
20240229,375,5,22,4,38,160.7,14390000.0,0
20240229,376,3,11,4,25,32.0,9360000.0,0
20240229,377,6,28,2,43,132.2,17500000.0,0
20240229,378,1,1,2,36,112.9,8500000.0,0
20240229,379,1,1,1,29,76.3,7750000.0,0
20240229,380,3,12,5,32,31.9,12110000.0,0
20240229,381,4,18,2,43,101.7,20190000.0,0
20240229,383,6,27,2,31,54.0,11170000.0,0
20240229,384,3,11,1,31,83.4,9720000.0,0
20240229,385,7,33,6,22,15.6,15230000.0,0
20240229,386,2,6,1,40,116.3,9150000.0,0
20240229,387,3,11,1,26,32.2,9960000.0,0
20240229,388,7,31,1,22,16.1,6310000.0,0
20240229,389,7,31,2,30,67.7,6080000.0,0
20240229,390,3,13,1,38,64.4,20730000.0,0
20240229,391,7,32,3,31,53.4,11140000.0,0
20240229,392,8,37,1,27,39.5,11280000.0,0
20240229,393,7,31,6,25,54.9,6880000.0,0
20240229,396,1,1,1,27,32.0,7350000.0,0
20240229,397,2,7,1,26,40.1,12050000.0,0
20240229,398,3,12,1,28,23.8,12160000.0,0
20240229,399,2,6,1,36,168.6,8590000.0,0
20240229,400,7,32,3,36,41.0,8510000.0,0
20240229,401,6,29,1,35,32.3,35320000.0,0
20240229,404,7,31,6,35,145.8,6220000.0,0
20240229,405,3,12,1,32,61.2,14340000.0,0
20240229,406,3,11,2,32,35.6,9780000.0,0
20240229,407,3,12,1,41,76.7,14260000.0,0
20240229,408,3,12,4,34,112.5,14440000.0,0
20240229,409,7,33,1,41,168.6,17620000.0,0
20240229,410,8,38,1,29,39.4,13900000.0,0
20240229,412,1,1,1,28,49.7,7750000.0,0
20240229,413,8,36,3,29,16.1,6270000.0,0
20240229,414,3,11,2,37,130.0,8920000.0,0
20240229,415,3,11,5,34,104.3,9780000.0,0
20240229,417,7,31,2,25,15.0,6920000.0,0
20240229,418,7,31,1,34,49.1,7070000.0,0
20240229,419,8,39,1,39,62.4,25230000.0,0
20240229,420,5,21,2,32,75.8,9340000.0,0
20240229,421,1,4,1,39,76.9,24550000.0,0
20240229,423,4,16,5,24,38.8,9140000.0,0
20240229,424,3,11,1,21,14.6,9120000.0,0
20240229,425,1,3,3,34,32.7,15690000.0,0
20240229,426,3,14,6,35,24.5,41180000.0,0
20240229,427,1,1,6,23,19.7,9140000.0,0
20240229,428,8,39,6,37,23.6,27220000.0,0
20240229,429,7,33,1,32,39.4,15810000.0,0
20240229,431,3,12,2,43,136.8,14860000.0,0
20240229,432,1,4,1,40,31.0,37290000.0,0
20240229,433,7,35,1,48,120.1,47190000.0,0
20240229,435,8,36,3,21,14.5,5690000.0,0
20240229,436,3,13,3,36,48.7,22330000.0,0
20240229,438,1,2,2,31,62.0,13410000.0,0
20240229,439,8,37,1,34,47.6,10060000.0,0
20240229,440,7,31,3,29,27.8,6770000.0,0
20240229,442,8,36,2,28,69.9,5700000.0,0
20240229,443,2,6,1,42,168.6,7090000.0,0
20240229,444,1,1,1,27,20.2,7640000.0,0
20240229,445,1,4,1,43,131.9,28670000.0,0
20240229,446,8,36,4,24,47.7,6560000.0,0
20240229,447,4,16,1,25,35.6,9850000.0,0
20240229,449,1,2,6,26,30.8,10640000.0,0
20240229,450,8,38,1,38,101.7,17000000.0,0
20240229,452,3,12,2,31,51.8,14290000.0,0
20240229,453,8,36,2,31,44.7,7440000.0,0
20240229,454,7,34,1,40,113.9,25410000.0,0
20240229,455,4,20,6,43,38.8,63640000.0,0
20240229,456,1,1,3,54,17.0,8360000.0,0
20240229,457,7,32,3,39,112.9,11530000.0,0
20240229,458,7,31,1,25,39.1,7020000.0,0
20240229,459,7,31,1,28,33.0,6030000.0,0
20240229,460,2,7,1,32,39.7,11340000.0,0
20240229,461,4,16,1,24,13.3,10680000.0,0
20240229,462,2,6,1,24,13.7,9890000.0,0
20240229,463,5,21,1,23,13.1,8300000.0,0
20240229,464,7,31,4,21,13.4,6540000.0,0
20240229,465,8,37,2,27,13.8,9120000.0,0
20240229,466,7,31,4,27,13.6,7160000.0,0
20240229,467,3,11,2,24,13.2,10560000.0,0
20240229,469,7,31,1,25,13.8,6500000.0,0
20240229,470,1,1,1,26,13.1,7880000.0,0
20240229,471,7,32,3,32,13.1,11820000.0,0
20240229,472,2,6,1,26,13.0,7690000.0,0
20240229,473,6,26,1,25,13.3,7810000.0,0
20240229,474,6,27,1,31,13.7,11890000.0,0
20240229,476,7,31,1,28,12.2,7310000.0,0
20240229,478,3,11,4,22,12.3,8350000.0,0
20240229,479,2,6,6,33,12.6,8940000.0,0
20240229,480,5,21,6,25,12.4,7990000.0,0
20240229,481,8,36,1,25,11.2,7510000.0,0
20240229,482,7,31,3,25,11.4,6330000.0,0
20240229,483,8,37,1,30,12.0,10720000.0,0
20240229,485,1,1,1,24,11.8,7150000.0,0
20240229,486,1,1,2,25,11.8,7580000.0,0
20240229,487,1,1,1,24,10.9,7010000.0,0
20240229,488,7,31,1,29,10.3,6350000.0,0
20240229,490,3,11,4,21,10.2,10270000.0,0
20240229,491,8,36,3,26,10.8,6730000.0,0
20240229,492,8,36,5,21,10.7,6000000.0,0
20240229,493,3,11,1,21,10.4,8950000.0,0
20240229,494,4,19,2,41,10.6,39800000.0,0
20240229,495,3,11,2,23,10.4,10150000.0,0
20240229,496,7,31,2,,10.9,6530000.0,0
20240229,498,7,32,6,26,11.0,10280000.0,0
20240229,499,1,2,5,22,10.5,13190000.0,0
20240229,500,2,6,2,26,10.7,8000000.0,0
20240229,501,8,36,4,31,10.2,5450000.0,0
20240229,502,1,1,6,21,10.1,6620000.0,0
20240229,503,3,11,3,20,10.5,8280000.0,0
20240229,504,7,31,3,27,10.7,6900000.0,0
20240229,505,2,7,3,29,10.2,11600000.0,0
20240229,506,3,12,1,33,10.8,13760000.0,0
20240229,507,2,6,1,21,10.7,9720000.0,0
20240229,508,7,33,1,33,10.9,16790000.0,0
20240229,509,7,31,1,26,10.1,6310000.0,0
20240229,510,3,11,3,20,9.9,8750000.0,0
20240229,511,8,36,1,21,9.9,5850000.0,0
20240229,514,1,1,6,28,10.0,8660000.0,0
20240229,515,2,7,1,28,9.1,10540000.0,0
20240229,518,2,6,2,29,8.4,8430000.0,0
20240229,519,8,36,1,21,8.2,5930000.0,0
20240229,520,1,1,1,21,8.1,7180000.0,0
20240229,521,7,31,2,27,8.9,7440000.0,0
20240229,524,7,32,1,21,7.3,11200000.0,0
20240229,526,8,36,1,27,7.9,6960000.0,0
20240229,527,3,14,1,33,7.5,34820000.0,0
20240229,528,7,32,3,32,7.8,10230000.0,0
20240229,529,8,36,5,21,7.6,6760000.0,0
20240229,530,7,33,1,26,7.6,15390000.0,0
20240229,531,1,2,1,24,7.1,13120000.0,0
20240229,532,6,26,1,25,7.6,8400000.0,0
20240229,534,8,36,1,25,6.0,5710000.0,0
20240229,535,5,21,3,22,6.3,8890000.0,0
20240229,536,3,11,1,22,6.7,9290000.0,0
20240229,537,7,31,1,25,6.5,6160000.0,0
20240229,538,3,11,3,21,6.3,9070000.0,0
20240229,539,2,7,4,28,6.6,13260000.0,0
20240229,540,3,11,1,24,6.5,11250000.0,0
20240229,541,8,36,1,21,6.6,7800000.0,0
20240229,542,8,36,4,21,6.7,7690000.0,0
20240229,543,3,12,1,25,6.5,14350000.0,0
20240229,544,6,26,1,28,6.9,7770000.0,0
20240229,545,4,16,2,25,6.7,9050000.0,0
20240229,546,2,7,1,35,6.0,13140000.0,0
20240229,547,1,2,2,24,6.5,12430000.0,0
20240229,548,1,1,5,25,5.0,8480000.0,0
20240229,549,1,2,1,29,5.5,13840000.0,0
20240229,551,8,36,2,31,5.9,6080000.0,0
20240229,552,8,38,5,30,5.7,15110000.0,0
20240229,553,3,11,1,24,4.4,7440000.0,0
20240229,554,1,1,5,20,4.3,8280000.0,0
20240229,555,8,36,2,20,4.6,6550000.0,0
20240229,556,2,6,6,23,4.0,8450000.0,0
20240229,558,6,26,1,20,4.9,7340000.0,0
20240229,559,8,36,1,20,4.0,7350000.0,0
20240229,560,8,36,1,29,4.8,5990000.0,0
20240229,561,2,6,1,21,4.1,7950000.0,0
20240229,562,1,1,1,25,4.0,7550000.0,0
20240229,563,8,36,5,26,3.4,7080000.0,0
20240229,564,1,1,1,26,3.2,7420000.0,0
20240229,566,4,16,5,26,3.7,8670000.0,0
20240229,567,8,37,6,30,3.4,9290000.0,0
20240229,568,3,12,5,29,3.4,13310000.0,0
20240229,569,8,38,1,33,3.2,15600000.0,0
20240229,571,6,26,6,27,3.5,7800000.0,0
20240229,572,3,12,1,23,3.1,13830000.0,0
20240229,573,4,16,5,26,3.1,7970000.0,0
20240229,574,5,21,5,27,3.2,7690000.0,0
20240229,575,1,2,4,29,3.9,10800000.0,0
20240229,576,7,31,1,30,3.3,7440000.0,0
20240229,578,3,11,3,21,3.7,10520000.0,0
20240229,580,2,6,5,20,2.4,7220000.0,0
20240229,582,1,1,1,24,2.0,6910000.0,0
20240229,583,6,26,5,29,2.8,7550000.0,0
20240229,584,3,11,3,22,2.9,8980000.0,0
20240229,585,1,3,6,27,2.9,16440000.0,0
20240229,586,1,1,3,20,2.9,6720000.0,0
20240229,587,1,1,1,29,2.7,7340000.0,0
20240229,588,8,36,5,20,2.3,5900000.0,0
20240229,589,1,1,1,27,2.8,8350000.0,0
20240229,591,1,1,2,28,2.0,8290000.0,0
20240229,592,7,31,6,22,1.3,5870000.0,0
20240229,593,7,33,3,34,1.5,15480000.0,0
20240229,594,7,31,6,28,0.3,2110500.0,1
20240229,595,7,32,4,32,0.9,10230000.0,1
20240229,596,5,21,1,31,0.6,7190000.0,1
20240229,597,2,6,1,28,0.6,7540000.0,1
20240229,598,1,2,1,29,0.0,10130000.0,1
20240229,599,7,31,1,23,0.3,6990000.0,1
20240229,600,7,31,2,22,0.4,5680000.0,1
20240229,601,7,31,4,25,0.2,6320000.0,1
20240229,602,8,38,1,34,0.1,15610000.0,1
20240229,603,4,16,3,23,0.3,8750000.0,1
20240229,604,1,1,1,23,0.4,8190000.0,1
20240229,605,7,31,5,24,0.8,6860000.0,1
20240229,606,7,31,2,26,0.5,6810000.0,1
20240229,607,3,11,5,20,0.9,9040000.0,1
20240229,608,8,36,1,20,0.1,6700000.0,1
20240229,609,7,31,1,28,0.6,7900000.0,1
20240229,610,7,31,1,25,0.9,7540000.0,1
20240229,611,4,17,1,24,0.0,16020000.0,1
20240229,612,2,6,2,23,0.3,6820000.0,1
20240229,613,8,36,5,21,0.8,6270000.0,1
20240331,2,7,32,1,32,56.0,9920000.0,0
20240331,3,5,21,1,30,44.2,7980000.0,0
20240331,5,8,36,1,30,43.3,6730000.0,0
20240331,6,1,1,1,27,32.6,8560000.0,0
20240331,7,3,11,2,31,48.1,10290000.0,0
20240331,8,5,21,2,32,33.2,7940000.0,0
20240331,9,8,36,3,31,59.8,6350000.0,0
20240331,11,8,36,6,26,23.5,7050000.0,0
20240331,12,2,6,3,35,62.8,7890000.0,0
20240331,13,2,7,2,28,61.3,11850000.0,0
20240331,15,4,16,1,25,61.0,7660000.0,0
20240331,16,1,1,5,25,28.7,7510000.0,0
20240331,17,6,26,3,23,37.6,9220000.0,0
20240331,19,5,24,1,46,68.1,33820000.0,0
20240331,21,7,31,5,26,71.6,6840000.0,0
20240331,22,1,1,3,24,37.4,8200000.0,0
20240331,23,1,2,6,33,64.3,12300000.0,0
20240331,24,8,36,1,34,79.6,7190000.0,0
20240331,25,2,8,1,39,59.4,17070000.0,0
20240331,26,8,37,4,30,82.6,11730000.0,0
20240331,27,3,14,1,35,23.1,39290000.0,0
20240331,28,2,6,1,28,68.4,7290000.0,0
20240331,29,3,12,1,31,47.1,15640000.0,0
20240331,30,1,2,3,36,42.8,14120000.0,0
20240331,31,2,6,4,,95.4,9190000.0,0
20240331,33,3,11,3,28,26.3,10100000.0,0
20240331,34,8,36,5,23,41.1,6620000.0,0
20240331,37,1,3,1,35,25.5,18770000.0,0
20240331,38,3,11,1,37,63.4,9600000.0,0
20240331,39,4,16,3,25,24.2,9420000.0,0
20240331,40,3,11,5,30,48.4,10150000.0,0
20240331,41,7,31,1,27,44.0,5850000.0,0
20240331,43,5,21,1,27,21.9,7630000.0,0
20240331,44,6,26,2,30,60.4,8080000.0,0
20240331,45,7,31,1,35,106.4,8020000.0,0
20240331,46,7,31,2,21,17.0,6260000.0,0
20240331,47,7,31,4,34,80.3,8110000.0,0
20240331,48,7,31,5,29,90.6,6780000.0,0
20240331,49,3,13,1,30,100.0,24600000.0,0
20240331,50,3,13,1,36,32.5,21450000.0,0
20240331,51,7,31,1,30,25.1,6680000.0,0
20240331,53,7,32,1,31,26.9,11000000.0,0
20240331,54,8,37,2,32,29.7,11650000.0,0
20240331,55,8,36,1,28,33.0,5600000.0,0
20240331,56,1,1,3,29,86.3,7660000.0,0
20240331,57,4,16,1,29,65.2,10270000.0,0
20240331,58,4,16,3,37,119.5,9110000.0,0
20240331,59,3,12,1,34,80.3,14580000.0,0
20240331,60,3,11,1,55,43.9,10540000.0,0
20240331,61,4,17,3,34,110.5,15670000.0,0
20240331,62,2,6,4,27,27.5,7910000.0,0
20240331,63,3,11,5,30,63.0,10500000.0,0
20240331,64,7,31,1,32,34.0,7480000.0,0
20240331,65,3,11,1,26,69.0,9190000.0,0
20240331,66,1,3,4,33,56.8,16050000.0,0
20240331,67,7,31,6,25,24.1,6900000.0,0
20240331,69,5,21,6,26,49.0,8770000.0,0
20240331,71,1,4,2,40,169.7,29650000.0,0
20240331,72,5,21,1,32,78.8,8160000.0,0
20240331,73,3,14,1,43,43.1,39270000.0,0
20240331,74,8,36,2,34,92.1,7110000.0,0
20240331,75,4,16,6,30,116.9,10100000.0,0
20240331,76,3,13,5,44,127.1,21820000.0,0
20240331,77,5,21,1,24,33.2,8240000.0,0
20240331,79,8,39,1,43,22.5,24050000.0,0
20240331,80,7,33,2,34,23.3,13990000.0,0
20240331,81,1,1,6,24,40.7,8110000.0,0
20240331,82,2,6,1,29,19.4,8140000.0,0
20240331,83,6,27,2,30,32.6,11520000.0,0
20240331,84,4,16,3,41,135.9,7990000.0,0
20240331,86,3,13,1,38,103.0,22910000.0,0
20240331,87,6,26,1,23,35.1,7680000.0,0
20240331,88,1,1,5,24,53.4,7090000.0,0
20240331,89,1,1,5,29,38.5,7430000.0,0
20240331,91,7,31,1,26,45.0,8220000.0,0
20240331,92,5,21,3,28,55.6,7050000.0,0
20240331,94,2,6,1,28,75.5,8320000.0,0
20240331,95,1,2,2,26,52.8,13040000.0,0
20240331,96,2,9,1,47,169.7,31430000.0,0
20240331,98,8,36,1,55,20.9,6110000.0,0
20240331,99,7,32,6,32,84.3,12130000.0,0
20240331,100,1,1,3,32,39.0,8020000.0,0
20240331,101,7,31,5,34,47.7,6490000.0,0
20240331,102,7,32,1,30,31.9,9930000.0,0
20240331,104,2,6,1,30,68.9,7800000.0,0
20240331,105,8,36,3,37,115.2,5470000.0,0
20240331,106,8,36,3,33,45.2,5750000.0,0
20240331,108,4,17,3,32,23.0,15090000.0,0
20240331,109,5,21,1,32,71.0,9150000.0,0
20240331,111,1,2,1,34,169.7,14410000.0,0
20240331,112,2,6,3,31,18.2,7130000.0,0
20240331,114,1,2,1,27,19.7,13300000.0,0
20240331,115,3,13,1,31,19.5,23970000.0,0
20240331,116,1,5,1,42,45.0,42990000.0,0
20240331,118,7,31,5,29,45.7,6190000.0,0
20240331,120,2,6,4,23,19.0,6930000.0,0
20240331,121,3,11,1,41,169.7,9590000.0,0
20240331,122,7,32,5,31,43.4,10460000.0,0
20240331,123,3,11,2,34,26.9,10070000.0,0
20240331,124,8,36,6,26,46.3,5780000.0,0
20240331,125,7,32,1,29,54.9,11030000.0,0
20240331,127,1,1,6,27,26.2,7450000.0,0
20240331,128,4,16,2,36,80.0,10420000.0,0
20240331,129,6,26,1,39,169.7,6290000.0,0
20240331,131,1,5,1,52,161.0,49410000.0,0
20240331,132,3,12,1,35,71.8,12790000.0,0
20240331,133,1,3,1,41,153.7,17720000.0,0
20240331,135,1,1,1,39,66.2,7090000.0,0
20240331,136,7,32,2,29,63.2,8790000.0,0
20240331,137,1,1,3,26,26.3,9130000.0,0
20240331,138,6,29,1,38,48.2,27100000.0,0
20240331,139,7,32,4,29,50.0,12650000.0,0
20240331,140,8,36,1,32,24.9,6010000.0,0
20240331,141,1,3,3,37,65.3,17380000.0,0
20240331,143,7,31,4,54,47.4,7960000.0,0
20240331,146,1,3,4,28,56.1,20530000.0,0
20240331,148,7,31,1,40,154.4,7680000.0,0
20240331,149,1,1,5,27,39.5,6650000.0,0
20240331,150,7,32,5,39,119.2,12160000.0,0
20240331,151,8,36,3,24,47.7,7260000.0,0
20240331,152,6,26,1,32,32.7,7070000.0,0
20240331,153,7,33,1,35,92.6,15460000.0,0
20240331,154,1,5,1,42,45.4,44820000.0,0
20240331,155,4,16,2,31,22.7,7710000.0,0
20240331,156,1,3,6,41,68.4,18160000.0,0
20240331,157,1,5,1,44,51.8,44360000.0,0
20240331,159,7,31,1,27,42.5,6460000.0,0
20240331,160,7,35,1,44,111.8,37150000.0,0
20240331,162,4,16,1,31,108.1,8720000.0,0
20240331,165,5,21,2,38,164.0,9430000.0,0
20240331,167,8,39,1,39,58.1,23090000.0,0
20240331,168,2,7,1,35,83.7,13590000.0,0
20240331,169,1,1,1,22,25.8,7070000.0,0
20240331,170,1,2,6,37,44.5,13380000.0,0
20240331,171,7,31,6,28,28.8,7690000.0,0
20240331,172,7,31,1,26,15.4,7540000.0,0
20240331,173,7,31,1,29,55.7,7210000.0,0
20240331,174,8,37,1,25,54.6,10490000.0,0
20240331,175,8,38,3,41,57.9,14310000.0,0
20240331,176,3,14,1,36,32.2,42640000.0,0
20240331,178,7,33,1,37,17.3,18230000.0,0
20240331,179,1,4,1,38,79.0,30250000.0,0
20240331,181,1,2,1,33,71.4,10440000.0,0
20240331,182,7,31,1,31,70.9,6590000.0,0
20240331,183,5,21,2,33,103.2,8880000.0,0
20240331,184,8,36,1,28,25.1,7780000.0,0
20240331,187,8,36,3,23,36.8,7070000.0,0
20240331,188,4,16,1,25,53.4,9290000.0,0
20240331,189,3,13,1,32,34.3,20510000.0,0
20240331,190,7,31,5,27,70.5,7060000.0,0
20240331,191,4,16,1,34,37.5,9620000.0,0
20240331,193,1,2,1,33,42.0,10180000.0,0
20240331,194,8,39,1,30,64.6,25800000.0,0
20240331,195,7,32,1,55,70.3,9740000.0,0
20240331,196,7,32,6,30,102.8,9390000.0,0
20240331,197,6,28,3,39,114.8,19210000.0,0
20240331,198,6,26,6,33,55.3,6980000.0,0
20240331,199,6,26,1,34,35.9,8140000.0,0
20240331,200,2,7,1,27,33.7,11740000.0,0
20240331,201,5,21,5,24,46.0,6660000.0,0
20240331,202,1,2,3,31,52.9,12550000.0,0
20240331,203,7,31,1,22,20.4,5810000.0,0
20240331,204,1,1,1,39,115.5,8900000.0,0
20240331,205,8,36,4,25,24.6,5950000.0,0
20240331,206,1,1,1,30,47.9,8440000.0,0
20240331,208,3,13,2,43,169.7,25770000.0,0
20240331,209,6,26,1,25,38.6,7640000.0,0
20240331,210,7,33,1,31,37.2,16500000.0,0
20240331,211,7,31,1,30,82.8,7450000.0,0
20240331,212,3,12,6,28,23.5,16950000.0,0
20240331,213,2,6,3,27,38.7,8610000.0,0
20240331,214,8,36,1,34,131.0,5950000.0,0
20240331,215,4,17,1,31,84.2,14370000.0,0
20240331,216,4,16,6,,73.8,9390000.0,0
20240331,217,5,21,1,32,31.1,7360000.0,0
20240331,218,3,11,1,30,52.6,10970000.0,0
20240331,219,3,11,1,38,85.8,8150000.0,0
20240331,220,8,38,1,35,84.0,13280000.0,0
20240331,221,7,31,3,29,47.9,6210000.0,0
20240331,222,8,36,1,29,41.7,6590000.0,0
20240331,223,1,1,3,23,27.9,8420000.0,0
20240331,224,1,4,1,40,77.9,32070000.0,0
20240331,226,2,6,2,34,25.3,7520000.0,0
20240331,227,2,6,4,26,74.7,7820000.0,0
20240331,228,5,24,2,34,18.1,28470000.0,0
20240331,229,7,31,1,32,120.0,7430000.0,0
20240331,230,8,37,1,28,18.7,10260000.0,0
20240331,232,3,12,1,39,109.9,16850000.0,0
20240331,233,8,36,2,55,49.6,6180000.0,0
20240331,234,7,32,2,41,169.7,11010000.0,0
20240331,237,6,27,4,28,15.6,11020000.0,0
20240331,238,7,31,1,30,28.8,6640000.0,0
20240331,239,2,7,4,32,102.7,14250000.0,0
20240331,240,8,36,6,30,56.3,6440000.0,0
20240331,241,8,36,1,54,50.8,7350000.0,0
20240331,242,8,36,1,26,50.4,6620000.0,0
20240331,243,7,31,1,36,157.9,7690000.0,0
20240331,244,3,13,6,49,82.5,20870000.0,0
20240331,245,1,1,1,32,59.1,7570000.0,0
20240331,246,8,37,1,40,100.2,10750000.0,0
20240331,247,7,31,1,30,51.1,7560000.0,0
20240331,248,5,22,1,29,51.4,13630000.0,0
20240331,250,1,1,1,30,37.0,8850000.0,0
20240331,251,1,4,1,39,86.9,37740000.0,0
20240331,252,3,11,2,30,54.0,11630000.0,0
20240331,253,8,38,6,33,50.6,16080000.0,0
20240331,254,5,21,1,26,21.0,9060000.0,0
20240331,255,1,1,3,32,120.8,7070000.0,0
20240331,256,7,31,1,30,115.0,7400000.0,0
20240331,257,3,12,1,31,44.0,15250000.0,0
20240331,260,8,39,1,40,136.1,27190000.0,0
20240331,262,7,31,1,21,18.6,7400000.0,0
20240331,264,1,1,6,27,24.0,6130000.0,0
20240331,265,7,33,1,33,50.0,15510000.0,0
20240331,266,4,16,1,27,22.0,10070000.0,0
20240331,267,1,2,1,30,37.2,11290000.0,0
20240331,268,7,31,6,24,32.1,7080000.0,0
20240331,270,3,11,1,43,122.5,9620000.0,0
20240331,271,2,6,2,26,16.5,7850000.0,0
20240331,272,4,19,1,36,34.7,40330000.0,0
20240331,273,3,12,1,35,50.8,18600000.0,0
20240331,274,7,31,5,26,36.9,6580000.0,0
20240331,276,8,36,1,35,65.8,6180000.0,0
20240331,277,3,11,1,26,64.2,8900000.0,0
20240331,278,3,14,1,41,70.1,40820000.0,0
20240331,282,1,4,1,37,28.0,28420000.0,0
20240331,284,7,32,5,38,95.4,10180000.0,0
20240331,285,1,1,4,23,34.8,8190000.0,0
20240331,286,1,2,1,32,83.4,11820000.0,0
20240331,288,6,30,1,41,18.9,48900000.0,0
20240331,289,7,32,1,30,19.1,10500000.0,0
20240331,290,3,15,1,34,27.8,63930000.0,0
20240331,291,3,13,1,38,35.6,23030000.0,0
20240331,292,7,31,2,24,43.9,6670000.0,0
20240331,293,1,2,1,28,15.1,10200000.0,0
20240331,296,1,1,4,29,63.4,7320000.0,0
20240331,298,8,38,1,34,45.4,17320000.0,0
20240331,299,7,31,3,54,54.7,7380000.0,0
20240331,300,4,16,5,27,36.6,8260000.0,0
20240331,301,8,37,1,28,17.3,10550000.0,0
20240331,302,1,1,1,28,23.6,8380000.0,0
20240331,303,1,1,1,32,58.0,8120000.0,0
20240331,304,7,31,1,25,61.8,6770000.0,0
20240331,305,7,31,4,25,60.0,6070000.0,0
20240331,306,1,1,6,34,23.4,8810000.0,0
20240331,307,4,17,4,29,57.3,15370000.0,0
20240331,308,6,26,3,29,44.7,8340000.0,0
20240331,309,1,1,1,22,17.3,8910000.0,0
20240331,310,4,16,1,35,122.0,9990000.0,0
20240331,311,3,13,1,37,37.1,20120000.0,0
20240331,313,7,32,1,34,22.7,11820000.0,0
20240331,314,3,14,1,32,33.4,39770000.0,0
20240331,316,4,19,1,38,39.9,39820000.0,0
20240331,317,2,7,1,40,63.1,11100000.0,0
20240331,318,1,1,1,26,21.6,8010000.0,0
20240331,320,7,33,5,25,22.3,16810000.0,0
20240331,321,1,1,1,34,132.2,8290000.0,0
20240331,322,5,22,4,24,19.6,13590000.0,0
20240331,323,1,2,1,26,17.8,11180000.0,0
20240331,324,3,14,1,40,74.3,35450000.0,0
20240331,327,7,32,1,32,43.5,10880000.0,0
20240331,329,7,32,2,33,51.2,10400000.0,0
20240331,330,1,1,2,35,169.7,8170000.0,0
20240331,331,3,12,3,31,43.5,17920000.0,0
20240331,333,8,36,1,27,45.1,5940000.0,0
20240331,334,8,37,6,31,43.2,11790000.0,0
20240331,336,1,1,1,30,52.9,8880000.0,0
20240331,337,3,12,1,25,54.1,15730000.0,0
20240331,338,8,36,1,21,17.2,5860000.0,0
20240331,339,5,21,3,28,29.0,8420000.0,0
20240331,340,8,36,5,40,169.7,7880000.0,0
20240331,341,1,1,1,26,49.1,8110000.0,0
20240331,343,7,31,3,23,42.4,8110000.0,0
20240331,345,3,11,1,29,45.3,8640000.0,0
20240331,346,1,1,3,24,16.1,7380000.0,0
20240331,347,8,36,2,32,142.1,7910000.0,0
20240331,349,7,33,4,44,78.6,13600000.0,0
20240331,350,2,7,3,29,28.5,14010000.0,0
20240331,351,6,26,1,24,46.3,7710000.0,0
20240331,352,7,32,1,28,36.3,10350000.0,0
20240331,353,1,2,1,34,85.5,11460000.0,0
20240331,354,7,31,1,31,19.8,6480000.0,0
20240331,358,5,22,1,31,61.9,12200000.0,0
20240331,359,3,13,1,30,19.9,20630000.0,0
20240331,360,7,32,4,38,136.2,11350000.0,0
20240331,361,1,3,6,35,82.1,19840000.0,0
20240331,362,8,36,1,27,53.5,7050000.0,0
20240331,363,3,12,1,45,144.7,17910000.0,0
20240331,364,7,32,3,30,26.9,10470000.0,0
20240331,365,8,37,1,55,42.2,11120000.0,0
20240331,366,8,37,4,31,32.1,11280000.0,0
20240331,367,6,27,1,31,18.3,11370000.0,0
20240331,369,1,3,1,36,40.4,19770000.0,0
20240331,370,4,19,1,36,18.9,30400000.0,0
20240331,372,1,1,1,31,47.5,7640000.0,0
20240331,373,2,8,1,36,59.6,17330000.0,0
20240331,374,1,1,5,33,86.4,9040000.0,0
20240331,375,5,22,4,38,161.7,14390000.0,0
20240331,376,3,11,4,25,33.1,9360000.0,0
20240331,377,6,28,2,44,133.2,17500000.0,0
20240331,378,1,1,2,36,113.9,8500000.0,0
20240331,379,1,1,1,29,77.3,7750000.0,0
20240331,380,3,12,5,32,32.9,12110000.0,0
20240331,381,4,18,2,44,102.8,20190000.0,0
20240331,383,6,27,2,32,55.0,11170000.0,0
20240331,384,3,11,1,31,84.5,9720000.0,0
20240331,385,7,33,6,22,16.6,15230000.0,0
20240331,386,2,6,1,40,117.3,9150000.0,0
20240331,387,3,11,1,26,33.2,9960000.0,0
20240331,388,7,31,1,22,17.1,6310000.0,0
20240331,389,7,31,2,30,68.7,6080000.0,0
20240331,390,3,13,1,38,65.4,20730000.0,0
20240331,391,7,32,3,31,54.4,11140000.0,0
20240331,392,8,37,1,27,40.5,11280000.0,0
20240331,393,7,31,6,25,55.9,6880000.0,0
20240331,396,1,1,1,27,33.0,7350000.0,0
20240331,397,2,7,1,26,41.1,12050000.0,0
20240331,398,3,12,1,29,24.8,12160000.0,0
20240331,399,2,6,1,36,169.7,8590000.0,0
20240331,400,7,32,3,36,42.1,8510000.0,0
20240331,401,6,29,1,35,33.3,35320000.0,0
20240331,404,7,31,6,36,146.9,6220000.0,0
20240331,405,3,12,1,32,62.2,14340000.0,0
20240331,406,3,11,2,32,36.7,9780000.0,0
20240331,408,3,12,4,34,113.5,14440000.0,0
20240331,409,7,33,1,41,169.7,17620000.0,0
20240331,410,8,38,1,29,40.4,13900000.0,0
20240331,412,1,1,1,29,50.7,7750000.0,0
20240331,413,8,36,3,29,17.1,6270000.0,0
20240331,414,3,11,2,37,131.0,8920000.0,0
20240331,415,3,11,5,34,105.4,9780000.0,0
20240331,417,7,31,2,25,16.0,6920000.0,0
20240331,418,7,31,1,35,50.1,7070000.0,0
20240331,419,8,39,1,39,63.4,25230000.0,0
20240331,420,5,21,2,32,76.8,9340000.0,0
20240331,421,1,4,1,39,77.9,24550000.0,0
20240331,423,4,16,5,24,39.8,9140000.0,0
20240331,424,3,11,1,22,15.6,9120000.0,0
20240331,425,1,3,3,34,33.7,15690000.0,0
20240331,426,3,14,6,36,25.6,41180000.0,0
20240331,427,1,1,6,24,20.7,9140000.0,0
20240331,428,8,39,6,37,24.6,27220000.0,0
20240331,429,7,33,1,33,40.4,15810000.0,0
20240331,431,3,12,2,43,137.8,14860000.0,0
20240331,432,1,4,1,40,32.0,37290000.0,0
20240331,433,7,35,1,48,121.1,47190000.0,0
20240331,436,3,13,3,36,49.7,22330000.0,0
20240331,438,1,2,2,31,63.0,13410000.0,0
20240331,439,8,37,1,34,48.7,10060000.0,0
20240331,440,7,31,3,29,28.8,6770000.0,0
20240331,442,8,36,2,28,71.0,5700000.0,0
20240331,443,2,6,1,42,169.7,7090000.0,0
20240331,444,1,1,1,27,21.2,7640000.0,0
20240331,445,1,4,1,43,132.9,28670000.0,0
20240331,446,8,36,4,24,48.7,6560000.0,0
20240331,447,4,16,1,25,36.6,9850000.0,0
20240331,449,1,2,6,26,31.8,10640000.0,0
20240331,450,8,38,1,38,102.7,17000000.0,0
20240331,452,3,12,2,31,52.9,14290000.0,0
20240331,453,8,36,2,31,45.7,7440000.0,0
20240331,454,7,34,1,40,115.0,25410000.0,0
20240331,455,4,20,6,43,39.8,63640000.0,0
20240331,456,1,1,3,54,18.0,8360000.0,0
20240331,457,7,32,3,39,113.9,11530000.0,0
20240331,458,7,31,1,26,40.1,7020000.0,0
20240331,459,7,31,1,28,34.0,6030000.0,0
20240331,460,2,7,1,32,40.7,11340000.0,0
20240331,461,4,16,1,24,14.3,10680000.0,0
20240331,462,2,6,1,24,14.7,9890000.0,0
20240331,463,5,21,1,23,14.2,8300000.0,0
20240331,464,7,31,4,21,14.5,6540000.0,0
20240331,465,8,37,2,27,14.8,9120000.0,0
20240331,466,7,31,4,27,14.6,7160000.0,0
20240331,467,3,11,2,24,14.2,10560000.0,0
20240331,469,7,31,1,25,14.8,6500000.0,0
20240331,470,1,1,1,26,14.1,7880000.0,0
20240331,471,7,32,3,32,14.2,11820000.0,0
20240331,472,2,6,1,27,14.0,7690000.0,0
20240331,473,6,26,1,25,14.4,7810000.0,0
20240331,474,6,27,1,31,14.8,11890000.0,0
20240331,476,7,31,1,28,13.2,7310000.0,0
20240331,478,3,11,4,22,13.3,8350000.0,0
20240331,479,2,6,6,33,13.6,8940000.0,0
20240331,480,5,21,6,25,13.4,7990000.0,0
20240331,481,8,36,1,25,12.2,7510000.0,0
20240331,482,7,31,3,25,12.5,6330000.0,0
20240331,483,8,37,1,30,13.0,10720000.0,0
20240331,485,1,1,1,24,12.8,7150000.0,0
20240331,486,1,1,2,25,12.8,7580000.0,0
20240331,487,1,1,1,24,12.0,7010000.0,0
20240331,488,7,31,1,29,11.3,6350000.0,0
20240331,490,3,11,4,21,11.2,10270000.0,0
20240331,491,8,36,3,26,11.8,6730000.0,0
20240331,492,8,36,5,21,11.7,6000000.0,0
20240331,493,3,11,1,21,11.5,8950000.0,0
20240331,494,4,19,2,41,11.7,39800000.0,0
20240331,495,3,11,2,23,11.4,10150000.0,0
20240331,496,7,31,2,,11.9,6530000.0,0
20240331,498,7,32,6,26,12.0,10280000.0,0
20240331,499,1,2,5,22,11.5,13190000.0,0
20240331,500,2,6,2,26,11.7,8000000.0,0
20240331,501,8,36,4,31,11.2,5450000.0,0
20240331,502,1,1,6,21,11.1,6620000.0,0
20240331,503,3,11,3,21,11.6,8280000.0,0
20240331,504,7,31,3,27,11.7,6900000.0,0
20240331,505,2,7,3,29,11.2,11600000.0,0
20240331,506,3,12,1,33,11.9,13760000.0,0
20240331,507,2,6,1,21,11.8,9720000.0,0
20240331,508,7,33,1,33,11.9,16790000.0,0
20240331,509,7,31,1,26,11.1,6310000.0,0
20240331,510,3,11,3,20,10.9,8750000.0,0
20240331,511,8,36,1,21,10.9,5850000.0,0
20240331,514,1,1,6,28,11.0,8660000.0,0
20240331,518,2,6,2,29,9.4,8430000.0,0
20240331,519,8,36,1,21,9.2,5930000.0,0
20240331,520,1,1,1,21,9.1,7180000.0,0
20240331,521,7,31,2,27,10.0,7440000.0,0
20240331,524,7,32,1,21,8.3,11200000.0,0
20240331,526,8,36,1,27,8.9,6960000.0,0
20240331,527,3,14,1,33,8.5,34820000.0,0
20240331,528,7,32,3,32,8.8,10230000.0,0
20240331,529,8,36,5,21,8.6,6760000.0,0
20240331,530,7,33,1,26,8.6,15390000.0,0
20240331,531,1,2,1,24,8.1,13120000.0,0
20240331,532,6,26,1,25,8.6,8400000.0,0
20240331,534,8,36,1,25,7.0,5710000.0,0
20240331,535,5,21,3,22,7.3,8890000.0,0
20240331,536,3,11,1,22,7.7,9290000.0,0
20240331,537,7,31,1,26,7.5,6160000.0,0
20240331,538,3,11,3,21,7.4,9070000.0,0
20240331,539,2,7,4,28,7.6,13260000.0,0
20240331,540,3,11,1,24,7.6,11250000.0,0
20240331,541,8,36,1,21,7.6,7800000.0,0
20240331,542,8,36,4,21,7.7,7690000.0,0
20240331,543,3,12,1,25,7.6,14350000.0,0
20240331,544,6,26,1,28,7.9,7770000.0,0
20240331,545,4,16,2,25,7.7,9050000.0,0
20240331,546,2,7,1,35,7.0,13140000.0,0
20240331,547,1,2,2,24,7.6,12430000.0,0
20240331,548,1,1,5,25,6.0,8480000.0,0
20240331,549,1,2,1,29,6.5,13840000.0,0
20240331,551,8,36,2,31,6.9,6080000.0,0
20240331,552,8,38,5,31,6.7,15110000.0,0
20240331,554,1,1,5,21,5.3,8280000.0,0
20240331,555,8,36,2,21,5.7,6550000.0,0
20240331,556,2,6,6,23,5.1,8450000.0,0
20240331,558,6,26,1,20,5.9,7340000.0,0
20240331,559,8,36,1,20,5.1,7350000.0,0
20240331,560,8,36,1,29,5.8,5990000.0,0
20240331,561,2,6,1,21,5.1,7950000.0,0
20240331,562,1,1,1,25,5.1,7550000.0,0
20240331,563,8,36,5,26,4.5,7080000.0,0
20240331,564,1,1,1,27,4.2,7420000.0,0
20240331,566,4,16,5,26,4.8,8670000.0,0
20240331,567,8,37,6,30,4.4,9290000.0,0
20240331,568,3,12,5,29,4.4,13310000.0,0
20240331,569,8,38,1,33,4.2,15600000.0,0
20240331,571,6,26,6,27,4.6,7800000.0,0
20240331,572,3,12,1,23,4.1,13830000.0,0
20240331,573,4,16,5,26,4.1,7970000.0,0
20240331,574,5,21,5,27,4.2,7690000.0,0
20240331,575,1,2,4,29,4.9,10800000.0,0
20240331,576,7,31,1,30,4.3,7440000.0,0
20240331,578,3,11,3,21,4.7,10520000.0,0
20240331,580,2,6,5,20,3.4,7220000.0,0
20240331,582,1,1,1,24,3.0,6910000.0,0
20240331,583,6,26,5,29,3.8,7550000.0,0
20240331,584,3,11,3,22,3.9,8980000.0,0
20240331,585,1,3,6,27,3.9,16440000.0,0
20240331,586,1,1,3,20,3.9,6720000.0,0
20240331,587,1,1,1,29,3.7,7340000.0,0
20240331,589,1,1,1,27,3.8,8350000.0,0
20240331,591,1,1,2,28,3.0,8290000.0,0
20240331,592,7,31,6,22,2.4,5870000.0,0
20240331,593,7,33,3,34,2.5,15480000.0,0
20240331,595,7,32,4,32,1.9,10230000.0,0
20240331,596,5,21,1,31,1.6,7190000.0,0
20240331,597,2,6,1,28,1.6,7540000.0,0
20240331,598,1,2,1,29,1.0,10130000.0,0
20240331,599,7,31,1,23,1.3,6990000.0,0
20240331,600,7,31,2,22,1.4,5680000.0,0
20240331,601,7,31,4,25,1.2,6320000.0,0
20240331,602,8,38,1,34,1.1,15610000.0,0
20240331,603,4,16,3,23,1.3,8750000.0,0
20240331,604,1,1,1,23,1.4,8190000.0,0
20240331,605,7,31,5,24,1.8,6860000.0,0
20240331,606,7,31,2,26,1.5,6810000.0,0
20240331,607,3,11,5,20,1.9,9040000.0,0
20240331,608,8,36,1,20,1.1,6700000.0,0
20240331,609,7,31,1,28,1.6,7900000.0,0
20240331,610,7,31,1,25,1.9,7540000.0,0
20240331,611,4,17,1,24,1.1,16020000.0,0
20240331,612,2,6,2,23,1.3,6820000.0,0
20240331,613,8,36,5,21,1.8,6270000.0,0
20240331,614,8,36,1,25,0.0,7350000.0,1
20240331,615,1,2,2,29,0.4,11210000.0,1
20240331,616,8,37,1,24,0.4,11010000.0,1
20240331,617,3,11,5,20,0.8,8450000.0,1
20240331,618,3,11,3,24,0.8,8070000.0,1
20240331,619,8,36,2,31,0.0,1461111.0,1
20240331,620,2,6,3,25,0.6,8530000.0,1
20240331,621,3,12,1,26,1.0,12570000.0,1
20240331,622,8,36,1,30,0.6,5870000.0,1
20240331,623,7,31,1,21,0.6,5960000.0,1
20240331,624,8,37,1,30,0.7,9720000.0,1
20240331,625,2,7,1,34,0.0,13130000.0,1
20240331,626,7,31,2,23,0.7,7290000.0,1
20240331,627,2,6,6,22,0.1,1544444.0,1
20240430,2,7,32,1,32,57.0,9920000.0,0
20240430,3,5,21,1,30,45.2,7980000.0,0
20240430,5,8,36,1,30,44.3,6730000.0,0
20240430,6,1,1,1,27,33.5,8560000.0,0
20240430,7,3,11,2,31,49.1,10290000.0,0
20240430,8,5,21,2,32,34.2,7940000.0,0
20240430,9,8,36,3,31,60.8,6350000.0,0
20240430,11,8,36,6,27,24.4,7050000.0,0
20240430,12,2,6,3,35,63.8,7890000.0,0
20240430,13,2,7,2,28,62.3,11850000.0,0
20240430,15,4,16,1,25,62.0,7660000.0,0
20240430,16,1,1,5,25,29.7,7510000.0,0
20240430,17,6,26,3,23,38.6,9220000.0,0
20240430,19,5,24,1,46,69.1,33820000.0,0
20240430,21,7,31,5,26,72.6,6840000.0,0
20240430,22,1,1,3,24,38.4,8200000.0,0
20240430,23,1,2,6,33,65.3,12300000.0,0
20240430,24,8,36,1,34,80.6,7190000.0,0
20240430,25,2,8,1,39,60.4,17070000.0,0
20240430,26,8,37,4,30,83.6,11730000.0,0
20240430,27,3,14,1,35,24.1,39290000.0,0
20240430,28,2,6,1,28,69.4,7290000.0,0
20240430,29,3,12,1,31,48.1,15640000.0,0
20240430,30,1,2,3,36,43.8,14120000.0,0
20240430,31,2,6,4,,96.4,9190000.0,0
20240430,33,3,11,3,28,27.3,10100000.0,0
20240430,34,8,36,5,23,42.1,6620000.0,0
20240430,37,1,3,1,35,26.5,18770000.0,0
20240430,38,3,11,1,37,64.4,9600000.0,0
20240430,39,4,16,3,26,25.2,9420000.0,0
20240430,40,3,11,5,30,49.4,10150000.0,0
20240430,41,7,31,1,27,44.9,5850000.0,0
20240430,43,5,21,1,27,22.9,7630000.0,0
20240430,44,6,26,2,30,61.4,8080000.0,0
20240430,45,7,31,1,36,107.4,8020000.0,0
20240430,46,7,31,2,22,18.0,6260000.0,0
20240430,47,7,31,4,34,81.3,8110000.0,0
20240430,48,7,31,5,30,91.6,6780000.0,0
20240430,49,3,13,1,30,101.0,24600000.0,0
20240430,50,3,13,1,36,33.5,21450000.0,0
20240430,51,7,31,1,30,26.1,6680000.0,0
20240430,53,7,32,1,31,27.9,11000000.0,0
20240430,54,8,37,2,32,30.7,11650000.0,0
20240430,55,8,36,1,28,33.9,5600000.0,0
20240430,56,1,1,3,29,87.3,7660000.0,0
20240430,57,4,16,1,29,66.2,10270000.0,0
20240430,58,4,16,3,37,120.4,9110000.0,0
20240430,59,3,12,1,35,81.3,14580000.0,0
20240430,60,3,11,1,55,44.9,10540000.0,0
20240430,61,4,17,3,34,111.4,15670000.0,0
20240430,62,2,6,4,27,28.5,7910000.0,0
20240430,63,3,11,5,30,64.0,10500000.0,0
20240430,64,7,31,1,32,35.0,7480000.0,0
20240430,65,3,11,1,26,69.9,9190000.0,0
20240430,66,1,3,4,33,57.8,16050000.0,0
20240430,67,7,31,6,25,25.1,6900000.0,0
20240430,69,5,21,6,26,49.9,8770000.0,0
20240430,71,1,4,2,40,170.6,29650000.0,0
20240430,72,5,21,1,32,79.8,8160000.0,0
20240430,73,3,14,1,43,44.1,39270000.0,0
20240430,74,8,36,2,34,93.0,7110000.0,0
20240430,75,4,16,6,30,117.9,10100000.0,0
20240430,76,3,13,5,44,128.1,21820000.0,0
20240430,77,5,21,1,25,34.2,8240000.0,0
20240430,79,8,39,1,43,23.5,24050000.0,0
20240430,80,7,33,2,35,24.3,13990000.0,0
20240430,81,1,1,6,24,41.7,8110000.0,0
20240430,82,2,6,1,29,20.4,8140000.0,0
20240430,83,6,27,2,31,33.6,11520000.0,0
20240430,84,4,16,3,41,136.9,7990000.0,0
20240430,86,3,13,1,38,104.0,22910000.0,0
20240430,87,6,26,1,23,36.0,7680000.0,0
20240430,88,1,1,5,24,54.4,7090000.0,0
20240430,89,1,1,5,29,39.5,7430000.0,0
20240430,91,7,31,1,26,46.0,8220000.0,0
20240430,92,5,21,3,28,56.5,7050000.0,0
20240430,94,2,6,1,28,76.5,8320000.0,0
20240430,95,1,2,2,26,53.7,13040000.0,0
20240430,96,2,9,1,47,170.6,31430000.0,0
20240430,98,8,36,1,55,21.8,6110000.0,0
20240430,99,7,32,6,32,85.3,12130000.0,0
20240430,100,1,1,3,32,40.0,8020000.0,0
20240430,101,7,31,5,34,48.7,6490000.0,0
20240430,102,7,32,1,31,32.9,9930000.0,0
20240430,104,2,6,1,30,69.8,7800000.0,0
20240430,105,8,36,3,37,116.2,5470000.0,0
20240430,106,8,36,3,33,46.2,5750000.0,0
20240430,108,4,17,3,33,24.0,15090000.0,0
20240430,109,5,21,1,32,72.0,9150000.0,0
20240430,111,1,2,1,34,170.6,14410000.0,0
20240430,112,2,6,3,31,19.2,7130000.0,0
20240430,114,1,2,1,27,20.7,13300000.0,0
20240430,115,3,13,1,31,20.5,23970000.0,0
20240430,116,1,5,1,42,46.0,42990000.0,0
20240430,118,7,31,5,29,46.7,6190000.0,0
20240430,120,2,6,4,23,19.9,6930000.0,0
20240430,121,3,11,1,41,170.6,9590000.0,0
20240430,122,7,32,5,31,44.4,10460000.0,0
20240430,123,3,11,2,34,27.9,10070000.0,0
20240430,124,8,36,6,26,47.2,5780000.0,0
20240430,125,7,32,1,29,55.9,11030000.0,0
20240430,127,1,1,6,27,27.1,7450000.0,0
20240430,128,4,16,2,36,81.0,10420000.0,0
20240430,129,6,26,1,39,170.6,6290000.0,0
20240430,131,1,5,1,52,162.0,49410000.0,0
20240430,132,3,12,1,35,72.8,12790000.0,0
20240430,133,1,3,1,41,154.7,17720000.0,0
20240430,135,1,1,1,39,67.2,7090000.0,0
20240430,136,7,32,2,29,64.2,8790000.0,0
20240430,137,1,1,3,26,27.3,9130000.0,0
20240430,138,6,29,1,38,49.2,27100000.0,0
20240430,139,7,32,4,29,51.0,12650000.0,0
20240430,140,8,36,1,32,25.9,6010000.0,0
20240430,141,1,3,3,37,66.3,17380000.0,0
20240430,143,7,31,4,54,48.4,7960000.0,0
20240430,146,1,3,4,29,57.1,20530000.0,0
20240430,148,7,31,1,40,155.4,7680000.0,0
20240430,149,1,1,5,28,40.5,6650000.0,0
20240430,150,7,32,5,40,120.1,12160000.0,0
20240430,151,8,36,3,24,48.7,7260000.0,0
20240430,152,6,26,1,32,33.7,7070000.0,0
20240430,153,7,33,1,35,93.6,15460000.0,0
20240430,154,1,5,1,42,46.4,44820000.0,0
20240430,155,4,16,2,31,23.7,7710000.0,0
20240430,156,1,3,6,42,69.4,18160000.0,0
20240430,157,1,5,1,44,52.8,44360000.0,0
20240430,159,7,31,1,27,43.5,6460000.0,0
20240430,160,7,35,1,44,112.8,37150000.0,0
20240430,162,4,16,1,31,109.1,8720000.0,0
20240430,165,5,21,2,38,165.0,9430000.0,0
20240430,167,8,39,1,39,59.1,23090000.0,0
20240430,168,2,7,1,35,84.7,13590000.0,0
20240430,169,1,1,1,22,26.7,7070000.0,0
20240430,170,1,2,6,37,45.5,13380000.0,0
20240430,171,7,31,6,28,29.8,7690000.0,0
20240430,172,7,31,1,26,16.4,7540000.0,0
20240430,174,8,37,1,25,55.6,10490000.0,0
20240430,175,8,38,3,41,58.9,14310000.0,0
20240430,176,3,14,1,37,33.1,42640000.0,0
20240430,178,7,33,1,37,18.3,18230000.0,0
20240430,179,1,4,1,38,80.0,30250000.0,0
20240430,181,1,2,1,33,72.4,10440000.0,0
20240430,182,7,31,1,31,71.9,6590000.0,0
20240430,183,5,21,2,33,104.1,8880000.0,0
20240430,184,8,36,1,28,26.1,7780000.0,0
20240430,187,8,36,3,23,37.8,7070000.0,0
20240430,188,4,16,1,25,54.4,9290000.0,0
20240430,189,3,13,1,32,35.3,20510000.0,0
20240430,190,7,31,5,27,71.5,7060000.0,0
20240430,191,4,16,1,34,38.4,9620000.0,0
20240430,193,1,2,1,33,43.0,10180000.0,0
20240430,194,8,39,1,30,65.6,25800000.0,0
20240430,195,7,32,1,55,71.3,9740000.0,0
20240430,196,7,32,6,30,103.8,9390000.0,0
20240430,197,6,28,3,39,115.8,19210000.0,0
20240430,198,6,26,6,33,56.2,6980000.0,0
20240430,199,6,26,1,34,36.9,8140000.0,0
20240430,200,2,7,1,27,34.7,11740000.0,0
20240430,201,5,21,5,24,46.9,6660000.0,0
20240430,203,7,31,1,22,21.4,5810000.0,0
20240430,204,1,1,1,39,116.5,8900000.0,0
20240430,205,8,36,4,26,25.6,5950000.0,0
20240430,206,1,1,1,30,48.9,8440000.0,0
20240430,208,3,13,2,43,170.6,25770000.0,0
20240430,209,6,26,1,25,39.6,7640000.0,0
20240430,210,7,33,1,31,38.2,16500000.0,0
20240430,211,7,31,1,30,83.8,7450000.0,0
20240430,212,3,12,6,28,24.4,16950000.0,0
20240430,213,2,6,3,28,39.7,8610000.0,0
20240430,214,8,36,1,34,131.9,5950000.0,0
20240430,215,4,17,1,31,85.2,14370000.0,0
20240430,216,4,16,6,,74.8,9390000.0,0
20240430,217,5,21,1,32,32.1,7360000.0,0
20240430,218,3,11,1,30,53.6,10970000.0,0
20240430,219,3,11,1,38,86.8,8150000.0,0
20240430,220,8,38,1,35,85.0,13280000.0,0
20240430,221,7,31,3,29,48.9,6210000.0,0
20240430,222,8,36,1,29,42.7,6590000.0,0
20240430,223,1,1,3,23,28.9,8420000.0,0
20240430,224,1,4,1,40,78.9,32070000.0,0
20240430,226,2,6,2,35,26.3,7520000.0,0
20240430,227,2,6,4,26,75.7,7820000.0,0
20240430,228,5,24,2,34,19.1,28470000.0,0
20240430,229,7,31,1,32,121.0,7430000.0,0
20240430,230,8,37,1,28,19.7,10260000.0,0
20240430,232,3,12,1,39,110.9,16850000.0,0
20240430,233,8,36,2,55,50.6,6180000.0,0
20240430,234,7,32,2,41,170.6,11010000.0,0
20240430,237,6,27,4,28,16.6,11020000.0,0
20240430,238,7,31,1,30,29.8,6640000.0,0
20240430,239,2,7,4,33,103.7,14250000.0,0
20240430,240,8,36,6,30,57.3,6440000.0,0
20240430,241,8,36,1,54,51.8,7350000.0,0
20240430,242,8,36,1,26,51.4,6620000.0,0
20240430,243,7,31,1,36,158.9,7690000.0,0
20240430,244,3,13,6,49,83.4,20870000.0,0
20240430,245,1,1,1,32,60.1,7570000.0,0
20240430,246,8,37,1,40,101.2,10750000.0,0
20240430,247,7,31,1,30,52.1,7560000.0,0
20240430,248,5,22,1,29,52.4,13630000.0,0
20240430,250,1,1,1,31,37.9,8850000.0,0
20240430,251,1,4,1,39,87.9,37740000.0,0
20240430,252,3,11,2,30,55.0,11630000.0,0
20240430,253,8,38,6,33,51.6,16080000.0,0
20240430,254,5,21,1,27,22.0,9060000.0,0
20240430,255,1,1,3,32,121.8,7070000.0,0
20240430,256,7,31,1,30,115.9,7400000.0,0
20240430,257,3,12,1,31,45.0,15250000.0,0
20240430,260,8,39,1,40,137.1,27190000.0,0
20240430,262,7,31,1,21,19.6,7400000.0,0
20240430,264,1,1,6,27,24.9,6130000.0,0
20240430,265,7,33,1,33,51.0,15510000.0,0
20240430,266,4,16,1,27,23.0,10070000.0,0
20240430,267,1,2,1,30,38.2,11290000.0,0
20240430,268,7,31,6,24,33.1,7080000.0,0
20240430,271,2,6,2,26,17.4,7850000.0,0
20240430,272,4,19,1,37,35.7,40330000.0,0
20240430,273,3,12,1,35,51.7,18600000.0,0
20240430,274,7,31,5,26,37.8,6580000.0,0
20240430,276,8,36,1,35,66.8,6180000.0,0
20240430,277,3,11,1,26,65.1,8900000.0,0
20240430,278,3,14,1,41,71.1,40820000.0,0
20240430,282,1,4,1,37,29.0,28420000.0,0
20240430,284,7,32,5,38,96.4,10180000.0,0
20240430,285,1,1,4,23,35.8,8190000.0,0
20240430,286,1,2,1,32,84.4,11820000.0,0
20240430,288,6,30,1,41,19.8,48900000.0,0
20240430,289,7,32,1,30,20.0,10500000.0,0
20240430,290,3,15,1,34,28.8,63930000.0,0
20240430,291,3,13,1,38,36.6,23030000.0,0
20240430,292,7,31,2,24,44.8,6670000.0,0
20240430,293,1,2,1,28,16.1,10200000.0,0
20240430,296,1,1,4,29,64.4,7320000.0,0
20240430,298,8,38,1,35,46.4,17320000.0,0
20240430,299,7,31,3,54,55.7,7380000.0,0
20240430,300,4,16,5,28,37.6,8260000.0,0
20240430,301,8,37,1,28,18.3,10550000.0,0
20240430,302,1,1,1,28,24.6,8380000.0,0
20240430,303,1,1,1,32,59.0,8120000.0,0
20240430,304,7,31,1,25,62.8,6770000.0,0
20240430,305,7,31,4,25,61.0,6070000.0,0
20240430,306,1,1,6,34,24.3,8810000.0,0
20240430,307,4,17,4,29,58.3,15370000.0,0
20240430,308,6,26,3,30,45.7,8340000.0,0
20240430,309,1,1,1,22,18.3,8910000.0,0
20240430,310,4,16,1,35,123.0,9990000.0,0
20240430,311,3,13,1,37,38.1,20120000.0,0
20240430,313,7,32,1,34,23.7,11820000.0,0
20240430,314,3,14,1,33,34.4,39770000.0,0
20240430,316,4,19,1,38,40.9,39820000.0,0
20240430,317,2,7,1,40,64.1,11100000.0,0
20240430,318,1,1,1,27,22.6,8010000.0,0
20240430,320,7,33,5,25,23.3,16810000.0,0
20240430,321,1,1,1,34,133.2,8290000.0,0
20240430,322,5,22,4,24,20.6,13590000.0,0
20240430,323,1,2,1,26,18.8,11180000.0,0
20240430,324,3,14,1,41,75.3,35450000.0,0
20240430,327,7,32,1,32,44.5,10880000.0,0
20240430,329,7,32,2,33,52.2,10400000.0,0
20240430,330,1,1,2,35,170.6,8170000.0,0
20240430,331,3,12,3,31,44.5,17920000.0,0
20240430,333,8,36,1,27,46.1,5940000.0,0
20240430,334,8,37,6,31,44.2,11790000.0,0
20240430,336,1,1,1,30,53.8,8880000.0,0
20240430,337,3,12,1,25,55.1,15730000.0,0
20240430,338,8,36,1,21,18.2,5860000.0,0
20240430,339,5,21,3,28,30.0,8420000.0,0
20240430,340,8,36,5,40,170.6,7880000.0,0
20240430,341,1,1,1,26,50.1,8110000.0,0
20240430,343,7,31,3,23,43.4,8110000.0,0
20240430,345,3,11,1,29,46.3,8640000.0,0
20240430,347,8,36,2,32,143.1,7910000.0,0
20240430,349,7,33,4,44,79.6,13600000.0,0
20240430,350,2,7,3,29,29.5,14010000.0,0
20240430,351,6,26,1,24,47.3,7710000.0,0
20240430,352,7,32,1,28,37.3,10350000.0,0
20240430,353,1,2,1,34,86.5,11460000.0,0
20240430,354,7,31,1,31,20.8,6480000.0,0
20240430,358,5,22,1,31,62.9,12200000.0,0
20240430,359,3,13,1,30,20.9,20630000.0,0
20240430,360,7,32,4,38,137.2,11350000.0,0
20240430,361,1,3,6,35,83.1,19840000.0,0
20240430,362,8,36,1,27,54.5,7050000.0,0
20240430,363,3,12,1,45,145.7,17910000.0,0
20240430,364,7,32,3,30,27.9,10470000.0,0
20240430,365,8,37,1,56,43.2,11120000.0,0
20240430,366,8,37,4,31,33.1,11280000.0,0
20240430,367,6,27,1,31,19.3,11370000.0,0
20240430,369,1,3,1,36,41.4,19770000.0,0
20240430,370,4,19,1,36,19.9,30400000.0,0
20240430,372,1,1,1,31,48.5,7640000.0,0
20240430,373,2,8,1,37,60.6,17330000.0,0
20240430,374,1,1,5,33,87.4,9040000.0,0
20240430,375,5,22,4,39,162.7,14390000.0,0
20240430,376,3,11,4,25,34.0,9360000.0,0
20240430,377,6,28,2,44,134.2,17500000.0,0
20240430,378,1,1,2,36,114.9,8500000.0,0
20240430,379,1,1,1,29,78.3,7750000.0,0
20240430,380,3,12,5,32,33.9,12110000.0,0
20240430,381,4,18,2,44,103.8,20190000.0,0
20240430,383,6,27,2,32,56.0,11170000.0,0
20240430,384,3,11,1,31,85.5,9720000.0,0
20240430,385,7,33,6,22,17.6,15230000.0,0
20240430,386,2,6,1,40,118.3,9150000.0,0
20240430,387,3,11,1,26,34.2,9960000.0,0
20240430,388,7,31,1,23,18.1,6310000.0,0
20240430,389,7,31,2,30,69.7,6080000.0,0
20240430,390,3,13,1,38,66.4,20730000.0,0
20240430,391,7,32,3,31,55.4,11140000.0,0
20240430,392,8,37,1,27,41.5,11280000.0,0
20240430,393,7,31,6,25,56.9,6880000.0,0
20240430,396,1,1,1,27,34.0,7350000.0,0
20240430,397,2,7,1,26,42.1,12050000.0,0
20240430,398,3,12,1,29,25.8,12160000.0,0
20240430,399,2,6,1,36,170.6,8590000.0,0
20240430,400,7,32,3,36,43.0,8510000.0,0
20240430,401,6,29,1,35,34.3,35320000.0,0
20240430,404,7,31,6,36,147.8,6220000.0,0
20240430,405,3,12,1,32,63.2,14340000.0,0
20240430,406,3,11,2,32,37.7,9780000.0,0
20240430,409,7,33,1,42,170.6,17620000.0,0
20240430,410,8,38,1,29,41.4,13900000.0,0
20240430,412,1,1,1,29,51.7,7750000.0,0
20240430,413,8,36,3,29,18.1,6270000.0,0
20240430,414,3,11,2,37,132.0,8920000.0,0
20240430,415,3,11,5,34,106.3,9780000.0,0
20240430,417,7,31,2,25,17.0,6920000.0,0
20240430,418,7,31,1,35,51.1,7070000.0,0
20240430,419,8,39,1,39,64.4,25230000.0,0
20240430,420,5,21,2,32,77.8,9340000.0,0
20240430,421,1,4,1,39,78.9,24550000.0,0
20240430,423,4,16,5,24,40.8,9140000.0,0
20240430,424,3,11,1,22,16.6,9120000.0,0
20240430,425,1,3,3,34,34.7,15690000.0,0
20240430,426,3,14,6,36,26.5,41180000.0,0
20240430,427,1,1,6,24,21.7,9140000.0,0
20240430,429,7,33,1,33,41.4,15810000.0,0
20240430,431,3,12,2,43,138.8,14860000.0,0
20240430,432,1,4,1,40,33.0,37290000.0,0
20240430,433,7,35,1,48,122.1,47190000.0,0
20240430,436,3,13,3,36,50.7,22330000.0,0
20240430,438,1,2,2,31,64.0,13410000.0,0
20240430,439,8,37,1,34,49.6,10060000.0,0
20240430,440,7,31,3,29,29.8,6770000.0,0
20240430,442,8,36,2,28,72.0,5700000.0,0
20240430,443,2,6,1,42,170.6,7090000.0,0
20240430,444,1,1,1,27,22.2,7640000.0,0
20240430,445,1,4,1,43,133.9,28670000.0,0
20240430,446,8,36,4,24,49.7,6560000.0,0
20240430,447,4,16,1,25,37.6,9850000.0,0
20240430,449,1,2,6,27,32.8,10640000.0,0
20240430,450,8,38,1,38,103.7,17000000.0,0
20240430,452,3,12,2,31,53.8,14290000.0,0
20240430,453,8,36,2,31,46.7,7440000.0,0
20240430,454,7,34,1,40,115.9,25410000.0,0
20240430,455,4,20,6,43,40.8,63640000.0,0
20240430,456,1,1,3,55,19.0,8360000.0,0
20240430,457,7,32,3,39,114.9,11530000.0,0
20240430,458,7,31,1,26,41.1,7020000.0,0
20240430,459,7,31,1,28,35.0,6030000.0,0
20240430,460,2,7,1,32,41.7,11340000.0,0
20240430,461,4,16,1,24,15.3,10680000.0,0
20240430,462,2,6,1,24,15.7,9890000.0,0
20240430,463,5,21,1,23,15.1,8300000.0,0
20240430,464,7,31,4,22,15.4,6540000.0,0
20240430,465,8,37,2,27,15.8,9120000.0,0
20240430,466,7,31,4,27,15.6,7160000.0,0
20240430,467,3,11,2,24,15.2,10560000.0,0
20240430,469,7,31,1,25,15.8,6500000.0,0
20240430,470,1,1,1,26,15.1,7880000.0,0
20240430,471,7,32,3,32,15.1,11820000.0,0
20240430,472,2,6,1,27,15.0,7690000.0,0
20240430,473,6,26,1,25,15.3,7810000.0,0
20240430,474,6,27,1,31,15.7,11890000.0,0
20240430,476,7,31,1,28,14.2,7310000.0,0
20240430,478,3,11,4,22,14.3,8350000.0,0
20240430,479,2,6,6,33,14.6,8940000.0,0
20240430,480,5,21,6,26,14.4,7990000.0,0
20240430,481,8,36,1,25,13.2,7510000.0,0
20240430,482,7,31,3,26,13.4,6330000.0,0
20240430,483,8,37,1,30,14.0,10720000.0,0
20240430,485,1,1,1,24,13.8,7150000.0,0
20240430,486,1,1,2,25,13.8,7580000.0,0
20240430,487,1,1,1,24,12.9,7010000.0,0
20240430,488,7,31,1,29,12.3,6350000.0,0
20240430,490,3,11,4,21,12.2,10270000.0,0
20240430,491,8,36,3,27,12.8,6730000.0,0
20240430,492,8,36,5,21,12.7,6000000.0,0
20240430,493,3,11,1,21,12.5,8950000.0,0
20240430,494,4,19,2,41,12.6,39800000.0,0
20240430,495,3,11,2,23,12.4,10150000.0,0
20240430,496,7,31,2,,12.9,6530000.0,0
20240430,498,7,32,6,26,13.0,10280000.0,0
20240430,499,1,2,5,22,12.5,13190000.0,0
20240430,500,2,6,2,26,12.7,8000000.0,0
20240430,501,8,36,4,31,12.2,5450000.0,0
20240430,502,1,1,6,21,12.1,6620000.0,0
20240430,504,7,31,3,27,12.7,6900000.0,0
20240430,505,2,7,3,29,12.2,11600000.0,0
20240430,506,3,12,1,33,12.8,13760000.0,0
20240430,507,2,6,1,21,12.7,9720000.0,0
20240430,508,7,33,1,33,12.9,16790000.0,0
20240430,509,7,31,1,26,12.1,6310000.0,0
20240430,510,3,11,3,21,11.9,8750000.0,0
20240430,511,8,36,1,21,11.9,5850000.0,0
20240430,514,1,1,6,28,12.0,8660000.0,0
20240430,518,2,6,2,29,10.4,8430000.0,0
20240430,519,8,36,1,21,10.2,5930000.0,0
20240430,520,1,1,1,21,10.1,7180000.0,0
20240430,521,7,31,2,27,10.9,7440000.0,0
20240430,524,7,32,1,21,9.3,11200000.0,0
20240430,526,8,36,1,27,9.9,6960000.0,0
20240430,527,3,14,1,33,9.5,34820000.0,0
20240430,528,7,32,3,32,9.8,10230000.0,0
20240430,529,8,36,5,21,9.6,6760000.0,0
20240430,530,7,33,1,26,9.6,15390000.0,0
20240430,531,1,2,1,24,9.1,13120000.0,0
20240430,532,6,26,1,25,9.6,8400000.0,0
20240430,534,8,36,1,25,8.0,5710000.0,0
20240430,535,5,21,3,22,8.3,8890000.0,0
20240430,536,3,11,1,22,8.7,9290000.0,0
20240430,537,7,31,1,26,8.5,6160000.0,0
20240430,538,3,11,3,21,8.3,9070000.0,0
20240430,539,2,7,4,28,8.6,13260000.0,0
20240430,540,3,11,1,24,8.5,11250000.0,0
20240430,541,8,36,1,21,8.6,7800000.0,0
20240430,542,8,36,4,21,8.7,7690000.0,0
20240430,543,3,12,1,25,8.5,14350000.0,0
20240430,544,6,26,1,29,8.9,7770000.0,0
20240430,545,4,16,2,25,8.7,9050000.0,0
20240430,546,2,7,1,35,8.0,13140000.0,0
20240430,547,1,2,2,24,8.5,12430000.0,0
20240430,548,1,1,5,25,7.0,8480000.0,0
20240430,549,1,2,1,29,7.5,13840000.0,0
20240430,551,8,36,2,31,7.9,6080000.0,0
20240430,552,8,38,5,31,7.7,15110000.0,0
20240430,554,1,1,5,21,6.3,8280000.0,0
20240430,555,8,36,2,21,6.6,6550000.0,0
20240430,556,2,6,6,23,6.0,8450000.0,0
20240430,558,6,26,1,21,6.9,7340000.0,0
20240430,559,8,36,1,20,6.0,7350000.0,0
20240430,560,8,36,1,29,6.8,5990000.0,0
20240430,561,2,6,1,21,6.1,7950000.0,0
20240430,562,1,1,1,25,6.0,7550000.0,0
20240430,563,8,36,5,26,5.5,7080000.0,0
20240430,564,1,1,1,27,5.2,7420000.0,0
20240430,566,4,16,5,26,5.7,8670000.0,0
20240430,567,8,37,6,30,5.4,9290000.0,0
20240430,568,3,12,5,29,5.4,13310000.0,0
20240430,569,8,38,1,33,5.2,15600000.0,0
20240430,571,6,26,6,27,5.6,7800000.0,0
20240430,572,3,12,1,23,5.1,13830000.0,0
20240430,573,4,16,5,26,5.1,7970000.0,0
20240430,574,5,21,5,27,5.2,7690000.0,0
20240430,575,1,2,4,29,5.9,10800000.0,0
20240430,576,7,31,1,30,5.3,7440000.0,0
20240430,578,3,11,3,21,5.7,10520000.0,0
20240430,580,2,6,5,20,4.4,7220000.0,0
20240430,582,1,1,1,24,4.0,6910000.0,0
20240430,583,6,26,5,29,4.8,7550000.0,0
20240430,584,3,11,3,22,4.9,8980000.0,0
20240430,585,1,3,6,28,4.9,16440000.0,0
20240430,586,1,1,3,21,4.9,6720000.0,0
20240430,587,1,1,1,29,4.7,7340000.0,0
20240430,589,1,1,1,27,4.8,8350000.0,0
20240430,591,1,1,2,29,4.0,8290000.0,0
20240430,592,7,31,6,22,3.4,5870000.0,0
20240430,593,7,33,3,34,3.5,15480000.0,0
20240430,595,7,32,4,32,2.9,10230000.0,0
20240430,596,5,21,1,31,2.6,7190000.0,0
20240430,597,2,6,1,28,2.6,7540000.0,0
20240430,598,1,2,1,29,2.0,10130000.0,0
20240430,599,7,31,1,23,2.3,6990000.0,0
20240430,600,7,31,2,22,2.4,5680000.0,0
20240430,601,7,31,4,25,2.2,6320000.0,0
20240430,602,8,38,1,34,2.1,15610000.0,0
20240430,603,4,16,3,23,2.3,8750000.0,0
20240430,604,1,1,1,23,2.4,8190000.0,0
20240430,605,7,31,5,24,2.8,6860000.0,0
20240430,607,3,11,5,20,2.9,9040000.0,0
20240430,608,8,36,1,20,2.1,6700000.0,0
20240430,609,7,31,1,28,2.6,7900000.0,0
20240430,610,7,31,1,26,2.9,7540000.0,0
20240430,611,4,17,1,24,2.0,16020000.0,0
20240430,612,2,6,2,23,2.3,6820000.0,0
20240430,613,8,36,5,21,2.8,6270000.0,0
20240430,614,8,36,1,26,1.0,7350000.0,0
20240430,615,1,2,2,30,1.3,11210000.0,0
20240430,616,8,37,1,24,1.4,11010000.0,0
20240430,617,3,11,5,20,1.7,8450000.0,0
20240430,618,3,11,3,24,1.7,8070000.0,0
20240430,620,2,6,3,26,1.6,8530000.0,0
20240430,621,3,12,1,26,1.9,12570000.0,0
20240430,622,8,36,1,30,1.6,5870000.0,0
20240430,623,7,31,1,21,1.6,5960000.0,0
20240430,624,8,37,1,30,1.7,9720000.0,0
20240430,625,2,7,1,34,1.0,13130000.0,0
20240430,626,7,31,2,23,1.7,7290000.0,0
20240430,628,7,31,6,20,0.1,7070000.0,1
20240430,629,1,2,1,28,0.9,10470000.0,1
20240430,630,3,11,4,21,0.7,10410000.0,1
20240430,631,1,1,2,22,0.4,6970000.0,1
20240430,632,3,11,3,29,0.2,10190000.0,1
20240430,633,8,36,1,22,0.2,5370000.0,1
20240430,634,3,11,2,26,1.0,9570000.0,1
20240430,635,7,31,2,23,0.9,7030000.0,1
20240430,636,8,36,3,20,0.6,6850000.0,1
20240430,637,5,21,3,29,0.1,8860000.0,1
20240430,638,1,1,1,23,0.0,7940000.0,1
20240430,639,5,22,4,28,0.2,11560000.0,1
20240430,640,6,26,6,24,0.3,7750000.0,1
20240430,641,7,32,4,29,0.3,10820000.0,1
20240430,642,5,21,1,26,0.9,8290000.0,1
20240531,2,7,32,1,32,58.0,9920000.0,0
20240531,3,5,21,1,30,46.2,7980000.0,0
20240531,5,8,36,1,30,45.3,6730000.0,0
20240531,6,1,1,1,27,34.6,8560000.0,0
20240531,7,3,11,2,32,50.1,10290000.0,0
20240531,8,5,21,2,32,35.2,7940000.0,0
20240531,9,8,36,3,31,61.8,6350000.0,0
20240531,11,8,36,6,27,25.5,7050000.0,0
20240531,12,2,6,3,35,64.8,7890000.0,0
20240531,13,2,7,2,28,63.3,11850000.0,0
20240531,15,4,16,1,25,63.0,7660000.0,0
20240531,16,1,1,5,25,30.8,7510000.0,0
20240531,17,6,26,3,23,39.6,9220000.0,0
20240531,19,5,24,1,46,70.1,33820000.0,0
20240531,21,7,31,5,26,73.6,6840000.0,0
20240531,22,1,1,3,24,39.4,8200000.0,0
20240531,23,1,2,6,33,66.3,12300000.0,0
20240531,24,8,36,1,34,81.6,7190000.0,0
20240531,25,2,8,1,39,61.4,17070000.0,0
20240531,26,8,37,4,30,84.6,11730000.0,0
20240531,27,3,14,1,35,25.1,39290000.0,0
20240531,28,2,6,1,28,70.4,7290000.0,0
20240531,29,3,12,1,31,49.1,15640000.0,0
20240531,30,1,2,3,36,44.8,14120000.0,0
20240531,31,2,6,4,,97.4,9190000.0,0
20240531,33,3,11,3,28,28.3,10100000.0,0
20240531,34,8,36,5,23,43.1,6620000.0,0
20240531,37,1,3,1,35,27.5,18770000.0,0
20240531,38,3,11,1,37,65.4,9600000.0,0
20240531,39,4,16,3,26,26.2,9420000.0,0
20240531,40,3,11,5,30,50.4,10150000.0,0
20240531,41,7,31,1,27,46.0,5850000.0,0
20240531,43,5,21,1,27,23.9,7630000.0,0
20240531,44,6,26,2,30,62.4,8080000.0,0
20240531,45,7,31,1,36,108.4,8020000.0,0
20240531,46,7,31,2,22,19.0,6260000.0,0
20240531,47,7,31,4,34,82.3,8110000.0,0
20240531,48,7,31,5,30,92.6,6780000.0,0
20240531,49,3,13,1,30,102.0,24600000.0,0
20240531,50,3,13,1,37,34.5,21450000.0,0
20240531,51,7,31,1,30,27.1,6680000.0,0
20240531,53,7,32,1,31,28.9,11000000.0,0
20240531,54,8,37,2,32,31.7,11650000.0,0
20240531,55,8,36,1,28,35.0,5600000.0,0
20240531,56,1,1,3,29,88.3,7660000.0,0
20240531,57,4,16,1,29,67.2,10270000.0,0
20240531,58,4,16,3,37,121.5,9110000.0,0
20240531,60,3,11,1,56,45.9,10540000.0,0
20240531,61,4,17,3,34,112.5,15670000.0,0
20240531,62,2,6,4,27,29.5,7910000.0,0
20240531,63,3,11,5,30,65.1,10500000.0,0
20240531,64,7,31,1,32,36.0,7480000.0,0
20240531,65,3,11,1,26,71.0,9190000.0,0
20240531,66,1,3,4,33,58.8,16050000.0,0
20240531,67,7,31,6,25,26.2,6900000.0,0
20240531,69,5,21,6,26,51.0,8770000.0,0
20240531,71,1,4,2,40,171.7,29650000.0,0
20240531,72,5,21,1,32,80.8,8160000.0,0
20240531,73,3,14,1,43,45.1,39270000.0,0
20240531,74,8,36,2,34,94.1,7110000.0,0
20240531,75,4,16,6,30,118.9,10100000.0,0
20240531,76,3,13,5,44,129.1,21820000.0,0
20240531,77,5,21,1,25,35.2,8240000.0,0
20240531,79,8,39,1,43,24.5,24050000.0,0
20240531,80,7,33,2,35,25.3,13990000.0,0
20240531,81,1,1,6,24,42.7,8110000.0,0
20240531,82,2,6,1,29,21.5,8140000.0,0
20240531,83,6,27,2,31,34.6,11520000.0,0
20240531,84,4,16,3,41,137.9,7990000.0,0
20240531,86,3,13,1,38,105.0,22910000.0,0
20240531,87,6,26,1,23,37.1,7680000.0,0
20240531,88,1,1,5,24,55.4,7090000.0,0
20240531,89,1,1,5,29,40.5,7430000.0,0
20240531,91,7,31,1,26,47.0,8220000.0,0
20240531,92,5,21,3,28,57.6,7050000.0,0
20240531,94,2,6,1,28,77.5,8320000.0,0
20240531,95,1,2,2,26,54.8,13040000.0,0
20240531,96,2,9,1,47,171.7,31430000.0,0
20240531,98,8,36,1,55,22.9,6110000.0,0
20240531,99,7,32,6,33,86.3,12130000.0,0
20240531,100,1,1,3,32,41.0,8020000.0,0
20240531,101,7,31,5,34,49.7,6490000.0,0
20240531,102,7,32,1,31,33.9,9930000.0,0
20240531,104,2,6,1,31,70.9,7800000.0,0
20240531,105,8,36,3,37,117.2,5470000.0,0
20240531,106,8,36,3,34,47.2,5750000.0,0
20240531,108,4,17,3,33,25.0,15090000.0,0
20240531,109,5,21,1,32,73.0,9150000.0,0
20240531,111,1,2,1,34,171.7,14410000.0,0
20240531,112,2,6,3,31,20.2,7130000.0,0
20240531,114,1,2,1,27,21.7,13300000.0,0
20240531,115,3,13,1,32,21.5,23970000.0,0
20240531,116,1,5,1,42,47.0,42990000.0,0
20240531,120,2,6,4,23,21.0,6930000.0,0
20240531,121,3,11,1,41,171.7,9590000.0,0
20240531,122,7,32,5,32,45.4,10460000.0,0
20240531,123,3,11,2,34,28.9,10070000.0,0
20240531,124,8,36,6,26,48.3,5780000.0,0
20240531,125,7,32,1,29,56.9,11030000.0,0
20240531,127,1,1,6,27,28.2,7450000.0,0
20240531,128,4,16,2,36,82.0,10420000.0,0
20240531,129,6,26,1,39,171.7,6290000.0,0
20240531,131,1,5,1,52,163.0,49410000.0,0
20240531,132,3,12,1,35,73.8,12790000.0,0
20240531,133,1,3,1,41,155.7,17720000.0,0
20240531,135,1,1,1,39,68.2,7090000.0,0
20240531,136,7,32,2,29,65.2,8790000.0,0
20240531,137,1,1,3,26,28.4,9130000.0,0
20240531,138,6,29,1,38,50.2,27100000.0,0
20240531,139,7,32,4,29,52.0,12650000.0,0
20240531,140,8,36,1,32,26.9,6010000.0,0
20240531,141,1,3,3,37,67.4,17380000.0,0
20240531,143,7,31,4,54,49.4,7960000.0,0
20240531,146,1,3,4,29,58.1,20530000.0,0
20240531,148,7,31,1,40,156.4,7680000.0,0
20240531,149,1,1,5,28,41.5,6650000.0,0
20240531,150,7,32,5,40,121.2,12160000.0,0
20240531,151,8,36,3,24,49.7,7260000.0,0
20240531,152,6,26,1,32,34.7,7070000.0,0
20240531,153,7,33,1,35,94.7,15460000.0,0
20240531,154,1,5,1,43,47.4,44820000.0,0
20240531,155,4,16,2,31,24.7,7710000.0,0
20240531,156,1,3,6,42,70.4,18160000.0,0
20240531,157,1,5,1,44,53.8,44360000.0,0
20240531,159,7,31,1,27,44.5,6460000.0,0
20240531,160,7,35,1,44,113.8,37150000.0,0
20240531,162,4,16,1,31,110.1,8720000.0,0
20240531,165,5,21,2,38,166.0,9430000.0,0
20240531,167,8,39,1,39,60.1,23090000.0,0
20240531,168,2,7,1,35,85.7,13590000.0,0
20240531,169,1,1,1,22,27.8,7070000.0,0
20240531,170,1,2,6,37,46.5,13380000.0,0
20240531,171,7,31,6,29,30.8,7690000.0,0
20240531,172,7,31,1,26,17.4,7540000.0,0
20240531,174,8,37,1,25,56.6,10490000.0,0
20240531,175,8,38,3,41,59.9,14310000.0,0
20240531,176,3,14,1,37,34.2,42640000.0,0
20240531,178,7,33,1,37,19.3,18230000.0,0
20240531,179,1,4,1,38,81.0,30250000.0,0
20240531,181,1,2,1,33,73.4,10440000.0,0
20240531,182,7,31,1,31,72.9,6590000.0,0
20240531,183,5,21,2,33,105.2,8880000.0,0
20240531,184,8,36,1,28,27.1,7780000.0,0
20240531,187,8,36,3,23,38.8,7070000.0,0
20240531,188,4,16,1,25,55.4,9290000.0,0
20240531,189,3,13,1,32,36.3,20510000.0,0
20240531,190,7,31,5,27,72.5,7060000.0,0
20240531,191,4,16,1,34,39.5,9620000.0,0
20240531,193,1,2,1,33,44.0,10180000.0,0
20240531,194,8,39,1,30,66.6,25800000.0,0
20240531,195,7,32,1,56,72.3,9740000.0,0
20240531,196,7,32,6,30,104.8,9390000.0,0
20240531,197,6,28,3,39,116.8,19210000.0,0
20240531,198,6,26,6,33,57.3,6980000.0,0
20240531,199,6,26,1,34,37.9,8140000.0,0
20240531,200,2,7,1,27,35.7,11740000.0,0
20240531,201,5,21,5,24,48.0,6660000.0,0
20240531,203,7,31,1,22,22.4,5810000.0,0
20240531,204,1,1,1,39,117.5,8900000.0,0
20240531,205,8,36,4,26,26.6,5950000.0,0
20240531,206,1,1,1,31,49.9,8440000.0,0
20240531,208,3,13,2,43,171.7,25770000.0,0
20240531,209,6,26,1,25,40.6,7640000.0,0
20240531,210,7,33,1,31,39.2,16500000.0,0
20240531,211,7,31,1,30,84.8,7450000.0,0
20240531,212,3,12,6,28,25.5,16950000.0,0
20240531,213,2,6,3,28,40.7,8610000.0,0
20240531,214,8,36,1,34,133.0,5950000.0,0
20240531,215,4,17,1,31,86.2,14370000.0,0
20240531,216,4,16,6,,75.8,9390000.0,0
20240531,217,5,21,1,32,33.1,7360000.0,0
20240531,218,3,11,1,30,54.6,10970000.0,0
20240531,219,3,11,1,38,87.8,8150000.0,0
20240531,220,8,38,1,35,86.0,13280000.0,0
20240531,221,7,31,3,29,49.9,6210000.0,0
20240531,222,8,36,1,29,43.7,6590000.0,0
20240531,223,1,1,3,23,29.9,8420000.0,0
20240531,224,1,4,1,40,79.9,32070000.0,0
20240531,226,2,6,2,35,27.3,7520000.0,0
20240531,227,2,6,4,26,76.7,7820000.0,0
20240531,228,5,24,2,35,20.1,28470000.0,0
20240531,229,7,31,1,32,122.0,7430000.0,0
20240531,230,8,37,1,28,20.7,10260000.0,0
20240531,232,3,12,1,39,111.9,16850000.0,0
20240531,233,8,36,2,55,51.6,6180000.0,0
20240531,234,7,32,2,41,171.7,11010000.0,0
20240531,237,6,27,4,29,17.6,11020000.0,0
20240531,238,7,31,1,30,30.8,6640000.0,0
20240531,239,2,7,4,33,104.7,14250000.0,0
20240531,240,8,36,6,30,58.3,6440000.0,0
20240531,241,8,36,1,54,52.8,7350000.0,0
20240531,242,8,36,1,26,52.4,6620000.0,0
20240531,243,7,31,1,36,159.9,7690000.0,0
20240531,244,3,13,6,49,84.5,20870000.0,0
20240531,245,1,1,1,32,61.1,7570000.0,0
20240531,246,8,37,1,40,102.2,10750000.0,0
20240531,247,7,31,1,30,53.1,7560000.0,0
20240531,248,5,22,1,29,53.4,13630000.0,0
20240531,250,1,1,1,31,39.0,8850000.0,0
20240531,251,1,4,1,39,88.9,37740000.0,0
20240531,252,3,11,2,30,56.0,11630000.0,0
20240531,253,8,38,6,34,52.6,16080000.0,0
20240531,254,5,21,1,27,23.0,9060000.0,0
20240531,255,1,1,3,32,122.8,7070000.0,0
20240531,256,7,31,1,30,117.0,7400000.0,0
20240531,257,3,12,1,31,46.0,15250000.0,0
20240531,260,8,39,1,40,138.1,27190000.0,0
20240531,262,7,31,1,21,20.6,7400000.0,0
20240531,264,1,1,6,27,26.0,6130000.0,0
20240531,265,7,33,1,34,52.0,15510000.0,0
20240531,266,4,16,1,27,24.0,10070000.0,0
20240531,267,1,2,1,31,39.2,11290000.0,0
20240531,268,7,31,6,24,34.1,7080000.0,0
20240531,271,2,6,2,26,18.5,7850000.0,0
20240531,272,4,19,1,37,36.7,40330000.0,0
20240531,273,3,12,1,35,52.8,18600000.0,0
20240531,274,7,31,5,26,38.9,6580000.0,0
20240531,276,8,36,1,35,67.8,6180000.0,0
20240531,277,3,11,1,26,66.2,8900000.0,0
20240531,278,3,14,1,41,72.1,40820000.0,0
20240531,282,1,4,1,37,30.0,28420000.0,0
20240531,284,7,32,5,38,97.4,10180000.0,0
20240531,285,1,1,4,23,36.8,8190000.0,0
20240531,286,1,2,1,32,85.4,11820000.0,0
20240531,288,6,30,1,41,20.9,48900000.0,0
20240531,289,7,32,1,30,21.1,10500000.0,0
20240531,290,3,15,1,34,29.8,63930000.0,0
20240531,291,3,13,1,38,37.7,23030000.0,0
20240531,292,7,31,2,24,45.9,6670000.0,0
20240531,293,1,2,1,28,17.1,10200000.0,0
20240531,296,1,1,4,29,65.4,7320000.0,0
20240531,298,8,38,1,35,47.4,17320000.0,0
20240531,299,7,31,3,55,56.7,7380000.0,0
20240531,300,4,16,5,28,38.6,8260000.0,0
20240531,301,8,37,1,28,19.4,10550000.0,0
20240531,302,1,1,1,28,25.6,8380000.0,0
20240531,303,1,1,1,32,60.0,8120000.0,0
20240531,304,7,31,1,25,63.8,6770000.0,0
20240531,305,7,31,4,25,62.0,6070000.0,0
20240531,306,1,1,6,34,25.4,8810000.0,0
20240531,307,4,17,4,29,59.3,15370000.0,0
20240531,308,6,26,3,30,46.7,8340000.0,0
20240531,309,1,1,1,22,19.3,8910000.0,0
20240531,310,4,16,1,35,124.0,9990000.0,0
20240531,311,3,13,1,37,39.1,20120000.0,0
20240531,313,7,32,1,34,24.7,11820000.0,0
20240531,314,3,14,1,33,35.4,39770000.0,0
20240531,316,4,19,1,39,41.9,39820000.0,0
20240531,317,2,7,1,40,65.1,11100000.0,0
20240531,318,1,1,1,27,23.6,8010000.0,0
20240531,320,7,33,5,25,24.3,16810000.0,0
20240531,321,1,1,1,34,134.2,8290000.0,0
20240531,322,5,22,4,24,21.7,13590000.0,0
20240531,323,1,2,1,26,19.8,11180000.0,0
20240531,324,3,14,1,41,76.3,35450000.0,0
20240531,327,7,32,1,32,45.5,10880000.0,0
20240531,329,7,32,2,33,53.2,10400000.0,0
20240531,330,1,1,2,35,171.7,8170000.0,0
20240531,331,3,12,3,31,45.5,17920000.0,0
20240531,333,8,36,1,27,47.1,5940000.0,0
20240531,334,8,37,6,31,45.2,11790000.0,0
20240531,336,1,1,1,30,54.9,8880000.0,0
20240531,337,3,12,1,25,56.1,15730000.0,0
20240531,338,8,36,1,21,19.2,5860000.0,0
20240531,339,5,21,3,28,31.0,8420000.0,0
20240531,340,8,36,5,40,171.7,7880000.0,0
20240531,341,1,1,1,26,51.1,8110000.0,0
20240531,343,7,31,3,24,44.5,8110000.0,0
20240531,345,3,11,1,29,47.3,8640000.0,0
20240531,347,8,36,2,32,144.1,7910000.0,0
20240531,349,7,33,4,44,80.6,13600000.0,0
20240531,350,2,7,3,29,30.5,14010000.0,0
20240531,351,6,26,1,24,48.3,7710000.0,0
20240531,352,7,32,1,28,38.3,10350000.0,0
20240531,353,1,2,1,34,87.5,11460000.0,0
20240531,354,7,31,1,31,21.8,6480000.0,0
20240531,358,5,22,1,31,63.9,12200000.0,0
20240531,359,3,13,1,30,21.9,20630000.0,0
20240531,360,7,32,4,38,138.2,11350000.0,0
20240531,361,1,3,6,36,84.1,19840000.0,0
20240531,362,8,36,1,27,55.5,7050000.0,0
20240531,364,7,32,3,30,28.9,10470000.0,0
20240531,366,8,37,4,31,34.1,11280000.0,0
20240531,367,6,27,1,31,20.3,11370000.0,0
20240531,369,1,3,1,36,42.4,19770000.0,0
20240531,370,4,19,1,36,20.9,30400000.0,0
20240531,372,1,1,1,31,49.5,7640000.0,0
20240531,373,2,8,1,37,61.6,17330000.0,0
20240531,374,1,1,5,33,88.4,9040000.0,0
20240531,375,5,22,4,39,163.7,14390000.0,0
20240531,376,3,11,4,25,35.1,9360000.0,0
20240531,377,6,28,2,44,135.2,17500000.0,0
20240531,378,1,1,2,36,115.9,8500000.0,0
20240531,379,1,1,1,29,79.3,7750000.0,0
20240531,380,3,12,5,32,34.9,12110000.0,0
20240531,381,4,18,2,44,104.8,20190000.0,0
20240531,383,6,27,2,32,57.0,11170000.0,0
20240531,384,3,11,1,31,86.5,9720000.0,0
20240531,385,7,33,6,22,18.6,15230000.0,0
20240531,386,2,6,1,40,119.3,9150000.0,0
20240531,387,3,11,1,26,35.3,9960000.0,0
20240531,388,7,31,1,23,19.1,6310000.0,0
20240531,389,7,31,2,30,70.7,6080000.0,0
20240531,390,3,13,1,38,67.4,20730000.0,0
20240531,391,7,32,3,31,56.4,11140000.0,0
20240531,392,8,37,1,27,42.5,11280000.0,0
20240531,393,7,31,6,25,57.9,6880000.0,0
20240531,396,1,1,1,27,35.0,7350000.0,0
20240531,397,2,7,1,26,43.1,12050000.0,0
20240531,398,3,12,1,29,26.8,12160000.0,0
20240531,399,2,6,1,36,171.7,8590000.0,0
20240531,400,7,32,3,36,44.1,8510000.0,0
20240531,401,6,29,1,35,35.3,35320000.0,0
20240531,404,7,31,6,36,148.9,6220000.0,0
20240531,405,3,12,1,32,64.2,14340000.0,0
20240531,406,3,11,2,32,38.7,9780000.0,0
20240531,409,7,33,1,42,171.7,17620000.0,0
20240531,412,1,1,1,29,52.7,7750000.0,0
20240531,413,8,36,3,29,19.1,6270000.0,0
20240531,414,3,11,2,37,133.0,8920000.0,0
20240531,417,7,31,2,26,18.0,6920000.0,0
20240531,418,7,31,1,35,52.1,7070000.0,0
20240531,419,8,39,1,39,65.4,25230000.0,0
20240531,420,5,21,2,32,78.8,9340000.0,0
20240531,421,1,4,1,39,79.9,24550000.0,0
20240531,423,4,16,5,24,41.8,9140000.0,0
20240531,424,3,11,1,22,17.6,9120000.0,0
20240531,425,1,3,3,34,35.7,15690000.0,0
20240531,426,3,14,6,36,27.6,41180000.0,0
20240531,427,1,1,6,24,22.7,9140000.0,0
20240531,429,7,33,1,33,42.4,15810000.0,0
20240531,431,3,12,2,43,139.8,14860000.0,0
20240531,432,1,4,1,40,34.0,37290000.0,0
20240531,433,7,35,1,48,123.1,47190000.0,0
20240531,436,3,13,3,36,51.7,22330000.0,0
20240531,438,1,2,2,31,65.0,13410000.0,0
20240531,439,8,37,1,34,50.7,10060000.0,0
20240531,440,7,31,3,29,30.9,6770000.0,0
20240531,442,8,36,2,28,73.0,5700000.0,0
20240531,443,2,6,1,43,171.7,7090000.0,0
20240531,444,1,1,1,27,23.2,7640000.0,0
20240531,445,1,4,1,44,134.9,28670000.0,0
20240531,446,8,36,4,24,50.7,6560000.0,0
20240531,447,4,16,1,25,38.6,9850000.0,0
20240531,449,1,2,6,27,33.8,10640000.0,0
20240531,450,8,38,1,38,104.7,17000000.0,0
20240531,452,3,12,2,31,54.9,14290000.0,0
20240531,453,8,36,2,31,47.7,7440000.0,0
20240531,454,7,34,1,40,117.0,25410000.0,0
20240531,455,4,20,6,43,41.8,63640000.0,0
20240531,456,1,1,3,55,20.0,8360000.0,0
20240531,457,7,32,3,39,115.9,11530000.0,0
20240531,458,7,31,1,26,42.1,7020000.0,0
20240531,459,7,31,1,28,36.0,6030000.0,0
20240531,460,2,7,1,32,42.7,11340000.0,0
20240531,461,4,16,1,24,16.3,10680000.0,0
20240531,462,2,6,1,24,16.7,9890000.0,0
20240531,463,5,21,1,23,16.2,8300000.0,0
20240531,464,7,31,4,22,16.5,6540000.0,0
20240531,465,8,37,2,27,16.8,9120000.0,0
20240531,466,7,31,4,27,16.6,7160000.0,0
20240531,467,3,11,2,24,16.2,10560000.0,0
20240531,469,7,31,1,25,16.8,6500000.0,0
20240531,470,1,1,1,26,16.1,7880000.0,0
20240531,471,7,32,3,32,16.2,11820000.0,0
20240531,472,2,6,1,27,16.0,7690000.0,0
20240531,473,6,26,1,25,16.4,7810000.0,0
20240531,474,6,27,1,31,16.8,11890000.0,0
20240531,476,7,31,1,28,15.2,7310000.0,0
20240531,478,3,11,4,22,15.3,8350000.0,0
20240531,479,2,6,6,33,15.6,8940000.0,0
20240531,480,5,21,6,26,15.4,7990000.0,0
20240531,481,8,36,1,25,14.2,7510000.0,0
20240531,482,7,31,3,26,14.5,6330000.0,0
20240531,483,8,37,1,30,15.0,10720000.0,0
20240531,485,1,1,1,24,14.9,7150000.0,0
20240531,486,1,1,2,25,14.9,7580000.0,0
20240531,487,1,1,1,24,14.0,7010000.0,0
20240531,490,3,11,4,21,13.2,10270000.0,0
20240531,491,8,36,3,27,13.8,6730000.0,0
20240531,492,8,36,5,21,13.7,6000000.0,0
20240531,493,3,11,1,21,13.5,8950000.0,0
20240531,494,4,19,2,41,13.7,39800000.0,0
20240531,495,3,11,2,23,13.4,10150000.0,0
20240531,496,7,31,2,,13.9,6530000.0,0
20240531,498,7,32,6,26,14.0,10280000.0,0
20240531,499,1,2,5,22,13.5,13190000.0,0
20240531,500,2,6,2,26,13.7,8000000.0,0
20240531,501,8,36,4,31,13.2,5450000.0,0
20240531,502,1,1,6,21,13.1,6620000.0,0
20240531,504,7,31,3,27,13.7,6900000.0,0
20240531,505,2,7,3,29,13.2,11600000.0,0
20240531,506,3,12,1,33,13.9,13760000.0,0
20240531,507,2,6,1,21,13.8,9720000.0,0
20240531,508,7,33,1,33,13.9,16790000.0,0
20240531,509,7,31,1,26,13.1,6310000.0,0
20240531,510,3,11,3,21,12.9,8750000.0,0
20240531,511,8,36,1,22,12.9,5850000.0,0
20240531,514,1,1,6,28,13.0,8660000.0,0
20240531,518,2,6,2,29,11.4,8430000.0,0
20240531,520,1,1,1,21,11.1,7180000.0,0
20240531,521,7,31,2,27,12.0,7440000.0,0
20240531,524,7,32,1,21,10.3,11200000.0,0
20240531,526,8,36,1,27,10.9,6960000.0,0
20240531,527,3,14,1,33,10.5,34820000.0,0
20240531,528,7,32,3,32,10.8,10230000.0,0
20240531,529,8,36,5,21,10.6,6760000.0,0
20240531,530,7,33,1,26,10.6,15390000.0,0
20240531,531,1,2,1,24,10.2,13120000.0,0
20240531,532,6,26,1,25,10.6,8400000.0,0
20240531,534,8,36,1,26,9.0,5710000.0,0
20240531,535,5,21,3,23,9.3,8890000.0,0
20240531,536,3,11,1,22,9.7,9290000.0,0
20240531,537,7,31,1,26,9.5,6160000.0,0
20240531,538,3,11,3,21,9.4,9070000.0,0
20240531,539,2,7,4,28,9.6,13260000.0,0
20240531,540,3,11,1,24,9.6,11250000.0,0
20240531,541,8,36,1,21,9.6,7800000.0,0
20240531,542,8,36,4,21,9.7,7690000.0,0
20240531,543,3,12,1,25,9.6,14350000.0,0
20240531,544,6,26,1,29,9.9,7770000.0,0
20240531,545,4,16,2,25,9.7,9050000.0,0
20240531,546,2,7,1,35,9.0,13140000.0,0
20240531,547,1,2,2,24,9.6,12430000.0,0
20240531,548,1,1,5,25,8.0,8480000.0,0
20240531,549,1,2,1,29,8.5,13840000.0,0
20240531,551,8,36,2,31,8.9,6080000.0,0
20240531,552,8,38,5,31,8.7,15110000.0,0
20240531,554,1,1,5,21,7.3,8280000.0,0
20240531,555,8,36,2,21,7.7,6550000.0,0
20240531,556,2,6,6,23,7.1,8450000.0,0
20240531,558,6,26,1,21,7.9,7340000.0,0
20240531,559,8,36,1,20,7.1,7350000.0,0
20240531,560,8,36,1,29,7.8,5990000.0,0
20240531,561,2,6,1,21,7.1,7950000.0,0
20240531,562,1,1,1,25,7.1,7550000.0,0
20240531,563,8,36,5,27,6.5,7080000.0,0
20240531,564,1,1,1,27,6.2,7420000.0,0
20240531,566,4,16,5,26,6.8,8670000.0,0
20240531,567,8,37,6,30,6.4,9290000.0,0
20240531,568,3,12,5,29,6.4,13310000.0,0
20240531,569,8,38,1,33,6.2,15600000.0,0
20240531,571,6,26,6,28,6.6,7800000.0,0
20240531,572,3,12,1,23,6.1,13830000.0,0
20240531,574,5,21,5,27,6.2,7690000.0,0
20240531,575,1,2,4,29,6.9,10800000.0,0
20240531,576,7,31,1,30,6.3,7440000.0,0
20240531,578,3,11,3,22,6.7,10520000.0,0
20240531,580,2,6,5,21,5.5,7220000.0,0
20240531,582,1,1,1,24,5.0,6910000.0,0
20240531,583,6,26,5,29,5.8,7550000.0,0
20240531,584,3,11,3,22,5.9,8980000.0,0
20240531,585,1,3,6,28,5.9,16440000.0,0
20240531,586,1,1,3,21,5.9,6720000.0,0
20240531,587,1,1,1,29,5.7,7340000.0,0
20240531,591,1,1,2,29,5.0,8290000.0,0
20240531,592,7,31,6,22,4.4,5870000.0,0
20240531,593,7,33,3,34,4.5,15480000.0,0
20240531,595,7,32,4,32,3.9,10230000.0,0
20240531,596,5,21,1,31,3.6,7190000.0,0
20240531,597,2,6,1,28,3.6,7540000.0,0
20240531,598,1,2,1,29,3.0,10130000.0,0
20240531,599,7,31,1,23,3.3,6990000.0,0
20240531,600,7,31,2,23,3.4,5680000.0,0
20240531,601,7,31,4,25,3.2,6320000.0,0
20240531,602,8,38,1,34,3.2,15610000.0,0
20240531,603,4,16,3,23,3.4,8750000.0,0
20240531,604,1,1,1,23,3.4,8190000.0,0
20240531,605,7,31,5,24,3.8,6860000.0,0
20240531,607,3,11,5,20,3.9,9040000.0,0
20240531,608,8,36,1,20,3.2,6700000.0,0
20240531,609,7,31,1,28,3.6,7900000.0,0
20240531,610,7,31,1,26,3.9,7540000.0,0
20240531,611,4,17,1,24,3.1,16020000.0,0
20240531,612,2,6,2,23,3.3,6820000.0,0
20240531,613,8,36,5,21,3.8,6270000.0,0
20240531,614,8,36,1,26,2.0,7350000.0,0
20240531,615,1,2,2,30,2.4,11210000.0,0
20240531,616,8,37,1,24,2.4,11010000.0,0
20240531,617,3,11,5,20,2.8,8450000.0,0
20240531,618,3,11,3,24,2.8,8070000.0,0
20240531,620,2,6,3,26,2.6,8530000.0,0
20240531,621,3,12,1,26,3.0,12570000.0,0
20240531,622,8,36,1,30,2.6,5870000.0,0
20240531,623,7,31,1,21,2.6,5960000.0,0
20240531,624,8,37,1,30,2.7,9720000.0,0
20240531,625,2,7,1,34,2.0,13130000.0,0
20240531,626,7,31,2,23,2.7,7290000.0,0
20240531,628,7,31,6,20,1.1,7070000.0,0
20240531,629,1,2,1,28,1.9,10470000.0,0
20240531,630,3,11,4,21,1.7,10410000.0,0
20240531,631,1,1,2,23,1.4,6970000.0,0
20240531,632,3,11,3,29,1.2,10190000.0,0
20240531,633,8,36,1,22,1.2,5370000.0,0
20240531,634,3,11,2,26,2.0,9570000.0,0
20240531,635,7,31,2,23,1.9,7030000.0,0
20240531,636,8,36,3,20,1.6,6850000.0,0
20240531,637,5,21,3,29,1.1,8860000.0,0
20240531,638,1,1,1,23,1.0,7940000.0,0
20240531,639,5,22,4,28,1.2,11560000.0,0
20240531,640,6,26,6,24,1.3,7750000.0,0
20240531,641,7,32,4,29,1.3,10820000.0,0
20240531,642,5,21,1,26,1.9,8290000.0,0
20240531,643,3,12,1,29,0.4,13370000.0,1
20240531,644,7,31,1,29,1.0,6110000.0,1
20240531,645,3,11,6,20,0.6,7880000.0,1
20240531,646,8,36,1,24,0.4,5800000.0,1
20240531,647,7,33,6,27,0.2,16000000.0,1
20240531,648,7,31,2,31,0.2,7140000.0,1
20240531,649,8,36,1,23,0.6,6450000.0,1
20240531,650,8,36,3,28,0.4,6850000.0,1
20240531,651,4,16,1,28,0.9,7800000.0,1
20240531,652,1,2,2,27,0.6,12890000.0,1
20240531,653,7,33,1,33,0.1,17160000.0,1
20240531,654,1,1,1,28,0.9,6760000.0,1
20240531,655,7,31,1,28,0.1,3315789.0,1
20240531,656,7,31,2,22,0.3,6250000.0,1
20240630,2,7,32,1,32,59.0,9920000.0,0
20240630,3,5,21,1,30,47.2,7980000.0,0
20240630,5,8,36,1,30,46.3,6730000.0,0
20240630,6,1,1,1,27,35.5,8560000.0,0
20240630,7,3,11,2,32,51.1,10290000.0,0
20240630,8,5,21,2,32,36.2,7940000.0,0
20240630,9,8,36,3,31,62.8,6350000.0,0
20240630,11,8,36,6,27,26.4,7050000.0,0
20240630,12,2,6,3,35,65.8,7890000.0,0
20240630,13,2,7,2,28,64.3,11850000.0,0
20240630,15,4,16,1,25,64.0,7660000.0,0
20240630,16,1,1,5,25,31.7,7510000.0,0
20240630,17,6,26,3,23,40.6,9220000.0,0
20240630,19,5,24,1,46,71.1,33820000.0,0
20240630,21,7,31,5,26,74.6,6840000.0,0
20240630,22,1,1,3,24,40.4,8200000.0,0
20240630,23,1,2,6,33,67.3,12300000.0,0
20240630,24,8,36,1,34,82.6,7190000.0,0
20240630,25,2,8,1,39,62.4,17070000.0,0
20240630,26,8,37,4,30,85.6,11730000.0,0
20240630,27,3,14,1,35,26.1,39290000.0,0
20240630,28,2,6,1,28,71.4,7290000.0,0
20240630,29,3,12,1,32,50.1,15640000.0,0
20240630,30,1,2,3,36,45.8,14120000.0,0
20240630,31,2,6,4,,98.4,9190000.0,0
20240630,33,3,11,3,28,29.3,10100000.0,0
20240630,34,8,36,5,23,44.1,6620000.0,0
20240630,37,1,3,1,35,28.5,18770000.0,0
20240630,38,3,11,1,37,66.4,9600000.0,0
20240630,39,4,16,3,26,27.2,9420000.0,0
20240630,40,3,11,5,30,51.4,10150000.0,0
20240630,43,5,21,1,27,24.9,7630000.0,0
20240630,44,6,26,2,30,63.4,8080000.0,0
20240630,45,7,31,1,36,109.4,8020000.0,0
20240630,46,7,31,2,22,20.0,6260000.0,0
20240630,47,7,31,4,34,83.3,8110000.0,0
20240630,48,7,31,5,30,93.6,6780000.0,0
20240630,49,3,13,1,30,103.0,24600000.0,0
20240630,50,3,13,1,37,35.5,21450000.0,0
20240630,51,7,31,1,30,28.1,6680000.0,0
20240630,53,7,32,1,31,29.9,11000000.0,0
20240630,54,8,37,2,32,32.7,11650000.0,0
20240630,55,8,36,1,28,35.9,5600000.0,0
20240630,56,1,1,3,29,89.3,7660000.0,0
20240630,57,4,16,1,30,68.2,10270000.0,0
20240630,58,4,16,3,37,122.4,9110000.0,0
20240630,61,4,17,3,34,113.4,15670000.0,0
20240630,62,2,6,4,27,30.5,7910000.0,0
20240630,63,3,11,5,30,66.0,10500000.0,0
20240630,64,7,31,1,32,37.0,7480000.0,0
20240630,65,3,11,1,26,72.0,9190000.0,0
20240630,66,1,3,4,33,59.8,16050000.0,0
20240630,67,7,31,6,25,27.1,6900000.0,0
20240630,69,5,21,6,26,51.9,8770000.0,0
20240630,71,1,4,2,40,172.6,29650000.0,0
20240630,72,5,21,1,32,81.8,8160000.0,0
20240630,73,3,14,1,43,46.1,39270000.0,0
20240630,74,8,36,2,34,95.0,7110000.0,0
20240630,75,4,16,6,30,119.9,10100000.0,0
20240630,76,3,13,5,44,130.1,21820000.0,0
20240630,77,5,21,1,25,36.2,8240000.0,0
20240630,79,8,39,1,43,25.5,24050000.0,0
20240630,80,7,33,2,35,26.3,13990000.0,0
20240630,81,1,1,6,24,43.7,8110000.0,0
20240630,82,2,6,1,29,22.4,8140000.0,0
20240630,83,6,27,2,31,35.6,11520000.0,0
20240630,84,4,16,3,41,138.9,7990000.0,0
20240630,87,6,26,1,23,38.0,7680000.0,0
20240630,88,1,1,5,25,56.4,7090000.0,0
20240630,89,1,1,5,30,41.5,7430000.0,0
20240630,91,7,31,1,26,48.0,8220000.0,0
20240630,92,5,21,3,28,58.5,7050000.0,0
20240630,94,2,6,1,28,78.5,8320000.0,0
20240630,95,1,2,2,26,55.8,13040000.0,0
20240630,96,2,9,1,48,172.6,31430000.0,0
20240630,98,8,36,1,55,23.9,6110000.0,0
20240630,99,7,32,6,33,87.3,12130000.0,0
20240630,100,1,1,3,32,42.0,8020000.0,0
20240630,101,7,31,5,34,50.7,6490000.0,0
20240630,102,7,32,1,31,34.9,9930000.0,0
20240630,104,2,6,1,31,71.9,7800000.0,0
20240630,105,8,36,3,37,118.2,5470000.0,0
20240630,106,8,36,3,34,48.2,5750000.0,0
20240630,108,4,17,3,33,26.0,15090000.0,0
20240630,109,5,21,1,33,74.0,9150000.0,0
20240630,111,1,2,1,34,172.6,14410000.0,0
20240630,112,2,6,3,31,21.2,7130000.0,0
20240630,114,1,2,1,27,22.7,13300000.0,0
20240630,115,3,13,1,32,22.5,23970000.0,0
20240630,116,1,5,1,42,48.0,42990000.0,0
20240630,120,2,6,4,24,21.9,6930000.0,0
20240630,121,3,11,1,41,172.6,9590000.0,0
20240630,122,7,32,5,32,46.4,10460000.0,0
20240630,123,3,11,2,35,29.9,10070000.0,0
20240630,125,7,32,1,29,57.9,11030000.0,0
20240630,127,1,1,6,27,29.1,7450000.0,0
20240630,128,4,16,2,36,83.0,10420000.0,0
20240630,129,6,26,1,40,172.6,6290000.0,0
20240630,131,1,5,1,52,164.0,49410000.0,0
20240630,132,3,12,1,35,74.8,12790000.0,0
20240630,133,1,3,1,41,156.7,17720000.0,0
20240630,135,1,1,1,39,69.2,7090000.0,0
20240630,136,7,32,2,29,66.2,8790000.0,0
20240630,137,1,1,3,26,29.3,9130000.0,0
20240630,138,6,29,1,38,51.2,27100000.0,0
20240630,139,7,32,4,29,53.0,12650000.0,0
20240630,140,8,36,1,32,27.9,6010000.0,0
20240630,141,1,3,3,37,68.3,17380000.0,0
20240630,143,7,31,4,54,50.4,7960000.0,0
20240630,146,1,3,4,29,59.1,20530000.0,0
20240630,148,7,31,1,40,157.4,7680000.0,0
20240630,149,1,1,5,28,42.5,6650000.0,0
20240630,150,7,32,5,40,122.2,12160000.0,0
20240630,151,8,36,3,24,50.7,7260000.0,0
20240630,152,6,26,1,33,35.7,7070000.0,0
20240630,153,7,33,1,35,95.6,15460000.0,0
20240630,154,1,5,1,43,48.4,44820000.0,0
20240630,155,4,16,2,31,25.7,7710000.0,0
20240630,156,1,3,6,42,71.4,18160000.0,0
20240630,157,1,5,1,44,54.8,44360000.0,0
20240630,159,7,31,1,27,45.5,6460000.0,0
20240630,160,7,35,1,44,114.8,37150000.0,0
20240630,162,4,16,1,31,111.1,8720000.0,0
20240630,165,5,21,2,38,167.0,9430000.0,0
20240630,167,8,39,1,39,61.1,23090000.0,0
20240630,168,2,7,1,35,86.7,13590000.0,0
20240630,169,1,1,1,22,28.7,7070000.0,0
20240630,170,1,2,6,37,47.5,13380000.0,0
20240630,171,7,31,6,29,31.8,7690000.0,0
20240630,172,7,31,1,27,18.4,7540000.0,0
20240630,174,8,37,1,25,57.6,10490000.0,0
20240630,175,8,38,3,41,60.9,14310000.0,0
20240630,176,3,14,1,37,35.2,42640000.0,0
20240630,178,7,33,1,37,20.3,18230000.0,0
20240630,179,1,4,1,38,82.0,30250000.0,0
20240630,181,1,2,1,33,74.4,10440000.0,0
20240630,182,7,31,1,31,73.9,6590000.0,0
20240630,183,5,21,2,33,106.2,8880000.0,0
20240630,184,8,36,1,29,28.1,7780000.0,0
20240630,188,4,16,1,25,56.4,9290000.0,0
20240630,189,3,13,1,32,37.3,20510000.0,0
20240630,190,7,31,5,28,73.5,7060000.0,0
20240630,191,4,16,1,35,40.4,9620000.0,0
20240630,193,1,2,1,33,45.0,10180000.0,0
20240630,194,8,39,1,30,67.6,25800000.0,0
20240630,196,7,32,6,30,105.8,9390000.0,0
20240630,197,6,28,3,39,117.8,19210000.0,0
20240630,198,6,26,6,33,58.3,6980000.0,0
20240630,199,6,26,1,35,38.9,8140000.0,0
20240630,200,2,7,1,27,36.7,11740000.0,0
20240630,201,5,21,5,24,49.0,6660000.0,0
20240630,203,7,31,1,22,23.4,5810000.0,0
20240630,204,1,1,1,39,118.5,8900000.0,0
20240630,205,8,36,4,26,27.6,5950000.0,0
20240630,206,1,1,1,31,50.9,8440000.0,0
20240630,208,3,13,2,43,172.6,25770000.0,0
20240630,209,6,26,1,25,41.6,7640000.0,0
20240630,210,7,33,1,31,40.2,16500000.0,0
20240630,211,7,31,1,30,85.8,7450000.0,0
20240630,212,3,12,6,28,26.4,16950000.0,0
20240630,213,2,6,3,28,41.7,8610000.0,0
20240630,214,8,36,1,35,133.9,5950000.0,0
20240630,215,4,17,1,32,87.2,14370000.0,0
20240630,216,4,16,6,,76.8,9390000.0,0
20240630,217,5,21,1,32,34.1,7360000.0,0
20240630,218,3,11,1,30,55.6,10970000.0,0
20240630,219,3,11,1,38,88.8,8150000.0,0
20240630,220,8,38,1,35,87.0,13280000.0,0
20240630,221,7,31,3,29,50.9,6210000.0,0
20240630,222,8,36,1,29,44.7,6590000.0,0
20240630,223,1,1,3,23,30.9,8420000.0,0
20240630,224,1,4,1,40,80.9,32070000.0,0
20240630,226,2,6,2,35,28.3,7520000.0,0
20240630,227,2,6,4,27,77.7,7820000.0,0
20240630,228,5,24,2,35,21.1,28470000.0,0
20240630,229,7,31,1,32,123.0,7430000.0,0
20240630,230,8,37,1,28,21.7,10260000.0,0
20240630,232,3,12,1,39,112.9,16850000.0,0
20240630,233,8,36,2,55,52.6,6180000.0,0
20240630,234,7,32,2,41,172.6,11010000.0,0
20240630,237,6,27,4,29,18.6,11020000.0,0
20240630,238,7,31,1,30,31.8,6640000.0,0
20240630,239,2,7,4,33,105.7,14250000.0,0
20240630,240,8,36,6,30,59.3,6440000.0,0
20240630,241,8,36,1,54,53.8,7350000.0,0
20240630,242,8,36,1,27,53.4,6620000.0,0
20240630,243,7,31,1,36,160.9,7690000.0,0
20240630,244,3,13,6,49,85.5,20870000.0,0
20240630,245,1,1,1,32,62.1,7570000.0,0
20240630,246,8,37,1,40,103.2,10750000.0,0
20240630,247,7,31,1,30,54.1,7560000.0,0
20240630,248,5,22,1,29,54.4,13630000.0,0
20240630,250,1,1,1,31,40.0,8850000.0,0
20240630,251,1,4,1,39,89.9,37740000.0,0
20240630,252,3,11,2,30,57.0,11630000.0,0
20240630,253,8,38,6,34,53.6,16080000.0,0
20240630,254,5,21,1,27,24.0,9060000.0,0
20240630,255,1,1,3,32,123.8,7070000.0,0
20240630,256,7,31,1,30,117.9,7400000.0,0
20240630,257,3,12,1,31,47.0,15250000.0,0
20240630,260,8,39,1,40,139.1,27190000.0,0
20240630,262,7,31,1,22,21.6,7400000.0,0
20240630,264,1,1,6,27,26.9,6130000.0,0
20240630,265,7,33,1,34,53.0,15510000.0,0
20240630,266,4,16,1,27,25.0,10070000.0,0
20240630,267,1,2,1,31,40.2,11290000.0,0
20240630,268,7,31,6,24,35.1,7080000.0,0
20240630,271,2,6,2,26,19.4,7850000.0,0
20240630,272,4,19,1,37,37.7,40330000.0,0
20240630,273,3,12,1,35,53.7,18600000.0,0
20240630,274,7,31,5,26,39.9,6580000.0,0
20240630,276,8,36,1,35,68.8,6180000.0,0
20240630,277,3,11,1,26,67.2,8900000.0,0
20240630,278,3,14,1,41,73.1,40820000.0,0
20240630,282,1,4,1,37,31.0,28420000.0,0
20240630,284,7,32,5,38,98.4,10180000.0,0
20240630,285,1,1,4,23,37.8,8190000.0,0
20240630,286,1,2,1,32,86.4,11820000.0,0
20240630,288,6,30,1,41,21.8,48900000.0,0
20240630,289,7,32,1,30,22.0,10500000.0,0
20240630,290,3,15,1,34,30.8,63930000.0,0
20240630,291,3,13,1,38,38.6,23030000.0,0
20240630,292,7,31,2,24,46.9,6670000.0,0
20240630,293,1,2,1,28,18.1,10200000.0,0
20240630,296,1,1,4,29,66.4,7320000.0,0
20240630,298,8,38,1,35,48.4,17320000.0,0
20240630,299,7,31,3,55,57.7,7380000.0,0
20240630,300,4,16,5,28,39.6,8260000.0,0
20240630,301,8,37,1,28,20.3,10550000.0,0
20240630,302,1,1,1,28,26.6,8380000.0,0
20240630,303,1,1,1,32,61.0,8120000.0,0
20240630,304,7,31,1,25,64.8,6770000.0,0
20240630,305,7,31,4,25,63.0,6070000.0,0
20240630,306,1,1,6,35,26.3,8810000.0,0
20240630,307,4,17,4,29,60.3,15370000.0,0
20240630,308,6,26,3,30,47.7,8340000.0,0
20240630,309,1,1,1,22,20.3,8910000.0,0
20240630,310,4,16,1,35,125.0,9990000.0,0
20240630,311,3,13,1,37,40.1,20120000.0,0
20240630,313,7,32,1,35,25.7,11820000.0,0
20240630,314,3,14,1,33,36.4,39770000.0,0
20240630,316,4,19,1,39,42.9,39820000.0,0
20240630,317,2,7,1,40,66.1,11100000.0,0
20240630,318,1,1,1,27,24.6,8010000.0,0
20240630,320,7,33,5,25,25.3,16810000.0,0
20240630,321,1,1,1,34,135.2,8290000.0,0
20240630,322,5,22,4,24,22.6,13590000.0,0
20240630,323,1,2,1,26,20.8,11180000.0,0
20240630,324,3,14,1,41,77.3,35450000.0,0
20240630,327,7,32,1,32,46.5,10880000.0,0
20240630,329,7,32,2,33,54.2,10400000.0,0
20240630,330,1,1,2,35,172.6,8170000.0,0
20240630,331,3,12,3,31,46.5,17920000.0,0
20240630,333,8,36,1,27,48.1,5940000.0,0
20240630,334,8,37,6,31,46.2,11790000.0,0
20240630,336,1,1,1,31,55.9,8880000.0,0
20240630,337,3,12,1,25,57.1,15730000.0,0
20240630,338,8,36,1,21,20.2,5860000.0,0
20240630,339,5,21,3,28,32.0,8420000.0,0
20240630,340,8,36,5,40,172.6,7880000.0,0
20240630,341,1,1,1,27,52.1,8110000.0,0
20240630,343,7,31,3,24,45.4,8110000.0,0
20240630,345,3,11,1,29,48.3,8640000.0,0
20240630,347,8,36,2,32,145.1,7910000.0,0
20240630,349,7,33,4,44,81.6,13600000.0,0
20240630,350,2,7,3,29,31.5,14010000.0,0
20240630,352,7,32,1,28,39.3,10350000.0,0
20240630,353,1,2,1,34,88.5,11460000.0,0
20240630,354,7,31,1,31,22.8,6480000.0,0
20240630,358,5,22,1,31,64.9,12200000.0,0
20240630,359,3,13,1,30,22.9,20630000.0,0
20240630,360,7,32,4,38,139.2,11350000.0,0
20240630,361,1,3,6,36,85.1,19840000.0,0
20240630,362,8,36,1,27,56.5,7050000.0,0
20240630,364,7,32,3,31,29.9,10470000.0,0
20240630,366,8,37,4,31,35.1,11280000.0,0
20240630,367,6,27,1,31,21.3,11370000.0,0
20240630,369,1,3,1,36,43.4,19770000.0,0
20240630,370,4,19,1,36,21.9,30400000.0,0
20240630,372,1,1,1,31,50.5,7640000.0,0
20240630,373,2,8,1,37,62.6,17330000.0,0
20240630,374,1,1,5,33,89.4,9040000.0,0
20240630,375,5,22,4,39,164.7,14390000.0,0
20240630,376,3,11,4,25,36.0,9360000.0,0
20240630,377,6,28,2,44,136.2,17500000.0,0
20240630,378,1,1,2,36,116.9,8500000.0,0
20240630,379,1,1,1,29,80.3,7750000.0,0
20240630,380,3,12,5,32,35.9,12110000.0,0
20240630,381,4,18,2,44,105.8,20190000.0,0
20240630,383,6,27,2,32,58.0,11170000.0,0
20240630,384,3,11,1,31,87.5,9720000.0,0
20240630,385,7,33,6,22,19.6,15230000.0,0
20240630,386,2,6,1,40,120.3,9150000.0,0
20240630,387,3,11,1,26,36.2,9960000.0,0
20240630,388,7,31,1,23,20.1,6310000.0,0
20240630,389,7,31,2,30,71.7,6080000.0,0
20240630,390,3,13,1,38,68.4,20730000.0,0
20240630,391,7,32,3,31,57.4,11140000.0,0
20240630,392,8,37,1,27,43.5,11280000.0,0
20240630,393,7,31,6,25,58.9,6880000.0,0
20240630,396,1,1,1,27,36.0,7350000.0,0
20240630,397,2,7,1,27,44.1,12050000.0,0
20240630,398,3,12,1,29,27.8,12160000.0,0
20240630,399,2,6,1,36,172.6,8590000.0,0
20240630,400,7,32,3,36,45.0,8510000.0,0
20240630,401,6,29,1,35,36.3,35320000.0,0
20240630,404,7,31,6,36,149.8,6220000.0,0
20240630,405,3,12,1,32,65.2,14340000.0,0
20240630,406,3,11,2,33,39.7,9780000.0,0
20240630,409,7,33,1,42,172.6,17620000.0,0
20240630,412,1,1,1,29,53.7,7750000.0,0
20240630,413,8,36,3,29,20.1,6270000.0,0
20240630,414,3,11,2,37,134.0,8920000.0,0
20240630,417,7,31,2,26,19.0,6920000.0,0
20240630,418,7,31,1,35,53.1,7070000.0,0
20240630,419,8,39,1,39,66.4,25230000.0,0
20240630,420,5,21,2,32,79.8,9340000.0,0
20240630,421,1,4,1,39,80.9,24550000.0,0
20240630,423,4,16,5,24,42.8,9140000.0,0
20240630,424,3,11,1,22,18.6,9120000.0,0
20240630,425,1,3,3,34,36.7,15690000.0,0
20240630,426,3,14,6,36,28.6,41180000.0,0
20240630,427,1,1,6,24,23.7,9140000.0,0
20240630,429,7,33,1,33,43.4,15810000.0,0
20240630,431,3,12,2,43,140.8,14860000.0,0
20240630,432,1,4,1,40,35.0,37290000.0,0
20240630,433,7,35,1,48,124.1,47190000.0,0
20240630,436,3,13,3,36,52.7,22330000.0,0
20240630,438,1,2,2,31,66.0,13410000.0,0
20240630,439,8,37,1,34,51.6,10060000.0,0
20240630,440,7,31,3,29,31.8,6770000.0,0
20240630,442,8,36,2,28,74.0,5700000.0,0
20240630,443,2,6,1,43,172.6,7090000.0,0
20240630,444,1,1,1,27,24.2,7640000.0,0
20240630,445,1,4,1,44,135.9,28670000.0,0
20240630,446,8,36,4,24,51.7,6560000.0,0
20240630,447,4,16,1,25,39.6,9850000.0,0
20240630,449,1,2,6,27,34.8,10640000.0,0
20240630,450,8,38,1,38,105.7,17000000.0,0
20240630,452,3,12,2,31,55.9,14290000.0,0
20240630,453,8,36,2,31,48.7,7440000.0,0
20240630,454,7,34,1,40,117.9,25410000.0,0
20240630,455,4,20,6,44,42.8,63640000.0,0
20240630,456,1,1,3,55,21.0,8360000.0,0
20240630,457,7,32,3,39,116.9,11530000.0,0
20240630,458,7,31,1,26,43.1,7020000.0,0
20240630,459,7,31,1,28,37.0,6030000.0,0
20240630,460,2,7,1,33,43.7,11340000.0,0
20240630,461,4,16,1,25,17.3,10680000.0,0
20240630,462,2,6,1,24,17.7,9890000.0,0
20240630,463,5,21,1,23,17.1,8300000.0,0
20240630,465,8,37,2,27,17.8,9120000.0,0
20240630,466,7,31,4,27,17.6,7160000.0,0
20240630,467,3,11,2,24,17.2,10560000.0,0
20240630,469,7,31,1,25,17.8,6500000.0,0
20240630,470,1,1,1,27,17.1,7880000.0,0
20240630,471,7,32,3,32,17.1,11820000.0,0
20240630,472,2,6,1,27,17.0,7690000.0,0
20240630,473,6,26,1,26,17.3,7810000.0,0
20240630,474,6,27,1,31,17.7,11890000.0,0
20240630,476,7,31,1,28,16.2,7310000.0,0
20240630,478,3,11,4,22,16.3,8350000.0,0
20240630,479,2,6,6,33,16.6,8940000.0,0
20240630,480,5,21,6,26,16.4,7990000.0,0
20240630,481,8,36,1,25,15.2,7510000.0,0
20240630,482,7,31,3,26,15.4,6330000.0,0
20240630,483,8,37,1,30,16.0,10720000.0,0
20240630,485,1,1,1,24,15.8,7150000.0,0
20240630,486,1,1,2,25,15.8,7580000.0,0
20240630,487,1,1,1,24,14.9,7010000.0,0
20240630,490,3,11,4,22,14.2,10270000.0,0
20240630,491,8,36,3,27,14.8,6730000.0,0
20240630,492,8,36,5,21,14.7,6000000.0,0
20240630,493,3,11,1,21,14.5,8950000.0,0
20240630,494,4,19,2,41,14.7,39800000.0,0
20240630,495,3,11,2,23,14.4,10150000.0,0
20240630,496,7,31,2,,14.9,6530000.0,0
20240630,498,7,32,6,26,15.0,10280000.0,0
20240630,499,1,2,5,22,14.5,13190000.0,0
20240630,500,2,6,2,26,14.7,8000000.0,0
20240630,501,8,36,4,31,14.2,5450000.0,0
20240630,502,1,1,6,22,14.1,6620000.0,0
20240630,504,7,31,3,27,14.7,6900000.0,0
20240630,506,3,12,1,33,14.9,13760000.0,0
20240630,507,2,6,1,22,14.8,9720000.0,0
20240630,508,7,33,1,33,14.9,16790000.0,0
20240630,509,7,31,1,26,14.1,6310000.0,0
20240630,510,3,11,3,21,13.9,8750000.0,0
20240630,511,8,36,1,22,13.9,5850000.0,0
20240630,514,1,1,6,28,14.0,8660000.0,0
20240630,518,2,6,2,29,12.4,8430000.0,0
20240630,520,1,1,1,21,12.1,7180000.0,0
20240630,521,7,31,2,27,12.9,7440000.0,0
20240630,524,7,32,1,22,11.3,11200000.0,0
20240630,527,3,14,1,33,11.5,34820000.0,0
20240630,528,7,32,3,33,11.8,10230000.0,0
20240630,529,8,36,5,21,11.6,6760000.0,0
20240630,530,7,33,1,26,11.6,15390000.0,0
20240630,531,1,2,1,24,11.1,13120000.0,0
20240630,532,6,26,1,25,11.6,8400000.0,0
20240630,534,8,36,1,26,10.0,5710000.0,0
20240630,535,5,21,3,23,10.3,8890000.0,0
20240630,536,3,11,1,22,10.7,9290000.0,0
20240630,537,7,31,1,26,10.5,6160000.0,0
20240630,538,3,11,3,21,10.3,9070000.0,0
20240630,539,2,7,4,28,10.6,13260000.0,0
20240630,540,3,11,1,24,10.5,11250000.0,0
20240630,541,8,36,1,21,10.6,7800000.0,0
20240630,542,8,36,4,21,10.7,7690000.0,0
20240630,543,3,12,1,25,10.5,14350000.0,0
20240630,544,6,26,1,29,10.9,7770000.0,0
20240630,545,4,16,2,25,10.7,9050000.0,0
20240630,546,2,7,1,35,10.0,13140000.0,0
20240630,547,1,2,2,24,10.5,12430000.0,0
20240630,548,1,1,5,25,9.0,8480000.0,0
20240630,549,1,2,1,30,9.5,13840000.0,0
20240630,551,8,36,2,31,9.9,6080000.0,0
20240630,552,8,38,5,31,9.7,15110000.0,0
20240630,554,1,1,5,21,8.3,8280000.0,0
20240630,556,2,6,6,23,8.0,8450000.0,0
20240630,558,6,26,1,21,8.9,7340000.0,0
20240630,559,8,36,1,20,8.0,7350000.0,0
20240630,560,8,36,1,29,8.8,5990000.0,0
20240630,561,2,6,1,21,8.1,7950000.0,0
20240630,562,1,1,1,25,8.0,7550000.0,0
20240630,563,8,36,5,27,7.5,7080000.0,0
20240630,564,1,1,1,27,7.2,7420000.0,0
20240630,566,4,16,5,26,7.8,8670000.0,0
20240630,567,8,37,6,30,7.4,9290000.0,0
20240630,568,3,12,5,29,7.4,13310000.0,0
20240630,569,8,38,1,33,7.2,15600000.0,0
20240630,571,6,26,6,28,7.6,7800000.0,0
20240630,572,3,12,1,23,7.1,13830000.0,0
20240630,574,5,21,5,27,7.2,7690000.0,0
20240630,575,1,2,4,29,7.9,10800000.0,0
20240630,576,7,31,1,30,7.3,7440000.0,0
20240630,578,3,11,3,22,7.7,10520000.0,0
20240630,580,2,6,5,21,6.4,7220000.0,0
20240630,582,1,1,1,24,6.0,6910000.0,0
20240630,583,6,26,5,29,6.8,7550000.0,0
20240630,584,3,11,3,22,6.9,8980000.0,0
20240630,585,1,3,6,28,6.9,16440000.0,0
20240630,586,1,1,3,21,6.9,6720000.0,0
20240630,587,1,1,1,29,6.7,7340000.0,0
20240630,591,1,1,2,29,6.0,8290000.0,0
20240630,592,7,31,6,22,5.4,5870000.0,0
20240630,593,7,33,3,34,5.5,15480000.0,0
20240630,595,7,32,4,32,4.9,10230000.0,0
20240630,596,5,21,1,31,4.6,7190000.0,0
20240630,597,2,6,1,28,4.6,7540000.0,0
20240630,598,1,2,1,29,4.0,10130000.0,0
20240630,599,7,31,1,24,4.3,6990000.0,0
20240630,600,7,31,2,23,4.4,5680000.0,0
20240630,601,7,31,4,25,4.2,6320000.0,0
20240630,602,8,38,1,34,4.1,15610000.0,0
20240630,603,4,16,3,24,4.3,8750000.0,0
20240630,604,1,1,1,23,4.4,8190000.0,0
20240630,605,7,31,5,24,4.8,6860000.0,0
20240630,607,3,11,5,20,4.9,9040000.0,0
20240630,608,8,36,1,20,4.1,6700000.0,0
20240630,609,7,31,1,28,4.6,7900000.0,0
20240630,610,7,31,1,26,4.9,7540000.0,0
20240630,611,4,17,1,24,4.0,16020000.0,0
20240630,612,2,6,2,24,4.3,6820000.0,0
20240630,613,8,36,5,21,4.8,6270000.0,0
20240630,614,8,36,1,26,3.0,7350000.0,0
20240630,615,1,2,2,30,3.4,11210000.0,0
20240630,616,8,37,1,24,3.4,11010000.0,0
20240630,617,3,11,5,20,3.7,8450000.0,0
20240630,618,3,11,3,24,3.7,8070000.0,0
20240630,620,2,6,3,26,3.6,8530000.0,0
20240630,621,3,12,1,26,3.9,12570000.0,0
20240630,622,8,36,1,30,3.6,5870000.0,0
20240630,623,7,31,1,21,3.6,5960000.0,0
20240630,624,8,37,1,30,3.7,9720000.0,0
20240630,625,2,7,1,34,3.0,13130000.0,0
20240630,626,7,31,2,24,3.7,7290000.0,0
20240630,628,7,31,6,20,2.1,7070000.0,0
20240630,629,1,2,1,28,2.9,10470000.0,0
20240630,630,3,11,4,21,2.7,10410000.0,0
20240630,631,1,1,2,23,2.4,6970000.0,0
20240630,632,3,11,3,29,2.2,10190000.0,0
20240630,633,8,36,1,22,2.2,5370000.0,0
20240630,634,3,11,2,26,3.0,9570000.0,0
20240630,635,7,31,2,23,2.9,7030000.0,0
20240630,636,8,36,3,20,2.6,6850000.0,0
20240630,637,5,21,3,29,2.1,8860000.0,0
20240630,638,1,1,1,23,2.0,7940000.0,0
20240630,639,5,22,4,29,2.2,11560000.0,0
20240630,640,6,26,6,24,2.3,7750000.0,0
20240630,641,7,32,4,29,2.3,10820000.0,0
20240630,642,5,21,1,26,2.9,8290000.0,0
20240630,643,3,12,1,29,1.4,13370000.0,0
20240630,644,7,31,1,29,2.0,6110000.0,0
20240630,645,3,11,6,20,1.6,7880000.0,0
20240630,646,8,36,1,24,1.3,5800000.0,0
20240630,647,7,33,6,27,1.2,16000000.0,0
20240630,648,7,31,2,31,1.2,7140000.0,0
20240630,649,8,36,1,23,1.6,6450000.0,0
20240630,650,8,36,3,28,1.4,6850000.0,0
20240630,651,4,16,1,28,1.9,7800000.0,0
20240630,652,1,2,2,27,1.6,12890000.0,0
20240630,653,7,33,1,33,1.1,17160000.0,0
20240630,654,1,1,1,28,1.8,6760000.0,0
20240630,656,7,31,2,22,1.3,6250000.0,0
20240630,657,7,31,2,29,0.6,6320000.0,1
20240630,658,1,1,5,25,0.5,6990000.0,1
20240630,659,3,11,1,20,0.3,7800000.0,1
20240630,660,8,36,5,27,0.9,6390000.0,1
20240630,661,8,36,1,25,0.4,6790000.0,1
20240630,662,7,31,3,24,0.1,7710000.0,1
20240630,663,6,26,4,23,0.5,7180000.0,1
20240630,664,7,31,1,20,0.3,5680000.0,1
20240630,665,2,8,3,34,0.0,18220000.0,1
20240630,666,8,36,5,23,0.7,6560000.0,1
20240630,667,8,36,3,27,0.9,7230000.0,1
20240630,668,7,31,3,27,0.1,6980000.0,1
20240731,2,7,32,1,32,60.0,9920000.0,0
20240731,3,5,21,1,30,48.2,7980000.0,0
20240731,5,8,36,1,30,47.3,6730000.0,0
20240731,6,1,1,1,27,36.6,8560000.0,0
20240731,7,3,11,2,32,52.1,10290000.0,0
20240731,8,5,21,2,32,37.2,7940000.0,0
20240731,9,8,36,3,31,63.8,6350000.0,0
20240731,11,8,36,6,27,27.5,7050000.0,0
20240731,12,2,6,3,35,66.8,7890000.0,0
20240731,13,2,7,2,29,65.3,11850000.0,0
20240731,15,4,16,1,25,65.0,7660000.0,0
20240731,16,1,1,5,26,32.8,7510000.0,0
20240731,17,6,26,3,23,41.6,9220000.0,0
20240731,19,5,24,1,46,72.1,33820000.0,0
20240731,21,7,31,5,26,75.6,6840000.0,0
20240731,22,1,1,3,24,41.4,8200000.0,0
20240731,23,1,2,6,33,68.3,12300000.0,0
20240731,24,8,36,1,34,83.6,7190000.0,0
20240731,25,2,8,1,39,63.4,17070000.0,0
20240731,26,8,37,4,31,86.6,11730000.0,0
20240731,27,3,14,1,35,27.1,39290000.0,0
20240731,28,2,6,1,28,72.4,7290000.0,0
20240731,29,3,12,1,32,51.1,15640000.0,0
20240731,30,1,2,3,36,46.9,14120000.0,0
20240731,31,2,6,4,,99.4,9190000.0,0
20240731,33,3,11,3,28,30.3,10100000.0,0
20240731,34,8,36,5,24,45.1,6620000.0,0
20240731,37,1,3,1,35,29.5,18770000.0,0
20240731,38,3,11,1,37,67.4,9600000.0,0
20240731,39,4,16,3,26,28.2,9420000.0,0
20240731,40,3,11,5,30,52.4,10150000.0,0
20240731,43,5,21,1,27,25.9,7630000.0,0
20240731,44,6,26,2,30,64.4,8080000.0,0
20240731,45,7,31,1,36,110.4,8020000.0,0
20240731,46,7,31,2,22,21.0,6260000.0,0
20240731,47,7,31,4,34,84.3,8110000.0,0
20240731,48,7,31,5,30,94.6,6780000.0,0
20240731,49,3,13,1,30,104.0,24600000.0,0
20240731,50,3,13,1,37,36.5,21450000.0,0
20240731,51,7,31,1,30,29.1,6680000.0,0
20240731,53,7,32,1,31,30.9,11000000.0,0
20240731,54,8,37,2,32,33.7,11650000.0,0
20240731,55,8,36,1,28,37.0,5600000.0,0
20240731,56,1,1,3,29,90.3,7660000.0,0
20240731,57,4,16,1,30,69.2,10270000.0,0
20240731,58,4,16,3,37,123.5,9110000.0,0
20240731,61,4,17,3,34,114.5,15670000.0,0
20240731,62,2,6,4,27,31.5,7910000.0,0
20240731,63,3,11,5,30,67.1,10500000.0,0
20240731,64,7,31,1,32,38.0,7480000.0,0
20240731,65,3,11,1,26,73.0,9190000.0,0
20240731,66,1,3,4,33,60.8,16050000.0,0
20240731,67,7,31,6,25,28.2,6900000.0,0
20240731,69,5,21,6,26,53.0,8770000.0,0
20240731,71,1,4,2,40,173.7,29650000.0,0
20240731,72,5,21,1,32,82.8,8160000.0,0
20240731,73,3,14,1,43,47.1,39270000.0,0
20240731,74,8,36,2,34,96.1,7110000.0,0
20240731,75,4,16,6,30,120.9,10100000.0,0
20240731,76,3,13,5,44,131.2,21820000.0,0
20240731,77,5,21,1,25,37.2,8240000.0,0
20240731,79,8,39,1,43,26.5,24050000.0,0
20240731,80,7,33,2,35,27.3,13990000.0,0
20240731,81,1,1,6,24,44.7,8110000.0,0
20240731,82,2,6,1,29,23.5,8140000.0,0
20240731,83,6,27,2,31,36.6,11520000.0,0
20240731,84,4,16,3,41,139.9,7990000.0,0
20240731,87,6,26,1,23,39.1,7680000.0,0
20240731,88,1,1,5,25,57.4,7090000.0,0
20240731,89,1,1,5,30,42.5,7430000.0,0
20240731,91,7,31,1,26,49.0,8220000.0,0
20240731,92,5,21,3,28,59.6,7050000.0,0
20240731,94,2,6,1,28,79.5,8320000.0,0
20240731,95,1,2,2,26,56.8,13040000.0,0
20240731,96,2,9,1,48,173.7,31430000.0,0
20240731,98,8,36,1,55,24.9,6110000.0,0
20240731,99,7,32,6,33,88.3,12130000.0,0
20240731,100,1,1,3,32,43.0,8020000.0,0
20240731,101,7,31,5,34,51.7,6490000.0,0
20240731,102,7,32,1,31,35.9,9930000.0,0
20240731,104,2,6,1,31,72.9,7800000.0,0
20240731,105,8,36,3,37,119.2,5470000.0,0
20240731,106,8,36,3,34,49.2,5750000.0,0
20240731,108,4,17,3,33,27.0,15090000.0,0
20240731,109,5,21,1,33,75.0,9150000.0,0
20240731,111,1,2,1,34,173.7,14410000.0,0
20240731,112,2,6,3,31,22.2,7130000.0,0
20240731,114,1,2,1,28,23.7,13300000.0,0
20240731,115,3,13,1,32,23.5,23970000.0,0
20240731,116,1,5,1,42,49.1,42990000.0,0
20240731,120,2,6,4,24,23.0,6930000.0,0
20240731,121,3,11,1,41,173.7,9590000.0,0
20240731,122,7,32,5,32,47.4,10460000.0,0
20240731,123,3,11,2,35,30.9,10070000.0,0
20240731,125,7,32,1,29,58.9,11030000.0,0
20240731,127,1,1,6,27,30.2,7450000.0,0
20240731,128,4,16,2,36,84.0,10420000.0,0
20240731,129,6,26,1,40,173.7,6290000.0,0
20240731,131,1,5,1,52,165.0,49410000.0,0
20240731,132,3,12,1,35,75.8,12790000.0,0
20240731,133,1,3,1,41,157.7,17720000.0,0
20240731,135,1,1,1,40,70.2,7090000.0,0
20240731,136,7,32,2,29,67.2,8790000.0,0
20240731,137,1,1,3,26,30.4,9130000.0,0
20240731,138,6,29,1,38,52.2,27100000.0,0
20240731,139,7,32,4,29,54.0,12650000.0,0
20240731,140,8,36,1,32,28.9,6010000.0,0
20240731,141,1,3,3,37,69.4,17380000.0,0
20240731,143,7,31,4,54,51.4,7960000.0,0
20240731,146,1,3,4,29,60.1,20530000.0,0
20240731,148,7,31,1,40,158.4,7680000.0,0
20240731,149,1,1,5,28,43.5,6650000.0,0
20240731,150,7,32,5,40,123.2,12160000.0,0
20240731,151,8,36,3,24,51.7,7260000.0,0
20240731,152,6,26,1,33,36.7,7070000.0,0
20240731,153,7,33,1,35,96.7,15460000.0,0
20240731,154,1,5,1,43,49.4,44820000.0,0
20240731,155,4,16,2,31,26.7,7710000.0,0
20240731,156,1,3,6,42,72.4,18160000.0,0
20240731,157,1,5,1,44,55.8,44360000.0,0
20240731,159,7,31,1,27,46.5,6460000.0,0
20240731,160,7,35,1,44,115.8,37150000.0,0
20240731,162,4,16,1,31,112.1,8720000.0,0
20240731,165,5,21,2,38,168.0,9430000.0,0
20240731,167,8,39,1,39,62.1,23090000.0,0
20240731,168,2,7,1,35,87.7,13590000.0,0
20240731,169,1,1,1,23,29.8,7070000.0,0
20240731,170,1,2,6,37,48.5,13380000.0,0
20240731,171,7,31,6,29,32.8,7690000.0,0
20240731,172,7,31,1,27,19.4,7540000.0,0
20240731,174,8,37,1,25,58.6,10490000.0,0
20240731,175,8,38,3,41,61.9,14310000.0,0
20240731,176,3,14,1,37,36.2,42640000.0,0
20240731,178,7,33,1,37,21.3,18230000.0,0
20240731,179,1,4,1,38,83.0,30250000.0,0
20240731,181,1,2,1,33,75.4,10440000.0,0
20240731,182,7,31,1,31,74.9,6590000.0,0
20240731,183,5,21,2,33,107.2,8880000.0,0
20240731,184,8,36,1,29,29.1,7780000.0,0
20240731,188,4,16,1,25,57.4,9290000.0,0
20240731,190,7,31,5,28,74.5,7060000.0,0
20240731,191,4,16,1,35,41.5,9620000.0,0
20240731,193,1,2,1,33,46.0,10180000.0,0
20240731,194,8,39,1,30,68.6,25800000.0,0
20240731,196,7,32,6,30,106.8,9390000.0,0
20240731,197,6,28,3,39,118.8,19210000.0,0
20240731,198,6,26,6,33,59.3,6980000.0,0
20240731,199,6,26,1,35,40.0,8140000.0,0
20240731,200,2,7,1,27,37.7,11740000.0,0
20240731,201,5,21,5,24,50.0,6660000.0,0
20240731,203,7,31,1,22,24.4,5810000.0,0
20240731,204,1,1,1,39,119.5,8900000.0,0
20240731,205,8,36,4,26,28.6,5950000.0,0
20240731,206,1,1,1,31,51.9,8440000.0,0
20240731,208,3,13,2,44,173.7,25770000.0,0
20240731,209,6,26,1,25,42.6,7640000.0,0
20240731,210,7,33,1,31,41.2,16500000.0,0
20240731,211,7,31,1,30,86.8,7450000.0,0
20240731,212,3,12,6,28,27.5,16950000.0,0
20240731,213,2,6,3,28,42.7,8610000.0,0
20240731,214,8,36,1,35,135.0,5950000.0,0
20240731,215,4,17,1,32,88.2,14370000.0,0
20240731,216,4,16,6,,77.8,9390000.0,0
20240731,217,5,21,1,32,35.1,7360000.0,0
20240731,218,3,11,1,30,56.6,10970000.0,0
20240731,219,3,11,1,38,89.8,8150000.0,0
20240731,220,8,38,1,35,88.0,13280000.0,0
20240731,221,7,31,3,29,51.9,6210000.0,0
20240731,222,8,36,1,29,45.7,6590000.0,0
20240731,223,1,1,3,23,31.9,8420000.0,0
20240731,224,1,4,1,40,81.9,32070000.0,0
20240731,226,2,6,2,35,29.3,7520000.0,0
20240731,227,2,6,4,27,78.8,7820000.0,0
20240731,228,5,24,2,35,22.1,28470000.0,0
20240731,229,7,31,1,32,124.0,7430000.0,0
20240731,230,8,37,1,28,22.7,10260000.0,0
20240731,232,3,12,1,39,113.9,16850000.0,0
20240731,233,8,36,2,55,53.7,6180000.0,0
20240731,234,7,32,2,41,173.7,11010000.0,0
20240731,237,6,27,4,29,19.6,11020000.0,0
20240731,239,2,7,4,33,106.7,14250000.0,0
20240731,240,8,36,6,30,60.3,6440000.0,0
20240731,241,8,36,1,54,54.8,7350000.0,0
20240731,242,8,36,1,27,54.4,6620000.0,0
20240731,243,7,31,1,36,161.9,7690000.0,0
20240731,244,3,13,6,49,86.5,20870000.0,0
20240731,245,1,1,1,32,63.1,7570000.0,0
20240731,247,7,31,1,30,55.1,7560000.0,0
20240731,248,5,22,1,29,55.4,13630000.0,0
20240731,250,1,1,1,31,41.0,8850000.0,0
20240731,251,1,4,1,39,90.9,37740000.0,0
20240731,252,3,11,2,30,58.0,11630000.0,0
20240731,253,8,38,6,34,54.6,16080000.0,0
20240731,254,5,21,1,27,25.0,9060000.0,0
20240731,255,1,1,3,32,124.8,7070000.0,0
20240731,256,7,31,1,30,119.0,7400000.0,0
20240731,257,3,12,1,31,48.0,15250000.0,0
20240731,260,8,39,1,40,140.1,27190000.0,0
20240731,262,7,31,1,22,22.6,7400000.0,0
20240731,264,1,1,6,27,28.0,6130000.0,0
20240731,265,7,33,1,34,54.0,15510000.0,0
20240731,266,4,16,1,27,26.0,10070000.0,0
20240731,267,1,2,1,31,41.2,11290000.0,0
20240731,268,7,31,6,24,36.1,7080000.0,0
20240731,271,2,6,2,26,20.5,7850000.0,0
20240731,272,4,19,1,37,38.7,40330000.0,0
20240731,273,3,12,1,35,54.8,18600000.0,0
20240731,274,7,31,5,26,40.9,6580000.0,0
20240731,276,8,36,1,35,69.8,6180000.0,0
20240731,277,3,11,1,26,68.2,8900000.0,0
20240731,278,3,14,1,42,74.1,40820000.0,0
20240731,282,1,4,1,37,32.0,28420000.0,0
20240731,284,7,32,5,38,99.4,10180000.0,0
20240731,285,1,1,4,23,38.8,8190000.0,0
20240731,286,1,2,1,33,87.4,11820000.0,0
20240731,288,6,30,1,41,22.9,48900000.0,0
20240731,289,7,32,1,30,23.1,10500000.0,0
20240731,290,3,15,1,34,31.8,63930000.0,0
20240731,291,3,13,1,38,39.7,23030000.0,0
20240731,292,7,31,2,24,47.9,6670000.0,0
20240731,293,1,2,1,28,19.1,10200000.0,0
20240731,296,1,1,4,29,67.4,7320000.0,0
20240731,298,8,38,1,35,49.4,17320000.0,0
20240731,299,7,31,3,55,58.7,7380000.0,0
20240731,300,4,16,5,28,40.6,8260000.0,0
20240731,301,8,37,1,28,21.4,10550000.0,0
20240731,302,1,1,1,28,27.6,8380000.0,0
20240731,303,1,1,1,32,62.0,8120000.0,0
20240731,304,7,31,1,25,65.8,6770000.0,0
20240731,305,7,31,4,25,64.0,6070000.0,0
20240731,306,1,1,6,35,27.4,8810000.0,0
20240731,307,4,17,4,29,61.3,15370000.0,0
20240731,308,6,26,3,30,48.7,8340000.0,0
20240731,309,1,1,1,22,21.3,8910000.0,0
20240731,310,4,16,1,36,126.0,9990000.0,0
20240731,311,3,13,1,37,41.1,20120000.0,0
20240731,313,7,32,1,35,26.7,11820000.0,0
20240731,314,3,14,1,33,37.4,39770000.0,0
20240731,316,4,19,1,39,43.9,39820000.0,0
20240731,317,2,7,1,40,67.1,11100000.0,0
20240731,318,1,1,1,27,25.6,8010000.0,0
20240731,320,7,33,5,25,26.3,16810000.0,0
20240731,321,1,1,1,35,136.2,8290000.0,0
20240731,322,5,22,4,24,23.7,13590000.0,0
20240731,323,1,2,1,26,21.8,11180000.0,0
20240731,324,3,14,1,41,78.3,35450000.0,0
20240731,327,7,32,1,32,47.5,10880000.0,0
20240731,329,7,32,2,33,55.2,10400000.0,0
20240731,330,1,1,2,35,173.7,8170000.0,0
20240731,331,3,12,3,31,47.5,17920000.0,0
20240731,333,8,36,1,27,49.1,5940000.0,0
20240731,334,8,37,6,31,47.2,11790000.0,0
20240731,336,1,1,1,31,56.9,8880000.0,0
20240731,337,3,12,1,25,58.2,15730000.0,0
20240731,338,8,36,1,21,21.2,5860000.0,0
20240731,339,5,21,3,28,33.0,8420000.0,0
20240731,340,8,36,5,40,173.7,7880000.0,0
20240731,341,1,1,1,27,53.1,8110000.0,0
20240731,343,7,31,3,24,46.5,8110000.0,0
20240731,345,3,11,1,29,49.3,8640000.0,0
20240731,347,8,36,2,33,146.1,7910000.0,0
20240731,349,7,33,4,45,82.6,13600000.0,0
20240731,350,2,7,3,29,32.5,14010000.0,0
20240731,352,7,32,1,28,40.3,10350000.0,0
20240731,353,1,2,1,34,89.5,11460000.0,0
20240731,354,7,31,1,31,23.9,6480000.0,0
20240731,358,5,22,1,32,65.9,12200000.0,0
20240731,359,3,13,1,30,23.9,20630000.0,0
20240731,360,7,32,4,38,140.2,11350000.0,0
20240731,361,1,3,6,36,86.1,19840000.0,0
20240731,362,8,36,1,27,57.5,7050000.0,0
20240731,364,7,32,3,31,30.9,10470000.0,0
20240731,366,8,37,4,31,36.1,11280000.0,0
20240731,367,6,27,1,31,22.3,11370000.0,0
20240731,369,1,3,1,36,44.4,19770000.0,0
20240731,370,4,19,1,36,22.9,30400000.0,0
20240731,372,1,1,1,31,51.5,7640000.0,0
20240731,373,2,8,1,37,63.6,17330000.0,0
20240731,374,1,1,5,33,90.4,9040000.0,0
20240731,375,5,22,4,39,165.7,14390000.0,0
20240731,376,3,11,4,25,37.1,9360000.0,0
20240731,377,6,28,2,44,137.2,17500000.0,0
20240731,378,1,1,2,36,117.9,8500000.0,0
20240731,379,1,1,1,29,81.3,7750000.0,0
20240731,380,3,12,5,32,36.9,12110000.0,0
20240731,381,4,18,2,44,106.8,20190000.0,0
20240731,383,6,27,2,32,59.0,11170000.0,0
20240731,384,3,11,1,31,88.5,9720000.0,0
20240731,385,7,33,6,22,20.6,15230000.0,0
20240731,386,2,6,1,40,121.3,9150000.0,0
20240731,387,3,11,1,26,37.3,9960000.0,0
20240731,388,7,31,1,23,21.1,6310000.0,0
20240731,389,7,31,2,30,72.7,6080000.0,0
20240731,390,3,13,1,38,69.5,20730000.0,0
20240731,391,7,32,3,31,58.4,11140000.0,0
20240731,392,8,37,1,27,44.6,11280000.0,0
20240731,393,7,31,6,25,59.9,6880000.0,0
20240731,396,1,1,1,27,37.0,7350000.0,0
20240731,397,2,7,1,27,45.1,12050000.0,0
20240731,398,3,12,1,29,28.8,12160000.0,0
20240731,399,2,6,1,36,173.7,8590000.0,0
20240731,400,7,32,3,36,46.1,8510000.0,0
20240731,401,6,29,1,35,37.3,35320000.0,0
20240731,404,7,31,6,36,150.9,6220000.0,0
20240731,405,3,12,1,32,66.2,14340000.0,0
20240731,406,3,11,2,33,40.7,9780000.0,0
20240731,409,7,33,1,42,173.7,17620000.0,0
20240731,412,1,1,1,29,54.7,7750000.0,0
20240731,413,8,36,3,29,21.1,6270000.0,0
20240731,414,3,11,2,37,135.0,8920000.0,0
20240731,417,7,31,2,26,20.0,6920000.0,0
20240731,418,7,31,1,35,54.1,7070000.0,0
20240731,419,8,39,1,39,67.4,25230000.0,0
20240731,420,5,21,2,32,80.8,9340000.0,0
20240731,421,1,4,1,39,81.9,24550000.0,0
20240731,423,4,16,5,24,43.8,9140000.0,0
20240731,424,3,11,1,22,19.6,9120000.0,0
20240731,425,1,3,3,34,37.7,15690000.0,0
20240731,426,3,14,6,36,29.6,41180000.0,0
20240731,427,1,1,6,24,24.7,9140000.0,0
20240731,429,7,33,1,33,44.5,15810000.0,0
20240731,431,3,12,2,43,141.8,14860000.0,0
20240731,432,1,4,1,40,36.0,37290000.0,0
20240731,433,7,35,1,48,125.1,47190000.0,0
20240731,436,3,13,3,36,53.7,22330000.0,0
20240731,438,1,2,2,31,67.0,13410000.0,0
20240731,439,8,37,1,34,52.7,10060000.0,0
20240731,440,7,31,3,29,32.9,6770000.0,0
20240731,442,8,36,2,28,75.0,5700000.0,0
20240731,444,1,1,1,27,25.2,7640000.0,0
20240731,445,1,4,1,44,136.9,28670000.0,0
20240731,446,8,36,4,24,52.7,6560000.0,0
20240731,447,4,16,1,25,40.6,9850000.0,0
20240731,449,1,2,6,27,35.8,10640000.0,0
20240731,450,8,38,1,38,106.7,17000000.0,0
20240731,452,3,12,2,31,56.9,14290000.0,0
20240731,453,8,36,2,31,49.7,7440000.0,0
20240731,454,7,34,1,40,119.0,25410000.0,0
20240731,455,4,20,6,44,43.8,63640000.0,0
20240731,456,1,1,3,55,22.0,8360000.0,0
20240731,457,7,32,3,39,117.9,11530000.0,0
20240731,458,7,31,1,26,44.1,7020000.0,0
20240731,459,7,31,1,28,38.0,6030000.0,0
20240731,460,2,7,1,33,44.7,11340000.0,0
20240731,461,4,16,1,25,18.3,10680000.0,0
20240731,462,2,6,1,24,18.7,9890000.0,0
20240731,463,5,21,1,23,18.2,8300000.0,0
20240731,465,8,37,2,27,18.8,9120000.0,0
20240731,466,7,31,4,27,18.6,7160000.0,0
20240731,467,3,11,2,24,18.2,10560000.0,0
20240731,469,7,31,1,25,18.8,6500000.0,0
20240731,470,1,1,1,27,18.1,7880000.0,0
20240731,471,7,32,3,33,18.2,11820000.0,0
20240731,472,2,6,1,27,18.0,7690000.0,0
20240731,473,6,26,1,26,18.4,7810000.0,0
20240731,474,6,27,1,31,18.8,11890000.0,0
20240731,476,7,31,1,28,17.2,7310000.0,0
20240731,478,3,11,4,22,17.3,8350000.0,0
20240731,479,2,6,6,33,17.6,8940000.0,0
20240731,480,5,21,6,26,17.4,7990000.0,0
20240731,481,8,36,1,25,16.2,7510000.0,0
20240731,482,7,31,3,26,16.5,6330000.0,0
20240731,483,8,37,1,31,17.0,10720000.0,0
20240731,485,1,1,1,24,16.9,7150000.0,0
20240731,486,1,1,2,25,16.9,7580000.0,0
20240731,487,1,1,1,24,16.0,7010000.0,0
20240731,490,3,11,4,22,15.2,10270000.0,0
20240731,491,8,36,3,27,15.8,6730000.0,0
20240731,492,8,36,5,21,15.7,6000000.0,0
20240731,493,3,11,1,21,15.5,8950000.0,0
20240731,494,4,19,2,41,15.7,39800000.0,0
20240731,495,3,11,2,23,15.4,10150000.0,0
20240731,496,7,31,2,,15.9,6530000.0,0
20240731,498,7,32,6,26,16.0,10280000.0,0
20240731,499,1,2,5,22,15.5,13190000.0,0
20240731,500,2,6,2,26,15.7,8000000.0,0
20240731,501,8,36,4,31,15.2,5450000.0,0
20240731,502,1,1,6,22,15.1,6620000.0,0
20240731,504,7,31,3,27,15.7,6900000.0,0
20240731,506,3,12,1,33,15.9,13760000.0,0
20240731,507,2,6,1,22,15.8,9720000.0,0
20240731,508,7,33,1,33,15.9,16790000.0,0
20240731,509,7,31,1,26,15.1,6310000.0,0
20240731,510,3,11,3,21,14.9,8750000.0,0
20240731,511,8,36,1,22,14.9,5850000.0,0
20240731,514,1,1,6,28,15.0,8660000.0,0
20240731,518,2,6,2,29,13.4,8430000.0,0
20240731,520,1,1,1,21,13.1,7180000.0,0
20240731,521,7,31,2,27,14.0,7440000.0,0
20240731,524,7,32,1,22,12.3,11200000.0,0
20240731,527,3,14,1,33,12.5,34820000.0,0
20240731,528,7,32,3,33,12.8,10230000.0,0
20240731,529,8,36,5,22,12.6,6760000.0,0
20240731,530,7,33,1,26,12.6,15390000.0,0
20240731,531,1,2,1,24,12.2,13120000.0,0
20240731,532,6,26,1,25,12.6,8400000.0,0
20240731,534,8,36,1,26,11.0,5710000.0,0
20240731,535,5,21,3,23,11.3,8890000.0,0
20240731,536,3,11,1,22,11.7,9290000.0,0
20240731,537,7,31,1,26,11.5,6160000.0,0
20240731,538,3,11,3,21,11.4,9070000.0,0
20240731,539,2,7,4,28,11.6,13260000.0,0
20240731,540,3,11,1,24,11.6,11250000.0,0
20240731,541,8,36,1,22,11.6,7800000.0,0
20240731,542,8,36,4,21,11.7,7690000.0,0
20240731,543,3,12,1,25,11.6,14350000.0,0
20240731,544,6,26,1,29,11.9,7770000.0,0
20240731,545,4,16,2,25,11.7,9050000.0,0
20240731,547,1,2,2,24,11.6,12430000.0,0
20240731,548,1,1,5,25,10.0,8480000.0,0
20240731,549,1,2,1,30,10.5,13840000.0,0
20240731,551,8,36,2,31,10.9,6080000.0,0
20240731,552,8,38,5,31,10.7,15110000.0,0
20240731,554,1,1,5,21,9.3,8280000.0,0
20240731,556,2,6,6,23,9.1,8450000.0,0
20240731,558,6,26,1,21,9.9,7340000.0,0
20240731,559,8,36,1,20,9.1,7350000.0,0
20240731,560,8,36,1,29,9.8,5990000.0,0
20240731,561,2,6,1,21,9.1,7950000.0,0
20240731,562,1,1,1,25,9.1,7550000.0,0
20240731,563,8,36,5,27,8.5,7080000.0,0
20240731,564,1,1,1,27,8.2,7420000.0,0
20240731,566,4,16,5,26,8.8,8670000.0,0
20240731,567,8,37,6,30,8.4,9290000.0,0
20240731,568,3,12,5,29,8.4,13310000.0,0
20240731,569,8,38,1,34,8.2,15600000.0,0
20240731,571,6,26,6,28,8.6,7800000.0,0
20240731,572,3,12,1,23,8.1,13830000.0,0
20240731,574,5,21,5,27,8.2,7690000.0,0
20240731,575,1,2,4,29,8.9,10800000.0,0
20240731,576,7,31,1,30,8.3,7440000.0,0
20240731,578,3,11,3,22,8.7,10520000.0,0
20240731,580,2,6,5,21,7.5,7220000.0,0
20240731,582,1,1,1,24,7.0,6910000.0,0
20240731,583,6,26,5,29,7.8,7550000.0,0
20240731,584,3,11,3,22,7.9,8980000.0,0
20240731,585,1,3,6,28,7.9,16440000.0,0
20240731,587,1,1,1,30,7.7,7340000.0,0
20240731,591,1,1,2,29,7.0,8290000.0,0
20240731,592,7,31,6,22,6.4,5870000.0,0
20240731,593,7,33,3,34,6.5,15480000.0,0
20240731,595,7,32,4,33,5.9,10230000.0,0
20240731,596,5,21,1,31,5.7,7190000.0,0
20240731,597,2,6,1,28,5.6,7540000.0,0
20240731,598,1,2,1,29,5.0,10130000.0,0
20240731,599,7,31,1,24,5.3,6990000.0,0
20240731,600,7,31,2,23,5.4,5680000.0,0
20240731,601,7,31,4,25,5.2,6320000.0,0
20240731,602,8,38,1,34,5.2,15610000.0,0
20240731,603,4,16,3,24,5.4,8750000.0,0
20240731,604,1,1,1,23,5.5,8190000.0,0
20240731,605,7,31,5,24,5.8,6860000.0,0
20240731,607,3,11,5,20,5.9,9040000.0,0
20240731,609,7,31,1,28,5.6,7900000.0,0
20240731,610,7,31,1,26,5.9,7540000.0,0
20240731,611,4,17,1,24,5.1,16020000.0,0
20240731,612,2,6,2,24,5.3,6820000.0,0
20240731,613,8,36,5,21,5.8,6270000.0,0
20240731,614,8,36,1,26,4.0,7350000.0,0
20240731,615,1,2,2,30,4.4,11210000.0,0
20240731,616,8,37,1,24,4.4,11010000.0,0
20240731,617,3,11,5,20,4.8,8450000.0,0
20240731,620,2,6,3,26,4.6,8530000.0,0
20240731,621,3,12,1,26,5.0,12570000.0,0
20240731,622,8,36,1,30,4.6,5870000.0,0
20240731,623,7,31,1,22,4.6,5960000.0,0
20240731,624,8,37,1,30,4.7,9720000.0,0
20240731,625,2,7,1,34,4.0,13130000.0,0
20240731,626,7,31,2,24,4.7,7290000.0,0
20240731,628,7,31,6,20,3.1,7070000.0,0
20240731,629,1,2,1,28,3.9,10470000.0,0
20240731,630,3,11,4,21,3.7,10410000.0,0
20240731,631,1,1,2,23,3.4,6970000.0,0
20240731,632,3,11,3,29,3.2,10190000.0,0
20240731,633,8,36,1,22,3.2,5370000.0,0
20240731,634,3,11,2,27,4.0,9570000.0,0
20240731,635,7,31,2,23,3.9,7030000.0,0
20240731,636,8,36,3,20,3.6,6850000.0,0
20240731,637,5,21,3,29,3.2,8860000.0,0
20240731,638,1,1,1,24,3.0,7940000.0,0
20240731,639,5,22,4,29,3.2,11560000.0,0
20240731,640,6,26,6,24,3.4,7750000.0,0
20240731,641,7,32,4,30,3.3,10820000.0,0
20240731,642,5,21,1,26,3.9,8290000.0,0
20240731,643,3,12,1,29,2.4,13370000.0,0
20240731,644,7,31,1,30,3.0,6110000.0,0
20240731,645,3,11,6,20,2.6,7880000.0,0
20240731,646,8,36,1,24,2.4,5800000.0,0
20240731,647,7,33,6,27,2.2,16000000.0,0
20240731,648,7,31,2,31,2.2,7140000.0,0
20240731,649,8,36,1,23,2.6,6450000.0,0
20240731,650,8,36,3,28,2.4,6850000.0,0
20240731,651,4,16,1,28,2.9,7800000.0,0
20240731,652,1,2,2,27,2.6,12890000.0,0
20240731,653,7,33,1,33,2.1,17160000.0,0
20240731,654,1,1,1,28,2.9,6760000.0,0
20240731,656,7,31,2,22,2.3,6250000.0,0
20240731,657,7,31,2,29,1.6,6320000.0,0
20240731,658,1,1,5,25,1.5,6990000.0,0
20240731,659,3,11,1,20,1.3,7800000.0,0
20240731,660,8,36,5,27,1.9,6390000.0,0
20240731,661,8,36,1,25,1.4,6790000.0,0
20240731,662,7,31,3,24,1.1,7710000.0,0
20240731,663,6,26,4,24,1.5,7180000.0,0
20240731,664,7,31,1,20,1.3,5680000.0,0
20240731,665,2,8,3,34,1.1,18220000.0,0
20240731,666,8,36,5,23,1.7,6560000.0,0
20240731,667,8,36,3,27,1.9,7230000.0,0
20240731,668,7,31,3,27,1.1,6980000.0,0
20240731,669,3,12,4,30,0.4,15410000.0,1
20240731,670,7,33,3,30,0.7,15770000.0,1
20240731,671,8,36,5,25,0.3,6070000.0,1
20240731,672,2,7,4,,0.5,10600000.0,1
20240731,673,2,7,2,29,0.4,12500000.0,1
20240731,674,1,1,1,20,0.1,8080000.0,1
20240731,675,7,31,6,20,0.9,6640000.0,1
20240731,676,3,12,1,28,0.7,12310000.0,1
20240731,677,2,6,1,20,0.8,8170000.0,1
20240731,678,7,32,2,31,0.4,10220000.0,1
20240731,679,8,38,3,24,0.3,13080000.0,1
20240731,680,7,32,6,23,0.9,10020000.0,1
20240731,681,1,1,1,22,0.2,6360000.0,1
20240731,682,1,5,1,37,0.9,45050000.0,1
20240731,683,8,36,3,30,0.8,6100000.0,1
20240731,684,8,38,6,30,0.3,14090000.0,1
20240831,2,7,32,1,32,61.0,9920000.0,0
20240831,3,5,21,1,31,49.2,7980000.0,0
20240831,5,8,36,1,30,48.3,6730000.0,0
20240831,6,1,1,1,27,37.6,8560000.0,0
20240831,7,3,11,2,32,53.1,10290000.0,0
20240831,8,5,21,2,32,38.2,7940000.0,0
20240831,9,8,36,3,31,64.8,6350000.0,0
20240831,11,8,36,6,27,28.5,7050000.0,0
20240831,12,2,6,3,35,67.8,7890000.0,0
20240831,13,2,7,2,29,66.4,11850000.0,0
20240831,15,4,16,1,26,66.0,7660000.0,0
20240831,16,1,1,5,26,33.8,7510000.0,0
20240831,17,6,26,3,23,42.6,9220000.0,0
20240831,19,5,24,1,46,73.2,33820000.0,0
20240831,21,7,31,5,26,76.6,6840000.0,0
20240831,22,1,1,3,24,42.4,8200000.0,0
20240831,23,1,2,6,33,69.4,12300000.0,0
20240831,24,8,36,1,34,84.7,7190000.0,0
20240831,25,2,8,1,39,64.4,17070000.0,0
20240831,26,8,37,4,31,87.7,11730000.0,0
20240831,27,3,14,1,35,28.1,39290000.0,0
20240831,28,2,6,1,29,73.4,7290000.0,0
20240831,29,3,12,1,32,52.1,15640000.0,0
20240831,30,1,2,3,37,47.9,14120000.0,0
20240831,31,2,6,4,,100.4,9190000.0,0
20240831,33,3,11,3,28,31.3,10100000.0,0
20240831,34,8,36,5,24,46.2,6620000.0,0
20240831,37,1,3,1,35,30.5,18770000.0,0
20240831,38,3,11,1,37,68.4,9600000.0,0
20240831,39,4,16,3,26,29.2,9420000.0,0
20240831,40,3,11,5,30,53.4,10150000.0,0
20240831,43,5,21,1,27,26.9,7630000.0,0
20240831,44,6,26,2,30,65.4,8080000.0,0
20240831,45,7,31,1,36,111.4,8020000.0,0
20240831,46,7,31,2,22,22.0,6260000.0,0
20240831,47,7,31,4,34,85.4,8110000.0,0
20240831,48,7,31,5,30,95.6,6780000.0,0
20240831,49,3,13,1,30,105.1,24600000.0,0
20240831,50,3,13,1,37,37.5,21450000.0,0
20240831,51,7,31,1,30,30.2,6680000.0,0
20240831,53,7,32,1,31,31.9,11000000.0,0
20240831,54,8,37,2,32,34.7,11650000.0,0
20240831,55,8,36,1,28,38.0,5600000.0,0
20240831,56,1,1,3,29,91.4,7660000.0,0
20240831,57,4,16,1,30,70.2,10270000.0,0
20240831,58,4,16,3,37,124.5,9110000.0,0
20240831,61,4,17,3,34,115.5,15670000.0,0
20240831,62,2,6,4,27,32.5,7910000.0,0
20240831,63,3,11,5,30,68.1,10500000.0,0
20240831,64,7,31,1,32,39.0,7480000.0,0
20240831,65,3,11,1,26,74.0,9190000.0,0
20240831,66,1,3,4,33,61.8,16050000.0,0
20240831,67,7,31,6,25,29.2,6900000.0,0
20240831,69,5,21,6,26,54.0,8770000.0,0
20240831,71,1,4,2,40,174.7,29650000.0,0
20240831,72,5,21,1,32,83.8,8160000.0,0
20240831,73,3,14,1,43,48.1,39270000.0,0
20240831,74,8,36,2,34,97.1,7110000.0,0
20240831,75,4,16,6,31,122.0,10100000.0,0
20240831,76,3,13,5,45,132.2,21820000.0,0
20240831,77,5,21,1,25,38.2,8240000.0,0
20240831,79,8,39,1,43,27.6,24050000.0,0
20240831,80,7,33,2,35,28.3,13990000.0,0
20240831,81,1,1,6,24,45.7,8110000.0,0
20240831,82,2,6,1,29,24.5,8140000.0,0
20240831,83,6,27,2,31,37.7,11520000.0,0
20240831,84,4,16,3,41,140.9,7990000.0,0
20240831,87,6,26,1,23,40.1,7680000.0,0
20240831,88,1,1,5,25,58.4,7090000.0,0
20240831,89,1,1,5,30,43.5,7430000.0,0
20240831,91,7,31,1,26,50.0,8220000.0,0
20240831,92,5,21,3,28,60.6,7050000.0,0
20240831,94,2,6,1,28,80.6,8320000.0,0
20240831,95,1,2,2,27,57.8,13040000.0,0
20240831,96,2,9,1,48,174.7,31430000.0,0
20240831,98,8,36,1,55,25.9,6110000.0,0
20240831,99,7,32,6,33,89.3,12130000.0,0
20240831,100,1,1,3,32,44.0,8020000.0,0
20240831,101,7,31,5,34,52.7,6490000.0,0
20240831,102,7,32,1,31,37.0,9930000.0,0
20240831,104,2,6,1,31,73.9,7800000.0,0
20240831,105,8,36,3,37,120.2,5470000.0,0
20240831,106,8,36,3,34,50.2,5750000.0,0
20240831,108,4,17,3,33,28.0,15090000.0,0
20240831,109,5,21,1,33,76.0,9150000.0,0
20240831,111,1,2,1,35,174.7,14410000.0,0
20240831,112,2,6,3,31,23.2,7130000.0,0
20240831,114,1,2,1,28,24.7,13300000.0,0
20240831,115,3,13,1,32,24.5,23970000.0,0
20240831,116,1,5,1,42,50.1,42990000.0,0
20240831,120,2,6,4,24,24.0,6930000.0,0
20240831,122,7,32,5,32,48.4,10460000.0,0
20240831,123,3,11,2,35,31.9,10070000.0,0
20240831,125,7,32,1,29,59.9,11030000.0,0
20240831,127,1,1,6,27,31.2,7450000.0,0
20240831,128,4,16,2,36,85.1,10420000.0,0
20240831,129,6,26,1,40,174.7,6290000.0,0
20240831,131,1,5,1,52,166.0,49410000.0,0
20240831,132,3,12,1,35,76.8,12790000.0,0
20240831,133,1,3,1,41,158.8,17720000.0,0
20240831,135,1,1,1,40,71.3,7090000.0,0
20240831,136,7,32,2,29,68.2,8790000.0,0
20240831,137,1,1,3,26,31.4,9130000.0,0
20240831,138,6,29,1,38,53.2,27100000.0,0
20240831,139,7,32,4,29,55.0,12650000.0,0
20240831,140,8,36,1,32,29.9,6010000.0,0
20240831,141,1,3,3,37,70.4,17380000.0,0
20240831,143,7,31,4,54,52.4,7960000.0,0
20240831,146,1,3,4,29,61.1,20530000.0,0
20240831,148,7,31,1,40,159.4,7680000.0,0
20240831,149,1,1,5,28,44.5,6650000.0,0
20240831,150,7,32,5,40,124.2,12160000.0,0
20240831,151,8,36,3,24,52.7,7260000.0,0
20240831,152,6,26,1,33,37.7,7070000.0,0
20240831,153,7,33,1,35,97.7,15460000.0,0
20240831,154,1,5,1,43,50.5,44820000.0,0
20240831,155,4,16,2,32,27.7,7710000.0,0
20240831,156,1,3,6,42,73.5,18160000.0,0
20240831,157,1,5,1,44,56.8,44360000.0,0
20240831,159,7,31,1,27,47.5,6460000.0,0
20240831,160,7,35,1,44,116.8,37150000.0,0
20240831,162,4,16,1,31,113.1,8720000.0,0
20240831,165,5,21,2,38,169.1,9430000.0,0
20240831,167,8,39,1,40,63.1,23090000.0,0
20240831,168,2,7,1,35,88.7,13590000.0,0
20240831,169,1,1,1,23,30.8,7070000.0,0
20240831,170,1,2,6,37,49.5,13380000.0,0
20240831,171,7,31,6,29,33.8,7690000.0,0
20240831,172,7,31,1,27,20.5,7540000.0,0
20240831,174,8,37,1,25,59.7,10490000.0,0
20240831,175,8,38,3,41,62.9,14310000.0,0
20240831,176,3,14,1,37,37.2,42640000.0,0
20240831,178,7,33,1,37,22.3,18230000.0,0
20240831,179,1,4,1,38,84.0,30250000.0,0
20240831,181,1,2,1,33,76.5,10440000.0,0
20240831,182,7,31,1,31,76.0,6590000.0,0
20240831,183,5,21,2,33,108.2,8880000.0,0
20240831,184,8,36,1,29,30.2,7780000.0,0
20240831,188,4,16,1,25,58.4,9290000.0,0
20240831,190,7,31,5,28,75.5,7060000.0,0
20240831,191,4,16,1,35,42.5,9620000.0,0
20240831,193,1,2,1,33,47.0,10180000.0,0
20240831,194,8,39,1,30,69.7,25800000.0,0
20240831,196,7,32,6,30,107.8,9390000.0,0
20240831,197,6,28,3,39,119.8,19210000.0,0
20240831,198,6,26,6,33,60.3,6980000.0,0
20240831,199,6,26,1,35,41.0,8140000.0,0
20240831,200,2,7,1,27,38.7,11740000.0,0
20240831,201,5,21,5,24,51.0,6660000.0,0
20240831,203,7,31,1,22,25.5,5810000.0,0
20240831,204,1,1,1,39,120.5,8900000.0,0
20240831,205,8,36,4,26,29.7,5950000.0,0
20240831,206,1,1,1,31,52.9,8440000.0,0
20240831,208,3,13,2,44,174.7,25770000.0,0
20240831,209,6,26,1,25,43.6,7640000.0,0
20240831,210,7,33,1,31,42.3,16500000.0,0
20240831,211,7,31,1,31,87.9,7450000.0,0
20240831,212,3,12,6,28,28.5,16950000.0,0
20240831,213,2,6,3,28,43.8,8610000.0,0
20240831,214,8,36,1,35,136.0,5950000.0,0
20240831,215,4,17,1,32,89.2,14370000.0,0
20240831,216,4,16,6,,78.9,9390000.0,0
20240831,217,5,21,1,32,36.1,7360000.0,0
20240831,218,3,11,1,30,57.6,10970000.0,0
20240831,219,3,11,1,38,90.8,8150000.0,0
20240831,220,8,38,1,35,89.1,13280000.0,0
20240831,221,7,31,3,29,52.9,6210000.0,0
20240831,222,8,36,1,29,46.7,6590000.0,0
20240831,223,1,1,3,23,33.0,8420000.0,0
20240831,224,1,4,1,41,82.9,32070000.0,0
20240831,226,2,6,2,35,30.4,7520000.0,0
20240831,227,2,6,4,27,79.8,7820000.0,0
20240831,228,5,24,2,35,23.2,28470000.0,0
20240831,229,7,31,1,32,125.0,7430000.0,0
20240831,230,8,37,1,28,23.8,10260000.0,0
20240831,232,3,12,1,39,115.0,16850000.0,0
20240831,233,8,36,2,55,54.7,6180000.0,0
20240831,234,7,32,2,41,174.7,11010000.0,0
20240831,237,6,27,4,29,20.6,11020000.0,0
20240831,239,2,7,4,33,107.8,14250000.0,0
20240831,240,8,36,6,30,61.3,6440000.0,0
20240831,241,8,36,1,54,55.8,7350000.0,0
20240831,242,8,36,1,27,55.4,6620000.0,0
20240831,243,7,31,1,37,163.0,7690000.0,0
20240831,244,3,13,6,49,87.5,20870000.0,0
20240831,245,1,1,1,32,64.2,7570000.0,0
20240831,247,7,31,1,30,56.1,7560000.0,0
20240831,248,5,22,1,29,56.4,13630000.0,0
20240831,250,1,1,1,31,42.0,8850000.0,0
20240831,251,1,4,1,40,92.0,37740000.0,0
20240831,252,3,11,2,30,59.0,11630000.0,0
20240831,253,8,38,6,34,55.6,16080000.0,0
20240831,254,5,21,1,27,26.1,9060000.0,0
20240831,255,1,1,3,32,125.8,7070000.0,0
20240831,256,7,31,1,30,120.0,7400000.0,0
20240831,257,3,12,1,32,49.0,15250000.0,0
20240831,260,8,39,1,41,141.1,27190000.0,0
20240831,264,1,1,6,27,29.0,6130000.0,0
20240831,265,7,33,1,34,55.0,15510000.0,0
20240831,266,4,16,1,28,27.0,10070000.0,0
20240831,267,1,2,1,31,42.2,11290000.0,0
20240831,268,7,31,6,24,37.2,7080000.0,0
20240831,271,2,6,2,26,21.5,7850000.0,0
20240831,272,4,19,1,37,39.7,40330000.0,0
20240831,273,3,12,1,35,55.8,18600000.0,0
20240831,274,7,31,5,27,41.9,6580000.0,0
20240831,276,8,36,1,35,70.9,6180000.0,0
20240831,277,3,11,1,26,69.2,8900000.0,0
20240831,278,3,14,1,42,75.1,40820000.0,0
20240831,282,1,4,1,38,33.1,28420000.0,0
20240831,285,1,1,4,23,39.9,8190000.0,0
20240831,286,1,2,1,33,88.4,11820000.0,0
20240831,288,6,30,1,41,23.9,48900000.0,0
20240831,289,7,32,1,31,24.1,10500000.0,0
20240831,290,3,15,1,35,32.9,63930000.0,0
20240831,291,3,13,1,38,40.7,23030000.0,0
20240831,292,7,31,2,24,48.9,6670000.0,0
20240831,293,1,2,1,28,20.1,10200000.0,0
20240831,296,1,1,4,29,68.4,7320000.0,0
20240831,298,8,38,1,35,50.5,17320000.0,0
20240831,299,7,31,3,55,59.7,7380000.0,0
20240831,300,4,16,5,28,41.7,8260000.0,0
20240831,301,8,37,1,28,22.4,10550000.0,0
20240831,302,1,1,1,28,28.6,8380000.0,0
20240831,303,1,1,1,32,63.0,8120000.0,0
20240831,304,7,31,1,25,66.9,6770000.0,0
20240831,305,7,31,4,26,65.0,6070000.0,0
20240831,306,1,1,6,35,28.4,8810000.0,0
20240831,307,4,17,4,29,62.3,15370000.0,0
20240831,308,6,26,3,30,49.7,8340000.0,0
20240831,309,1,1,1,22,22.3,8910000.0,0
20240831,310,4,16,1,36,127.0,9990000.0,0
20240831,311,3,13,1,37,42.2,20120000.0,0
20240831,313,7,32,1,35,27.7,11820000.0,0
20240831,314,3,14,1,33,38.4,39770000.0,0
20240831,316,4,19,1,39,44.9,39820000.0,0
20240831,317,2,7,1,40,68.1,11100000.0,0
20240831,318,1,1,1,27,26.6,8010000.0,0
20240831,320,7,33,5,25,27.4,16810000.0,0
20240831,321,1,1,1,35,137.2,8290000.0,0
20240831,322,5,22,4,24,24.7,13590000.0,0
20240831,324,3,14,1,41,79.3,35450000.0,0
20240831,327,7,32,1,32,48.5,10880000.0,0
20240831,329,7,32,2,33,56.2,10400000.0,0
20240831,330,1,1,2,35,174.7,8170000.0,0
20240831,331,3,12,3,31,48.6,17920000.0,0
20240831,333,8,36,1,27,50.2,5940000.0,0
20240831,334,8,37,6,31,48.3,11790000.0,0
20240831,336,1,1,1,31,57.9,8880000.0,0
20240831,337,3,12,1,25,59.2,15730000.0,0
20240831,338,8,36,1,21,22.2,5860000.0,0
20240831,339,5,21,3,28,34.0,8420000.0,0
20240831,340,8,36,5,40,174.7,7880000.0,0
20240831,341,1,1,1,27,54.1,8110000.0,0
20240831,343,7,31,3,24,47.5,8110000.0,0
20240831,345,3,11,1,29,50.4,8640000.0,0
20240831,347,8,36,2,33,147.2,7910000.0,0
20240831,349,7,33,4,45,83.6,13600000.0,0
20240831,350,2,7,3,30,33.5,14010000.0,0
20240831,352,7,32,1,29,41.3,10350000.0,0
20240831,353,1,2,1,34,90.5,11460000.0,0
20240831,354,7,31,1,31,24.9,6480000.0,0
20240831,358,5,22,1,32,66.9,12200000.0,0
20240831,359,3,13,1,30,24.9,20630000.0,0
20240831,360,7,32,4,39,141.2,11350000.0,0
20240831,361,1,3,6,36,87.2,19840000.0,0
20240831,362,8,36,1,27,58.5,7050000.0,0
20240831,364,7,32,3,31,32.0,10470000.0,0
20240831,366,8,37,4,31,37.2,11280000.0,0
20240831,367,6,27,1,31,23.4,11370000.0,0
20240831,369,1,3,1,36,45.4,19770000.0,0
20240831,370,4,19,1,36,24.0,30400000.0,0
20240831,372,1,1,1,31,52.5,7640000.0,0
20240831,373,2,8,1,37,64.6,17330000.0,0
20240831,374,1,1,5,33,91.4,9040000.0,0
20240831,375,5,22,4,39,166.7,14390000.0,0
20240831,376,3,11,4,25,38.1,9360000.0,0
20240831,377,6,28,2,44,138.3,17500000.0,0
20240831,378,1,1,2,36,118.9,8500000.0,0
20240831,379,1,1,1,29,82.3,7750000.0,0
20240831,380,3,12,5,32,37.9,12110000.0,0
20240831,381,4,18,2,44,107.8,20190000.0,0
20240831,383,6,27,2,32,60.1,11170000.0,0
20240831,384,3,11,1,31,89.5,9720000.0,0
20240831,385,7,33,6,23,21.7,15230000.0,0
20240831,386,2,6,1,40,122.3,9150000.0,0
20240831,387,3,11,1,27,38.3,9960000.0,0
20240831,388,7,31,1,23,22.1,6310000.0,0
20240831,390,3,13,1,39,70.5,20730000.0,0
20240831,391,7,32,3,31,59.4,11140000.0,0
20240831,392,8,37,1,27,45.6,11280000.0,0
20240831,393,7,31,6,25,60.9,6880000.0,0
20240831,396,1,1,1,27,38.0,7350000.0,0
20240831,397,2,7,1,27,46.1,12050000.0,0
20240831,398,3,12,1,29,29.8,12160000.0,0
20240831,399,2,6,1,36,174.7,8590000.0,0
20240831,400,7,32,3,36,47.1,8510000.0,0
20240831,401,6,29,1,35,38.3,35320000.0,0
20240831,404,7,31,6,36,151.9,6220000.0,0
20240831,405,3,12,1,33,67.3,14340000.0,0
20240831,406,3,11,2,33,41.7,9780000.0,0
20240831,409,7,33,1,42,174.7,17620000.0,0
20240831,412,1,1,1,29,55.8,7750000.0,0
20240831,413,8,36,3,29,22.1,6270000.0,0
20240831,414,3,11,2,37,136.0,8920000.0,0
20240831,417,7,31,2,26,21.1,6920000.0,0
20240831,418,7,31,1,35,55.1,7070000.0,0
20240831,419,8,39,1,40,68.4,25230000.0,0
20240831,420,5,21,2,32,81.8,9340000.0,0
20240831,421,1,4,1,39,82.9,24550000.0,0
20240831,423,4,16,5,24,44.8,9140000.0,0
20240831,424,3,11,1,22,20.6,9120000.0,0
20240831,425,1,3,3,34,38.7,15690000.0,0
20240831,426,3,14,6,36,30.6,41180000.0,0
20240831,427,1,1,6,24,25.8,9140000.0,0
20240831,429,7,33,1,33,45.5,15810000.0,0
20240831,431,3,12,2,43,142.9,14860000.0,0
20240831,432,1,4,1,41,37.0,37290000.0,0
20240831,433,7,35,1,48,126.1,47190000.0,0
20240831,436,3,13,3,36,54.7,22330000.0,0
20240831,438,1,2,2,31,68.0,13410000.0,0
20240831,439,8,37,1,34,53.7,10060000.0,0
20240831,440,7,31,3,29,33.9,6770000.0,0
20240831,442,8,36,2,28,76.0,5700000.0,0
20240831,444,1,1,1,28,26.3,7640000.0,0
20240831,445,1,4,1,44,137.9,28670000.0,0
20240831,446,8,36,4,24,53.7,6560000.0,0
20240831,447,4,16,1,25,41.6,9850000.0,0
20240831,449,1,2,6,27,36.8,10640000.0,0
20240831,450,8,38,1,38,107.7,17000000.0,0
20240831,452,3,12,2,31,57.9,14290000.0,0
20240831,453,8,36,2,31,50.7,7440000.0,0
20240831,454,7,34,1,40,120.0,25410000.0,0
20240831,455,4,20,6,44,44.8,63640000.0,0
20240831,456,1,1,3,55,23.0,8360000.0,0
20240831,457,7,32,3,39,118.9,11530000.0,0
20240831,458,7,31,1,26,45.1,7020000.0,0
20240831,459,7,31,1,28,39.1,6030000.0,0
20240831,460,2,7,1,33,45.7,11340000.0,0
20240831,461,4,16,1,25,19.4,10680000.0,0
20240831,462,2,6,1,24,19.7,9890000.0,0
20240831,463,5,21,1,24,19.2,8300000.0,0
20240831,465,8,37,2,27,19.8,9120000.0,0
20240831,466,7,31,4,27,19.6,7160000.0,0
20240831,467,3,11,2,24,19.3,10560000.0,0
20240831,469,7,31,1,25,19.8,6500000.0,0
20240831,470,1,1,1,27,19.1,7880000.0,0
20240831,471,7,32,3,33,19.2,11820000.0,0
20240831,472,2,6,1,27,19.0,7690000.0,0
20240831,473,6,26,1,26,19.4,7810000.0,0
20240831,474,6,27,1,31,19.8,11890000.0,0
20240831,476,7,31,1,28,18.3,7310000.0,0
20240831,478,3,11,4,22,18.4,8350000.0,0
20240831,479,2,6,6,33,18.6,8940000.0,0
20240831,480,5,21,6,26,18.4,7990000.0,0
20240831,481,8,36,1,25,17.2,7510000.0,0
20240831,482,7,31,3,26,17.5,6330000.0,0
20240831,483,8,37,1,31,18.0,10720000.0,0
20240831,485,1,1,1,25,17.9,7150000.0,0
20240831,486,1,1,2,25,17.9,7580000.0,0
20240831,487,1,1,1,25,17.0,7010000.0,0
20240831,490,3,11,4,22,16.2,10270000.0,0
20240831,491,8,36,3,27,16.9,6730000.0,0
20240831,492,8,36,5,21,16.7,6000000.0,0
20240831,493,3,11,1,21,16.5,8950000.0,0
20240831,494,4,19,2,41,16.7,39800000.0,0
20240831,495,3,11,2,23,16.4,10150000.0,0
20240831,496,7,31,2,,17.0,6530000.0,0
20240831,498,7,32,6,26,17.0,10280000.0,0
20240831,499,1,2,5,22,16.5,13190000.0,0
20240831,500,2,6,2,26,16.7,8000000.0,0
20240831,501,8,36,4,32,16.3,5450000.0,0
20240831,502,1,1,6,22,16.1,6620000.0,0
20240831,504,7,31,3,27,16.7,6900000.0,0
20240831,506,3,12,1,33,16.9,13760000.0,0
20240831,507,2,6,1,22,16.8,9720000.0,0
20240831,508,7,33,1,33,17.0,16790000.0,0
20240831,509,7,31,1,27,16.1,6310000.0,0
20240831,510,3,11,3,21,15.9,8750000.0,0
20240831,511,8,36,1,22,15.9,5850000.0,0
20240831,514,1,1,6,28,16.0,8660000.0,0
20240831,518,2,6,2,29,14.4,8430000.0,0
20240831,520,1,1,1,22,14.1,7180000.0,0
20240831,521,7,31,2,27,15.0,7440000.0,0
20240831,524,7,32,1,22,13.3,11200000.0,0
20240831,527,3,14,1,33,13.5,34820000.0,0
20240831,528,7,32,3,33,13.8,10230000.0,0
20240831,529,8,36,5,22,13.6,6760000.0,0
20240831,530,7,33,1,27,13.7,15390000.0,0
20240831,531,1,2,1,24,13.2,13120000.0,0
20240831,532,6,26,1,25,13.6,8400000.0,0
20240831,534,8,36,1,26,12.0,5710000.0,0
20240831,535,5,21,3,23,12.4,8890000.0,0
20240831,536,3,11,1,22,12.7,9290000.0,0
20240831,537,7,31,1,26,12.6,6160000.0,0
20240831,538,3,11,3,21,12.4,9070000.0,0
20240831,540,3,11,1,24,12.6,11250000.0,0
20240831,541,8,36,1,22,12.6,7800000.0,0
20240831,542,8,36,4,21,12.7,7690000.0,0
20240831,543,3,12,1,25,12.6,14350000.0,0
20240831,544,6,26,1,29,12.9,7770000.0,0
20240831,545,4,16,2,25,12.7,9050000.0,0
20240831,547,1,2,2,24,12.6,12430000.0,0
20240831,548,1,1,5,25,11.0,8480000.0,0
20240831,549,1,2,1,30,11.5,13840000.0,0
20240831,551,8,36,2,31,12.0,6080000.0,0
20240831,552,8,38,5,31,11.7,15110000.0,0
20240831,554,1,1,5,21,10.3,8280000.0,0
20240831,556,2,6,6,23,10.1,8450000.0,0
20240831,558,6,26,1,21,10.9,7340000.0,0
20240831,559,8,36,1,21,10.1,7350000.0,0
20240831,560,8,36,1,29,10.8,5990000.0,0
20240831,561,2,6,1,21,10.1,7950000.0,0
20240831,562,1,1,1,25,10.1,7550000.0,0
20240831,563,8,36,5,27,9.5,7080000.0,0
20240831,564,1,1,1,27,9.2,7420000.0,0
20240831,566,4,16,5,26,9.8,8670000.0,0
20240831,568,3,12,5,29,9.4,13310000.0,0
20240831,569,8,38,1,34,9.2,15600000.0,0
20240831,571,6,26,6,28,9.6,7800000.0,0
20240831,572,3,12,1,23,9.1,13830000.0,0
20240831,574,5,21,5,27,9.2,7690000.0,0
20240831,575,1,2,4,29,9.9,10800000.0,0
20240831,576,7,31,1,30,9.3,7440000.0,0
20240831,578,3,11,3,22,9.7,10520000.0,0
20240831,580,2,6,5,21,8.5,7220000.0,0
20240831,582,1,1,1,24,8.0,6910000.0,0
20240831,583,6,26,5,29,8.8,7550000.0,0
20240831,584,3,11,3,22,8.9,8980000.0,0
20240831,585,1,3,6,28,8.9,16440000.0,0
20240831,587,1,1,1,30,8.7,7340000.0,0
20240831,591,1,1,2,29,8.0,8290000.0,0
20240831,592,7,31,6,23,7.4,5870000.0,0
20240831,593,7,33,3,34,7.6,15480000.0,0
20240831,595,7,32,4,33,7.0,10230000.0,0
20240831,596,5,21,1,31,6.7,7190000.0,0
20240831,597,2,6,1,28,6.6,7540000.0,0
20240831,599,7,31,1,24,6.3,6990000.0,0
20240831,600,7,31,2,23,6.4,5680000.0,0
20240831,601,7,31,4,25,6.2,6320000.0,0
20240831,603,4,16,3,24,6.4,8750000.0,0
20240831,604,1,1,1,23,6.5,8190000.0,0
20240831,605,7,31,5,24,6.8,6860000.0,0
20240831,607,3,11,5,20,7.0,9040000.0,0
20240831,609,7,31,1,28,6.6,7900000.0,0
20240831,610,7,31,1,26,6.9,7540000.0,0
20240831,611,4,17,1,24,6.1,16020000.0,0
20240831,612,2,6,2,24,6.3,6820000.0,0
20240831,613,8,36,5,21,6.8,6270000.0,0
20240831,614,8,36,1,26,5.1,7350000.0,0
20240831,615,1,2,2,30,5.4,11210000.0,0
20240831,616,8,37,1,24,5.5,11010000.0,0
20240831,617,3,11,5,20,5.8,8450000.0,0
20240831,620,2,6,3,26,5.7,8530000.0,0
20240831,621,3,12,1,26,6.0,12570000.0,0
20240831,622,8,36,1,30,5.6,5870000.0,0
20240831,623,7,31,1,22,5.6,5960000.0,0
20240831,624,8,37,1,30,5.7,9720000.0,0
20240831,625,2,7,1,34,5.1,13130000.0,0
20240831,626,7,31,2,24,5.7,7290000.0,0
20240831,628,7,31,6,20,4.1,7070000.0,0
20240831,629,1,2,1,28,4.9,10470000.0,0
20240831,630,3,11,4,21,4.8,10410000.0,0
20240831,631,1,1,2,23,4.4,6970000.0,0
20240831,632,3,11,3,29,4.2,10190000.0,0
20240831,633,8,36,1,23,4.2,5370000.0,0
20240831,634,3,11,2,27,5.0,9570000.0,0
20240831,635,7,31,2,23,4.9,7030000.0,0
20240831,636,8,36,3,20,4.7,6850000.0,0
20240831,637,5,21,3,29,4.2,8860000.0,0
20240831,638,1,1,1,24,4.0,7940000.0,0
20240831,639,5,22,4,29,4.2,11560000.0,0
20240831,640,6,26,6,24,4.4,7750000.0,0
20240831,641,7,32,4,30,4.3,10820000.0,0
20240831,642,5,21,1,26,4.9,8290000.0,0
20240831,643,3,12,1,29,3.4,13370000.0,0
20240831,644,7,31,1,30,4.0,6110000.0,0
20240831,645,3,11,6,20,3.6,7880000.0,0
20240831,646,8,36,1,25,3.4,5800000.0,0
20240831,647,7,33,6,27,3.2,16000000.0,0
20240831,648,7,31,2,31,3.3,7140000.0,0
20240831,649,8,36,1,23,3.6,6450000.0,0
20240831,650,8,36,3,28,3.4,6850000.0,0
20240831,651,4,16,1,28,3.9,7800000.0,0
20240831,652,1,2,2,27,3.6,12890000.0,0
20240831,653,7,33,1,33,3.1,17160000.0,0
20240831,654,1,1,1,28,3.9,6760000.0,0
20240831,656,7,31,2,22,3.4,6250000.0,0
20240831,657,7,31,2,29,2.6,6320000.0,0
20240831,659,3,11,1,21,2.4,7800000.0,0
20240831,660,8,36,5,27,2.9,6390000.0,0
20240831,661,8,36,1,25,2.4,6790000.0,0
20240831,662,7,31,3,24,2.1,7710000.0,0
20240831,663,6,26,4,24,2.5,7180000.0,0
20240831,664,7,31,1,20,2.3,5680000.0,0
20240831,665,2,8,3,34,2.1,18220000.0,0
20240831,666,8,36,5,23,2.7,6560000.0,0
20240831,667,8,36,3,28,2.9,7230000.0,0
20240831,668,7,31,3,27,2.1,6980000.0,0
20240831,669,3,12,4,30,1.4,15410000.0,0
20240831,670,7,33,3,30,1.7,15770000.0,0
20240831,671,8,36,5,25,1.3,6070000.0,0
20240831,672,2,7,4,,1.5,10600000.0,0
20240831,673,2,7,2,29,1.4,12500000.0,0
20240831,674,1,1,1,20,1.1,8080000.0,0
20240831,675,7,31,6,20,1.9,6640000.0,0
20240831,676,3,12,1,28,1.7,12310000.0,0
20240831,677,2,6,1,20,1.8,8170000.0,0
20240831,678,7,32,2,31,1.4,10220000.0,0
20240831,679,8,38,3,24,1.3,13080000.0,0
20240831,680,7,32,6,23,1.9,10020000.0,0
20240831,681,1,1,1,22,1.2,6360000.0,0
20240831,682,1,5,1,37,1.9,45050000.0,0
20240831,683,8,36,3,30,1.8,6100000.0,0
20240831,684,8,38,6,30,1.3,14090000.0,0
20240831,685,7,34,4,43,0.7,28100000.0,1
20240831,686,7,31,4,28,0.2,7220000.0,1
20240831,687,7,32,1,25,0.9,11860000.0,1
20240831,688,1,1,2,23,0.8,6750000.0,1
20240831,689,2,8,1,31,0.6,17580000.0,1
20240831,690,2,6,1,26,0.5,7830000.0,1
20240831,691,8,37,3,36,0.7,8270000.0,1
20240930,2,7,32,1,32,62.0,9920000.0,0
20240930,3,5,21,1,31,50.2,7980000.0,0
20240930,5,8,36,1,30,49.3,6730000.0,0
20240930,7,3,11,2,32,54.1,10290000.0,0
20240930,8,5,21,2,32,39.2,7940000.0,0
20240930,9,8,36,3,31,65.8,6350000.0,0
20240930,11,8,36,6,27,29.5,7050000.0,0
20240930,12,2,6,3,35,68.8,7890000.0,0
20240930,13,2,7,2,29,67.4,11850000.0,0
20240930,15,4,16,1,26,67.0,7660000.0,0
20240930,16,1,1,5,26,34.8,7510000.0,0
20240930,17,6,26,3,24,43.6,9220000.0,0
20240930,19,5,24,1,46,74.2,33820000.0,0
20240930,21,7,31,5,26,77.6,6840000.0,0
20240930,22,1,1,3,25,43.4,8200000.0,0
20240930,23,1,2,6,33,70.3,12300000.0,0
20240930,24,8,36,1,34,85.7,7190000.0,0
20240930,25,2,8,1,39,65.4,17070000.0,0
20240930,26,8,37,4,31,88.6,11730000.0,0
20240930,27,3,14,1,35,29.1,39290000.0,0
20240930,28,2,6,1,29,74.4,7290000.0,0
20240930,29,3,12,1,32,53.1,15640000.0,0
20240930,30,1,2,3,37,48.9,14120000.0,0
20240930,31,2,6,4,,101.4,9190000.0,0
20240930,33,3,11,3,28,32.3,10100000.0,0
20240930,34,8,36,5,24,47.1,6620000.0,0
20240930,37,1,3,1,35,31.5,18770000.0,0
20240930,38,3,11,1,37,69.4,9600000.0,0
20240930,39,4,16,3,26,30.2,9420000.0,0
20240930,40,3,11,5,30,54.4,10150000.0,0
20240930,43,5,21,1,27,27.9,7630000.0,0
20240930,44,6,26,2,30,66.4,8080000.0,0
20240930,45,7,31,1,36,112.4,8020000.0,0
20240930,46,7,31,2,22,23.0,6260000.0,0
20240930,47,7,31,4,35,86.3,8110000.0,0
20240930,48,7,31,5,30,96.6,6780000.0,0
20240930,49,3,13,1,30,106.1,24600000.0,0
20240930,50,3,13,1,37,38.5,21450000.0,0
20240930,51,7,31,1,30,31.1,6680000.0,0
20240930,53,7,32,1,31,32.9,11000000.0,0
20240930,54,8,37,2,32,35.7,11650000.0,0
20240930,55,8,36,1,28,39.0,5600000.0,0
20240930,56,1,1,3,29,92.4,7660000.0,0
20240930,57,4,16,1,30,71.2,10270000.0,0
20240930,58,4,16,3,37,125.5,9110000.0,0
20240930,61,4,17,3,34,116.5,15670000.0,0
20240930,62,2,6,4,27,33.5,7910000.0,0
20240930,63,3,11,5,30,69.1,10500000.0,0
20240930,64,7,31,1,32,40.0,7480000.0,0
20240930,65,3,11,1,26,75.0,9190000.0,0
20240930,66,1,3,4,33,62.8,16050000.0,0
20240930,67,7,31,6,25,30.2,6900000.0,0
20240930,69,5,21,6,26,55.0,8770000.0,0
20240930,71,1,4,2,40,175.7,29650000.0,0
20240930,72,5,21,1,32,84.8,8160000.0,0
20240930,73,3,14,1,43,49.1,39270000.0,0
20240930,74,8,36,2,35,98.1,7110000.0,0
20240930,75,4,16,6,31,122.9,10100000.0,0
20240930,76,3,13,5,45,133.2,21820000.0,0
20240930,77,5,21,1,25,39.2,8240000.0,0
20240930,79,8,39,1,43,28.6,24050000.0,0
20240930,80,7,33,2,35,29.3,13990000.0,0
20240930,81,1,1,6,25,46.7,8110000.0,0
20240930,82,2,6,1,29,25.5,8140000.0,0
20240930,83,6,27,2,31,38.6,11520000.0,0
20240930,84,4,16,3,41,141.9,7990000.0,0
20240930,87,6,26,1,23,41.1,7680000.0,0
20240930,88,1,1,5,25,59.4,7090000.0,0
20240930,89,1,1,5,30,44.5,7430000.0,0
20240930,91,7,31,1,26,51.0,8220000.0,0
20240930,92,5,21,3,28,61.6,7050000.0,0
20240930,94,2,6,1,28,81.5,8320000.0,0
20240930,95,1,2,2,27,58.8,13040000.0,0
20240930,96,2,9,1,48,175.7,31430000.0,0
20240930,98,8,36,1,55,26.9,6110000.0,0
20240930,99,7,32,6,33,90.3,12130000.0,0
20240930,100,1,1,3,32,45.0,8020000.0,0
20240930,101,7,31,5,34,53.7,6490000.0,0
20240930,102,7,32,1,31,37.9,9930000.0,0
20240930,104,2,6,1,31,74.9,7800000.0,0
20240930,105,8,36,3,38,121.2,5470000.0,0
20240930,106,8,36,3,34,51.2,5750000.0,0
20240930,108,4,17,3,33,29.0,15090000.0,0
20240930,109,5,21,1,33,77.0,9150000.0,0
20240930,111,1,2,1,35,175.7,14410000.0,0
20240930,112,2,6,3,31,24.2,7130000.0,0
20240930,114,1,2,1,28,25.7,13300000.0,0
20240930,115,3,13,1,32,25.5,23970000.0,0
20240930,116,1,5,1,42,51.1,42990000.0,0
20240930,120,2,6,4,24,25.0,6930000.0,0
20240930,122,7,32,5,32,49.4,10460000.0,0
20240930,123,3,11,2,35,32.9,10070000.0,0
20240930,125,7,32,1,29,60.9,11030000.0,0
20240930,127,1,1,6,27,32.2,7450000.0,0
20240930,128,4,16,2,36,86.0,10420000.0,0
20240930,129,6,26,1,40,175.7,6290000.0,0
20240930,131,1,5,1,52,167.0,49410000.0,0
20240930,132,3,12,1,35,77.8,12790000.0,0
20240930,133,1,3,1,41,159.7,17720000.0,0
20240930,135,1,1,1,40,72.2,7090000.0,0
20240930,136,7,32,2,29,69.2,8790000.0,0
20240930,137,1,1,3,26,32.4,9130000.0,0
20240930,138,6,29,1,38,54.2,27100000.0,0
20240930,139,7,32,4,29,56.0,12650000.0,0
20240930,140,8,36,1,32,30.9,6010000.0,0
20240930,141,1,3,3,37,71.4,17380000.0,0
20240930,143,7,31,4,54,53.4,7960000.0,0
20240930,146,1,3,4,29,62.1,20530000.0,0
20240930,148,7,31,1,40,160.4,7680000.0,0
20240930,149,1,1,5,28,45.5,6650000.0,0
20240930,150,7,32,5,40,125.2,12160000.0,0
20240930,151,8,36,3,24,53.7,7260000.0,0
20240930,152,6,26,1,33,38.7,7070000.0,0
20240930,153,7,33,1,35,98.7,15460000.0,0
20240930,154,1,5,1,43,51.4,44820000.0,0
20240930,155,4,16,2,32,28.7,7710000.0,0
20240930,156,1,3,6,42,74.4,18160000.0,0
20240930,157,1,5,1,44,57.8,44360000.0,0
20240930,159,7,31,1,27,48.5,6460000.0,0
20240930,160,7,35,1,44,117.8,37150000.0,0
20240930,162,4,16,1,31,114.1,8720000.0,0
20240930,165,5,21,2,38,170.1,9430000.0,0
20240930,167,8,39,1,40,64.1,23090000.0,0
20240930,168,2,7,1,35,89.7,13590000.0,0
20240930,169,1,1,1,23,31.8,7070000.0,0
20240930,170,1,2,6,37,50.5,13380000.0,0
20240930,171,7,31,6,29,34.8,7690000.0,0
20240930,172,7,31,1,27,21.5,7540000.0,0
20240930,174,8,37,1,25,60.6,10490000.0,0
20240930,175,8,38,3,42,63.9,14310000.0,0
20240930,176,3,14,1,37,38.2,42640000.0,0
20240930,178,7,33,1,37,23.3,18230000.0,0
20240930,179,1,4,1,38,85.0,30250000.0,0
20240930,181,1,2,1,34,77.4,10440000.0,0
20240930,182,7,31,1,31,76.9,6590000.0,0
20240930,183,5,21,2,33,109.2,8880000.0,0
20240930,184,8,36,1,29,31.1,7780000.0,0
20240930,188,4,16,1,25,59.4,9290000.0,0
20240930,190,7,31,5,28,76.5,7060000.0,0
20240930,191,4,16,1,35,43.5,9620000.0,0
20240930,193,1,2,1,33,48.0,10180000.0,0
20240930,194,8,39,1,30,70.6,25800000.0,0
20240930,196,7,32,6,30,108.8,9390000.0,0
20240930,197,6,28,3,39,120.8,19210000.0,0
20240930,198,6,26,6,33,61.3,6980000.0,0
20240930,199,6,26,1,35,42.0,8140000.0,0
20240930,200,2,7,1,27,39.7,11740000.0,0
20240930,201,5,21,5,24,52.0,6660000.0,0
20240930,203,7,31,1,23,26.4,5810000.0,0
20240930,204,1,1,1,40,121.5,8900000.0,0
20240930,205,8,36,4,26,30.7,5950000.0,0
20240930,206,1,1,1,31,53.9,8440000.0,0
20240930,208,3,13,2,44,175.7,25770000.0,0
20240930,209,6,26,1,25,44.6,7640000.0,0
20240930,210,7,33,1,31,43.2,16500000.0,0
20240930,211,7,31,1,31,88.8,7450000.0,0
20240930,212,3,12,6,28,29.5,16950000.0,0
20240930,213,2,6,3,28,44.7,8610000.0,0
20240930,214,8,36,1,35,137.0,5950000.0,0
20240930,215,4,17,1,32,90.2,14370000.0,0
20240930,216,4,16,6,,79.8,9390000.0,0
20240930,217,5,21,1,32,37.1,7360000.0,0
20240930,218,3,11,1,30,58.6,10970000.0,0
20240930,219,3,11,1,38,91.8,8150000.0,0
20240930,220,8,38,1,35,90.1,13280000.0,0
20240930,221,7,31,3,30,53.9,6210000.0,0
20240930,222,8,36,1,29,47.7,6590000.0,0
20240930,223,1,1,3,23,33.9,8420000.0,0
20240930,224,1,4,1,41,83.9,32070000.0,0
20240930,226,2,6,2,35,31.3,7520000.0,0
20240930,227,2,6,4,27,80.8,7820000.0,0
20240930,228,5,24,2,35,24.1,28470000.0,0
20240930,229,7,31,1,32,126.0,7430000.0,0
20240930,230,8,37,1,28,24.7,10260000.0,0
20240930,232,3,12,1,39,115.9,16850000.0,0
20240930,233,8,36,2,55,55.7,6180000.0,0
20240930,234,7,32,2,41,175.7,11010000.0,0
20240930,237,6,27,4,29,21.6,11020000.0,0
20240930,239,2,7,4,33,108.7,14250000.0,0
20240930,240,8,36,6,30,62.3,6440000.0,0
20240930,241,8,36,1,54,56.8,7350000.0,0
20240930,242,8,36,1,27,56.4,6620000.0,0
20240930,243,7,31,1,37,163.9,7690000.0,0
20240930,244,3,13,6,49,88.5,20870000.0,0
20240930,245,1,1,1,32,65.1,7570000.0,0
20240930,247,7,31,1,31,57.1,7560000.0,0
20240930,248,5,22,1,29,57.4,13630000.0,0
20240930,250,1,1,1,31,43.0,8850000.0,0
20240930,251,1,4,1,40,92.9,37740000.0,0
20240930,252,3,11,2,30,60.0,11630000.0,0
20240930,253,8,38,6,34,56.6,16080000.0,0
20240930,254,5,21,1,27,27.0,9060000.0,0
20240930,255,1,1,3,32,126.8,7070000.0,0
20240930,256,7,31,1,30,121.0,7400000.0,0
20240930,257,3,12,1,32,50.0,15250000.0,0
20240930,260,8,39,1,41,142.1,27190000.0,0
20240930,264,1,1,6,27,30.0,6130000.0,0
20240930,265,7,33,1,34,56.0,15510000.0,0
20240930,266,4,16,1,28,28.0,10070000.0,0
20240930,267,1,2,1,31,43.2,11290000.0,0
20240930,268,7,31,6,25,38.1,7080000.0,0
20240930,271,2,6,2,26,22.5,7850000.0,0
20240930,272,4,19,1,37,40.7,40330000.0,0
20240930,273,3,12,1,35,56.8,18600000.0,0
20240930,274,7,31,5,27,42.9,6580000.0,0
20240930,276,8,36,1,35,71.9,6180000.0,0
20240930,277,3,11,1,26,70.2,8900000.0,0
20240930,278,3,14,1,42,76.1,40820000.0,0
20240930,282,1,4,1,38,34.0,28420000.0,0
20240930,285,1,1,4,23,40.8,8190000.0,0
20240930,286,1,2,1,33,89.4,11820000.0,0
20240930,288,6,30,1,41,24.9,48900000.0,0
20240930,289,7,32,1,31,25.1,10500000.0,0
20240930,290,3,15,1,35,33.8,63930000.0,0
20240930,291,3,13,1,38,41.7,23030000.0,0
20240930,292,7,31,2,25,49.9,6670000.0,0
20240930,293,1,2,1,28,21.1,10200000.0,0
20240930,296,1,1,4,29,69.4,7320000.0,0
20240930,298,8,38,1,35,51.4,17320000.0,0
20240930,299,7,31,3,55,60.7,7380000.0,0
20240930,300,4,16,5,28,42.6,8260000.0,0
20240930,301,8,37,1,28,23.4,10550000.0,0
20240930,302,1,1,1,28,29.6,8380000.0,0
20240930,303,1,1,1,32,64.0,8120000.0,0
20240930,304,7,31,1,25,67.8,6770000.0,0
20240930,305,7,31,4,26,66.0,6070000.0,0
20240930,306,1,1,6,35,29.4,8810000.0,0
20240930,307,4,17,4,29,63.3,15370000.0,0
20240930,308,6,26,3,30,50.7,8340000.0,0
20240930,309,1,1,1,22,23.3,8910000.0,0
20240930,310,4,16,1,36,128.0,9990000.0,0
20240930,311,3,13,1,37,43.1,20120000.0,0
20240930,313,7,32,1,35,28.7,11820000.0,0
20240930,314,3,14,1,33,39.4,39770000.0,0
20240930,316,4,19,1,39,45.9,39820000.0,0
20240930,317,2,7,1,40,69.1,11100000.0,0
20240930,318,1,1,1,27,27.6,8010000.0,0
20240930,320,7,33,5,25,28.4,16810000.0,0
20240930,321,1,1,1,35,138.2,8290000.0,0
20240930,322,5,22,4,24,25.7,13590000.0,0
20240930,324,3,14,1,41,80.3,35450000.0,0
20240930,327,7,32,1,32,49.5,10880000.0,0
20240930,329,7,32,2,33,57.2,10400000.0,0
20240930,330,1,1,2,35,175.7,8170000.0,0
20240930,331,3,12,3,31,49.5,17920000.0,0
20240930,333,8,36,1,27,51.2,5940000.0,0
20240930,334,8,37,6,31,49.2,11790000.0,0
20240930,336,1,1,1,31,58.9,8880000.0,0
20240930,337,3,12,1,25,60.2,15730000.0,0
20240930,338,8,36,1,22,23.2,5860000.0,0
20240930,339,5,21,3,28,35.0,8420000.0,0
20240930,340,8,36,5,40,175.7,7880000.0,0
20240930,341,1,1,1,27,55.1,8110000.0,0
20240930,343,7,31,3,24,48.5,8110000.0,0
20240930,345,3,11,1,30,51.4,8640000.0,0
20240930,347,8,36,2,33,148.1,7910000.0,0
20240930,349,7,33,4,45,84.6,13600000.0,0
20240930,350,2,7,3,30,34.5,14010000.0,0
20240930,353,1,2,1,34,91.5,11460000.0,0
20240930,354,7,31,1,31,25.9,6480000.0,0
20240930,358,5,22,1,32,67.9,12200000.0,0
20240930,359,3,13,1,30,25.9,20630000.0,0
20240930,360,7,32,4,39,142.2,11350000.0,0
20240930,361,1,3,6,36,88.1,19840000.0,0
20240930,362,8,36,1,27,59.5,7050000.0,0
20240930,364,7,32,3,31,33.0,10470000.0,0
20240930,366,8,37,4,32,38.1,11280000.0,0
20240930,367,6,27,1,31,24.3,11370000.0,0
20240930,369,1,3,1,36,46.4,19770000.0,0
20240930,370,4,19,1,36,24.9,30400000.0,0
20240930,372,1,1,1,31,53.5,7640000.0,0
20240930,373,2,8,1,37,65.6,17330000.0,0
20240930,374,1,1,5,33,92.4,9040000.0,0
20240930,375,5,22,4,39,167.7,14390000.0,0
20240930,376,3,11,4,25,39.1,9360000.0,0
20240930,377,6,28,2,44,139.2,17500000.0,0
20240930,378,1,1,2,37,119.9,8500000.0,0
20240930,379,1,1,1,29,83.3,7750000.0,0
20240930,380,3,12,5,32,38.9,12110000.0,0
20240930,381,4,18,2,44,108.8,20190000.0,0
20240930,383,6,27,2,32,61.0,11170000.0,0
20240930,384,3,11,1,31,90.5,9720000.0,0
20240930,385,7,33,6,23,22.6,15230000.0,0
20240930,386,2,6,1,40,123.3,9150000.0,0
20240930,387,3,11,1,27,39.3,9960000.0,0
20240930,388,7,31,1,23,23.1,6310000.0,0
20240930,390,3,13,1,39,71.5,20730000.0,0
20240930,391,7,32,3,32,60.4,11140000.0,0
20240930,392,8,37,1,27,46.6,11280000.0,0
20240930,393,7,31,6,25,61.9,6880000.0,0
20240930,396,1,1,1,27,39.0,7350000.0,0
20240930,397,2,7,1,27,47.1,12050000.0,0
20240930,398,3,12,1,29,30.8,12160000.0,0
20240930,399,2,6,1,37,175.7,8590000.0,0
20240930,400,7,32,3,36,48.1,8510000.0,0
20240930,401,6,29,1,35,39.3,35320000.0,0
20240930,404,7,31,6,36,152.9,6220000.0,0
20240930,405,3,12,1,33,68.2,14340000.0,0
20240930,406,3,11,2,33,42.7,9780000.0,0
20240930,409,7,33,1,42,175.7,17620000.0,0
20240930,412,1,1,1,29,56.7,7750000.0,0
20240930,413,8,36,3,29,23.1,6270000.0,0
20240930,414,3,11,2,37,137.0,8920000.0,0
20240930,417,7,31,2,26,22.0,6920000.0,0
20240930,418,7,31,1,35,56.1,7070000.0,0
20240930,419,8,39,1,40,69.4,25230000.0,0
20240930,420,5,21,2,32,82.8,9340000.0,0
20240930,421,1,4,1,39,83.9,24550000.0,0
20240930,423,4,16,5,24,45.8,9140000.0,0
20240930,424,3,11,1,22,21.6,9120000.0,0
20240930,425,1,3,3,34,39.7,15690000.0,0
20240930,426,3,14,6,36,31.6,41180000.0,0
20240930,427,1,1,6,24,26.7,9140000.0,0
20240930,429,7,33,1,33,46.5,15810000.0,0
20240930,431,3,12,2,44,143.8,14860000.0,0
20240930,432,1,4,1,41,38.0,37290000.0,0
20240930,433,7,35,1,49,127.1,47190000.0,0
20240930,436,3,13,3,36,55.7,22330000.0,0
20240930,438,1,2,2,31,69.0,13410000.0,0
20240930,439,8,37,1,34,54.7,10060000.0,0
20240930,440,7,31,3,30,34.9,6770000.0,0
20240930,442,8,36,2,28,77.0,5700000.0,0
20240930,444,1,1,1,28,27.2,7640000.0,0
20240930,445,1,4,1,44,138.9,28670000.0,0
20240930,446,8,36,4,24,54.7,6560000.0,0
20240930,447,4,16,1,25,42.6,9850000.0,0
20240930,449,1,2,6,27,37.8,10640000.0,0
20240930,450,8,38,1,39,108.7,17000000.0,0
20240930,452,3,12,2,31,58.9,14290000.0,0
20240930,453,8,36,2,31,51.7,7440000.0,0
20240930,454,7,34,1,40,121.0,25410000.0,0
20240930,455,4,20,6,44,45.8,63640000.0,0
20240930,456,1,1,3,55,24.0,8360000.0,0
20240930,457,7,32,3,39,119.9,11530000.0,0
20240930,458,7,31,1,26,46.1,7020000.0,0
20240930,460,2,7,1,33,46.7,11340000.0,0
20240930,461,4,16,1,25,20.3,10680000.0,0
20240930,462,2,6,1,24,20.7,9890000.0,0
20240930,463,5,21,1,24,20.2,8300000.0,0
20240930,465,8,37,2,27,20.8,9120000.0,0
20240930,466,7,31,4,27,20.6,7160000.0,0
20240930,467,3,11,2,25,20.2,10560000.0,0
20240930,469,7,31,1,25,20.8,6500000.0,0
20240930,470,1,1,1,27,20.1,7880000.0,0
20240930,471,7,32,3,33,20.2,11820000.0,0
20240930,472,2,6,1,27,20.0,7690000.0,0
20240930,473,6,26,1,26,20.4,7810000.0,0
20240930,474,6,27,1,31,20.8,11890000.0,0
20240930,476,7,31,1,29,19.3,7310000.0,0
20240930,478,3,11,4,22,19.4,8350000.0,0
20240930,479,2,6,6,33,19.6,8940000.0,0
20240930,480,5,21,6,26,19.4,7990000.0,0
20240930,481,8,36,1,25,18.2,7510000.0,0
20240930,482,7,31,3,26,18.5,6330000.0,0
20240930,483,8,37,1,31,19.0,10720000.0,0
20240930,485,1,1,1,25,18.9,7150000.0,0
20240930,486,1,1,2,26,18.9,7580000.0,0
20240930,487,1,1,1,25,18.0,7010000.0,0
20240930,490,3,11,4,22,17.2,10270000.0,0
20240930,491,8,36,3,27,17.8,6730000.0,0
20240930,492,8,36,5,21,17.7,6000000.0,0
20240930,493,3,11,1,21,17.5,8950000.0,0
20240930,494,4,19,2,41,17.7,39800000.0,0
20240930,495,3,11,2,23,17.4,10150000.0,0
20240930,496,7,31,2,,17.9,6530000.0,0
20240930,498,7,32,6,26,18.0,10280000.0,0
20240930,499,1,2,5,22,17.5,13190000.0,0
20240930,500,2,6,2,26,17.7,8000000.0,0
20240930,501,8,36,4,32,17.2,5450000.0,0
20240930,502,1,1,6,22,17.1,6620000.0,0
20240930,504,7,31,3,27,17.7,6900000.0,0
20240930,506,3,12,1,33,17.9,13760000.0,0
20240930,507,2,6,1,22,17.8,9720000.0,0
20240930,508,7,33,1,33,17.9,16790000.0,0
20240930,509,7,31,1,27,17.1,6310000.0,0
20240930,510,3,11,3,21,16.9,8750000.0,0
20240930,511,8,36,1,22,16.9,5850000.0,0
20240930,518,2,6,2,30,15.4,8430000.0,0
20240930,520,1,1,1,22,15.1,7180000.0,0
20240930,521,7,31,2,27,16.0,7440000.0,0
20240930,524,7,32,1,22,14.3,11200000.0,0
20240930,527,3,14,1,34,14.5,34820000.0,0
20240930,528,7,32,3,33,14.8,10230000.0,0
20240930,529,8,36,5,22,14.6,6760000.0,0
20240930,530,7,33,1,27,14.7,15390000.0,0
20240930,531,1,2,1,25,14.2,13120000.0,0
20240930,532,6,26,1,25,14.6,8400000.0,0
20240930,534,8,36,1,26,13.0,5710000.0,0
20240930,535,5,21,3,23,13.3,8890000.0,0
20240930,536,3,11,1,22,13.7,9290000.0,0
20240930,537,7,31,1,26,13.5,6160000.0,0
20240930,538,3,11,3,21,13.4,9070000.0,0
20240930,540,3,11,1,24,13.6,11250000.0,0
20240930,541,8,36,1,22,13.6,7800000.0,0
20240930,542,8,36,4,21,13.7,7690000.0,0
20240930,543,3,12,1,25,13.6,14350000.0,0
20240930,544,6,26,1,29,13.9,7770000.0,0
20240930,545,4,16,2,25,13.7,9050000.0,0
20240930,547,1,2,2,24,13.6,12430000.0,0
20240930,548,1,1,5,25,12.0,8480000.0,0
20240930,549,1,2,1,30,12.5,13840000.0,0
20240930,551,8,36,2,32,12.9,6080000.0,0
20240930,552,8,38,5,31,12.7,15110000.0,0
20240930,554,1,1,5,21,11.3,8280000.0,0
20240930,556,2,6,6,23,11.1,8450000.0,0
20240930,558,6,26,1,21,11.9,7340000.0,0
20240930,559,8,36,1,21,11.1,7350000.0,0
20240930,560,8,36,1,29,11.8,5990000.0,0
20240930,561,2,6,1,21,11.1,7950000.0,0
20240930,562,1,1,1,25,11.1,7550000.0,0
20240930,563,8,36,5,27,10.5,7080000.0,0
20240930,564,1,1,1,27,10.2,7420000.0,0
20240930,566,4,16,5,26,10.8,8670000.0,0
20240930,572,3,12,1,23,10.1,13830000.0,0
20240930,574,5,21,5,28,10.2,7690000.0,0
20240930,575,1,2,4,29,10.9,10800000.0,0
20240930,576,7,31,1,30,10.3,7440000.0,0
20240930,578,3,11,3,22,10.7,10520000.0,0
20240930,580,2,6,5,21,9.5,7220000.0,0
20240930,582,1,1,1,24,9.0,6910000.0,0
20240930,583,6,26,5,29,9.8,7550000.0,0
20240930,584,3,11,3,22,9.9,8980000.0,0
20240930,585,1,3,6,28,9.9,16440000.0,0
20240930,587,1,1,1,30,9.7,7340000.0,0
20240930,591,1,1,2,29,9.0,8290000.0,0
20240930,592,7,31,6,23,8.4,5870000.0,0
20240930,593,7,33,3,34,8.5,15480000.0,0
20240930,595,7,32,4,33,8.0,10230000.0,0
20240930,596,5,21,1,31,7.7,7190000.0,0
20240930,597,2,6,1,28,7.6,7540000.0,0
20240930,599,7,31,1,24,7.3,6990000.0,0
20240930,600,7,31,2,23,7.4,5680000.0,0
20240930,601,7,31,4,25,7.2,6320000.0,0
20240930,603,4,16,3,24,7.4,8750000.0,0
20240930,604,1,1,1,23,7.5,8190000.0,0
20240930,605,7,31,5,24,7.8,6860000.0,0
20240930,607,3,11,5,20,8.0,9040000.0,0
20240930,609,7,31,1,28,7.6,7900000.0,0
20240930,610,7,31,1,26,7.9,7540000.0,0
20240930,611,4,17,1,24,7.1,16020000.0,0
20240930,612,2,6,2,24,7.3,6820000.0,0
20240930,613,8,36,5,21,7.8,6270000.0,0
20240930,614,8,36,1,26,6.0,7350000.0,0
20240930,615,1,2,2,30,6.4,11210000.0,0
20240930,616,8,37,1,25,6.4,11010000.0,0
20240930,617,3,11,5,20,6.8,8450000.0,0
20240930,620,2,6,3,26,6.6,8530000.0,0
20240930,621,3,12,1,26,7.0,12570000.0,0
20240930,622,8,36,1,30,6.6,5870000.0,0
20240930,623,7,31,1,22,6.6,5960000.0,0
20240930,624,8,37,1,30,6.7,9720000.0,0
20240930,625,2,7,1,35,6.0,13130000.0,0
20240930,626,7,31,2,24,6.7,7290000.0,0
20240930,628,7,31,6,20,5.1,7070000.0,0
20240930,629,1,2,1,29,5.9,10470000.0,0
20240930,630,3,11,4,21,5.7,10410000.0,0
20240930,631,1,1,2,23,5.4,6970000.0,0
20240930,632,3,11,3,30,5.2,10190000.0,0
20240930,633,8,36,1,23,5.2,5370000.0,0
20240930,634,3,11,2,27,6.0,9570000.0,0
20240930,635,7,31,2,23,5.9,7030000.0,0
20240930,636,8,36,3,20,5.7,6850000.0,0
20240930,637,5,21,3,29,5.2,8860000.0,0
20240930,638,1,1,1,24,5.0,7940000.0,0
20240930,639,5,22,4,29,5.2,11560000.0,0
20240930,640,6,26,6,25,5.4,7750000.0,0
20240930,641,7,32,4,30,5.3,10820000.0,0
20240930,642,5,21,1,27,5.9,8290000.0,0
20240930,643,3,12,1,29,4.4,13370000.0,0
20240930,644,7,31,1,30,5.0,6110000.0,0
20240930,645,3,11,6,20,4.6,7880000.0,0
20240930,646,8,36,1,25,4.4,5800000.0,0
20240930,647,7,33,6,27,4.2,16000000.0,0
20240930,648,7,31,2,31,4.2,7140000.0,0
20240930,649,8,36,1,23,4.6,6450000.0,0
20240930,650,8,36,3,28,4.4,6850000.0,0
20240930,651,4,16,1,29,4.9,7800000.0,0
20240930,652,1,2,2,27,4.6,12890000.0,0
20240930,653,7,33,1,33,4.1,17160000.0,0
20240930,654,1,1,1,28,4.9,6760000.0,0
20240930,656,7,31,2,22,4.3,6250000.0,0
20240930,657,7,31,2,29,3.6,6320000.0,0
20240930,659,3,11,1,21,3.4,7800000.0,0
20240930,660,8,36,5,27,3.9,6390000.0,0
20240930,661,8,36,1,25,3.4,6790000.0,0
20240930,662,7,31,3,24,3.1,7710000.0,0
20240930,663,6,26,4,24,3.5,7180000.0,0
20240930,664,7,31,1,20,3.3,5680000.0,0
20240930,665,2,8,3,34,3.1,18220000.0,0
20240930,666,8,36,5,23,3.7,6560000.0,0
20240930,667,8,36,3,28,3.9,7230000.0,0
20240930,668,7,31,3,27,3.1,6980000.0,0
20240930,669,3,12,4,30,2.4,15410000.0,0
20240930,670,7,33,3,31,2.7,15770000.0,0
20240930,671,8,36,5,25,2.3,6070000.0,0
20240930,672,2,7,4,,2.5,10600000.0,0
20240930,673,2,7,2,29,2.4,12500000.0,0
20240930,674,1,1,1,20,2.1,8080000.0,0
20240930,675,7,31,6,20,2.9,6640000.0,0
20240930,676,3,12,1,28,2.7,12310000.0,0
20240930,677,2,6,1,20,2.8,8170000.0,0
20240930,678,7,32,2,31,2.4,10220000.0,0
20240930,679,8,38,3,24,2.3,13080000.0,0
20240930,680,7,32,6,23,2.9,10020000.0,0
20240930,681,1,1,1,22,2.2,6360000.0,0
20240930,682,1,5,1,37,2.9,45050000.0,0
20240930,683,8,36,3,30,2.8,6100000.0,0
20240930,684,8,38,6,30,2.3,14090000.0,0
20240930,685,7,34,4,43,1.6,28100000.0,0
20240930,686,7,31,4,28,1.1,7220000.0,0
20240930,687,7,32,1,25,1.9,11860000.0,0
20240930,688,1,1,2,23,1.7,6750000.0,0
20240930,689,2,8,1,31,1.5,17580000.0,0
20240930,690,2,6,1,26,1.4,7830000.0,0
20240930,691,8,37,3,36,1.7,8270000.0,0
20240930,692,3,13,1,30,0.7,21590000.0,1
20240930,693,7,32,4,25,0.1,8690000.0,1
20240930,694,7,32,1,24,0.5,10850000.0,1
20240930,695,1,4,1,34,0.1,33490000.0,1
20240930,696,2,6,3,29,0.5,8530000.0,1
20240930,697,8,36,1,27,0.3,6680000.0,1
20240930,698,6,27,3,25,0.8,11170000.0,1
20240930,699,7,31,1,20,0.2,6640000.0,1
20241031,2,7,32,1,33,63.0,9920000.0,0
20241031,3,5,21,1,31,51.2,7980000.0,0
20241031,5,8,36,1,31,50.3,6730000.0,0
20241031,7,3,11,2,32,55.1,10290000.0,0
20241031,8,5,21,2,32,40.2,7940000.0,0
20241031,9,8,36,3,31,66.8,6350000.0,0
20241031,11,8,36,6,27,30.5,7050000.0,0
20241031,12,2,6,3,35,69.8,7890000.0,0
20241031,13,2,7,2,29,68.4,11850000.0,0
20241031,15,4,16,1,26,68.0,7660000.0,0
20241031,16,1,1,5,26,35.8,7510000.0,0
20241031,17,6,26,3,24,44.6,9220000.0,0
20241031,19,5,24,1,46,75.2,33820000.0,0
20241031,21,7,31,5,26,78.7,6840000.0,0
20241031,22,1,1,3,25,44.4,8200000.0,0
20241031,23,1,2,6,33,71.4,12300000.0,0
20241031,24,8,36,1,34,86.7,7190000.0,0
20241031,25,2,8,1,39,66.4,17070000.0,0
20241031,26,8,37,4,31,89.7,11730000.0,0
20241031,27,3,14,1,35,30.1,39290000.0,0
20241031,28,2,6,1,29,75.4,7290000.0,0
20241031,29,3,12,1,32,54.1,15640000.0,0
20241031,30,1,2,3,37,49.9,14120000.0,0
20241031,31,2,6,4,,102.4,9190000.0,0
20241031,33,3,11,3,28,33.3,10100000.0,0
20241031,34,8,36,5,24,48.2,6620000.0,0
20241031,37,1,3,1,35,32.5,18770000.0,0
20241031,38,3,11,1,38,70.4,9600000.0,0
20241031,39,4,16,3,26,31.2,9420000.0,0
20241031,40,3,11,5,31,55.4,10150000.0,0
20241031,43,5,21,1,27,28.9,7630000.0,0
20241031,44,6,26,2,31,67.4,8080000.0,0
20241031,45,7,31,1,36,113.4,8020000.0,0
20241031,46,7,31,2,22,24.0,6260000.0,0
20241031,47,7,31,4,35,87.4,8110000.0,0
20241031,48,7,31,5,30,97.6,6780000.0,0
20241031,49,3,13,1,30,107.1,24600000.0,0
20241031,50,3,13,1,37,39.5,21450000.0,0
20241031,51,7,31,1,30,32.2,6680000.0,0
20241031,53,7,32,1,31,33.9,11000000.0,0
20241031,54,8,37,2,32,36.7,11650000.0,0
20241031,55,8,36,1,28,40.0,5600000.0,0
20241031,56,1,1,3,29,93.4,7660000.0,0
20241031,57,4,16,1,30,72.2,10270000.0,0
20241031,58,4,16,3,37,126.5,9110000.0,0
20241031,61,4,17,3,34,117.5,15670000.0,0
20241031,62,2,6,4,27,34.5,7910000.0,0
20241031,63,3,11,5,30,70.1,10500000.0,0
20241031,64,7,31,1,32,41.0,7480000.0,0
20241031,65,3,11,1,26,76.0,9190000.0,0
20241031,66,1,3,4,33,63.8,16050000.0,0
20241031,67,7,31,6,25,31.2,6900000.0,0
20241031,69,5,21,6,26,56.0,8770000.0,0
20241031,71,1,4,2,41,176.7,29650000.0,0
20241031,72,5,21,1,32,85.8,8160000.0,0
20241031,73,3,14,1,43,50.1,39270000.0,0
20241031,74,8,36,2,35,99.1,7110000.0,0
20241031,75,4,16,6,31,124.0,10100000.0,0
20241031,76,3,13,5,45,134.2,21820000.0,0
20241031,77,5,21,1,25,40.2,8240000.0,0
20241031,79,8,39,1,43,29.6,24050000.0,0
20241031,80,7,33,2,35,30.3,13990000.0,0
20241031,81,1,1,6,25,47.7,8110000.0,0
20241031,82,2,6,1,29,26.5,8140000.0,0
20241031,83,6,27,2,31,39.7,11520000.0,0
20241031,84,4,16,3,41,142.9,7990000.0,0
20241031,87,6,26,1,24,42.1,7680000.0,0
20241031,88,1,1,5,25,60.5,7090000.0,0
20241031,89,1,1,5,30,45.5,7430000.0,0
20241031,91,7,31,1,26,52.0,8220000.0,0
20241031,92,5,21,3,29,62.6,7050000.0,0
20241031,94,2,6,1,28,82.6,8320000.0,0
20241031,95,1,2,2,27,59.8,13040000.0,0
20241031,96,2,9,1,48,176.7,31430000.0,0
20241031,98,8,36,1,55,27.9,6110000.0,0
20241031,99,7,32,6,33,91.3,12130000.0,0
20241031,100,1,1,3,32,46.0,8020000.0,0
20241031,101,7,31,5,34,54.7,6490000.0,0
20241031,102,7,32,1,31,39.0,9930000.0,0
20241031,105,8,36,3,38,122.3,5470000.0,0
20241031,106,8,36,3,34,52.2,5750000.0,0
20241031,108,4,17,3,33,30.0,15090000.0,0
20241031,109,5,21,1,33,78.0,9150000.0,0
20241031,111,1,2,1,35,176.7,14410000.0,0
20241031,112,2,6,3,31,25.2,7130000.0,0
20241031,114,1,2,1,28,26.7,13300000.0,0
20241031,115,3,13,1,32,26.5,23970000.0,0
20241031,116,1,5,1,42,52.1,42990000.0,0
20241031,120,2,6,4,24,26.0,6930000.0,0
20241031,122,7,32,5,32,50.4,10460000.0,0
20241031,123,3,11,2,35,33.9,10070000.0,0
20241031,125,7,32,1,29,61.9,11030000.0,0
20241031,127,1,1,6,27,33.2,7450000.0,0
20241031,128,4,16,2,36,87.1,10420000.0,0
20241031,129,6,26,1,40,176.7,6290000.0,0
20241031,131,1,5,1,52,168.0,49410000.0,0
20241031,132,3,12,1,35,78.9,12790000.0,0
20241031,133,1,3,1,41,160.8,17720000.0,0
20241031,135,1,1,1,40,73.3,7090000.0,0
20241031,136,7,32,2,29,70.2,8790000.0,0
20241031,137,1,1,3,26,33.4,9130000.0,0
20241031,138,6,29,1,38,55.2,27100000.0,0
20241031,139,7,32,4,29,57.0,12650000.0,0
20241031,141,1,3,3,37,72.4,17380000.0,0
20241031,143,7,31,4,55,54.4,7960000.0,0
20241031,146,1,3,4,29,63.1,20530000.0,0
20241031,148,7,31,1,41,161.4,7680000.0,0
20241031,149,1,1,5,28,46.5,6650000.0,0
20241031,150,7,32,5,40,126.2,12160000.0,0
20241031,151,8,36,3,24,54.7,7260000.0,0
20241031,152,6,26,1,33,39.8,7070000.0,0
20241031,153,7,33,1,36,99.7,15460000.0,0
20241031,154,1,5,1,43,52.5,44820000.0,0
20241031,155,4,16,2,32,29.7,7710000.0,0
20241031,156,1,3,6,42,75.5,18160000.0,0
20241031,157,1,5,1,44,58.8,44360000.0,0
20241031,159,7,31,1,27,49.5,6460000.0,0
20241031,160,7,35,1,44,118.8,37150000.0,0
20241031,162,4,16,1,31,115.1,8720000.0,0
20241031,165,5,21,2,38,171.1,9430000.0,0
20241031,167,8,39,1,40,65.1,23090000.0,0
20241031,168,2,7,1,35,90.7,13590000.0,0
20241031,169,1,1,1,23,32.8,7070000.0,0
20241031,170,1,2,6,38,51.5,13380000.0,0
20241031,171,7,31,6,29,35.8,7690000.0,0
20241031,174,8,37,1,25,61.7,10490000.0,0
20241031,175,8,38,3,42,64.9,14310000.0,0
20241031,176,3,14,1,37,39.2,42640000.0,0
20241031,178,7,33,1,37,24.3,18230000.0,0
20241031,179,1,4,1,38,86.0,30250000.0,0
20241031,181,1,2,1,34,78.5,10440000.0,0
20241031,182,7,31,1,31,78.0,6590000.0,0
20241031,183,5,21,2,33,110.2,8880000.0,0
20241031,184,8,36,1,29,32.2,7780000.0,0
20241031,188,4,16,1,25,60.5,9290000.0,0
20241031,190,7,31,5,28,77.5,7060000.0,0
20241031,191,4,16,1,35,44.5,9620000.0,0
20241031,193,1,2,1,33,49.0,10180000.0,0
20241031,194,8,39,1,30,71.7,25800000.0,0
20241031,196,7,32,6,30,109.8,9390000.0,0
20241031,197,6,28,3,39,121.8,19210000.0,0
20241031,198,6,26,6,33,62.3,6980000.0,0
20241031,199,6,26,1,35,43.0,8140000.0,0
20241031,200,2,7,1,27,40.7,11740000.0,0
20241031,201,5,21,5,24,53.0,6660000.0,0
20241031,203,7,31,1,23,27.5,5810000.0,0
20241031,204,1,1,1,40,122.5,8900000.0,0
20241031,205,8,36,4,26,31.7,5950000.0,0
20241031,206,1,1,1,31,54.9,8440000.0,0
20241031,208,3,13,2,44,176.7,25770000.0,0
20241031,209,6,26,1,25,45.6,7640000.0,0
20241031,210,7,33,1,31,44.3,16500000.0,0
20241031,211,7,31,1,31,89.9,7450000.0,0
20241031,212,3,12,6,28,30.5,16950000.0,0
20241031,213,2,6,3,28,45.8,8610000.0,0
20241031,214,8,36,1,35,138.0,5950000.0,0
20241031,215,4,17,1,32,91.2,14370000.0,0
20241031,216,4,16,6,,80.9,9390000.0,0
20241031,217,5,21,1,32,38.1,7360000.0,0
20241031,218,3,11,1,30,59.6,10970000.0,0
20241031,219,3,11,1,38,92.8,8150000.0,0
20241031,220,8,38,1,35,91.1,13280000.0,0
20241031,221,7,31,3,30,54.9,6210000.0,0
20241031,222,8,36,1,29,48.7,6590000.0,0
20241031,223,1,1,3,23,35.0,8420000.0,0
20241031,224,1,4,1,41,84.9,32070000.0,0
20241031,226,2,6,2,35,32.4,7520000.0,0
20241031,227,2,6,4,27,81.8,7820000.0,0
20241031,228,5,24,2,35,25.2,28470000.0,0
20241031,229,7,31,1,33,127.0,7430000.0,0
20241031,230,8,37,1,29,25.8,10260000.0,0
20241031,232,3,12,1,39,117.0,16850000.0,0
20241031,233,8,36,2,55,56.7,6180000.0,0
20241031,234,7,32,2,42,176.7,11010000.0,0
20241031,237,6,27,4,29,22.6,11020000.0,0
20241031,239,2,7,4,33,109.8,14250000.0,0
20241031,240,8,36,6,30,63.3,6440000.0,0
20241031,241,8,36,1,54,57.8,7350000.0,0
20241031,242,8,36,1,27,57.4,6620000.0,0
20241031,243,7,31,1,37,165.0,7690000.0,0
20241031,244,3,13,6,50,89.5,20870000.0,0
20241031,245,1,1,1,32,66.2,7570000.0,0
20241031,247,7,31,1,31,58.1,7560000.0,0
20241031,248,5,22,1,29,58.4,13630000.0,0
20241031,250,1,1,1,31,44.0,8850000.0,0
20241031,251,1,4,1,40,94.0,37740000.0,0
20241031,252,3,11,2,30,61.0,11630000.0,0
20241031,253,8,38,6,34,57.6,16080000.0,0
20241031,254,5,21,1,27,28.1,9060000.0,0
20241031,255,1,1,3,32,127.8,7070000.0,0
20241031,256,7,31,1,30,122.0,7400000.0,0
20241031,257,3,12,1,32,51.0,15250000.0,0
20241031,260,8,39,1,41,143.1,27190000.0,0
20241031,264,1,1,6,27,31.0,6130000.0,0
20241031,265,7,33,1,34,57.0,15510000.0,0
20241031,266,4,16,1,28,29.0,10070000.0,0
20241031,268,7,31,6,25,39.2,7080000.0,0
20241031,271,2,6,2,27,23.5,7850000.0,0
20241031,272,4,19,1,37,41.7,40330000.0,0
20241031,273,3,12,1,35,57.8,18600000.0,0
20241031,274,7,31,5,27,43.9,6580000.0,0
20241031,276,8,36,1,35,72.9,6180000.0,0
20241031,277,3,11,1,26,71.2,8900000.0,0
20241031,278,3,14,1,42,77.1,40820000.0,0
20241031,282,1,4,1,38,35.1,28420000.0,0
20241031,285,1,1,4,23,41.9,8190000.0,0
20241031,286,1,2,1,33,90.4,11820000.0,0
20241031,288,6,30,1,41,25.9,48900000.0,0
20241031,289,7,32,1,31,26.1,10500000.0,0
20241031,290,3,15,1,35,34.9,63930000.0,0
20241031,291,3,13,1,38,42.7,23030000.0,0
20241031,292,7,31,2,25,50.9,6670000.0,0
20241031,293,1,2,1,28,22.1,10200000.0,0
20241031,296,1,1,4,29,70.4,7320000.0,0
20241031,298,8,38,1,35,52.5,17320000.0,0
20241031,299,7,31,3,55,61.7,7380000.0,0
20241031,300,4,16,5,28,43.7,8260000.0,0
20241031,301,8,37,1,28,24.4,10550000.0,0
20241031,302,1,1,1,28,30.6,8380000.0,0
20241031,303,1,1,1,32,65.1,8120000.0,0
20241031,304,7,31,1,25,68.9,6770000.0,0
20241031,305,7,31,4,26,67.0,6070000.0,0
20241031,306,1,1,6,35,30.4,8810000.0,0
20241031,307,4,17,4,29,64.3,15370000.0,0
20241031,308,6,26,3,30,51.7,8340000.0,0
20241031,309,1,1,1,22,24.3,8910000.0,0
20241031,310,4,16,1,36,129.0,9990000.0,0
20241031,311,3,13,1,37,44.2,20120000.0,0
20241031,313,7,32,1,35,29.7,11820000.0,0
20241031,314,3,14,1,33,40.4,39770000.0,0
20241031,316,4,19,1,39,46.9,39820000.0,0
20241031,317,2,7,1,40,70.1,11100000.0,0
20241031,318,1,1,1,27,28.6,8010000.0,0
20241031,320,7,33,5,25,29.4,16810000.0,0
20241031,321,1,1,1,35,139.2,8290000.0,0
20241031,322,5,22,4,25,26.7,13590000.0,0
20241031,324,3,14,1,41,81.3,35450000.0,0
20241031,327,7,32,1,33,50.5,10880000.0,0
20241031,329,7,32,2,33,58.2,10400000.0,0
20241031,330,1,1,2,35,176.7,8170000.0,0
20241031,331,3,12,3,31,50.6,17920000.0,0
20241031,333,8,36,1,27,52.2,5940000.0,0
20241031,334,8,37,6,31,50.3,11790000.0,0
20241031,336,1,1,1,31,59.9,8880000.0,0
20241031,337,3,12,1,25,61.2,15730000.0,0
20241031,338,8,36,1,22,24.2,5860000.0,0
20241031,339,5,21,3,28,36.0,8420000.0,0
20241031,340,8,36,5,41,176.7,7880000.0,0
20241031,341,1,1,1,27,56.1,8110000.0,0
20241031,343,7,31,3,24,49.5,8110000.0,0
20241031,345,3,11,1,30,52.4,8640000.0,0
20241031,347,8,36,2,33,149.2,7910000.0,0
20241031,349,7,33,4,45,85.7,13600000.0,0
20241031,350,2,7,3,30,35.5,14010000.0,0
20241031,353,1,2,1,34,92.5,11460000.0,0
20241031,354,7,31,1,31,26.9,6480000.0,0
20241031,358,5,22,1,32,68.9,12200000.0,0
20241031,359,3,13,1,30,26.9,20630000.0,0
20241031,360,7,32,4,39,143.2,11350000.0,0
20241031,361,1,3,6,36,89.2,19840000.0,0
20241031,362,8,36,1,27,60.5,7050000.0,0
20241031,364,7,32,3,31,34.0,10470000.0,0
20241031,366,8,37,4,32,39.2,11280000.0,0
20241031,367,6,27,1,31,25.4,11370000.0,0
20241031,369,1,3,1,36,47.4,19770000.0,0
20241031,370,4,19,1,36,26.0,30400000.0,0
20241031,372,1,1,1,32,54.5,7640000.0,0
20241031,373,2,8,1,37,66.6,17330000.0,0
20241031,374,1,1,5,33,93.4,9040000.0,0
20241031,375,5,22,4,39,168.7,14390000.0,0
20241031,376,3,11,4,26,40.1,9360000.0,0
20241031,377,6,28,2,44,140.3,17500000.0,0
20241031,378,1,1,2,37,120.9,8500000.0,0
20241031,379,1,1,1,29,84.3,7750000.0,0
20241031,380,3,12,5,32,39.9,12110000.0,0
20241031,381,4,18,2,44,109.8,20190000.0,0
20241031,383,6,27,2,32,62.1,11170000.0,0
20241031,384,3,11,1,31,91.5,9720000.0,0
20241031,385,7,33,6,23,23.7,15230000.0,0
20241031,386,2,6,1,40,124.3,9150000.0,0
20241031,387,3,11,1,27,40.3,9960000.0,0
20241031,388,7,31,1,23,24.1,6310000.0,0
20241031,390,3,13,1,39,72.5,20730000.0,0
20241031,391,7,32,3,32,61.4,11140000.0,0
20241031,392,8,37,1,27,47.6,11280000.0,0
20241031,393,7,31,6,25,62.9,6880000.0,0
20241031,396,1,1,1,28,40.0,7350000.0,0
20241031,397,2,7,1,27,48.1,12050000.0,0
20241031,398,3,12,1,29,31.8,12160000.0,0
20241031,399,2,6,1,37,176.7,8590000.0,0
20241031,400,7,32,3,36,49.1,8510000.0,0
20241031,401,6,29,1,35,40.3,35320000.0,0
20241031,404,7,31,6,36,153.9,6220000.0,0
20241031,406,3,11,2,33,43.7,9780000.0,0
20241031,409,7,33,1,42,176.7,17620000.0,0
20241031,412,1,1,1,29,57.8,7750000.0,0
20241031,413,8,36,3,29,24.1,6270000.0,0
20241031,414,3,11,2,38,138.1,8920000.0,0
20241031,417,7,31,2,26,23.1,6920000.0,0
20241031,418,7,31,1,35,57.1,7070000.0,0
20241031,419,8,39,1,40,70.4,25230000.0,0
20241031,420,5,21,2,33,83.8,9340000.0,0
20241031,421,1,4,1,39,84.9,24550000.0,0
20241031,423,4,16,5,24,46.8,9140000.0,0
20241031,424,3,11,1,22,22.6,9120000.0,0
20241031,425,1,3,3,34,40.7,15690000.0,0
20241031,426,3,14,6,36,32.6,41180000.0,0
20241031,427,1,1,6,24,27.8,9140000.0,0
20241031,429,7,33,1,33,47.5,15810000.0,0
20241031,431,3,12,2,44,144.9,14860000.0,0
20241031,432,1,4,1,41,39.0,37290000.0,0
20241031,433,7,35,1,49,128.1,47190000.0,0
20241031,436,3,13,3,36,56.7,22330000.0,0
20241031,438,1,2,2,31,70.0,13410000.0,0
20241031,439,8,37,1,35,55.7,10060000.0,0
20241031,440,7,31,3,30,35.9,6770000.0,0
20241031,442,8,36,2,28,78.0,5700000.0,0
20241031,444,1,1,1,28,28.3,7640000.0,0
20241031,445,1,4,1,44,139.9,28670000.0,0
20241031,446,8,36,4,25,55.7,6560000.0,0
20241031,447,4,16,1,25,43.6,9850000.0,0
20241031,449,1,2,6,27,38.8,10640000.0,0
20241031,450,8,38,1,39,109.7,17000000.0,0
20241031,452,3,12,2,31,59.9,14290000.0,0
20241031,453,8,36,2,32,52.7,7440000.0,0
20241031,454,7,34,1,40,122.0,25410000.0,0
20241031,455,4,20,6,44,46.8,63640000.0,0
20241031,456,1,1,3,55,25.0,8360000.0,0
20241031,457,7,32,3,39,120.9,11530000.0,0
20241031,458,7,31,1,26,47.1,7020000.0,0
20241031,460,2,7,1,33,47.7,11340000.0,0
20241031,461,4,16,1,25,21.4,10680000.0,0
20241031,462,2,6,1,25,21.7,9890000.0,0
20241031,463,5,21,1,24,21.2,8300000.0,0
20241031,465,8,37,2,28,21.8,9120000.0,0
20241031,466,7,31,4,27,21.6,7160000.0,0
20241031,467,3,11,2,25,21.3,10560000.0,0
20241031,469,7,31,1,25,21.8,6500000.0,0
20241031,470,1,1,1,27,21.1,7880000.0,0
20241031,471,7,32,3,33,21.2,11820000.0,0
20241031,472,2,6,1,27,21.0,7690000.0,0
20241031,473,6,26,1,26,21.4,7810000.0,0
20241031,474,6,27,1,31,21.8,11890000.0,0
20241031,476,7,31,1,29,20.3,7310000.0,0
20241031,478,3,11,4,22,20.4,8350000.0,0
20241031,479,2,6,6,34,20.6,8940000.0,0
20241031,480,5,21,6,26,20.4,7990000.0,0
20241031,481,8,36,1,25,19.3,7510000.0,0
20241031,482,7,31,3,26,19.5,6330000.0,0
20241031,483,8,37,1,31,20.0,10720000.0,0
20241031,485,1,1,1,25,19.9,7150000.0,0
20241031,486,1,1,2,26,19.9,7580000.0,0
20241031,487,1,1,1,25,19.0,7010000.0,0
20241031,490,3,11,4,22,18.2,10270000.0,0
20241031,491,8,36,3,27,18.9,6730000.0,0
20241031,492,8,36,5,21,18.7,6000000.0,0
20241031,493,3,11,1,21,18.5,8950000.0,0
20241031,494,4,19,2,41,18.7,39800000.0,0
20241031,495,3,11,2,23,18.4,10150000.0,0
20241031,496,7,31,2,,19.0,6530000.0,0
20241031,498,7,32,6,26,19.0,10280000.0,0
20241031,499,1,2,5,23,18.5,13190000.0,0
20241031,500,2,6,2,26,18.7,8000000.0,0
20241031,501,8,36,4,32,18.3,5450000.0,0
20241031,502,1,1,6,22,18.1,6620000.0,0
20241031,504,7,31,3,27,18.7,6900000.0,0
20241031,506,3,12,1,33,18.9,13760000.0,0
20241031,507,2,6,1,22,18.8,9720000.0,0
20241031,508,7,33,1,33,19.0,16790000.0,0
20241031,509,7,31,1,27,18.1,6310000.0,0
20241031,510,3,11,3,21,17.9,8750000.0,0
20241031,511,8,36,1,22,17.9,5850000.0,0
20241031,518,2,6,2,30,16.4,8430000.0,0
20241031,521,7,31,2,28,17.0,7440000.0,0
20241031,524,7,32,1,22,15.3,11200000.0,0
20241031,527,3,14,1,34,15.5,34820000.0,0
20241031,528,7,32,3,33,15.8,10230000.0,0
20241031,529,8,36,5,22,15.6,6760000.0,0
20241031,530,7,33,1,27,15.7,15390000.0,0
20241031,531,1,2,1,25,15.2,13120000.0,0
20241031,532,6,26,1,26,15.6,8400000.0,0
20241031,534,8,36,1,26,14.0,5710000.0,0
20241031,535,5,21,3,23,14.4,8890000.0,0
20241031,536,3,11,1,22,14.7,9290000.0,0
20241031,537,7,31,1,26,14.6,6160000.0,0
20241031,538,3,11,3,21,14.4,9070000.0,0
20241031,540,3,11,1,24,14.6,11250000.0,0
20241031,541,8,36,1,22,14.6,7800000.0,0
20241031,543,3,12,1,25,14.6,14350000.0,0
20241031,544,6,26,1,29,14.9,7770000.0,0
20241031,545,4,16,2,25,14.8,9050000.0,0
20241031,547,1,2,2,24,14.6,12430000.0,0
20241031,548,1,1,5,25,13.0,8480000.0,0
20241031,549,1,2,1,30,13.5,13840000.0,0
20241031,551,8,36,2,32,14.0,6080000.0,0
20241031,552,8,38,5,31,13.7,15110000.0,0
20241031,554,1,1,5,21,12.3,8280000.0,0
20241031,556,2,6,6,24,12.1,8450000.0,0
20241031,558,6,26,1,21,12.9,7340000.0,0
20241031,559,8,36,1,21,12.1,7350000.0,0
20241031,561,2,6,1,21,12.1,7950000.0,0
20241031,562,1,1,1,26,12.1,7550000.0,0
20241031,563,8,36,5,27,11.5,7080000.0,0
20241031,564,1,1,1,27,11.2,7420000.0,0
20241031,566,4,16,5,26,11.8,8670000.0,0
20241031,572,3,12,1,23,11.1,13830000.0,0
20241031,574,5,21,5,28,11.2,7690000.0,0
20241031,575,1,2,4,29,11.9,10800000.0,0
20241031,576,7,31,1,30,11.3,7440000.0,0
20241031,578,3,11,3,22,11.7,10520000.0,0
20241031,580,2,6,5,21,10.5,7220000.0,0
20241031,582,1,1,1,24,10.0,6910000.0,0
20241031,583,6,26,5,29,10.8,7550000.0,0
20241031,584,3,11,3,22,10.9,8980000.0,0
20241031,585,1,3,6,28,10.9,16440000.0,0
20241031,587,1,1,1,30,10.7,7340000.0,0
20241031,591,1,1,2,29,10.1,8290000.0,0
20241031,592,7,31,6,23,9.4,5870000.0,0
20241031,593,7,33,3,34,9.6,15480000.0,0
20241031,595,7,32,4,33,9.0,10230000.0,0
20241031,596,5,21,1,31,8.7,7190000.0,0
20241031,597,2,6,1,29,8.6,7540000.0,0
20241031,599,7,31,1,24,8.3,6990000.0,0
20241031,600,7,31,2,23,8.4,5680000.0,0
20241031,601,7,31,4,25,8.2,6320000.0,0
20241031,603,4,16,3,24,8.4,8750000.0,0
20241031,604,1,1,1,23,8.5,8190000.0,0
20241031,605,7,31,5,24,8.8,6860000.0,0
20241031,607,3,11,5,20,9.0,9040000.0,0
20241031,609,7,31,1,28,8.6,7900000.0,0
20241031,610,7,31,1,26,8.9,7540000.0,0
20241031,611,4,17,1,24,8.1,16020000.0,0
20241031,612,2,6,2,24,8.3,6820000.0,0
20241031,613,8,36,5,22,8.8,6270000.0,0
20241031,614,8,36,1,26,7.1,7350000.0,0
20241031,615,1,2,2,30,7.4,11210000.0,0
20241031,616,8,37,1,25,7.5,11010000.0,0
20241031,617,3,11,5,20,7.8,8450000.0,0
20241031,620,2,6,3,26,7.7,8530000.0,0
20241031,621,3,12,1,26,8.0,12570000.0,0
20241031,622,8,36,1,31,7.6,5870000.0,0
20241031,623,7,31,1,22,7.6,5960000.0,0
20241031,624,8,37,1,30,7.7,9720000.0,0
20241031,625,2,7,1,35,7.1,13130000.0,0
20241031,626,7,31,2,24,7.8,7290000.0,0
20241031,628,7,31,6,21,6.1,7070000.0,0
20241031,629,1,2,1,29,6.9,10470000.0,0
20241031,630,3,11,4,21,6.8,10410000.0,0
20241031,631,1,1,2,23,6.4,6970000.0,0
20241031,632,3,11,3,30,6.2,10190000.0,0
20241031,633,8,36,1,23,6.2,5370000.0,0
20241031,634,3,11,2,27,7.0,9570000.0,0
20241031,635,7,31,2,23,6.9,7030000.0,0
20241031,636,8,36,3,20,6.7,6850000.0,0
20241031,637,5,21,3,29,6.2,8860000.0,0
20241031,639,5,22,4,29,6.2,11560000.0,0
20241031,640,6,26,6,25,6.4,7750000.0,0
20241031,641,7,32,4,30,6.3,10820000.0,0
20241031,642,5,21,1,27,6.9,8290000.0,0
20241031,643,3,12,1,29,5.4,13370000.0,0
20241031,645,3,11,6,20,5.6,7880000.0,0
20241031,646,8,36,1,25,5.4,5800000.0,0
20241031,647,7,33,6,27,5.2,16000000.0,0
20241031,648,7,31,2,31,5.3,7140000.0,0
20241031,649,8,36,1,23,5.6,6450000.0,0
20241031,650,8,36,3,28,5.5,6850000.0,0
20241031,651,4,16,1,29,5.9,7800000.0,0
20241031,652,1,2,2,27,5.6,12890000.0,0
20241031,653,7,33,1,33,5.1,17160000.0,0
20241031,654,1,1,1,28,5.9,6760000.0,0
20241031,656,7,31,2,22,5.4,6250000.0,0
20241031,657,7,31,2,29,4.6,6320000.0,0
20241031,659,3,11,1,21,4.4,7800000.0,0
20241031,660,8,36,5,27,4.9,6390000.0,0
20241031,661,8,36,1,25,4.4,6790000.0,0
20241031,662,7,31,3,24,4.1,7710000.0,0
20241031,663,6,26,4,24,4.5,7180000.0,0
20241031,664,7,31,1,20,4.3,5680000.0,0
20241031,665,2,8,3,34,4.1,18220000.0,0
20241031,666,8,36,5,23,4.7,6560000.0,0
20241031,667,8,36,3,28,4.9,7230000.0,0
20241031,668,7,31,3,27,4.1,6980000.0,0
20241031,669,3,12,4,30,3.4,15410000.0,0
20241031,670,7,33,3,31,3.7,15770000.0,0
20241031,671,8,36,5,25,3.3,6070000.0,0
20241031,672,2,7,4,,3.5,10600000.0,0
20241031,673,2,7,2,29,3.4,12500000.0,0
20241031,675,7,31,6,20,3.9,6640000.0,0
20241031,676,3,12,1,28,3.7,12310000.0,0
20241031,677,2,6,1,20,3.8,8170000.0,0
20241031,678,7,32,2,31,3.4,10220000.0,0
20241031,679,8,38,3,24,3.4,13080000.0,0
20241031,680,7,32,6,23,3.9,10020000.0,0
20241031,682,1,5,1,37,3.9,45050000.0,0
20241031,683,8,36,3,31,3.8,6100000.0,0
20241031,684,8,38,6,30,3.3,14090000.0,0
20241031,685,7,34,4,43,2.7,28100000.0,0
20241031,686,7,31,4,28,2.2,7220000.0,0
20241031,687,7,32,1,25,2.9,11860000.0,0
20241031,689,2,8,1,32,2.6,17580000.0,0
20241031,690,2,6,1,26,2.5,7830000.0,0
20241031,691,8,37,3,36,2.7,8270000.0,0
20241031,692,3,13,1,31,1.7,21590000.0,0
20241031,693,7,32,4,25,1.1,8690000.0,0
20241031,694,7,32,1,24,1.5,10850000.0,0
20241031,695,1,4,1,35,1.1,33490000.0,0
20241031,696,2,6,3,29,1.5,8530000.0,0
20241031,697,8,36,1,27,1.3,6680000.0,0
20241031,698,6,27,3,25,1.8,11170000.0,0
20241031,699,7,31,1,20,1.2,6640000.0,0
20241031,700,2,7,2,29,0.0,10060000.0,1
20241031,701,8,36,2,21,0.5,6320000.0,1
20241031,702,7,31,5,23,0.7,6580000.0,1
20241031,703,7,31,6,21,0.5,6080000.0,1
20241031,704,3,11,1,28,0.1,8750000.0,1
20241031,705,1,1,1,28,0.9,6220000.0,1
20241031,706,8,36,5,30,0.2,6390000.0,1
20241031,707,8,37,3,28,0.4,8340000.0,1
20241031,708,1,1,1,26,0.1,8530000.0,1
20241031,709,7,31,2,27,0.4,7300000.0,1
20241031,710,1,1,1,21,0.0,6680000.0,1
20241031,711,1,2,1,29,0.8,11060000.0,1
20241031,712,8,37,1,32,0.4,9120000.0,1
20241031,713,3,11,2,25,0.3,9040000.0,1
20241031,714,3,14,3,35,0.2,32510000.0,1
20241031,715,4,16,1,22,0.4,9740000.0,1
20241031,716,2,8,1,30,0.4,16180000.0,1
20241031,717,6,26,3,33,0.3,7870000.0,1
20241031,718,3,11,1,27,0.7,9000000.0,1
20241031,719,1,1,5,22,0.8,7800000.0,1
20241130,2,7,32,1,33,64.0,9920000.0,0
20241130,3,5,21,1,31,52.2,7980000.0,0
20241130,5,8,36,1,31,51.3,6730000.0,0
20241130,7,3,11,2,32,56.1,10290000.0,0
20241130,8,5,21,2,32,41.2,7940000.0,0
20241130,9,8,36,3,31,67.8,6350000.0,0
20241130,11,8,36,6,27,31.5,7050000.0,0
20241130,12,2,6,3,35,70.8,7890000.0,0
20241130,13,2,7,2,29,69.4,11850000.0,0
20241130,15,4,16,1,26,69.0,7660000.0,0
20241130,16,1,1,5,26,36.8,7510000.0,0
20241130,17,6,26,3,24,45.6,9220000.0,0
20241130,19,5,24,1,46,76.2,33820000.0,0
20241130,21,7,31,5,26,79.6,6840000.0,0
20241130,22,1,1,3,25,45.4,8200000.0,0
20241130,23,1,2,6,33,72.3,12300000.0,0
20241130,24,8,36,1,34,87.7,7190000.0,0
20241130,25,2,8,1,39,67.4,17070000.0,0
20241130,26,8,37,4,31,90.6,11730000.0,0
20241130,27,3,14,1,35,31.1,39290000.0,0
20241130,28,2,6,1,29,76.4,7290000.0,0
20241130,29,3,12,1,32,55.1,15640000.0,0
20241130,30,1,2,3,37,50.9,14120000.0,0
20241130,31,2,6,4,,103.4,9190000.0,0
20241130,33,3,11,3,28,34.3,10100000.0,0
20241130,34,8,36,5,24,49.1,6620000.0,0
20241130,37,1,3,1,35,33.5,18770000.0,0
20241130,38,3,11,1,38,71.4,9600000.0,0
20241130,39,4,16,3,26,32.2,9420000.0,0
20241130,40,3,11,5,31,56.4,10150000.0,0
20241130,43,5,21,1,27,29.9,7630000.0,0
20241130,44,6,26,2,31,68.4,8080000.0,0
20241130,46,7,31,2,22,25.0,6260000.0,0
20241130,47,7,31,4,35,88.3,8110000.0,0
20241130,48,7,31,5,30,98.6,6780000.0,0
20241130,49,3,13,1,30,108.1,24600000.0,0
20241130,50,3,13,1,37,40.5,21450000.0,0
20241130,51,7,31,1,30,33.1,6680000.0,0
20241130,53,7,32,1,31,34.9,11000000.0,0
20241130,54,8,37,2,32,37.7,11650000.0,0
20241130,55,8,36,1,29,41.0,5600000.0,0
20241130,56,1,1,3,29,94.4,7660000.0,0
20241130,57,4,16,1,30,73.2,10270000.0,0
20241130,58,4,16,3,37,127.5,9110000.0,0
20241130,61,4,17,3,34,118.5,15670000.0,0
20241130,63,3,11,5,30,71.1,10500000.0,0
20241130,64,7,31,1,32,42.0,7480000.0,0
20241130,65,3,11,1,26,77.0,9190000.0,0
20241130,66,1,3,4,33,64.8,16050000.0,0
20241130,67,7,31,6,25,32.2,6900000.0,0
20241130,69,5,21,6,26,57.0,8770000.0,0
20241130,71,1,4,2,41,177.7,29650000.0,0
20241130,72,5,21,1,32,86.8,8160000.0,0
20241130,73,3,14,1,43,51.1,39270000.0,0
20241130,74,8,36,2,35,100.1,7110000.0,0
20241130,75,4,16,6,31,124.9,10100000.0,0
20241130,76,3,13,5,45,135.2,21820000.0,0
20241130,77,5,21,1,25,41.2,8240000.0,0
20241130,79,8,39,1,43,30.6,24050000.0,0
20241130,80,7,33,2,35,31.3,13990000.0,0
20241130,81,1,1,6,25,48.7,8110000.0,0
20241130,82,2,6,1,29,27.5,8140000.0,0
20241130,83,6,27,2,31,40.6,11520000.0,0
20241130,84,4,16,3,41,143.9,7990000.0,0
20241130,87,6,26,1,24,43.1,7680000.0,0
20241130,89,1,1,5,30,46.5,7430000.0,0
20241130,91,7,31,1,26,53.0,8220000.0,0
20241130,92,5,21,3,29,63.6,7050000.0,0
20241130,94,2,6,1,28,83.5,8320000.0,0
20241130,95,1,2,2,27,60.8,13040000.0,0
20241130,96,2,9,1,48,177.7,31430000.0,0
20241130,98,8,36,1,55,28.9,6110000.0,0
20241130,99,7,32,6,33,92.3,12130000.0,0
20241130,100,1,1,3,33,47.0,8020000.0,0
20241130,101,7,31,5,34,55.7,6490000.0,0
20241130,102,7,32,1,31,40.0,9930000.0,0
20241130,105,8,36,3,38,123.2,5470000.0,0
20241130,106,8,36,3,34,53.2,5750000.0,0
20241130,108,4,17,3,33,31.0,15090000.0,0
20241130,109,5,21,1,33,79.0,9150000.0,0
20241130,111,1,2,1,35,177.7,14410000.0,0
20241130,112,2,6,3,31,26.2,7130000.0,0
20241130,114,1,2,1,28,27.7,13300000.0,0
20241130,115,3,13,1,32,27.5,23970000.0,0
20241130,116,1,5,1,42,53.1,42990000.0,0
20241130,120,2,6,4,24,27.0,6930000.0,0
20241130,123,3,11,2,35,34.9,10070000.0,0
20241130,125,7,32,1,30,62.9,11030000.0,0
20241130,127,1,1,6,27,34.2,7450000.0,0
20241130,128,4,16,2,37,88.0,10420000.0,0
20241130,129,6,26,1,40,177.7,6290000.0,0
20241130,131,1,5,1,52,169.0,49410000.0,0
20241130,132,3,12,1,35,79.8,12790000.0,0
20241130,135,1,1,1,40,74.3,7090000.0,0
20241130,136,7,32,2,30,71.2,8790000.0,0
20241130,137,1,1,3,26,34.4,9130000.0,0
20241130,138,6,29,1,38,56.2,27100000.0,0
20241130,139,7,32,4,29,58.0,12650000.0,0
20241130,141,1,3,3,37,73.4,17380000.0,0
20241130,143,7,31,4,55,55.4,7960000.0,0
20241130,146,1,3,4,29,64.1,20530000.0,0
20241130,148,7,31,1,41,162.4,7680000.0,0
20241130,149,1,1,5,28,47.5,6650000.0,0
20241130,150,7,32,5,40,127.2,12160000.0,0
20241130,151,8,36,3,25,55.7,7260000.0,0
20241130,152,6,26,1,33,40.7,7070000.0,0
20241130,153,7,33,1,36,100.7,15460000.0,0
20241130,154,1,5,1,43,53.5,44820000.0,0
20241130,155,4,16,2,32,30.7,7710000.0,0
20241130,156,1,3,6,42,76.5,18160000.0,0
20241130,157,1,5,1,44,59.8,44360000.0,0
20241130,159,7,31,1,28,50.5,6460000.0,0
20241130,160,7,35,1,44,119.8,37150000.0,0
20241130,162,4,16,1,31,116.1,8720000.0,0
20241130,165,5,21,2,38,172.1,9430000.0,0
20241130,167,8,39,1,40,66.1,23090000.0,0
20241130,168,2,7,1,35,91.7,13590000.0,0
20241130,169,1,1,1,23,33.8,7070000.0,0
20241130,170,1,2,6,38,52.5,13380000.0,0
20241130,171,7,31,6,29,36.8,7690000.0,0
20241130,174,8,37,1,26,62.7,10490000.0,0
20241130,175,8,38,3,42,65.9,14310000.0,0
20241130,176,3,14,1,37,40.2,42640000.0,0
20241130,178,7,33,1,37,25.3,18230000.0,0
20241130,179,1,4,1,38,87.0,30250000.0,0
20241130,181,1,2,1,34,79.4,10440000.0,0
20241130,182,7,31,1,31,78.9,6590000.0,0
20241130,183,5,21,2,33,111.2,8880000.0,0
20241130,184,8,36,1,29,33.1,7780000.0,0
20241130,188,4,16,1,25,61.4,9290000.0,0
20241130,190,7,31,5,28,78.5,7060000.0,0
20241130,191,4,16,1,35,45.5,9620000.0,0
20241130,193,1,2,1,33,50.0,10180000.0,0
20241130,194,8,39,1,30,72.6,25800000.0,0
20241130,196,7,32,6,30,110.8,9390000.0,0
20241130,197,6,28,3,39,122.8,19210000.0,0
20241130,198,6,26,6,33,63.3,6980000.0,0
20241130,199,6,26,1,35,44.0,8140000.0,0
20241130,200,2,7,1,27,41.7,11740000.0,0
20241130,201,5,21,5,25,54.0,6660000.0,0
20241130,203,7,31,1,23,28.5,5810000.0,0
20241130,204,1,1,1,40,123.5,8900000.0,0
20241130,205,8,36,4,26,32.7,5950000.0,0
20241130,206,1,1,1,31,55.9,8440000.0,0
20241130,208,3,13,2,44,177.7,25770000.0,0
20241130,209,6,26,1,25,46.6,7640000.0,0
20241130,210,7,33,1,31,45.2,16500000.0,0
20241130,211,7,31,1,31,90.8,7450000.0,0
20241130,212,3,12,6,28,31.5,16950000.0,0
20241130,213,2,6,3,28,46.8,8610000.0,0
20241130,214,8,36,1,35,139.0,5950000.0,0
20241130,215,4,17,1,32,92.2,14370000.0,0
20241130,216,4,16,6,,81.8,9390000.0,0
20241130,217,5,21,1,32,39.1,7360000.0,0
20241130,218,3,11,1,31,60.6,10970000.0,0
20241130,219,3,11,1,38,93.8,8150000.0,0
20241130,220,8,38,1,35,92.1,13280000.0,0
20241130,221,7,31,3,30,55.9,6210000.0,0
20241130,222,8,36,1,29,49.7,6590000.0,0
20241130,223,1,1,3,23,35.9,8420000.0,0
20241130,224,1,4,1,41,85.9,32070000.0,0
20241130,226,2,6,2,35,33.3,7520000.0,0
20241130,227,2,6,4,27,82.8,7820000.0,0
20241130,228,5,24,2,35,26.2,28470000.0,0
20241130,229,7,31,1,33,128.0,7430000.0,0
20241130,230,8,37,1,29,26.7,10260000.0,0
20241130,232,3,12,1,39,117.9,16850000.0,0
20241130,233,8,36,2,55,57.7,6180000.0,0
20241130,234,7,32,2,42,177.7,11010000.0,0
20241130,237,6,27,4,29,23.6,11020000.0,0
20241130,239,2,7,4,33,110.8,14250000.0,0
20241130,240,8,36,6,31,64.3,6440000.0,0
20241130,241,8,36,1,54,58.8,7350000.0,0
20241130,242,8,36,1,27,58.4,6620000.0,0
20241130,243,7,31,1,37,165.9,7690000.0,0
20241130,244,3,13,6,50,90.5,20870000.0,0
20241130,245,1,1,1,32,67.2,7570000.0,0
20241130,247,7,31,1,31,59.1,7560000.0,0
20241130,248,5,22,1,29,59.4,13630000.0,0
20241130,250,1,1,1,31,45.0,8850000.0,0
20241130,251,1,4,1,40,94.9,37740000.0,0
20241130,252,3,11,2,30,62.0,11630000.0,0
20241130,253,8,38,6,34,58.6,16080000.0,0
20241130,254,5,21,1,27,29.0,9060000.0,0
20241130,255,1,1,3,32,128.8,7070000.0,0
20241130,256,7,31,1,30,123.0,7400000.0,0
20241130,257,3,12,1,32,52.0,15250000.0,0
20241130,260,8,39,1,41,144.1,27190000.0,0
20241130,264,1,1,6,27,32.0,6130000.0,0
20241130,265,7,33,1,34,58.0,15510000.0,0
20241130,266,4,16,1,28,30.0,10070000.0,0
20241130,268,7,31,6,25,40.1,7080000.0,0
20241130,271,2,6,2,27,24.5,7850000.0,0
20241130,272,4,19,1,37,42.7,40330000.0,0
20241130,273,3,12,1,36,58.8,18600000.0,0
20241130,274,7,31,5,27,44.9,6580000.0,0
20241130,276,8,36,1,36,73.9,6180000.0,0
20241130,277,3,11,1,27,72.2,8900000.0,0
20241130,278,3,14,1,42,78.1,40820000.0,0
20241130,282,1,4,1,38,36.0,28420000.0,0
20241130,285,1,1,4,23,42.8,8190000.0,0
20241130,286,1,2,1,33,91.4,11820000.0,0
20241130,288,6,30,1,41,26.9,48900000.0,0
20241130,289,7,32,1,31,27.1,10500000.0,0
20241130,290,3,15,1,35,35.8,63930000.0,0
20241130,291,3,13,1,38,43.7,23030000.0,0
20241130,292,7,31,2,25,51.9,6670000.0,0
20241130,293,1,2,1,28,23.1,10200000.0,0
20241130,296,1,1,4,30,71.4,7320000.0,0
20241130,298,8,38,1,35,53.5,17320000.0,0
20241130,299,7,31,3,55,62.7,7380000.0,0
20241130,300,4,16,5,28,44.6,8260000.0,0
20241130,301,8,37,1,28,25.4,10550000.0,0
20241130,302,1,1,1,28,31.6,8380000.0,0
20241130,303,1,1,1,32,66.0,8120000.0,0
20241130,304,7,31,1,26,69.8,6770000.0,0
20241130,305,7,31,4,26,68.0,6070000.0,0
20241130,306,1,1,6,35,31.4,8810000.0,0
20241130,307,4,17,4,29,65.3,15370000.0,0
20241130,308,6,26,3,30,52.7,8340000.0,0
20241130,309,1,1,1,22,25.3,8910000.0,0
20241130,310,4,16,1,36,130.0,9990000.0,0
20241130,311,3,13,1,37,45.1,20120000.0,0
20241130,313,7,32,1,35,30.7,11820000.0,0
20241130,314,3,14,1,33,41.4,39770000.0,0
20241130,316,4,19,1,39,47.9,39820000.0,0
20241130,317,2,7,1,40,71.1,11100000.0,0
20241130,318,1,1,1,27,29.6,8010000.0,0
20241130,320,7,33,5,26,30.4,16810000.0,0
20241130,321,1,1,1,35,140.2,8290000.0,0
20241130,322,5,22,4,25,27.7,13590000.0,0
20241130,324,3,14,1,41,82.3,35450000.0,0
20241130,327,7,32,1,33,51.5,10880000.0,0
20241130,329,7,32,2,33,59.2,10400000.0,0
20241130,330,1,1,2,35,177.7,8170000.0,0
20241130,331,3,12,3,32,51.5,17920000.0,0
20241130,333,8,36,1,27,53.2,5940000.0,0
20241130,334,8,37,6,31,51.3,11790000.0,0
20241130,336,1,1,1,31,60.9,8880000.0,0
20241130,337,3,12,1,25,62.2,15730000.0,0
20241130,338,8,36,1,22,25.2,5860000.0,0
20241130,339,5,21,3,28,37.0,8420000.0,0
20241130,340,8,36,5,41,177.7,7880000.0,0
20241130,341,1,1,1,27,57.1,8110000.0,0
20241130,343,7,31,3,24,50.5,8110000.0,0
20241130,345,3,11,1,30,53.4,8640000.0,0
20241130,347,8,36,2,33,150.1,7910000.0,0
20241130,349,7,33,4,45,86.6,13600000.0,0
20241130,350,2,7,3,30,36.5,14010000.0,0
20241130,353,1,2,1,34,93.5,11460000.0,0
20241130,354,7,31,1,31,27.9,6480000.0,0
20241130,358,5,22,1,32,69.9,12200000.0,0
20241130,359,3,13,1,30,27.9,20630000.0,0
20241130,360,7,32,4,39,144.2,11350000.0,0
20241130,361,1,3,6,36,90.2,19840000.0,0
20241130,362,8,36,1,27,61.5,7050000.0,0
20241130,364,7,32,3,31,35.0,10470000.0,0
20241130,366,8,37,4,32,40.1,11280000.0,0
20241130,367,6,27,1,32,26.3,11370000.0,0
20241130,369,1,3,1,36,48.4,19770000.0,0
20241130,370,4,19,1,36,26.9,30400000.0,0
20241130,372,1,1,1,32,55.5,7640000.0,0
20241130,373,2,8,1,37,67.6,17330000.0,0
20241130,374,1,1,5,33,94.4,9040000.0,0
20241130,375,5,22,4,39,169.7,14390000.0,0
20241130,376,3,11,4,26,41.1,9360000.0,0
20241130,377,6,28,2,44,141.2,17500000.0,0
20241130,378,1,1,2,37,121.9,8500000.0,0
20241130,379,1,1,1,29,85.3,7750000.0,0
20241130,380,3,12,5,32,40.9,12110000.0,0
20241130,381,4,18,2,44,110.8,20190000.0,0
20241130,383,6,27,2,32,63.0,11170000.0,0
20241130,384,3,11,1,32,92.5,9720000.0,0
20241130,385,7,33,6,23,24.6,15230000.0,0
20241130,386,2,6,1,41,125.3,9150000.0,0
20241130,387,3,11,1,27,41.3,9960000.0,0
20241130,388,7,31,1,23,25.1,6310000.0,0
20241130,390,3,13,1,39,73.5,20730000.0,0
20241130,391,7,32,3,32,62.4,11140000.0,0
20241130,392,8,37,1,28,48.6,11280000.0,0
20241130,393,7,31,6,26,63.9,6880000.0,0
20241130,396,1,1,1,28,41.0,7350000.0,0
20241130,397,2,7,1,27,49.1,12050000.0,0
20241130,398,3,12,1,29,32.8,12160000.0,0
20241130,399,2,6,1,37,177.7,8590000.0,0
20241130,400,7,32,3,36,50.1,8510000.0,0
20241130,401,6,29,1,35,41.3,35320000.0,0
20241130,404,7,31,6,36,154.9,6220000.0,0
20241130,406,3,11,2,33,44.7,9780000.0,0
20241130,409,7,33,1,42,177.7,17620000.0,0
20241130,412,1,1,1,29,58.7,7750000.0,0
20241130,413,8,36,3,30,25.1,6270000.0,0
20241130,414,3,11,2,38,139.0,8920000.0,0
20241130,417,7,31,2,26,24.0,6920000.0,0
20241130,418,7,31,1,35,58.1,7070000.0,0
20241130,419,8,39,1,40,71.4,25230000.0,0
20241130,420,5,21,2,33,84.8,9340000.0,0
20241130,421,1,4,1,39,85.9,24550000.0,0
20241130,423,4,16,5,24,47.8,9140000.0,0
20241130,424,3,11,1,22,23.6,9120000.0,0
20241130,425,1,3,3,34,41.7,15690000.0,0
20241130,426,3,14,6,36,33.6,41180000.0,0
20241130,427,1,1,6,24,28.7,9140000.0,0
20241130,429,7,33,1,33,48.5,15810000.0,0
20241130,431,3,12,2,44,145.8,14860000.0,0
20241130,432,1,4,1,41,40.0,37290000.0,0
20241130,433,7,35,1,49,129.1,47190000.0,0
20241130,436,3,13,3,36,57.7,22330000.0,0
20241130,439,8,37,1,35,56.7,10060000.0,0
20241130,440,7,31,3,30,36.9,6770000.0,0
20241130,442,8,36,2,28,79.0,5700000.0,0
20241130,444,1,1,1,28,29.2,7640000.0,0
20241130,445,1,4,1,44,140.9,28670000.0,0
20241130,446,8,36,4,25,56.7,6560000.0,0
20241130,447,4,16,1,25,44.6,9850000.0,0
20241130,449,1,2,6,27,39.8,10640000.0,0
20241130,450,8,38,1,39,110.7,17000000.0,0
20241130,452,3,12,2,32,60.9,14290000.0,0
20241130,453,8,36,2,32,53.7,7440000.0,0
20241130,454,7,34,1,41,123.0,25410000.0,0
20241130,455,4,20,6,44,47.8,63640000.0,0
20241130,456,1,1,3,55,26.0,8360000.0,0
20241130,457,7,32,3,39,121.9,11530000.0,0
20241130,458,7,31,1,26,48.1,7020000.0,0
20241130,460,2,7,1,33,48.7,11340000.0,0
20241130,461,4,16,1,25,22.3,10680000.0,0
20241130,462,2,6,1,25,22.7,9890000.0,0
20241130,463,5,21,1,24,22.2,8300000.0,0
20241130,465,8,37,2,28,22.8,9120000.0,0
20241130,466,7,31,4,27,22.6,7160000.0,0
20241130,467,3,11,2,25,22.2,10560000.0,0
20241130,469,7,31,1,25,22.8,6500000.0,0
20241130,470,1,1,1,27,22.1,7880000.0,0
20241130,471,7,32,3,33,22.2,11820000.0,0
20241130,472,2,6,1,27,22.0,7690000.0,0
20241130,473,6,26,1,26,22.4,7810000.0,0
20241130,474,6,27,1,31,22.8,11890000.0,0
20241130,476,7,31,1,29,21.3,7310000.0,0
20241130,478,3,11,4,23,21.4,8350000.0,0
20241130,479,2,6,6,34,21.6,8940000.0,0
20241130,480,5,21,6,26,21.4,7990000.0,0
20241130,481,8,36,1,25,20.2,7510000.0,0
20241130,482,7,31,3,26,20.5,6330000.0,0
20241130,483,8,37,1,31,21.0,10720000.0,0
20241130,485,1,1,1,25,20.9,7150000.0,0
20241130,486,1,1,2,26,20.9,7580000.0,0
20241130,487,1,1,1,25,20.0,7010000.0,0
20241130,491,8,36,3,27,19.8,6730000.0,0
20241130,492,8,36,5,21,19.7,6000000.0,0
20241130,493,3,11,1,21,19.5,8950000.0,0
20241130,494,4,19,2,41,19.7,39800000.0,0
20241130,495,3,11,2,23,19.4,10150000.0,0
20241130,496,7,31,2,,19.9,6530000.0,0
20241130,498,7,32,6,26,20.0,10280000.0,0
20241130,499,1,2,5,23,19.5,13190000.0,0
20241130,500,2,6,2,26,19.7,8000000.0,0
20241130,501,8,36,4,32,19.3,5450000.0,0
20241130,502,1,1,6,22,19.1,6620000.0,0
20241130,504,7,31,3,27,19.7,6900000.0,0
20241130,506,3,12,1,33,19.9,13760000.0,0
20241130,507,2,6,1,22,19.8,9720000.0,0
20241130,508,7,33,1,34,19.9,16790000.0,0
20241130,509,7,31,1,27,19.1,6310000.0,0
20241130,510,3,11,3,21,18.9,8750000.0,0
20241130,518,2,6,2,30,17.4,8430000.0,0
20241130,521,7,31,2,28,18.0,7440000.0,0
20241130,524,7,32,1,22,16.3,11200000.0,0
20241130,527,3,14,1,34,16.5,34820000.0,0
20241130,528,7,32,3,33,16.8,10230000.0,0
20241130,529,8,36,5,22,16.6,6760000.0,0
20241130,530,7,33,1,27,16.7,15390000.0,0
20241130,531,1,2,1,25,16.2,13120000.0,0
20241130,532,6,26,1,26,16.6,8400000.0,0
20241130,534,8,36,1,26,15.0,5710000.0,0
20241130,535,5,21,3,23,15.3,8890000.0,0
20241130,536,3,11,1,23,15.7,9290000.0,0
20241130,537,7,31,1,26,15.5,6160000.0,0
20241130,538,3,11,3,21,15.4,9070000.0,0
20241130,540,3,11,1,25,15.6,11250000.0,0
20241130,541,8,36,1,22,15.6,7800000.0,0
20241130,543,3,12,1,25,15.6,14350000.0,0
20241130,544,6,26,1,29,15.9,7770000.0,0
20241130,545,4,16,2,25,15.7,9050000.0,0
20241130,547,1,2,2,25,15.6,12430000.0,0
20241130,548,1,1,5,26,14.0,8480000.0,0
20241130,549,1,2,1,30,14.5,13840000.0,0
20241130,551,8,36,2,32,14.9,6080000.0,0
20241130,552,8,38,5,31,14.7,15110000.0,0
20241130,554,1,1,5,21,13.3,8280000.0,0
20241130,556,2,6,6,24,13.1,8450000.0,0
20241130,558,6,26,1,21,13.9,7340000.0,0
20241130,559,8,36,1,21,13.1,7350000.0,0
20241130,561,2,6,1,21,13.1,7950000.0,0
20241130,562,1,1,1,26,13.1,7550000.0,0
20241130,563,8,36,5,27,12.5,7080000.0,0
20241130,564,1,1,1,27,12.2,7420000.0,0
20241130,566,4,16,5,27,12.8,8670000.0,0
20241130,572,3,12,1,24,12.1,13830000.0,0
20241130,574,5,21,5,28,12.2,7690000.0,0
20241130,575,1,2,4,30,12.9,10800000.0,0
20241130,576,7,31,1,30,12.3,7440000.0,0
20241130,578,3,11,3,22,12.7,10520000.0,0
20241130,580,2,6,5,21,11.5,7220000.0,0
20241130,582,1,1,1,24,11.0,6910000.0,0
20241130,583,6,26,5,29,11.8,7550000.0,0
20241130,584,3,11,3,23,11.9,8980000.0,0
20241130,585,1,3,6,28,11.9,16440000.0,0
20241130,587,1,1,1,30,11.7,7340000.0,0
20241130,591,1,1,2,29,11.0,8290000.0,0
20241130,592,7,31,6,23,10.4,5870000.0,0
20241130,593,7,33,3,34,10.5,15480000.0,0
20241130,595,7,32,4,33,10.0,10230000.0,0
20241130,596,5,21,1,32,9.7,7190000.0,0
20241130,597,2,6,1,29,9.6,7540000.0,0
20241130,599,7,31,1,24,9.3,6990000.0,0
20241130,600,7,31,2,23,9.4,5680000.0,0
20241130,601,7,31,4,25,9.2,6320000.0,0
20241130,603,4,16,3,24,9.4,8750000.0,0
20241130,604,1,1,1,23,9.5,8190000.0,0
20241130,605,7,31,5,24,9.8,6860000.0,0
20241130,607,3,11,5,20,10.0,9040000.0,0
20241130,609,7,31,1,29,9.6,7900000.0,0
20241130,610,7,31,1,26,9.9,7540000.0,0
20241130,611,4,17,1,24,9.1,16020000.0,0
20241130,612,2,6,2,24,9.3,6820000.0,0
20241130,613,8,36,5,22,9.8,6270000.0,0
20241130,614,8,36,1,26,8.0,7350000.0,0
20241130,616,8,37,1,25,8.4,11010000.0,0
20241130,617,3,11,5,20,8.8,8450000.0,0
20241130,620,2,6,3,26,8.6,8530000.0,0
20241130,621,3,12,1,27,9.0,12570000.0,0
20241130,622,8,36,1,31,8.6,5870000.0,0
20241130,623,7,31,1,22,8.6,5960000.0,0
20241130,624,8,37,1,30,8.7,9720000.0,0
20241130,625,2,7,1,35,8.0,13130000.0,0
20241130,626,7,31,2,24,8.7,7290000.0,0
20241130,628,7,31,6,21,7.1,7070000.0,0
20241130,629,1,2,1,29,7.9,10470000.0,0
20241130,630,3,11,4,21,7.8,10410000.0,0
20241130,631,1,1,2,23,7.4,6970000.0,0
20241130,632,3,11,3,30,7.2,10190000.0,0
20241130,633,8,36,1,23,7.2,5370000.0,0
20241130,634,3,11,2,27,8.0,9570000.0,0
20241130,635,7,31,2,23,7.9,7030000.0,0
20241130,637,5,21,3,29,7.2,8860000.0,0
20241130,639,5,22,4,29,7.2,11560000.0,0
20241130,640,6,26,6,25,7.4,7750000.0,0
20241130,641,7,32,4,30,7.3,10820000.0,0
20241130,642,5,21,1,27,7.9,8290000.0,0
20241130,643,3,12,1,29,6.4,13370000.0,0
20241130,645,3,11,6,20,6.6,7880000.0,0
20241130,646,8,36,1,25,6.4,5800000.0,0
20241130,647,7,33,6,28,6.2,16000000.0,0
20241130,648,7,31,2,31,6.2,7140000.0,0
20241130,649,8,36,1,23,6.6,6450000.0,0
20241130,650,8,36,3,28,6.4,6850000.0,0
20241130,651,4,16,1,29,6.9,7800000.0,0
20241130,652,1,2,2,27,6.6,12890000.0,0
20241130,653,7,33,1,33,6.1,17160000.0,0
20241130,654,1,1,1,28,6.9,6760000.0,0
20241130,656,7,31,2,22,6.3,6250000.0,0
20241130,657,7,31,2,29,5.6,6320000.0,0
20241130,659,3,11,1,21,5.4,7800000.0,0
20241130,660,8,36,5,27,5.9,6390000.0,0
20241130,661,8,36,1,25,5.4,6790000.0,0
20241130,662,7,31,3,24,5.1,7710000.0,0
20241130,663,6,26,4,24,5.5,7180000.0,0
20241130,664,7,31,1,21,5.3,5680000.0,0
20241130,665,2,8,3,34,5.1,18220000.0,0
20241130,666,8,36,5,23,5.7,6560000.0,0
20241130,667,8,36,3,28,5.9,7230000.0,0
20241130,668,7,31,3,27,5.1,6980000.0,0
20241130,669,3,12,4,30,4.4,15410000.0,0
20241130,670,7,33,3,31,4.7,15770000.0,0
20241130,671,8,36,5,25,4.3,6070000.0,0
20241130,672,2,7,4,,4.5,10600000.0,0
20241130,673,2,7,2,30,4.4,12500000.0,0
20241130,675,7,31,6,20,4.9,6640000.0,0
20241130,676,3,12,1,28,4.7,12310000.0,0
20241130,677,2,6,1,21,4.8,8170000.0,0
20241130,678,7,32,2,31,4.4,10220000.0,0
20241130,679,8,38,3,24,4.3,13080000.0,0
20241130,680,7,32,6,23,4.9,10020000.0,0
20241130,682,1,5,1,37,4.9,45050000.0,0
20241130,683,8,36,3,31,4.8,6100000.0,0
20241130,684,8,38,6,30,4.3,14090000.0,0
20241130,685,7,34,4,44,3.6,28100000.0,0
20241130,686,7,31,4,28,3.2,7220000.0,0
20241130,687,7,32,1,26,3.9,11860000.0,0
20241130,689,2,8,1,32,3.5,17580000.0,0
20241130,690,2,6,1,26,3.4,7830000.0,0
20241130,691,8,37,3,36,3.7,8270000.0,0
20241130,692,3,13,1,31,2.7,21590000.0,0
20241130,693,7,32,4,25,2.1,8690000.0,0
20241130,694,7,32,1,25,2.5,10850000.0,0
20241130,695,1,4,1,35,2.1,33490000.0,0
20241130,696,2,6,3,29,2.5,8530000.0,0
20241130,697,8,36,1,27,2.3,6680000.0,0
20241130,698,6,27,3,25,2.8,11170000.0,0
20241130,699,7,31,1,20,2.2,6640000.0,0
20241130,700,2,7,2,29,1.0,10060000.0,0
20241130,701,8,36,2,21,1.5,6320000.0,0
20241130,702,7,31,5,23,1.6,6580000.0,0
20241130,703,7,31,6,22,1.5,6080000.0,0
20241130,704,3,11,1,29,1.1,8750000.0,0
20241130,705,1,1,1,28,1.9,6220000.0,0
20241130,706,8,36,5,30,1.2,6390000.0,0
20241130,707,8,37,3,28,1.4,8340000.0,0
20241130,708,1,1,1,26,1.1,8530000.0,0
20241130,709,7,31,2,28,1.3,7300000.0,0
20241130,710,1,1,1,21,1.0,6680000.0,0
20241130,711,1,2,1,29,1.8,11060000.0,0
20241130,712,8,37,1,32,1.4,9120000.0,0
20241130,713,3,11,2,25,1.2,9040000.0,0
20241130,714,3,14,3,35,1.2,32510000.0,0
20241130,715,4,16,1,22,1.4,9740000.0,0
20241130,716,2,8,1,31,1.4,16180000.0,0
20241130,717,6,26,3,33,1.3,7870000.0,0
20241130,718,3,11,1,27,1.7,9000000.0,0
20241130,719,1,1,5,22,1.8,7800000.0,0
20241130,720,7,31,2,25,0.3,6590000.0,1
20241130,721,7,31,1,24,0.9,6490000.0,1
20241130,722,2,6,5,26,0.4,7640000.0,1
20241130,723,7,32,1,29,0.1,11530000.0,1
20241130,724,1,1,2,24,0.0,6650000.0,1
20241130,725,1,1,1,21,0.9,7090000.0,1
20241130,726,3,12,4,27,0.3,15980000.0,1
20241130,727,8,36,6,32,0.3,6640000.0,1
20241130,728,1,1,3,28,0.2,6440000.0,1
20241130,729,8,37,1,22,0.1,10730000.0,1
20241130,730,1,1,3,25,0.7,7430000.0,1
20241130,731,3,13,1,27,0.5,23100000.0,1
20241130,732,7,31,2,34,0.6,7680000.0,1
20241130,733,7,32,2,24,0.3,8890000.0,1
20241231,2,7,32,1,33,65.1,9920000.0,0
20241231,3,5,21,1,31,53.2,7980000.0,0
20241231,5,8,36,1,31,52.3,6730000.0,0
20241231,7,3,11,2,32,57.1,10290000.0,0
20241231,8,5,21,2,32,42.2,7940000.0,0
20241231,9,8,36,3,31,68.8,6350000.0,0
20241231,11,8,36,6,27,32.5,7050000.0,0
20241231,12,2,6,3,35,71.8,7890000.0,0
20241231,13,2,7,2,29,70.4,11850000.0,0
20241231,15,4,16,1,26,70.0,7660000.0,0
20241231,16,1,1,5,26,37.8,7510000.0,0
20241231,17,6,26,3,24,46.6,9220000.0,0
20241231,19,5,24,1,46,77.2,33820000.0,0
20241231,21,7,31,5,26,80.7,6840000.0,0
20241231,22,1,1,3,25,46.4,8200000.0,0
20241231,23,1,2,6,33,73.4,12300000.0,0
20241231,24,8,36,1,34,88.7,7190000.0,0
20241231,25,2,8,1,39,68.4,17070000.0,0
20241231,26,8,37,4,31,91.7,11730000.0,0
20241231,27,3,14,1,35,32.1,39290000.0,0
20241231,28,2,6,1,29,77.4,7290000.0,0
20241231,29,3,12,1,32,56.1,15640000.0,0
20241231,30,1,2,3,37,51.9,14120000.0,0
20241231,31,2,6,4,,104.4,9190000.0,0
20241231,33,3,11,3,28,35.3,10100000.0,0
20241231,34,8,36,5,24,50.2,6620000.0,0
20241231,37,1,3,1,35,34.5,18770000.0,0
20241231,38,3,11,1,38,72.4,9600000.0,0
20241231,39,4,16,3,26,33.2,9420000.0,0
20241231,40,3,11,5,31,57.4,10150000.0,0
20241231,43,5,21,1,28,30.9,7630000.0,0
20241231,44,6,26,2,31,69.5,8080000.0,0
20241231,46,7,31,2,22,26.1,6260000.0,0
20241231,47,7,31,4,35,89.4,8110000.0,0
20241231,48,7,31,5,30,99.6,6780000.0,0
20241231,49,3,13,1,30,109.1,24600000.0,0
20241231,50,3,13,1,37,41.5,21450000.0,0
20241231,51,7,31,1,30,34.2,6680000.0,0
20241231,53,7,32,1,31,35.9,11000000.0,0
20241231,54,8,37,2,32,38.7,11650000.0,0
20241231,55,8,36,1,29,42.0,5600000.0,0
20241231,56,1,1,3,29,95.4,7660000.0,0
20241231,57,4,16,1,30,74.2,10270000.0,0
20241231,58,4,16,3,37,128.5,9110000.0,0
20241231,61,4,17,3,34,119.5,15670000.0,0
20241231,63,3,11,5,31,72.1,10500000.0,0
20241231,64,7,31,1,33,43.0,7480000.0,0
20241231,65,3,11,1,26,78.0,9190000.0,0
20241231,66,1,3,4,33,65.8,16050000.0,0
20241231,67,7,31,6,25,33.2,6900000.0,0
20241231,69,5,21,6,27,58.0,8770000.0,0
20241231,71,1,4,2,41,178.7,29650000.0,0
20241231,72,5,21,1,33,87.8,8160000.0,0
20241231,73,3,14,1,43,52.1,39270000.0,0
20241231,74,8,36,2,35,101.1,7110000.0,0
20241231,75,4,16,6,31,126.0,10100000.0,0
20241231,76,3,13,5,45,136.2,21820000.0,0
20241231,77,5,21,1,25,42.2,8240000.0,0
20241231,79,8,39,1,44,31.6,24050000.0,0
20241231,80,7,33,2,35,32.3,13990000.0,0
20241231,81,1,1,6,25,49.7,8110000.0,0
20241231,82,2,6,1,29,28.5,8140000.0,0
20241231,83,6,27,2,31,41.7,11520000.0,0
20241231,84,4,16,3,41,144.9,7990000.0,0
20241231,87,6,26,1,24,44.1,7680000.0,0
20241231,89,1,1,5,30,47.5,7430000.0,0
20241231,91,7,31,1,26,54.0,8220000.0,0
20241231,92,5,21,3,29,64.6,7050000.0,0
20241231,94,2,6,1,28,84.6,8320000.0,0
20241231,95,1,2,2,27,61.8,13040000.0,0
20241231,96,2,9,1,48,178.7,31430000.0,0
20241231,98,8,36,1,56,29.9,6110000.0,0
20241231,99,7,32,6,33,93.3,12130000.0,0
20241231,100,1,1,3,33,48.0,8020000.0,0
20241231,101,7,31,5,34,56.7,6490000.0,0
20241231,102,7,32,1,31,41.0,9930000.0,0
20241231,105,8,36,3,38,124.3,5470000.0,0
20241231,106,8,36,3,34,54.2,5750000.0,0
20241231,108,4,17,3,33,32.0,15090000.0,0
20241231,109,5,21,1,33,80.0,9150000.0,0
20241231,111,1,2,1,35,178.7,14410000.0,0
20241231,112,2,6,3,31,27.2,7130000.0,0
20241231,114,1,2,1,28,28.7,13300000.0,0
20241231,115,3,13,1,32,28.6,23970000.0,0
20241231,116,1,5,1,42,54.1,42990000.0,0
20241231,120,2,6,4,24,28.0,6930000.0,0
20241231,123,3,11,2,35,35.9,10070000.0,0
20241231,125,7,32,1,30,63.9,11030000.0,0
20241231,127,1,1,6,27,35.2,7450000.0,0
20241231,128,4,16,2,37,89.1,10420000.0,0
20241231,129,6,26,1,40,178.7,6290000.0,0
20241231,131,1,5,1,52,170.1,49410000.0,0
20241231,132,3,12,1,35,80.9,12790000.0,0
20241231,135,1,1,1,40,75.3,7090000.0,0
20241231,136,7,32,2,30,72.2,8790000.0,0
20241231,137,1,1,3,27,35.4,9130000.0,0
20241231,138,6,29,1,38,57.2,27100000.0,0
20241231,139,7,32,4,30,59.0,12650000.0,0
20241231,141,1,3,3,37,74.4,17380000.0,0
20241231,143,7,31,4,55,56.4,7960000.0,0
20241231,146,1,3,4,29,65.1,20530000.0,0
20241231,148,7,31,1,41,163.4,7680000.0,0
20241231,149,1,1,5,28,48.5,6650000.0,0
20241231,150,7,32,5,40,128.2,12160000.0,0
20241231,151,8,36,3,25,56.7,7260000.0,0
20241231,152,6,26,1,33,41.8,7070000.0,0
20241231,153,7,33,1,36,101.7,15460000.0,0
20241231,154,1,5,1,43,54.5,44820000.0,0
20241231,155,4,16,2,32,31.7,7710000.0,0
20241231,156,1,3,6,42,77.5,18160000.0,0
20241231,157,1,5,1,44,60.8,44360000.0,0
20241231,159,7,31,1,28,51.5,6460000.0,0
20241231,160,7,35,1,44,120.8,37150000.0,0
20241231,162,4,16,1,32,117.1,8720000.0,0
20241231,165,5,21,2,38,173.1,9430000.0,0
20241231,167,8,39,1,40,67.2,23090000.0,0
20241231,168,2,7,1,35,92.7,13590000.0,0
20241231,169,1,1,1,23,34.8,7070000.0,0
20241231,170,1,2,6,38,53.5,13380000.0,0
20241231,171,7,31,6,29,37.8,7690000.0,0
20241231,174,8,37,1,26,63.7,10490000.0,0
20241231,175,8,38,3,42,66.9,14310000.0,0
20241231,176,3,14,1,37,41.2,42640000.0,0
20241231,178,7,33,1,37,26.3,18230000.0,0
20241231,179,1,4,1,39,88.0,30250000.0,0
20241231,181,1,2,1,34,80.5,10440000.0,0
20241231,182,7,31,1,31,80.0,6590000.0,0
20241231,183,5,21,2,33,112.2,8880000.0,0
20241231,184,8,36,1,29,34.2,7780000.0,0
20241231,188,4,16,1,26,62.5,9290000.0,0
20241231,190,7,31,5,28,79.5,7060000.0,0
20241231,191,4,16,1,35,46.5,9620000.0,0
20241231,193,1,2,1,33,51.0,10180000.0,0
20241231,194,8,39,1,31,73.7,25800000.0,0
20241231,196,7,32,6,30,111.8,9390000.0,0
20241231,197,6,28,3,39,123.8,19210000.0,0
20241231,198,6,26,6,33,64.3,6980000.0,0
20241231,199,6,26,1,35,45.0,8140000.0,0
20241231,200,2,7,1,27,42.7,11740000.0,0
20241231,201,5,21,5,25,55.0,6660000.0,0
20241231,203,7,31,1,23,29.5,5810000.0,0
20241231,204,1,1,1,40,124.6,8900000.0,0
20241231,205,8,36,4,26,33.7,5950000.0,0
20241231,206,1,1,1,31,56.9,8440000.0,0
20241231,208,3,13,2,44,178.7,25770000.0,0
20241231,209,6,26,1,26,47.6,7640000.0,0
20241231,210,7,33,1,31,46.3,16500000.0,0
20241231,211,7,31,1,31,91.9,7450000.0,0
20241231,212,3,12,6,28,32.5,16950000.0,0
20241231,213,2,6,3,28,47.8,8610000.0,0
20241231,214,8,36,1,35,140.0,5950000.0,0
20241231,215,4,17,1,32,93.2,14370000.0,0
20241231,216,4,16,6,,82.9,9390000.0,0
20241231,217,5,21,1,33,40.1,7360000.0,0
20241231,218,3,11,1,31,61.6,10970000.0,0
20241231,219,3,11,1,39,94.8,8150000.0,0
20241231,220,8,38,1,35,93.1,13280000.0,0
20241231,221,7,31,3,30,56.9,6210000.0,0
20241231,222,8,36,1,29,50.7,6590000.0,0
20241231,223,1,1,3,23,37.0,8420000.0,0
20241231,224,1,4,1,41,86.9,32070000.0,0
20241231,226,2,6,2,35,34.4,7520000.0,0
20241231,227,2,6,4,27,83.8,7820000.0,0
20241231,228,5,24,2,35,27.2,28470000.0,0
20241231,229,7,31,1,33,129.1,7430000.0,0
20241231,230,8,37,1,29,27.8,10260000.0,0
20241231,232,3,12,1,39,119.0,16850000.0,0
20241231,233,8,36,2,55,58.7,6180000.0,0
20241231,234,7,32,2,42,178.7,11010000.0,0
20241231,237,6,27,4,29,24.6,11020000.0,0
20241231,239,2,7,4,33,111.8,14250000.0,0
20241231,240,8,36,6,31,65.3,6440000.0,0
20241231,241,8,36,1,55,59.8,7350000.0,0
20241231,242,8,36,1,27,59.4,6620000.0,0
20241231,243,7,31,1,37,167.0,7690000.0,0
20241231,244,3,13,6,50,91.5,20870000.0,0
20241231,245,1,1,1,33,68.2,7570000.0,0
20241231,247,7,31,1,31,60.1,7560000.0,0
20241231,248,5,22,1,29,60.4,13630000.0,0
20241231,250,1,1,1,31,46.0,8850000.0,0
20241231,251,1,4,1,40,96.0,37740000.0,0
20241231,252,3,11,2,30,63.0,11630000.0,0
20241231,253,8,38,6,34,59.6,16080000.0,0
20241231,254,5,21,1,27,30.1,9060000.0,0
20241231,255,1,1,3,32,129.8,7070000.0,0
20241231,256,7,31,1,30,124.0,7400000.0,0
20241231,257,3,12,1,32,53.0,15250000.0,0
20241231,260,8,39,1,41,145.1,27190000.0,0
20241231,264,1,1,6,28,33.0,6130000.0,0
20241231,265,7,33,1,34,59.0,15510000.0,0
20241231,266,4,16,1,28,31.0,10070000.0,0
20241231,268,7,31,6,25,41.2,7080000.0,0
20241231,271,2,6,2,27,25.5,7850000.0,0
20241231,272,4,19,1,37,43.7,40330000.0,0
20241231,273,3,12,1,36,59.8,18600000.0,0
20241231,274,7,31,5,27,45.9,6580000.0,0
20241231,276,8,36,1,36,74.9,6180000.0,0
20241231,277,3,11,1,27,73.2,8900000.0,0
20241231,278,3,14,1,42,79.1,40820000.0,0
20241231,282,1,4,1,38,37.1,28420000.0,0
20241231,285,1,1,4,23,43.9,8190000.0,0
20241231,286,1,2,1,33,92.5,11820000.0,0
20241231,288,6,30,1,41,27.9,48900000.0,0
20241231,289,7,32,1,31,28.1,10500000.0,0
20241231,290,3,15,1,35,36.9,63930000.0,0
20241231,291,3,13,1,39,44.7,23030000.0,0
20241231,292,7,31,2,25,52.9,6670000.0,0
20241231,293,1,2,1,28,24.1,10200000.0,0
20241231,296,1,1,4,30,72.4,7320000.0,0
20241231,298,8,38,1,35,54.5,17320000.0,0
20241231,299,7,31,3,55,63.7,7380000.0,0
20241231,300,4,16,5,28,45.7,8260000.0,0
20241231,301,8,37,1,29,26.4,10550000.0,0
20241231,302,1,1,1,29,32.6,8380000.0,0
20241231,303,1,1,1,32,67.1,8120000.0,0
20241231,304,7,31,1,26,70.9,6770000.0,0
20241231,305,7,31,4,26,69.0,6070000.0,0
20241231,306,1,1,6,35,32.4,8810000.0,0
20241231,307,4,17,4,29,66.3,15370000.0,0
20241231,308,6,26,3,30,53.7,8340000.0,0
20241231,309,1,1,1,23,26.3,8910000.0,0
20241231,310,4,16,1,36,131.0,9990000.0,0
20241231,311,3,13,1,38,46.2,20120000.0,0
20241231,313,7,32,1,35,31.7,11820000.0,0
20241231,314,3,14,1,33,42.4,39770000.0,0
20241231,316,4,19,1,39,49.0,39820000.0,0
20241231,317,2,7,1,41,72.1,11100000.0,0
20241231,318,1,1,1,27,30.6,8010000.0,0
20241231,320,7,33,5,26,31.4,16810000.0,0
20241231,321,1,1,1,35,141.2,8290000.0,0
20241231,322,5,22,4,25,28.7,13590000.0,0
20241231,324,3,14,1,41,83.4,35450000.0,0
20241231,327,7,32,1,33,52.5,10880000.0,0
20241231,329,7,32,2,33,60.2,10400000.0,0
20241231,330,1,1,2,35,178.7,8170000.0,0
20241231,331,3,12,3,32,52.6,17920000.0,0
20241231,333,8,36,1,27,54.2,5940000.0,0
20241231,334,8,37,6,32,52.3,11790000.0,0
20241231,336,1,1,1,31,61.9,8880000.0,0
20241231,337,3,12,1,25,63.2,15730000.0,0
20241231,338,8,36,1,22,26.2,5860000.0,0
20241231,339,5,21,3,29,38.0,8420000.0,0
20241231,340,8,36,5,41,178.7,7880000.0,0
20241231,341,1,1,1,27,58.2,8110000.0,0
20241231,343,7,31,3,24,51.5,8110000.0,0
20241231,345,3,11,1,30,54.4,8640000.0,0
20241231,347,8,36,2,33,151.2,7910000.0,0
20241231,349,7,33,4,45,87.7,13600000.0,0
20241231,350,2,7,3,30,37.5,14010000.0,0
20241231,353,1,2,1,34,94.5,11460000.0,0
20241231,354,7,31,1,31,28.9,6480000.0,0
20241231,358,5,22,1,32,70.9,12200000.0,0
20241231,359,3,13,1,30,28.9,20630000.0,0
20241231,360,7,32,4,39,145.2,11350000.0,0
20241231,361,1,3,6,36,91.2,19840000.0,0
20241231,362,8,36,1,27,62.5,7050000.0,0
20241231,364,7,32,3,31,36.0,10470000.0,0
20241231,366,8,37,4,32,41.2,11280000.0,0
20241231,367,6,27,1,32,27.4,11370000.0,0
20241231,369,1,3,1,36,49.4,19770000.0,0
20241231,370,4,19,1,36,28.0,30400000.0,0
20241231,372,1,1,1,32,56.5,7640000.0,0
20241231,373,2,8,1,37,68.6,17330000.0,0
20241231,374,1,1,5,33,95.4,9040000.0,0
20241231,375,5,22,4,39,170.7,14390000.0,0
20241231,376,3,11,4,26,42.1,9360000.0,0
20241231,377,6,28,2,44,142.3,17500000.0,0
20241231,378,1,1,2,37,122.9,8500000.0,0
20241231,379,1,1,1,30,86.3,7750000.0,0
20241231,380,3,12,5,32,41.9,12110000.0,0
20241231,381,4,18,2,44,111.8,20190000.0,0
20241231,383,6,27,2,32,64.1,11170000.0,0
20241231,384,3,11,1,32,93.5,9720000.0,0
20241231,385,7,33,6,23,25.7,15230000.0,0
20241231,386,2,6,1,41,126.3,9150000.0,0
20241231,387,3,11,1,27,42.3,9960000.0,0
20241231,388,7,31,1,23,26.1,6310000.0,0
20241231,391,7,32,3,32,63.4,11140000.0,0
20241231,392,8,37,1,28,49.6,11280000.0,0
20241231,393,7,31,6,26,65.0,6880000.0,0
20241231,396,1,1,1,28,42.1,7350000.0,0
20241231,397,2,7,1,27,50.1,12050000.0,0
20241231,398,3,12,1,29,33.8,12160000.0,0
20241231,399,2,6,1,37,178.7,8590000.0,0
20241231,400,7,32,3,37,51.1,8510000.0,0
20241231,401,6,29,1,36,42.3,35320000.0,0
20241231,404,7,31,6,36,155.9,6220000.0,0
20241231,406,3,11,2,33,45.7,9780000.0,0
20241231,409,7,33,1,42,178.7,17620000.0,0
20241231,412,1,1,1,29,59.8,7750000.0,0
20241231,413,8,36,3,30,26.2,6270000.0,0
20241231,414,3,11,2,38,140.1,8920000.0,0
20241231,417,7,31,2,26,25.1,6920000.0,0
20241231,418,7,31,1,35,59.1,7070000.0,0
20241231,419,8,39,1,40,72.4,25230000.0,0
20241231,420,5,21,2,33,85.8,9340000.0,0
20241231,421,1,4,1,39,86.9,24550000.0,0
20241231,423,4,16,5,24,48.8,9140000.0,0
20241231,424,3,11,1,22,24.6,9120000.0,0
20241231,425,1,3,3,34,42.7,15690000.0,0
20241231,426,3,14,6,36,34.6,41180000.0,0
20241231,427,1,1,6,24,29.8,9140000.0,0
20241231,429,7,33,1,33,49.5,15810000.0,0
20241231,431,3,12,2,44,146.9,14860000.0,0
20241231,432,1,4,1,41,41.0,37290000.0,0
20241231,433,7,35,1,49,130.1,47190000.0,0
20241231,439,8,37,1,35,57.7,10060000.0,0
20241231,440,7,31,3,30,37.9,6770000.0,0
20241231,442,8,36,2,29,80.0,5700000.0,0
20241231,444,1,1,1,28,30.3,7640000.0,0
20241231,445,1,4,1,44,141.9,28670000.0,0
20241231,446,8,36,4,25,57.7,6560000.0,0
20241231,447,4,16,1,25,45.6,9850000.0,0
20241231,449,1,2,6,27,40.8,10640000.0,0
20241231,450,8,38,1,39,111.7,17000000.0,0
20241231,452,3,12,2,32,61.9,14290000.0,0
20241231,453,8,36,2,32,54.7,7440000.0,0
20241231,454,7,34,1,41,124.0,25410000.0,0
20241231,455,4,20,6,44,48.8,63640000.0,0
20241231,456,1,1,3,55,27.0,8360000.0,0
20241231,457,7,32,3,39,122.9,11530000.0,0
20241231,458,7,31,1,26,49.1,7020000.0,0
20241231,460,2,7,1,33,49.7,11340000.0,0
20241231,461,4,16,1,25,23.4,10680000.0,0
20241231,462,2,6,1,25,23.7,9890000.0,0
20241231,463,5,21,1,24,23.2,8300000.0,0
20241231,465,8,37,2,28,23.9,9120000.0,0
20241231,466,7,31,4,28,23.6,7160000.0,0
20241231,467,3,11,2,25,23.3,10560000.0,0
20241231,469,7,31,1,26,23.8,6500000.0,0
20241231,470,1,1,1,27,23.1,7880000.0,0
20241231,471,7,32,3,33,23.2,11820000.0,0
20241231,472,2,6,1,27,23.0,7690000.0,0
20241231,473,6,26,1,26,23.4,7810000.0,0
20241231,474,6,27,1,32,23.8,11890000.0,0
20241231,476,7,31,1,29,22.3,7310000.0,0
20241231,478,3,11,4,23,22.4,8350000.0,0
20241231,479,2,6,6,34,22.6,8940000.0,0
20241231,480,5,21,6,26,22.4,7990000.0,0
20241231,481,8,36,1,25,21.3,7510000.0,0
20241231,482,7,31,3,26,21.5,6330000.0,0
20241231,483,8,37,1,31,22.0,10720000.0,0
20241231,485,1,1,1,25,21.9,7150000.0,0
20241231,486,1,1,2,26,21.9,7580000.0,0
20241231,487,1,1,1,25,21.0,7010000.0,0
20241231,491,8,36,3,27,20.9,6730000.0,0
20241231,492,8,36,5,22,20.7,6000000.0,0
20241231,493,3,11,1,21,20.5,8950000.0,0
20241231,494,4,19,2,42,20.7,39800000.0,0
20241231,495,3,11,2,23,20.4,10150000.0,0
20241231,496,7,31,2,,21.0,6530000.0,0
20241231,498,7,32,6,26,21.0,10280000.0,0
20241231,499,1,2,5,23,20.5,13190000.0,0
20241231,500,2,6,2,26,20.7,8000000.0,0
20241231,501,8,36,4,32,20.3,5450000.0,0
20241231,502,1,1,6,22,20.1,6620000.0,0
20241231,504,7,31,3,28,20.7,6900000.0,0
20241231,506,3,12,1,34,20.9,13760000.0,0
20241231,507,2,6,1,22,20.8,9720000.0,0
20241231,508,7,33,1,34,21.0,16790000.0,0
20241231,509,7,31,1,27,20.1,6310000.0,0
20241231,510,3,11,3,21,19.9,8750000.0,0
20241231,518,2,6,2,30,18.4,8430000.0,0
20241231,521,7,31,2,28,19.0,7440000.0,0
20241231,524,7,32,1,22,17.3,11200000.0,0
20241231,527,3,14,1,34,17.5,34820000.0,0
20241231,528,7,32,3,33,17.8,10230000.0,0
20241231,529,8,36,5,22,17.6,6760000.0,0
20241231,530,7,33,1,27,17.7,15390000.0,0
20241231,531,1,2,1,25,17.2,13120000.0,0
20241231,532,6,26,1,26,17.6,8400000.0,0
20241231,534,8,36,1,26,16.0,5710000.0,0
20241231,535,5,21,3,23,16.4,8890000.0,0
20241231,536,3,11,1,23,16.7,9290000.0,0
20241231,537,7,31,1,26,16.6,6160000.0,0
20241231,538,3,11,3,21,16.4,9070000.0,0
20241231,540,3,11,1,25,16.6,11250000.0,0
20241231,541,8,36,1,22,16.6,7800000.0,0
20241231,543,3,12,1,26,16.6,14350000.0,0
20241231,544,6,26,1,29,16.9,7770000.0,0
20241231,545,4,16,2,26,16.8,9050000.0,0
20241231,547,1,2,2,25,16.6,12430000.0,0
20241231,548,1,1,5,26,15.0,8480000.0,0
20241231,549,1,2,1,30,15.5,13840000.0,0
20241231,551,8,36,2,32,16.0,6080000.0,0
20241231,552,8,38,5,31,15.7,15110000.0,0
20241231,556,2,6,6,24,14.1,8450000.0,0
20241231,558,6,26,1,21,14.9,7340000.0,0
20241231,559,8,36,1,21,14.1,7350000.0,0
20241231,562,1,1,1,26,14.1,7550000.0,0
20241231,563,8,36,5,27,13.5,7080000.0,0
20241231,564,1,1,1,27,13.2,7420000.0,0
20241231,566,4,16,5,27,13.8,8670000.0,0
20241231,572,3,12,1,24,13.1,13830000.0,0
20241231,574,5,21,5,28,13.2,7690000.0,0
20241231,575,1,2,4,30,13.9,10800000.0,0
20241231,576,7,31,1,31,13.3,7440000.0,0
20241231,578,3,11,3,22,13.7,10520000.0,0
20241231,580,2,6,5,21,12.5,7220000.0,0
20241231,582,1,1,1,24,12.0,6910000.0,0
20241231,583,6,26,5,29,12.8,7550000.0,0
20241231,584,3,11,3,23,12.9,8980000.0,0
20241231,587,1,1,1,30,12.7,7340000.0,0
20241231,591,1,1,2,29,12.1,8290000.0,0
20241231,592,7,31,6,23,11.4,5870000.0,0
20241231,593,7,33,3,34,11.6,15480000.0,0
20241231,595,7,32,4,33,11.0,10230000.0,0
20241231,596,5,21,1,32,10.7,7190000.0,0
20241231,597,2,6,1,29,10.6,7540000.0,0
20241231,599,7,31,1,24,10.3,6990000.0,0
20241231,600,7,31,2,23,10.4,5680000.0,0
20241231,601,7,31,4,25,10.2,6320000.0,0
20241231,603,4,16,3,24,10.4,8750000.0,0
20241231,604,1,1,1,24,10.5,8190000.0,0
20241231,605,7,31,5,24,10.8,6860000.0,0
20241231,607,3,11,5,21,11.0,9040000.0,0
20241231,609,7,31,1,29,10.6,7900000.0,0
20241231,610,7,31,1,26,10.9,7540000.0,0
20241231,611,4,17,1,24,10.1,16020000.0,0
20241231,612,2,6,2,24,10.3,6820000.0,0
20241231,613,8,36,5,22,10.8,6270000.0,0
20241231,614,8,36,1,26,9.1,7350000.0,0
20241231,617,3,11,5,21,9.8,8450000.0,0
20241231,620,2,6,3,26,9.7,8530000.0,0
20241231,621,3,12,1,27,10.0,12570000.0,0
20241231,622,8,36,1,31,9.6,5870000.0,0
20241231,623,7,31,1,22,9.6,5960000.0,0
20241231,624,8,37,1,30,9.7,9720000.0,0
20241231,625,2,7,1,35,9.1,13130000.0,0
20241231,626,7,31,2,24,9.8,7290000.0,0
20241231,628,7,31,6,21,8.1,7070000.0,0
20241231,629,1,2,1,29,8.9,10470000.0,0
20241231,630,3,11,4,21,8.8,10410000.0,0
20241231,631,1,1,2,23,8.4,6970000.0,0
20241231,632,3,11,3,30,8.2,10190000.0,0
20241231,633,8,36,1,23,8.2,5370000.0,0
20241231,634,3,11,2,27,9.0,9570000.0,0
20241231,635,7,31,2,23,8.9,7030000.0,0
20241231,637,5,21,3,29,8.2,8860000.0,0
20241231,639,5,22,4,29,8.2,11560000.0,0
20241231,640,6,26,6,25,8.4,7750000.0,0
20241231,641,7,32,4,30,8.3,10820000.0,0
20241231,642,5,21,1,27,8.9,8290000.0,0
20241231,643,3,12,1,30,7.4,13370000.0,0
20241231,645,3,11,6,20,7.6,7880000.0,0
20241231,647,7,33,6,28,7.2,16000000.0,0
20241231,648,7,31,2,31,7.3,7140000.0,0
20241231,649,8,36,1,24,7.6,6450000.0,0
20241231,650,8,36,3,28,7.5,6850000.0,0
20241231,651,4,16,1,29,7.9,7800000.0,0
20241231,652,1,2,2,27,7.6,12890000.0,0
20241231,653,7,33,1,33,7.1,17160000.0,0
20241231,654,1,1,1,29,7.9,6760000.0,0
20241231,656,7,31,2,22,7.4,6250000.0,0
20241231,657,7,31,2,29,6.6,6320000.0,0
20241231,659,3,11,1,21,6.4,7800000.0,0
20241231,660,8,36,5,27,6.9,6390000.0,0
20241231,661,8,36,1,25,6.4,6790000.0,0
20241231,662,7,31,3,24,6.1,7710000.0,0
20241231,663,6,26,4,24,6.5,7180000.0,0
20241231,664,7,31,1,21,6.3,5680000.0,0
20241231,665,2,8,3,34,6.1,18220000.0,0
20241231,666,8,36,5,24,6.7,6560000.0,0
20241231,667,8,36,3,28,6.9,7230000.0,0
20241231,668,7,31,3,27,6.1,6980000.0,0
20241231,669,3,12,4,30,5.4,15410000.0,0
20241231,670,7,33,3,31,5.7,15770000.0,0
20241231,671,8,36,5,25,5.3,6070000.0,0
20241231,672,2,7,4,,5.5,10600000.0,0
20241231,673,2,7,2,30,5.4,12500000.0,0
20241231,675,7,31,6,20,5.9,6640000.0,0
20241231,676,3,12,1,28,5.7,12310000.0,0
20241231,677,2,6,1,21,5.8,8170000.0,0
20241231,678,7,32,2,31,5.5,10220000.0,0
20241231,679,8,38,3,24,5.4,13080000.0,0
20241231,680,7,32,6,24,5.9,10020000.0,0
20241231,682,1,5,1,37,5.9,45050000.0,0
20241231,683,8,36,3,31,5.8,6100000.0,0
20241231,684,8,38,6,30,5.3,14090000.0,0
20241231,685,7,34,4,44,4.7,28100000.0,0
20241231,686,7,31,4,28,4.2,7220000.0,0
20241231,687,7,32,1,26,4.9,11860000.0,0
20241231,689,2,8,1,32,4.6,17580000.0,0
20241231,690,2,6,1,27,4.5,7830000.0,0
20241231,691,8,37,3,36,4.7,8270000.0,0
20241231,692,3,13,1,31,3.7,21590000.0,0
20241231,693,7,32,4,25,3.1,8690000.0,0
20241231,694,7,32,1,25,3.5,10850000.0,0
20241231,696,2,6,3,30,3.5,8530000.0,0
20241231,697,8,36,1,27,3.3,6680000.0,0
20241231,698,6,27,3,26,3.8,11170000.0,0
20241231,699,7,31,1,20,3.3,6640000.0,0
20241231,700,2,7,2,29,2.0,10060000.0,0
20241231,701,8,36,2,21,2.5,6320000.0,0
20241231,702,7,31,5,23,2.7,6580000.0,0
20241231,703,7,31,6,22,2.5,6080000.0,0
20241231,704,3,11,1,29,2.1,8750000.0,0
20241231,705,1,1,1,28,2.9,6220000.0,0
20241231,707,8,37,3,28,2.4,8340000.0,0
20241231,708,1,1,1,26,2.1,8530000.0,0
20241231,709,7,31,2,28,2.4,7300000.0,0
20241231,710,1,1,1,21,2.0,6680000.0,0
20241231,711,1,2,1,29,2.8,11060000.0,0
20241231,712,8,37,1,32,2.4,9120000.0,0
20241231,713,3,11,2,25,2.3,9040000.0,0
20241231,714,3,14,3,35,2.2,32510000.0,0
20241231,715,4,16,1,22,2.4,9740000.0,0
20241231,716,2,8,1,31,2.4,16180000.0,0
20241231,717,6,26,3,33,2.3,7870000.0,0
20241231,718,3,11,1,27,2.7,9000000.0,0
20241231,719,1,1,5,22,2.8,7800000.0,0
20241231,720,7,31,2,25,1.3,6590000.0,0
20241231,721,7,31,1,24,1.9,6490000.0,0
20241231,722,2,6,5,26,1.4,7640000.0,0
20241231,723,7,32,1,29,1.1,11530000.0,0
20241231,724,1,1,2,24,1.0,6650000.0,0
20241231,725,1,1,1,21,1.9,7090000.0,0
20241231,726,3,12,4,27,1.3,15980000.0,0
20241231,727,8,36,6,32,1.3,6640000.0,0
20241231,728,1,1,3,28,1.2,6440000.0,0
20241231,729,8,37,1,22,1.1,10730000.0,0
20241231,730,1,1,3,25,1.7,7430000.0,0
20241231,731,3,13,1,28,1.5,23100000.0,0
20241231,732,7,31,2,34,1.6,7680000.0,0
20241231,733,7,32,2,25,1.3,8890000.0,0
20241231,734,3,11,1,24,0.4,3270000.0,1
20241231,735,3,11,1,27,0.8,7237143.0,1
20241231,736,1,1,1,26,0.1,947143.0,1
20241231,737,7,32,1,28,0.9,9870952.0,1
20241231,738,1,1,4,20,0.7,5165714.0,1
20241231,739,8,36,1,21,0.5,3257143.0,1
20241231,740,2,6,1,24,0.5,3850000.0,1
20241231,741,7,32,2,25,0.2,1807619.0,1
20241231,742,8,36,1,31,1.0,5970000.0,1
20241231,743,1,1,6,25,0.3,2262857.0,1
20241231,744,4,16,6,24,0.5,4588571.0,1
20250131,2,7,32,1,33,66.1,10120000.0,0
20250131,3,5,21,1,31,54.2,8540000.0,0
20250131,5,8,36,1,31,53.3,7070000.0,0
20250131,7,3,11,2,32,58.2,10800000.0,0
20250131,8,5,21,2,33,43.2,7940000.0,0
20250131,9,8,36,3,31,69.8,6480000.0,0
20250131,11,8,36,6,27,33.5,7400000.0,0
20250131,12,2,6,3,36,72.8,8280000.0,0
20250131,13,2,7,2,29,71.4,13030000.0,0
20250131,15,4,16,1,26,71.1,8040000.0,0
20250131,16,1,1,5,26,38.8,8030000.0,0
20250131,17,6,26,3,24,47.6,9680000.0,0
20250131,19,5,24,1,46,78.2,36190000.0,0
20250131,21,7,31,5,26,81.7,7320000.0,0
20250131,22,1,1,3,25,47.4,8610000.0,0
20250131,23,1,2,6,34,74.4,12920000.0,0
20250131,24,8,36,1,34,89.7,7700000.0,0
20250131,25,2,8,1,39,69.4,17930000.0,0
20250131,26,8,37,4,31,92.7,12320000.0,0
20250131,27,3,14,1,35,33.1,43220000.0,0
20250131,28,2,6,1,29,78.5,7440000.0,0
20250131,29,3,12,1,32,57.1,15950000.0,0
20250131,30,1,2,3,37,52.9,14400000.0,0
20250131,31,2,6,4,,105.5,9650000.0,0
20250131,33,3,11,3,28,36.3,10300000.0,0
20250131,34,8,36,5,24,51.2,6620000.0,0
20250131,37,1,3,1,35,35.5,20090000.0,0
20250131,38,3,11,1,38,73.5,9790000.0,0
20250131,39,4,16,3,26,34.3,9420000.0,0
20250131,40,3,11,5,31,58.4,10870000.0,0
20250131,43,5,21,1,28,31.9,8170000.0,0
20250131,44,6,26,2,31,70.5,8250000.0,0
20250131,46,7,31,2,22,27.1,6570000.0,0
20250131,47,7,31,4,35,90.4,8520000.0,0
20250131,48,7,31,5,30,100.6,7120000.0,0
20250131,49,3,13,1,30,110.1,25830000.0,0
20250131,50,3,13,1,37,42.5,22960000.0,0
20250131,51,7,31,1,31,35.2,6810000.0,0
20250131,53,7,32,1,31,37.0,11550000.0,0
20250131,54,8,37,2,32,39.8,12470000.0,0
20250131,55,8,36,1,29,43.0,5990000.0,0
20250131,56,1,1,3,30,96.4,8200000.0,0
20250131,57,4,16,1,30,75.2,10780000.0,0
20250131,58,4,16,3,37,129.5,9750000.0,0
20250131,61,4,17,3,34,120.5,16760000.0,0
20250131,63,3,11,5,31,73.1,11020000.0,0
20250131,64,7,31,1,33,44.0,8230000.0,0
20250131,65,3,11,1,26,79.0,9370000.0,0
20250131,66,1,3,4,33,66.9,17170000.0,0
20250131,67,7,31,6,25,34.2,7040000.0,0
20250131,69,5,21,6,27,59.0,9390000.0,0
20250131,71,1,4,2,41,179.7,31130000.0,0
20250131,72,5,21,1,33,88.8,8980000.0,0
20250131,73,3,14,1,43,53.1,41230000.0,0
20250131,74,8,36,2,35,102.1,7250000.0,0
20250131,75,4,16,6,31,127.0,10610000.0,0
20250131,76,3,13,5,45,137.2,21820000.0,0
20250131,77,5,21,1,25,43.2,8650000.0,0
20250131,79,8,39,1,44,32.6,25250000.0,0
20250131,80,7,33,2,35,33.3,14690000.0,0
20250131,81,1,1,6,25,50.7,8920000.0,0
20250131,82,2,6,1,29,29.5,8300000.0,0
20250131,83,6,27,2,31,42.7,11750000.0,0
20250131,84,4,16,3,41,145.9,8550000.0,0
20250131,87,6,26,1,24,45.1,8060000.0,0
20250131,89,1,1,5,30,48.6,7950000.0,0
20250131,91,7,31,1,26,55.1,8630000.0,0
20250131,92,5,21,3,29,65.6,7190000.0,0
20250131,94,2,6,1,29,85.6,8490000.0,0
20250131,95,1,2,2,27,62.8,13300000.0,0
20250131,96,2,9,1,48,179.7,33000000.0,0
20250131,99,7,32,6,33,94.4,12730000.0,0
20250131,100,1,1,3,33,49.0,8420000.0,0
20250131,101,7,31,5,34,57.8,6940000.0,0
20250131,102,7,32,1,31,42.0,10130000.0,0
20250131,105,8,36,3,38,125.3,5580000.0,0
20250131,106,8,36,3,34,55.3,5870000.0,0
20250131,108,4,17,3,33,33.0,15390000.0,0
20250131,109,5,21,1,33,81.0,9330000.0,0
20250131,111,1,2,1,35,179.7,15130000.0,0
20250131,112,2,6,3,32,28.2,7270000.0,0
20250131,114,1,2,1,28,29.7,14630000.0,0
20250131,115,3,13,1,32,29.6,25650000.0,0
20250131,116,1,5,1,43,55.1,42990000.0,0
20250131,120,2,6,4,24,29.0,7270000.0,0
20250131,123,3,11,2,35,37.0,10570000.0,0
20250131,125,7,32,1,30,65.0,11580000.0,0
20250131,127,1,1,6,28,36.2,7590000.0,0
20250131,128,4,16,2,37,90.1,10940000.0,0
20250131,129,6,26,1,40,179.7,6420000.0,0
20250131,131,1,5,1,53,171.1,52870000.0,0
20250131,132,3,12,1,35,81.9,13430000.0,0
20250131,135,1,1,1,40,76.3,7090000.0,0
20250131,136,7,32,2,30,73.3,9670000.0,0
20250131,137,1,1,3,27,36.4,9590000.0,0
20250131,138,6,29,1,38,58.3,27640000.0,0
20250131,139,7,32,4,30,60.1,12900000.0,0
20250131,141,1,3,3,38,75.4,18590000.0,0
20250131,143,7,31,4,55,57.4,8360000.0,0
20250131,146,1,3,4,29,66.1,21960000.0,0
20250131,148,7,31,1,41,164.4,8220000.0,0
20250131,149,1,1,5,28,49.5,6780000.0,0
20250131,150,7,32,5,40,129.2,12400000.0,0
20250131,151,8,36,3,25,57.8,7620000.0,0
20250131,152,6,26,1,33,42.8,7210000.0,0
20250131,153,7,33,1,36,102.7,16550000.0,0
20250131,154,1,5,1,43,55.5,47060000.0,0
20250131,155,4,16,2,32,32.8,8250000.0,0
20250131,156,1,3,6,42,78.5,18520000.0,0
20250131,157,1,5,1,44,61.8,45250000.0,0
20250131,159,7,31,1,28,52.5,6910000.0,0
20250131,160,7,35,1,44,121.8,39750000.0,0
20250131,162,4,16,1,32,118.1,9150000.0,0
20250131,165,5,21,2,38,174.1,9620000.0,0
20250131,167,8,39,1,40,68.2,24240000.0,0
20250131,168,2,7,1,36,93.8,13860000.0,0
20250131,169,1,1,1,23,35.8,7420000.0,0
20250131,170,1,2,6,38,54.5,14050000.0,0
20250131,171,7,31,6,29,38.9,7840000.0,0
20250131,174,8,37,1,26,64.7,11010000.0,0
20250131,175,8,38,3,42,67.9,14310000.0,0
20250131,176,3,14,1,37,42.2,45620000.0,0
20250131,178,7,33,1,38,27.3,19140000.0,0
20250131,179,1,4,1,39,89.1,30860000.0,0
20250131,181,1,2,1,34,81.5,10960000.0,0
20250131,182,7,31,1,31,81.0,7050000.0,0
20250131,183,5,21,2,33,113.2,9060000.0,0
20250131,184,8,36,1,29,35.2,8170000.0,0
20250131,188,4,16,1,26,63.5,9290000.0,0
20250131,190,7,31,5,28,80.6,7200000.0,0
20250131,191,4,16,1,35,47.5,10290000.0,0
20250131,193,1,2,1,34,52.0,10680000.0,0
20250131,194,8,39,1,31,74.7,27090000.0,0
20250131,196,7,32,6,31,112.8,9390000.0,0
20250131,197,6,28,3,40,124.8,19210000.0,0
20250131,198,6,26,6,34,65.3,7670000.0,0
20250131,199,6,26,1,35,46.0,8540000.0,0
20250131,200,2,7,1,27,43.8,11970000.0,0
20250131,201,5,21,5,25,56.0,7130000.0,0
20250131,203,7,31,1,23,30.5,6100000.0,0
20250131,204,1,1,1,40,125.6,9530000.0,0
20250131,205,8,36,4,26,34.7,6250000.0,0
20250131,206,1,1,1,31,57.9,8860000.0,0
20250131,208,3,13,2,44,179.7,27570000.0,0
20250131,209,6,26,1,26,48.7,8170000.0,0
20250131,210,7,33,1,32,47.3,16830000.0,0
20250131,211,7,31,1,31,92.9,7970000.0,0
20250131,212,3,12,6,28,33.5,16950000.0,0
20250131,213,2,6,3,28,48.8,9040000.0,0
20250131,214,8,36,1,35,141.0,6240000.0,0
20250131,215,4,17,1,32,94.3,15090000.0,0
20250131,216,4,16,6,,83.9,10330000.0,0
20250131,217,5,21,1,33,41.2,7730000.0,0
20250131,218,3,11,1,31,62.6,11520000.0,0
20250131,219,3,11,1,39,95.8,8310000.0,0
20250131,220,8,38,1,35,94.1,13550000.0,0
20250131,221,7,31,3,30,58.0,6520000.0,0
20250131,222,8,36,1,30,51.7,6920000.0,0
20250131,223,1,1,3,23,38.0,8420000.0,0
20250131,224,1,4,1,41,88.0,33670000.0,0
20250131,226,2,6,2,35,35.4,8270000.0,0
20250131,227,2,6,4,27,84.8,7980000.0,0
20250131,228,5,24,2,35,28.2,30460000.0,0
20250131,229,7,31,1,33,130.1,7580000.0,0
20250131,230,8,37,1,29,28.8,10770000.0,0
20250131,232,3,12,1,39,120.0,18030000.0,0
20250131,233,8,36,2,55,59.7,6490000.0,0
20250131,234,7,32,2,42,179.7,11010000.0,0
20250131,237,6,27,4,29,25.6,11570000.0,0
20250131,239,2,7,4,33,112.8,14960000.0,0
20250131,240,8,36,6,31,66.3,7090000.0,0
20250131,241,8,36,1,55,60.8,7720000.0,0
20250131,242,8,36,1,27,60.4,6950000.0,0
20250131,243,7,31,1,37,168.0,8070000.0,0
20250131,244,3,13,6,50,92.5,22950000.0,0
20250131,245,1,1,1,33,69.2,7950000.0,0
20250131,247,7,31,1,31,61.1,8090000.0,0
20250131,248,5,22,1,29,61.4,13900000.0,0
20250131,250,1,1,1,31,47.0,9030000.0,0
20250131,251,1,4,1,40,97.0,40380000.0,0
20250131,252,3,11,2,30,64.1,12450000.0,0
20250131,253,8,38,6,34,60.6,17690000.0,0
20250131,254,5,21,1,27,31.1,9510000.0,0
20250131,255,1,1,3,33,130.8,7780000.0,0
20250131,256,7,31,1,30,125.0,7770000.0,0
20250131,257,3,12,1,32,54.0,16010000.0,0
20250131,260,8,39,1,41,146.2,29100000.0,0
20250131,264,1,1,6,28,34.0,6440000.0,0
20250131,265,7,33,1,34,60.0,15820000.0,0
20250131,266,4,16,1,28,32.1,11080000.0,0
20250131,268,7,31,6,25,42.2,7430000.0,0
20250131,271,2,6,2,27,26.5,7850000.0,0
20250131,272,4,19,1,37,44.7,43150000.0,0
20250131,273,3,12,1,36,60.8,18970000.0,0
20250131,274,7,31,5,27,46.9,6710000.0,0
20250131,276,8,36,1,36,75.9,6490000.0,0
20250131,278,3,14,1,42,80.2,44900000.0,0
20250131,282,1,4,1,38,38.1,30410000.0,0
20250131,285,1,1,4,23,44.9,8760000.0,0
20250131,286,1,2,1,33,93.5,13010000.0,0
20250131,288,6,30,1,42,28.9,48900000.0,0
20250131,289,7,32,1,31,29.1,11020000.0,0
20250131,290,3,15,1,35,37.9,68410000.0,0
20250131,291,3,13,1,39,45.7,24640000.0,0
20250131,292,7,31,2,25,53.9,7130000.0,0
20250131,293,1,2,1,28,25.2,10710000.0,0
20250131,296,1,1,4,30,73.5,7680000.0,0
20250131,298,8,38,1,35,55.5,18540000.0,0
20250131,299,7,31,3,55,64.8,7750000.0,0
20250131,300,4,16,5,28,46.7,8670000.0,0
20250131,301,8,37,1,29,27.4,11080000.0,0
20250131,302,1,1,1,29,33.6,8800000.0,0
20250131,303,1,1,1,33,68.1,8930000.0,0
20250131,304,7,31,1,26,71.9,7110000.0,0
20250131,305,7,31,4,26,70.0,6490000.0,0
20250131,306,1,1,6,35,33.4,9250000.0,0
20250131,307,4,17,4,30,67.3,16440000.0,0
20250131,308,6,26,3,30,54.8,9170000.0,0
20250131,309,1,1,1,23,27.3,9360000.0,0
20250131,310,4,16,1,36,132.0,10990000.0,0
20250131,311,3,13,1,38,47.2,22130000.0,0
20250131,313,7,32,1,35,32.7,12410000.0,0
20250131,316,4,19,1,39,50.0,40610000.0,0
20250131,317,2,7,1,41,73.2,11650000.0,0
20250131,318,1,1,1,27,31.6,8420000.0,0
20250131,320,7,33,5,26,32.4,17650000.0,0
20250131,321,1,1,1,35,142.3,8870000.0,0
20250131,322,5,22,4,25,29.7,13860000.0,0
20250131,324,3,14,1,41,84.4,37220000.0,0
20250131,327,7,32,1,33,53.6,11430000.0,0
20250131,329,7,32,2,33,61.2,11130000.0,0
20250131,330,1,1,2,35,179.7,8580000.0,0
20250131,331,3,12,3,32,53.6,19180000.0,0
20250131,333,8,36,1,27,55.2,6240000.0,0
20250131,334,8,37,6,32,53.3,12620000.0,0
20250131,336,1,1,1,31,62.9,9500000.0,0
20250131,337,3,12,1,26,64.2,16520000.0,0
20250131,338,8,36,1,22,27.2,6270000.0,0
20250131,339,5,21,3,29,39.0,8580000.0,0
20250131,340,8,36,5,41,179.7,8660000.0,0
20250131,341,1,1,1,27,59.2,8510000.0,0
20250131,343,7,31,3,24,52.5,8680000.0,0
20250131,345,3,11,1,30,55.4,9250000.0,0
20250131,347,8,36,2,33,152.2,8300000.0,0
20250131,349,7,33,4,45,88.7,14550000.0,0
20250131,350,2,7,3,30,38.5,14990000.0,0
20250131,353,1,2,1,34,95.5,11460000.0,0
20250131,354,7,31,1,31,29.9,6610000.0,0
20250131,358,5,22,1,32,71.9,12200000.0,0
20250131,359,3,13,1,31,30.0,22080000.0,0
20250131,360,7,32,4,39,146.2,12150000.0,0
20250131,361,1,3,6,36,92.2,21230000.0,0
20250131,362,8,36,1,27,63.5,7400000.0,0
20250131,364,7,32,3,31,37.0,10680000.0,0
20250131,366,8,37,4,32,42.2,11500000.0,0
20250131,367,6,27,1,32,28.4,12170000.0,0
20250131,369,1,3,1,36,50.5,20760000.0,0
20250131,370,4,19,1,36,29.0,31920000.0,0
20250131,372,1,1,1,32,57.6,8020000.0,0
20250131,373,2,8,1,37,69.6,18200000.0,0
20250131,374,1,1,5,33,96.5,9670000.0,0
20250131,375,5,22,4,39,171.8,15400000.0,0
20250131,376,3,11,4,26,43.1,9550000.0,0
20250131,377,6,28,2,44,143.3,17500000.0,0
20250131,378,1,1,2,37,124.0,8930000.0,0
20250131,379,1,1,1,30,87.4,8290000.0,0
20250131,380,3,12,5,33,42.9,12710000.0,0
20250131,381,4,18,2,44,112.8,21600000.0,0
20250131,383,6,27,2,32,65.1,11390000.0,0
20250131,384,3,11,1,32,94.5,10400000.0,0
20250131,385,7,33,6,23,26.7,15990000.0,0
20250131,386,2,6,1,41,127.3,9600000.0,0
20250131,387,3,11,1,27,43.3,10150000.0,0
20250131,388,7,31,1,23,27.1,6440000.0,0
20250131,391,7,32,3,32,64.5,11700000.0,0
20250131,393,7,31,6,26,66.0,7220000.0,0
20250131,396,1,1,1,28,43.1,7860000.0,0
20250131,397,2,7,1,27,51.2,12290000.0,0
20250131,398,3,12,1,29,34.9,13010000.0,0
20250131,399,2,6,1,37,179.7,9020000.0,0
20250131,400,7,32,3,37,52.1,8930000.0,0
20250131,401,6,29,1,36,43.4,37090000.0,0
20250131,404,7,31,6,36,156.9,6350000.0,0
20250131,406,3,11,2,33,46.7,10760000.0,0
20250131,409,7,33,1,42,179.7,18860000.0,0
20250131,412,1,1,1,29,60.8,7910000.0,0
20250131,413,8,36,3,30,27.2,6900000.0,0
20250131,417,7,31,2,26,26.1,7050000.0,0
20250131,418,7,31,1,35,60.2,7210000.0,0
20250131,419,8,39,1,40,73.4,25730000.0,0
20250131,420,5,21,2,33,86.8,9530000.0,0
20250131,421,1,4,1,40,88.0,25780000.0,0
20250131,423,4,16,5,25,49.8,9320000.0,0
20250131,424,3,11,1,22,25.6,9570000.0,0
20250131,425,1,3,3,34,43.8,16470000.0,0
20250131,426,3,14,6,36,35.6,42000000.0,0
20250131,427,1,1,6,24,30.8,9780000.0,0
20250131,429,7,33,1,33,50.5,16920000.0,0
20250131,431,3,12,2,44,147.9,15600000.0,0
20250131,432,1,4,1,41,42.1,39900000.0,0
20250131,433,7,35,1,49,131.2,50490000.0,0
20250131,439,8,37,1,35,58.7,10770000.0,0
20250131,440,7,31,3,30,38.9,7110000.0,0
20250131,442,8,36,2,29,81.0,5820000.0,0
20250131,445,1,4,1,44,142.9,30670000.0,0
20250131,446,8,36,4,25,58.7,6890000.0,0
20250131,447,4,16,1,26,46.7,10540000.0,0
20250131,449,1,2,6,27,41.9,11170000.0,0
20250131,450,8,38,1,39,112.8,17850000.0,0
20250131,452,3,12,2,32,62.9,15290000.0,0
20250131,453,8,36,2,32,55.8,7970000.0,0
20250131,454,7,34,1,41,125.0,25920000.0,0
20250131,455,4,20,6,44,49.8,63640000.0,0
20250131,456,1,1,3,55,28.1,8780000.0,0
20250131,457,7,32,3,39,124.0,12110000.0,0
20250131,458,7,31,1,26,50.1,7370000.0,0
20250131,460,2,7,1,33,50.8,12480000.0,0
20250131,461,4,16,1,25,24.4,11430000.0,0
20250131,462,2,6,1,25,24.7,10880000.0,0
20250131,463,5,21,1,24,24.2,8460000.0,0
20250131,465,8,37,2,28,24.9,9570000.0,0
20250131,466,7,31,4,28,24.6,7300000.0,0
20250131,467,3,11,2,25,24.3,11090000.0,0
20250131,469,7,31,1,26,24.8,6820000.0,0
20250131,470,1,1,1,27,24.1,8430000.0,0
20250131,471,7,32,3,33,24.2,12060000.0,0
20250131,472,2,6,1,27,24.0,7690000.0,0
20250131,473,6,26,1,26,24.4,8360000.0,0
20250131,474,6,27,1,32,24.8,12480000.0,0
20250131,476,7,31,1,29,23.3,7670000.0,0
20250131,478,3,11,4,23,23.4,8510000.0,0
20250131,479,2,6,6,34,23.6,9380000.0,0
20250131,480,5,21,6,26,23.5,8550000.0,0
20250131,481,8,36,1,25,22.3,8040000.0,0
20250131,483,8,37,1,31,23.1,11470000.0,0
20250131,485,1,1,1,25,22.9,7290000.0,0
20250131,486,1,1,2,26,22.9,7580000.0,0
20250131,487,1,1,1,25,22.0,7360000.0,0
20250131,491,8,36,3,27,21.9,7400000.0,0
20250131,492,8,36,5,22,21.7,6300000.0,0
20250131,493,3,11,1,22,21.5,9570000.0,0
20250131,494,4,19,2,42,21.7,41790000.0,0
20250131,495,3,11,2,23,21.5,10860000.0,0
20250131,496,7,31,2,,22.0,6660000.0,0
20250131,498,7,32,6,26,22.0,11000000.0,0
20250131,499,1,2,5,23,21.6,14110000.0,0
20250131,500,2,6,2,27,21.7,8800000.0,0
20250131,501,8,36,4,32,21.3,5560000.0,0
20250131,502,1,1,6,22,21.2,6950000.0,0
20250131,504,7,31,3,28,21.7,7590000.0,0
20250131,506,3,12,1,34,21.9,14040000.0,0
20250131,507,2,6,1,22,21.8,10700000.0,0
20250131,508,7,33,1,34,22.0,17120000.0,0
20250131,509,7,31,1,27,21.1,6440000.0,0
20250131,510,3,11,3,21,20.9,8750000.0,0
20250131,518,2,6,2,30,19.4,8600000.0,0
20250131,521,7,31,2,28,20.0,7810000.0,0
20250131,524,7,32,1,22,18.4,11200000.0,0
20250131,527,3,14,1,34,18.5,35510000.0,0
20250131,528,7,32,3,33,18.8,10230000.0,0
20250131,529,8,36,5,22,18.7,6900000.0,0
20250131,530,7,33,1,27,18.7,15390000.0,0
20250131,531,1,2,1,25,18.2,13390000.0,0
20250131,532,6,26,1,26,18.6,8820000.0,0
20250131,534,8,36,1,26,17.1,6110000.0,0
20250131,535,5,21,3,23,17.4,9520000.0,0
20250131,536,3,11,1,23,17.7,10220000.0,0
20250131,537,7,31,1,26,17.6,6780000.0,0
20250131,538,3,11,3,21,17.4,9710000.0,0
20250131,540,3,11,1,25,17.6,12030000.0,0
20250131,541,8,36,1,22,17.6,7960000.0,0
20250131,543,3,12,1,26,17.6,15070000.0,0
20250131,544,6,26,1,29,17.9,7930000.0,0
20250131,545,4,16,2,26,17.8,9680000.0,0
20250131,547,1,2,2,25,17.6,12680000.0,0
20250131,548,1,1,5,26,16.1,8480000.0,0
20250131,549,1,2,1,30,16.5,14810000.0,0
20250131,551,8,36,2,32,17.0,6510000.0,0
20250131,552,8,38,5,31,16.8,16620000.0,0
20250131,556,2,6,6,24,15.1,9040000.0,0
20250131,558,6,26,1,21,15.9,8070000.0,0
20250131,559,8,36,1,21,15.1,7860000.0,0
20250131,562,1,1,1,26,15.1,8310000.0,0
20250131,563,8,36,5,27,14.5,7220000.0,0
20250131,564,1,1,1,27,14.2,7570000.0,0
20250131,566,4,16,5,27,14.8,9100000.0,0
20250131,572,3,12,1,24,14.1,14110000.0,0
20250131,574,5,21,5,28,14.2,8230000.0,0
20250131,575,1,2,4,30,14.9,11020000.0,0
20250131,576,7,31,1,31,14.3,7590000.0,0
20250131,578,3,11,3,22,14.8,11050000.0,0
20250131,580,2,6,5,21,13.5,7730000.0,0
20250131,582,1,1,1,24,13.0,7260000.0,0
20250131,583,6,26,5,29,13.8,8080000.0,0
20250131,584,3,11,3,23,13.9,9430000.0,0
20250131,587,1,1,1,30,13.7,7850000.0,0
20250131,591,1,1,2,29,13.1,8700000.0,0
20250131,592,7,31,6,23,12.4,6460000.0,0
20250131,593,7,33,3,34,12.6,16250000.0,0
20250131,595,7,32,4,33,12.0,10740000.0,0
20250131,596,5,21,1,32,11.7,7690000.0,0
20250131,597,2,6,1,29,11.6,7920000.0,0
20250131,599,7,31,1,24,11.3,6990000.0,0
20250131,600,7,31,2,23,11.5,5960000.0,0
20250131,601,7,31,4,25,11.2,6760000.0,0
20250131,603,4,16,3,24,11.4,8920000.0,0
20250131,604,1,1,1,24,11.5,8350000.0,0
20250131,605,7,31,5,25,11.9,7000000.0,0
20250131,607,3,11,5,21,12.0,9670000.0,0
20250131,609,7,31,1,29,11.7,8300000.0,0
20250131,610,7,31,1,26,11.9,7920000.0,0
20250131,611,4,17,1,25,11.1,16820000.0,0
20250131,612,2,6,2,24,11.4,6960000.0,0
20250131,613,8,36,5,22,11.9,6580000.0,0
20250131,614,8,36,1,26,10.1,7720000.0,0
20250131,617,3,11,5,21,10.8,9040000.0,0
20250131,620,2,6,3,26,10.7,8530000.0,0
20250131,621,3,12,1,27,11.0,13830000.0,0
20250131,622,8,36,1,31,10.6,6160000.0,0
20250131,623,7,31,1,22,10.6,6080000.0,0
20250131,624,8,37,1,30,10.7,9910000.0,0
20250131,625,2,7,1,35,10.1,13790000.0,0
20250131,626,7,31,2,24,10.8,7290000.0,0
20250131,628,7,31,6,21,9.2,7210000.0,0
20250131,629,1,2,1,29,9.9,10990000.0,0
20250131,630,3,11,4,21,9.8,11140000.0,0
20250131,631,1,1,2,23,9.4,7110000.0,0
20250131,632,3,11,3,30,9.2,10900000.0,0
20250131,633,8,36,1,23,9.2,5750000.0,0
20250131,634,3,11,2,27,10.0,9570000.0,0
20250131,635,7,31,2,23,10.0,7380000.0,0
20250131,637,5,21,3,29,9.2,9300000.0,0
20250131,639,5,22,4,29,9.3,12140000.0,0
20250131,640,6,26,6,25,9.4,7900000.0,0
20250131,641,7,32,4,30,9.4,11360000.0,0
20250131,642,5,21,1,27,9.9,8870000.0,0
20250131,643,3,12,1,30,8.4,14040000.0,0
20250131,645,3,11,6,20,8.6,8270000.0,0
20250131,647,7,33,6,28,8.2,16320000.0,0
20250131,648,7,31,2,32,8.3,7500000.0,0
20250131,649,8,36,1,24,8.6,6580000.0,0
20250131,650,8,36,3,28,8.5,7190000.0,0
20250131,651,4,16,1,29,8.9,8350000.0,0
20250131,652,1,2,2,27,8.6,14180000.0,0
20250131,653,7,33,1,33,8.1,17500000.0,0
20250131,654,1,1,1,29,8.9,6760000.0,0
20250131,656,7,31,2,23,8.4,6560000.0,0
20250131,657,7,31,2,30,7.7,6640000.0,0
20250131,659,3,11,1,21,7.4,7960000.0,0
20250131,660,8,36,5,27,8.0,6520000.0,0
20250131,662,7,31,3,24,7.1,8250000.0,0
20250131,663,6,26,4,24,7.6,7540000.0,0
20250131,664,7,31,1,21,7.4,6250000.0,0
20250131,665,2,8,3,34,7.1,19130000.0,0
20250131,666,8,36,5,24,7.7,6890000.0,0
20250131,667,8,36,3,28,8.0,7370000.0,0
20250131,668,7,31,3,27,7.1,6980000.0,0
20250131,669,3,12,4,30,6.4,16180000.0,0
20250131,670,7,33,3,31,6.7,16560000.0,0
20250131,671,8,36,5,25,6.3,6370000.0,0
20250131,672,2,7,4,,6.5,11130000.0,0
20250131,673,2,7,2,30,6.4,13120000.0,0
20250131,675,7,31,6,20,7.0,6970000.0,0
20250131,676,3,12,1,28,6.7,12930000.0,0
20250131,677,2,6,1,21,6.9,8580000.0,0
20250131,678,7,32,2,32,6.5,10730000.0,0
20250131,679,8,38,3,24,6.4,13730000.0,0
20250131,680,7,32,6,24,6.9,10520000.0,0
20250131,682,1,5,1,37,6.9,47300000.0,0
20250131,683,8,36,3,31,6.8,6400000.0,0
20250131,684,8,38,6,31,6.3,14790000.0,0
20250131,685,7,34,4,44,5.7,29500000.0,0
20250131,686,7,31,4,28,5.2,7580000.0,0
20250131,687,7,32,1,26,5.9,12450000.0,0
20250131,689,2,8,1,32,5.6,18460000.0,0
20250131,690,2,6,1,27,5.5,8220000.0,0
20250131,691,8,37,3,36,5.7,8680000.0,0
20250131,692,3,13,1,31,4.8,22670000.0,0
20250131,693,7,32,4,25,4.1,9120000.0,0
20250131,694,7,32,1,25,4.5,11390000.0,0
20250131,696,2,6,3,30,4.6,8960000.0,0
20250131,697,8,36,1,27,4.3,7010000.0,0
20250131,698,6,27,3,26,4.8,11730000.0,0
20250131,699,7,31,1,20,4.3,6970000.0,0
20250131,700,2,7,2,30,3.1,10060000.0,0
20250131,701,8,36,2,21,3.5,6320000.0,0
20250131,702,7,31,5,23,3.7,6580000.0,0
20250131,703,7,31,6,22,3.5,6080000.0,0
20250131,705,1,1,1,28,3.9,6220000.0,0
20250131,707,8,37,3,28,3.4,8340000.0,0
20250131,708,1,1,1,27,3.1,8530000.0,0
20250131,709,7,31,2,28,3.4,7300000.0,0
20250131,710,1,1,1,22,3.0,6680000.0,0
20250131,711,1,2,1,29,3.8,11060000.0,0
20250131,712,8,37,1,32,3.4,9120000.0,0
20250131,713,3,11,2,25,3.3,9040000.0,0
20250131,714,3,14,3,35,3.3,32510000.0,0
20250131,715,4,16,1,23,3.4,9740000.0,0
20250131,716,2,8,1,31,3.4,16180000.0,0
20250131,717,6,26,3,33,3.4,7870000.0,0
20250131,718,3,11,1,27,3.7,9000000.0,0
20250131,719,1,1,5,23,3.8,7800000.0,0
20250131,720,7,31,2,26,2.4,6590000.0,0
20250131,721,7,31,1,24,2.9,6490000.0,0
20250131,722,2,6,5,26,2.5,7640000.0,0
20250131,723,7,32,1,29,2.2,11530000.0,0
20250131,724,1,1,2,24,2.0,6650000.0,0
20250131,725,1,1,1,21,2.9,7090000.0,0
20250131,726,3,12,4,27,2.4,15980000.0,0
20250131,727,8,36,6,33,2.3,6640000.0,0
20250131,728,1,1,3,28,2.2,6440000.0,0
20250131,729,8,37,1,22,2.1,10730000.0,0
20250131,730,1,1,3,25,2.7,7430000.0,0
20250131,731,3,13,1,28,2.6,23100000.0,0
20250131,733,7,32,2,25,2.3,8890000.0,0
20250131,734,3,11,1,24,1.4,9810000.0,0
20250131,735,3,11,1,27,1.8,8940000.0,0
20250131,736,1,1,1,26,1.1,6630000.0,0
20250131,737,7,32,1,28,1.9,10910000.0,0
20250131,738,1,1,4,20,1.7,6780000.0,0
20250131,739,8,36,1,21,1.5,6840000.0,0
20250131,740,2,6,1,24,1.5,7350000.0,0
20250131,741,7,32,2,25,1.2,9490000.0,0
20250131,742,8,36,1,31,2.0,5970000.0,0
20250131,743,1,1,6,25,1.3,7920000.0,0
20250131,744,4,16,6,24,1.5,8760000.0,0
20250131,745,8,37,3,32,1.0,10380000.0,1
20250131,746,3,12,1,30,0.7,15180000.0,1
20250131,747,3,11,5,22,0.0,8820000.0,1
20250131,748,8,40,6,36,0.6,36170000.0,1
20250131,749,8,37,1,26,0.2,11340000.0,1
20250131,750,7,31,1,24,0.9,6760000.0,1
20250131,751,7,31,2,24,0.9,6230000.0,1
20250131,752,8,36,3,22,0.6,6710000.0,1
20250131,753,3,11,2,23,0.9,7860000.0,1
20250131,754,7,33,1,29,0.3,13180000.0,1
20250131,755,7,31,1,23,0.2,6980000.0,1
20250228,2,7,32,1,33,67.0,10120000.0,0
20250228,3,5,21,1,31,55.2,8540000.0,0
20250228,5,8,36,1,31,54.2,7070000.0,0
20250228,7,3,11,2,32,59.1,10800000.0,0
20250228,8,5,21,2,33,44.2,7940000.0,0
20250228,9,8,36,3,31,70.8,6480000.0,0
20250228,11,8,36,6,27,34.4,7400000.0,0
20250228,12,2,6,3,36,73.8,8280000.0,0
20250228,13,2,7,2,29,72.3,13030000.0,0
20250228,15,4,16,1,26,72.0,8040000.0,0
20250228,16,1,1,5,26,39.7,8030000.0,0
20250228,17,6,26,3,24,48.6,9680000.0,0
20250228,19,5,24,1,46,79.1,36190000.0,0
20250228,21,7,31,5,27,82.6,7320000.0,0
20250228,22,1,1,3,25,48.4,8610000.0,0
20250228,24,8,36,1,35,90.6,7700000.0,0
20250228,25,2,8,1,40,70.3,17930000.0,0
20250228,26,8,37,4,31,93.6,12320000.0,0
20250228,27,3,14,1,35,34.1,43220000.0,0
20250228,28,2,6,1,29,79.4,7440000.0,0
20250228,29,3,12,1,32,58.1,15950000.0,0
20250228,30,1,2,3,37,53.8,14400000.0,0
20250228,31,2,6,4,,106.4,9650000.0,0
20250228,33,3,11,3,29,37.3,10300000.0,0
20250228,34,8,36,5,24,52.1,6620000.0,0
20250228,37,1,3,1,36,36.5,20090000.0,0
20250228,38,3,11,1,38,74.4,9790000.0,0
20250228,39,4,16,3,26,35.2,9420000.0,0
20250228,40,3,11,5,31,59.4,10870000.0,0
20250228,43,5,21,1,28,32.9,8170000.0,0
20250228,44,6,26,2,31,71.4,8250000.0,0
20250228,46,7,31,2,22,28.0,6570000.0,0
20250228,47,7,31,4,35,91.3,8520000.0,0
20250228,48,7,31,5,30,101.6,7120000.0,0
20250228,49,3,13,1,31,111.0,25830000.0,0
20250228,50,3,13,1,37,43.5,22960000.0,0
20250228,51,7,31,1,31,36.1,6810000.0,0
20250228,53,7,32,1,32,37.9,11550000.0,0
20250228,54,8,37,2,32,40.7,12470000.0,0
20250228,55,8,36,1,29,43.9,5990000.0,0
20250228,56,1,1,3,30,97.3,8200000.0,0
20250228,57,4,16,1,30,76.2,10780000.0,0
20250228,58,4,16,3,37,130.4,9750000.0,0
20250228,61,4,17,3,35,121.4,16760000.0,0
20250228,63,3,11,5,31,74.0,11020000.0,0
20250228,64,7,31,1,33,44.9,8230000.0,0
20250228,65,3,11,1,27,79.9,9370000.0,0
20250228,66,1,3,4,33,67.8,17170000.0,0
20250228,67,7,31,6,25,35.1,7040000.0,0
20250228,69,5,21,6,27,59.9,9390000.0,0
20250228,71,1,4,2,41,180.6,31130000.0,0
20250228,72,5,21,1,33,89.8,8980000.0,0
20250228,73,3,14,1,43,54.0,41230000.0,0
20250228,74,8,36,2,35,103.0,7250000.0,0
20250228,75,4,16,6,31,127.9,10610000.0,0
20250228,76,3,13,5,45,138.1,21820000.0,0
20250228,77,5,21,1,25,44.2,8650000.0,0
20250228,79,8,39,1,44,33.5,25250000.0,0
20250228,80,7,33,2,35,34.3,14690000.0,0
20250228,81,1,1,6,25,51.6,8920000.0,0
20250228,82,2,6,1,29,30.4,8300000.0,0
20250228,83,6,27,2,31,43.6,11750000.0,0
20250228,84,4,16,3,42,146.9,8550000.0,0
20250228,87,6,26,1,24,46.0,8060000.0,0
20250228,89,1,1,5,30,49.5,7950000.0,0
20250228,91,7,31,1,26,56.0,8630000.0,0
20250228,92,5,21,3,29,66.5,7190000.0,0
20250228,94,2,6,1,29,86.5,8490000.0,0
20250228,95,1,2,2,27,63.7,13300000.0,0
20250228,96,2,9,1,48,180.6,33000000.0,0
20250228,99,7,32,6,33,95.3,12730000.0,0
20250228,100,1,1,3,33,49.9,8420000.0,0
20250228,101,7,31,5,35,58.7,6940000.0,0
20250228,102,7,32,1,31,42.9,10130000.0,0
20250228,105,8,36,3,38,126.2,5580000.0,0
20250228,106,8,36,3,34,56.2,5870000.0,0
20250228,108,4,17,3,33,33.9,15390000.0,0
20250228,109,5,21,1,33,81.9,9330000.0,0
20250228,111,1,2,1,35,180.6,15130000.0,0
20250228,112,2,6,3,32,29.1,7270000.0,0
20250228,114,1,2,1,28,30.7,14630000.0,0
20250228,115,3,13,1,32,30.5,25650000.0,0
20250228,116,1,5,1,43,56.0,42990000.0,0
20250228,120,2,6,4,24,29.9,7270000.0,0
20250228,123,3,11,2,35,37.9,10570000.0,0
20250228,125,7,32,1,30,65.9,11580000.0,0
20250228,127,1,1,6,28,37.1,7590000.0,0
20250228,128,4,16,2,37,91.0,10940000.0,0
20250228,129,6,26,1,40,180.6,6420000.0,0
20250228,131,1,5,1,53,172.0,52870000.0,0
20250228,135,1,1,1,40,77.2,7090000.0,0
20250228,136,7,32,2,30,74.2,9670000.0,0
20250228,137,1,1,3,27,37.3,9590000.0,0
20250228,138,6,29,1,39,59.2,27640000.0,0
20250228,139,7,32,4,30,61.0,12900000.0,0
20250228,141,1,3,3,38,76.3,18590000.0,0
20250228,143,7,31,4,55,58.3,8360000.0,0
20250228,146,1,3,4,29,67.1,21960000.0,0
20250228,148,7,31,1,41,165.4,8220000.0,0
20250228,149,1,1,5,28,50.5,6780000.0,0
20250228,150,7,32,5,40,130.1,12400000.0,0
20250228,151,8,36,3,25,58.7,7620000.0,0
20250228,152,6,26,1,33,43.7,7210000.0,0
20250228,153,7,33,1,36,103.6,16550000.0,0
20250228,154,1,5,1,43,56.4,47060000.0,0
20250228,155,4,16,2,32,33.7,8250000.0,0
20250228,156,1,3,6,42,79.4,18520000.0,0
20250228,157,1,5,1,44,62.8,45250000.0,0
20250228,159,7,31,1,28,53.5,6910000.0,0
20250228,160,7,35,1,45,122.7,39750000.0,0
20250228,162,4,16,1,32,119.1,9150000.0,0
20250228,165,5,21,2,39,175.0,9620000.0,0
20250228,167,8,39,1,40,69.1,24240000.0,0
20250228,168,2,7,1,36,94.7,13860000.0,0
20250228,170,1,2,6,38,55.5,14050000.0,0
20250228,171,7,31,6,29,39.8,7840000.0,0
20250228,174,8,37,1,26,65.6,11010000.0,0
20250228,175,8,38,3,42,68.9,14310000.0,0
20250228,176,3,14,1,37,43.1,45620000.0,0
20250228,178,7,33,1,38,28.3,19140000.0,0
20250228,179,1,4,1,39,90.0,30860000.0,0
20250228,181,1,2,1,34,82.4,10960000.0,0
20250228,182,7,31,1,31,81.9,7050000.0,0
20250228,183,5,21,2,33,114.1,9060000.0,0
20250228,188,4,16,1,26,64.4,9290000.0,0
20250228,190,7,31,5,28,81.5,7200000.0,0
20250228,191,4,16,1,35,48.4,10290000.0,0
20250228,193,1,2,1,34,53.0,10680000.0,0
20250228,194,8,39,1,31,75.6,27090000.0,0
20250228,196,7,32,6,31,113.7,9390000.0,0
20250228,197,6,28,3,40,125.8,19210000.0,0
20250228,198,6,26,6,34,66.2,7670000.0,0
20250228,199,6,26,1,35,46.9,8540000.0,0
20250228,200,2,7,1,27,44.7,11970000.0,0
20250228,201,5,21,5,25,56.9,7130000.0,0
20250228,203,7,31,1,23,31.4,6100000.0,0
20250228,204,1,1,1,40,126.5,9530000.0,0
20250228,205,8,36,4,26,35.6,6250000.0,0
20250228,206,1,1,1,31,58.8,8860000.0,0
20250228,208,3,13,2,44,180.6,27570000.0,0
20250228,209,6,26,1,26,49.6,8170000.0,0
20250228,210,7,33,1,32,48.2,16830000.0,0
20250228,211,7,31,1,31,93.8,7970000.0,0
20250228,212,3,12,6,29,34.4,16950000.0,0
20250228,213,2,6,3,28,49.7,9040000.0,0
20250228,214,8,36,1,35,141.9,6240000.0,0
20250228,215,4,17,1,32,95.2,15090000.0,0
20250228,216,4,16,6,,84.8,10330000.0,0
20250228,217,5,21,1,33,42.1,7730000.0,0
20250228,218,3,11,1,31,63.5,11520000.0,0
20250228,219,3,11,1,39,96.8,8310000.0,0
20250228,220,8,38,1,36,95.0,13550000.0,0
20250228,221,7,31,3,30,58.9,6520000.0,0
20250228,222,8,36,1,30,52.7,6920000.0,0
20250228,223,1,1,3,24,38.9,8420000.0,0
20250228,224,1,4,1,41,88.9,33670000.0,0
20250228,226,2,6,2,35,36.3,8270000.0,0
20250228,227,2,6,4,27,85.7,7980000.0,0
20250228,228,5,24,2,35,29.1,30460000.0,0
20250228,229,7,31,1,33,131.0,7580000.0,0
20250228,230,8,37,1,29,29.7,10770000.0,0
20250228,232,3,12,1,39,120.9,18030000.0,0
20250228,233,8,36,2,56,60.6,6490000.0,0
20250228,234,7,32,2,42,180.6,11010000.0,0
20250228,237,6,27,4,29,26.5,11570000.0,0
20250228,239,2,7,4,33,113.7,14960000.0,0
20250228,240,8,36,6,31,67.3,7090000.0,0
20250228,241,8,36,1,55,61.8,7720000.0,0
20250228,242,8,36,1,27,61.3,6950000.0,0
20250228,243,7,31,1,37,168.9,8070000.0,0
20250228,244,3,13,6,50,93.4,22950000.0,0
20250228,245,1,1,1,33,70.1,7950000.0,0
20250228,247,7,31,1,31,62.1,8090000.0,0
20250228,248,5,22,1,29,62.4,13900000.0,0
20250228,250,1,1,1,31,47.9,9030000.0,0
20250228,251,1,4,1,40,97.9,40380000.0,0
20250228,252,3,11,2,30,65.0,12450000.0,0
20250228,253,8,38,6,34,61.6,17690000.0,0
20250228,254,5,21,1,27,32.0,9510000.0,0
20250228,255,1,1,3,33,131.7,7780000.0,0
20250228,256,7,31,1,30,125.9,7770000.0,0
20250228,257,3,12,1,32,55.0,16010000.0,0
20250228,260,8,39,1,41,147.1,29100000.0,0
20250228,264,1,1,6,28,34.9,6440000.0,0
20250228,265,7,33,1,34,60.9,15820000.0,0
20250228,266,4,16,1,28,33.0,11080000.0,0
20250228,268,7,31,6,25,43.1,7430000.0,0
20250228,271,2,6,2,27,27.4,7850000.0,0
20250228,272,4,19,1,37,45.7,43150000.0,0
20250228,273,3,12,1,36,61.7,18970000.0,0
20250228,274,7,31,5,27,47.8,6710000.0,0
20250228,276,8,36,1,36,76.8,6490000.0,0
20250228,278,3,14,1,42,81.1,44900000.0,0
20250228,282,1,4,1,38,39.0,30410000.0,0
20250228,285,1,1,4,23,45.8,8760000.0,0
20250228,286,1,2,1,33,94.4,13010000.0,0
20250228,288,6,30,1,42,29.8,48900000.0,0
20250228,289,7,32,1,31,30.0,11020000.0,0
20250228,290,3,15,1,35,38.8,68410000.0,0
20250228,291,3,13,1,39,46.6,24640000.0,0
20250228,292,7,31,2,25,54.8,7130000.0,0
20250228,293,1,2,1,28,26.1,10710000.0,0
20250228,296,1,1,4,30,74.4,7680000.0,0
20250228,298,8,38,1,35,56.4,18540000.0,0
20250228,299,7,31,3,55,65.7,7750000.0,0
20250228,300,4,16,5,28,47.6,8670000.0,0
20250228,301,8,37,1,29,28.3,11080000.0,0
20250228,302,1,1,1,29,34.6,8800000.0,0
20250228,303,1,1,1,33,69.0,8930000.0,0
20250228,304,7,31,1,26,72.8,7110000.0,0
20250228,305,7,31,4,26,71.0,6490000.0,0
20250228,306,1,1,6,35,34.3,9250000.0,0
20250228,307,4,17,4,30,68.2,16440000.0,0
20250228,308,6,26,3,30,55.7,9170000.0,0
20250228,309,1,1,1,23,28.3,9360000.0,0
20250228,310,4,16,1,36,133.0,10990000.0,0
20250228,311,3,13,1,38,48.1,22130000.0,0
20250228,313,7,32,1,35,33.6,12410000.0,0
20250228,316,4,19,1,39,50.9,40610000.0,0
20250228,317,2,7,1,41,74.1,11650000.0,0
20250228,318,1,1,1,27,32.6,8420000.0,0
20250228,320,7,33,5,26,33.3,17650000.0,0
20250228,321,1,1,1,35,143.2,8870000.0,0
20250228,322,5,22,4,25,30.6,13860000.0,0
20250228,324,3,14,1,41,85.3,37220000.0,0
20250228,327,7,32,1,33,54.5,11430000.0,0
20250228,329,7,32,2,34,62.2,11130000.0,0
20250228,330,1,1,2,36,180.6,8580000.0,0
20250228,331,3,12,3,32,54.5,19180000.0,0
20250228,333,8,36,1,27,56.1,6240000.0,0
20250228,334,8,37,6,32,54.2,12620000.0,0
20250228,336,1,1,1,31,63.8,9500000.0,0
20250228,337,3,12,1,26,65.1,16520000.0,0
20250228,338,8,36,1,22,28.2,6270000.0,0
20250228,339,5,21,3,29,40.0,8580000.0,0
20250228,340,8,36,5,41,180.6,8660000.0,0
20250228,341,1,1,1,27,60.1,8510000.0,0
20250228,343,7,31,3,24,53.4,8680000.0,0
20250228,345,3,11,1,30,56.3,9250000.0,0
20250228,347,8,36,2,33,153.1,8300000.0,0
20250228,349,7,33,4,45,89.6,14550000.0,0
20250228,350,2,7,3,30,39.5,14990000.0,0
20250228,353,1,2,1,34,96.5,11460000.0,0
20250228,354,7,31,1,31,30.8,6610000.0,0
20250228,358,5,22,1,32,72.8,12200000.0,0
20250228,359,3,13,1,31,30.9,22080000.0,0
20250228,360,7,32,4,39,147.2,12150000.0,0
20250228,361,1,3,6,36,93.1,21230000.0,0
20250228,362,8,36,1,27,64.5,7400000.0,0
20250228,364,7,32,3,31,37.9,10680000.0,0
20250228,366,8,37,4,32,43.1,11500000.0,0
20250228,367,6,27,1,32,29.3,12170000.0,0
20250228,369,1,3,1,36,51.4,20760000.0,0
20250228,370,4,19,1,36,29.9,31920000.0,0
20250228,372,1,1,1,32,58.5,8020000.0,0
20250228,373,2,8,1,37,70.5,18200000.0,0
20250228,374,1,1,5,33,97.4,9670000.0,0
20250228,375,5,22,4,39,172.7,15400000.0,0
20250228,376,3,11,4,26,44.0,9550000.0,0
20250228,377,6,28,2,44,144.2,17500000.0,0
20250228,378,1,1,2,37,124.9,8930000.0,0
20250228,379,1,1,1,30,88.3,8290000.0,0
20250228,380,3,12,5,33,43.9,12710000.0,0
20250228,381,4,18,2,44,113.7,21600000.0,0
20250228,383,6,27,2,32,66.0,11390000.0,0
20250228,384,3,11,1,32,95.4,10400000.0,0
20250228,385,7,33,6,23,27.6,15990000.0,0
20250228,386,2,6,1,41,128.3,9600000.0,0
20250228,387,3,11,1,27,44.2,10150000.0,0
20250228,388,7,31,1,23,28.1,6440000.0,0
20250228,391,7,32,3,32,65.4,11700000.0,0
20250228,393,7,31,6,26,66.9,7220000.0,0
20250228,396,1,1,1,28,44.0,7860000.0,0
20250228,397,2,7,1,27,52.1,12290000.0,0
20250228,398,3,12,1,29,35.8,13010000.0,0
20250228,399,2,6,1,37,180.6,9020000.0,0
20250228,400,7,32,3,37,53.0,8930000.0,0
20250228,401,6,29,1,36,44.3,37090000.0,0
20250228,404,7,31,6,36,157.8,6350000.0,0
20250228,406,3,11,2,33,47.6,10760000.0,0
20250228,409,7,33,1,42,180.6,18860000.0,0
20250228,413,8,36,3,30,28.1,6900000.0,0
20250228,417,7,31,2,26,27.0,7050000.0,0
20250228,418,7,31,1,35,61.1,7210000.0,0
20250228,419,8,39,1,40,74.3,25730000.0,0
20250228,420,5,21,2,33,87.8,9530000.0,0
20250228,421,1,4,1,40,88.9,25780000.0,0
20250228,423,4,16,5,25,50.8,9320000.0,0
20250228,424,3,11,1,22,26.5,9570000.0,0
20250228,425,1,3,3,35,44.7,16470000.0,0
20250228,426,3,14,6,36,36.5,42000000.0,0
20250228,427,1,1,6,24,31.7,9780000.0,0
20250228,429,7,33,1,33,51.4,16920000.0,0
20250228,431,3,12,2,44,148.8,15600000.0,0
20250228,432,1,4,1,41,43.0,39900000.0,0
20250228,433,7,35,1,49,132.1,50490000.0,0
20250228,439,8,37,1,35,59.6,10770000.0,0
20250228,440,7,31,3,30,39.8,7110000.0,0
20250228,442,8,36,2,29,81.9,5820000.0,0
20250228,445,1,4,1,44,143.9,30670000.0,0
20250228,446,8,36,4,25,59.7,6890000.0,0
20250228,447,4,16,1,26,47.6,10540000.0,0
20250228,449,1,2,6,27,42.8,11170000.0,0
20250228,450,8,38,1,39,113.7,17850000.0,0
20250228,452,3,12,2,32,63.8,15290000.0,0
20250228,453,8,36,2,32,56.7,7970000.0,0
20250228,454,7,34,1,41,125.9,25920000.0,0
20250228,455,4,20,6,44,50.8,63640000.0,0
20250228,456,1,1,3,55,29.0,8780000.0,0
20250228,457,7,32,3,40,124.9,12110000.0,0
20250228,458,7,31,1,26,51.1,7370000.0,0
20250228,460,2,7,1,33,51.7,12480000.0,0
20250228,461,4,16,1,25,25.3,11430000.0,0
20250228,462,2,6,1,25,25.7,10880000.0,0
20250228,463,5,21,1,24,25.1,8460000.0,0
20250228,465,8,37,2,28,25.8,9570000.0,0
20250228,466,7,31,4,28,25.6,7300000.0,0
20250228,467,3,11,2,25,25.2,11090000.0,0
20250228,469,7,31,1,26,25.8,6820000.0,0
20250228,470,1,1,1,27,25.1,8430000.0,0
20250228,471,7,32,3,33,25.1,12060000.0,0
20250228,472,2,6,1,27,25.0,7690000.0,0
20250228,473,6,26,1,26,25.3,8360000.0,0
20250228,474,6,27,1,32,25.7,12480000.0,0
20250228,476,7,31,1,29,24.2,7670000.0,0
20250228,478,3,11,4,23,24.3,8510000.0,0
20250228,479,2,6,6,34,24.5,9380000.0,0
20250228,480,5,21,6,26,24.4,8550000.0,0
20250228,481,8,36,1,26,23.2,8040000.0,0
20250228,483,8,37,1,31,24.0,11470000.0,0
20250228,485,1,1,1,25,23.8,7290000.0,0
20250228,486,1,1,2,26,23.8,7580000.0,0
20250228,487,1,1,1,25,22.9,7360000.0,0
20250228,491,8,36,3,27,22.8,7400000.0,0
20250228,492,8,36,5,22,22.7,6300000.0,0
20250228,493,3,11,1,22,22.4,9570000.0,0
20250228,494,4,19,2,42,22.6,41790000.0,0
20250228,495,3,11,2,24,22.4,10860000.0,0
20250228,496,7,31,2,,22.9,6660000.0,0
20250228,498,7,32,6,27,23.0,11000000.0,0
20250228,499,1,2,5,23,22.5,14110000.0,0
20250228,500,2,6,2,27,22.7,8800000.0,0
20250228,501,8,36,4,32,22.2,5560000.0,0
20250228,502,1,1,6,22,22.1,6950000.0,0
20250228,504,7,31,3,28,22.7,7590000.0,0
20250228,506,3,12,1,34,22.8,14040000.0,0
20250228,507,2,6,1,22,22.7,10700000.0,0
20250228,509,7,31,1,27,22.0,6440000.0,0
20250228,510,3,11,3,21,21.8,8750000.0,0
20250228,518,2,6,2,30,20.4,8600000.0,0
20250228,521,7,31,2,28,20.9,7810000.0,0
20250228,524,7,32,1,22,19.3,11200000.0,0
20250228,527,3,14,1,34,19.4,35510000.0,0
20250228,528,7,32,3,33,19.7,10230000.0,0
20250228,529,8,36,5,22,19.6,6900000.0,0
20250228,530,7,33,1,27,19.6,15390000.0,0
20250228,531,1,2,1,25,19.1,13390000.0,0
20250228,532,6,26,1,26,19.5,8820000.0,0
20250228,534,8,36,1,26,18.0,6110000.0,0
20250228,535,5,21,3,23,18.3,9520000.0,0
20250228,536,3,11,1,23,18.7,10220000.0,0
20250228,537,7,31,1,26,18.5,6780000.0,0
20250228,538,3,11,3,22,18.3,9710000.0,0
20250228,540,3,11,1,25,18.5,12030000.0,0
20250228,541,8,36,1,22,18.6,7960000.0,0
20250228,543,3,12,1,26,18.5,15070000.0,0
20250228,544,6,26,1,29,18.9,7930000.0,0
20250228,545,4,16,2,26,18.7,9680000.0,0
20250228,547,1,2,2,25,18.5,12680000.0,0
20250228,548,1,1,5,26,17.0,8480000.0,0
20250228,549,1,2,1,30,17.4,14810000.0,0
20250228,551,8,36,2,32,17.9,6510000.0,0
20250228,552,8,38,5,31,17.7,16620000.0,0
20250228,556,2,6,6,24,16.0,9040000.0,0
20250228,558,6,26,1,21,16.9,8070000.0,0
20250228,559,8,36,1,21,16.0,7860000.0,0
20250228,562,1,1,1,26,16.0,8310000.0,0
20250228,563,8,36,5,27,15.4,7220000.0,0
20250228,564,1,1,1,27,15.1,7570000.0,0
20250228,566,4,16,5,27,15.7,9100000.0,0
20250228,572,3,12,1,24,15.0,14110000.0,0
20250228,574,5,21,5,28,15.1,8230000.0,0
20250228,575,1,2,4,30,15.9,11020000.0,0
20250228,576,7,31,1,31,15.2,7590000.0,0
20250228,578,3,11,3,22,15.7,11050000.0,0
20250228,580,2,6,5,21,14.4,7730000.0,0
20250228,582,1,1,1,25,14.0,7260000.0,0
20250228,583,6,26,5,30,14.8,8080000.0,0
20250228,584,3,11,3,23,14.9,9430000.0,0
20250228,587,1,1,1,30,14.7,7850000.0,0
20250228,591,1,1,2,29,14.0,8700000.0,0
20250228,592,7,31,6,23,13.3,6460000.0,0
20250228,593,7,33,3,35,13.5,16250000.0,0
20250228,595,7,32,4,33,12.9,10740000.0,0
20250228,596,5,21,1,32,12.6,7690000.0,0
20250228,597,2,6,1,29,12.6,7920000.0,0
20250228,599,7,31,1,24,12.3,6990000.0,0
20250228,600,7,31,2,23,12.4,5960000.0,0
20250228,601,7,31,4,26,12.2,6760000.0,0
20250228,603,4,16,3,24,12.3,8920000.0,0
20250228,604,1,1,1,24,12.4,8350000.0,0
20250228,605,7,31,5,25,12.8,7000000.0,0
20250228,607,3,11,5,21,12.9,9670000.0,0
20250228,609,7,31,1,29,12.6,8300000.0,0
20250228,610,7,31,1,26,12.8,7920000.0,0
20250228,611,4,17,1,25,12.0,16820000.0,0
20250228,612,2,6,2,24,12.3,6960000.0,0
20250228,613,8,36,5,22,12.8,6580000.0,0
20250228,617,3,11,5,21,11.7,9040000.0,0
20250228,620,2,6,3,26,11.6,8530000.0,0
20250228,621,3,12,1,27,11.9,13830000.0,0
20250228,622,8,36,1,31,11.6,6160000.0,0
20250228,623,7,31,1,22,11.6,6080000.0,0
20250228,624,8,37,1,31,11.7,9910000.0,0
20250228,625,2,7,1,35,11.0,13790000.0,0
20250228,626,7,31,2,24,11.7,7290000.0,0
20250228,628,7,31,6,21,10.1,7210000.0,0
20250228,629,1,2,1,29,10.8,10990000.0,0
20250228,630,3,11,4,21,10.7,11140000.0,0
20250228,631,1,1,2,23,10.3,7110000.0,0
20250228,632,3,11,3,30,10.2,10900000.0,0
20250228,633,8,36,1,23,10.2,5750000.0,0
20250228,634,3,11,2,27,10.9,9570000.0,0
20250228,635,7,31,2,23,10.9,7380000.0,0
20250228,637,5,21,3,30,10.1,9300000.0,0
20250228,639,5,22,4,29,10.2,12140000.0,0
20250228,640,6,26,6,25,10.3,7900000.0,0
20250228,641,7,32,4,30,10.3,11360000.0,0
20250228,642,5,21,1,27,10.8,8870000.0,0
20250228,643,3,12,1,30,9.4,14040000.0,0
20250228,645,3,11,6,21,9.6,8270000.0,0
20250228,647,7,33,6,28,9.2,16320000.0,0
20250228,648,7,31,2,32,9.2,7500000.0,0
20250228,649,8,36,1,24,9.6,6580000.0,0
20250228,650,8,36,3,28,9.4,7190000.0,0
20250228,651,4,16,1,29,9.9,8350000.0,0
20250228,652,1,2,2,27,9.6,14180000.0,0
20250228,654,1,1,1,29,9.8,6760000.0,0
20250228,656,7,31,2,23,9.3,6560000.0,0
20250228,657,7,31,2,30,8.6,6640000.0,0
20250228,659,3,11,1,21,8.3,7960000.0,0
20250228,660,8,36,5,27,8.9,6520000.0,0
20250228,662,7,31,3,24,8.0,8250000.0,0
20250228,663,6,26,4,24,8.5,7540000.0,0
20250228,664,7,31,1,21,8.3,6250000.0,0
20250228,665,2,8,3,34,8.0,19130000.0,0
20250228,666,8,36,5,24,8.6,6890000.0,0
20250228,667,8,36,3,28,8.9,7370000.0,0
20250228,668,7,31,3,27,8.0,6980000.0,0
20250228,669,3,12,4,30,7.3,16180000.0,0
20250228,671,8,36,5,25,7.2,6370000.0,0
20250228,672,2,7,4,,7.4,11130000.0,0
20250228,673,2,7,2,30,7.3,13120000.0,0
20250228,675,7,31,6,20,7.9,6970000.0,0
20250228,676,3,12,1,29,7.7,12930000.0,0
20250228,677,2,6,1,21,7.8,8580000.0,0
20250228,678,7,32,2,32,7.4,10730000.0,0
20250228,679,8,38,3,25,7.3,13730000.0,0
20250228,680,7,32,6,24,7.9,10520000.0,0
20250228,682,1,5,1,37,7.9,47300000.0,0
20250228,683,8,36,3,31,7.7,6400000.0,0
20250228,684,8,38,6,31,7.2,14790000.0,0
20250228,685,7,34,4,44,6.6,29500000.0,0
20250228,686,7,31,4,28,6.1,7580000.0,0
20250228,687,7,32,1,26,6.8,12450000.0,0
20250228,689,2,8,1,32,6.5,18460000.0,0
20250228,690,2,6,1,27,6.4,8220000.0,0
20250228,691,8,37,3,36,6.7,8680000.0,0
20250228,692,3,13,1,31,5.7,22670000.0,0
20250228,693,7,32,4,25,5.0,9120000.0,0
20250228,694,7,32,1,25,5.4,11390000.0,0
20250228,696,2,6,3,30,5.5,8960000.0,0
20250228,697,8,36,1,27,5.2,7010000.0,0
20250228,698,6,27,3,26,5.7,11730000.0,0
20250228,699,7,31,1,20,5.2,6970000.0,0
20250228,700,2,7,2,30,4.0,10060000.0,0
20250228,701,8,36,2,21,4.4,6320000.0,0
20250228,702,7,31,5,23,4.6,6580000.0,0
20250228,703,7,31,6,22,4.5,6080000.0,0
20250228,705,1,1,1,28,4.8,6220000.0,0
20250228,707,8,37,3,28,4.4,8340000.0,0
20250228,708,1,1,1,27,4.0,8530000.0,0
20250228,709,7,31,2,28,4.3,7300000.0,0
20250228,710,1,1,1,22,3.9,6680000.0,0
20250228,711,1,2,1,29,4.7,11060000.0,0
20250228,712,8,37,1,32,4.4,9120000.0,0
20250228,713,3,11,2,26,4.2,9040000.0,0
20250228,714,3,14,3,35,4.2,32510000.0,0
20250228,715,4,16,1,23,4.4,9740000.0,0
20250228,716,2,8,1,31,4.3,16180000.0,0
20250228,717,6,26,3,33,4.3,7870000.0,0
20250228,718,3,11,1,27,4.6,9000000.0,0
20250228,719,1,1,5,23,4.8,7800000.0,0
20250228,720,7,31,2,26,3.3,6590000.0,0
20250228,721,7,31,1,24,3.8,6490000.0,0
20250228,722,2,6,5,26,3.4,7640000.0,0
20250228,723,7,32,1,29,3.1,11530000.0,0
20250228,725,1,1,1,21,3.8,7090000.0,0
20250228,726,3,12,4,27,3.3,15980000.0,0
20250228,727,8,36,6,33,3.2,6640000.0,0
20250228,728,1,1,3,28,3.1,6440000.0,0
20250228,729,8,37,1,22,3.0,10730000.0,0
20250228,730,1,1,3,25,3.6,7430000.0,0
20250228,731,3,13,1,28,3.5,23100000.0,0
20250228,733,7,32,2,25,3.3,8890000.0,0
20250228,734,3,11,1,24,2.3,9810000.0,0
20250228,735,3,11,1,27,2.8,8940000.0,0
20250228,736,1,1,1,26,2.1,6630000.0,0
20250228,737,7,32,1,28,2.8,10910000.0,0
20250228,738,1,1,4,20,2.7,6780000.0,0
20250228,739,8,36,1,21,2.4,6840000.0,0
20250228,740,2,6,1,24,2.5,7350000.0,0
20250228,741,7,32,2,25,2.1,9490000.0,0
20250228,742,8,36,1,31,2.9,5970000.0,0
20250228,743,1,1,6,25,2.3,7920000.0,0
20250228,744,4,16,6,24,2.4,8760000.0,0
20250228,745,8,37,3,32,1.9,10380000.0,0
20250228,746,3,12,1,31,1.6,15180000.0,0
20250228,747,3,11,5,22,0.9,8820000.0,0
20250228,748,8,40,6,37,1.5,36170000.0,0
20250228,749,8,37,1,26,1.1,11340000.0,0
20250228,750,7,31,1,25,1.8,6760000.0,0
20250228,751,7,31,2,24,1.8,6230000.0,0
20250228,752,8,36,3,22,1.5,6710000.0,0
20250228,753,3,11,2,23,1.8,7860000.0,0
20250228,754,7,33,1,29,1.2,13180000.0,0
20250228,755,7,31,1,23,1.1,6980000.0,0
20250228,756,1,1,1,29,0.1,8280000.0,1
20250228,757,3,11,3,23,0.2,9900000.0,1
20250228,758,1,1,6,22,0.8,7740000.0,1
20250228,759,8,36,6,26,0.4,5410000.0,1
20250228,760,1,2,1,32,0.7,10010000.0,1
20250228,761,7,34,1,33,0.3,25870000.0,1
20250228,762,8,36,1,23,0.1,7030000.0,1
20250228,763,7,31,2,20,0.1,7090000.0,1
20250228,764,1,1,2,27,0.6,7250000.0,1
20250228,765,1,2,1,26,0.0,10810000.0,1
20250228,766,7,31,1,33,0.5,6160000.0,1
20250228,767,8,37,1,,0.9,10740000.0,1
20250228,768,7,31,1,25,0.2,7090000.0,1
20250228,769,3,12,1,25,0.6,12580000.0,1
20250228,770,8,36,5,26,0.5,7010000.0,1
20250228,771,3,11,3,20,0.9,7800000.0,1
20250228,772,1,1,1,28,0.3,7790000.0,1
20250228,773,3,11,2,29,0.1,7890000.0,1
20250331,2,7,32,1,33,68.0,10120000.0,0
20250331,3,5,21,1,31,56.2,8540000.0,0
20250331,5,8,36,1,31,55.3,7070000.0,0
20250331,7,3,11,2,32,60.1,10800000.0,0
20250331,8,5,21,2,33,45.2,7940000.0,0
20250331,9,8,36,3,32,71.8,6480000.0,0
20250331,11,8,36,6,27,35.4,7400000.0,0
20250331,12,2,6,3,36,74.8,8280000.0,0
20250331,13,2,7,2,29,73.3,13030000.0,0
20250331,15,4,16,1,26,73.0,8040000.0,0
20250331,16,1,1,5,26,40.7,8030000.0,0
20250331,17,6,26,3,24,49.6,9680000.0,0
20250331,19,5,24,1,47,80.1,36190000.0,0
20250331,21,7,31,5,27,83.6,7320000.0,0
20250331,22,1,1,3,25,49.4,8610000.0,0
20250331,24,8,36,1,35,91.6,7700000.0,0
20250331,25,2,8,1,40,71.4,17930000.0,0
20250331,26,8,37,4,31,94.6,12320000.0,0
20250331,27,3,14,1,36,35.1,43220000.0,0
20250331,28,2,6,1,29,80.4,7440000.0,0
20250331,29,3,12,1,32,59.1,15950000.0,0
20250331,30,1,2,3,37,54.8,14400000.0,0
20250331,31,2,6,4,,107.4,9650000.0,0
20250331,33,3,11,3,29,38.3,10300000.0,0
20250331,34,8,36,5,24,53.1,6620000.0,0
20250331,37,1,3,1,36,37.5,20090000.0,0
20250331,38,3,11,1,38,75.4,9790000.0,0
20250331,39,4,16,3,26,36.2,9420000.0,0
20250331,40,3,11,5,31,60.4,10870000.0,0
20250331,43,5,21,1,28,33.9,8170000.0,0
20250331,44,6,26,2,31,72.4,8250000.0,0
20250331,46,7,31,2,22,29.0,6570000.0,0
20250331,47,7,31,4,35,92.3,8520000.0,0
20250331,48,7,31,5,30,102.6,7120000.0,0
20250331,49,3,13,1,31,112.0,25830000.0,0
20250331,50,3,13,1,37,44.5,22960000.0,0
20250331,51,7,31,1,31,37.1,6810000.0,0
20250331,53,7,32,1,32,38.9,11550000.0,0
20250331,54,8,37,2,33,41.7,12470000.0,0
20250331,55,8,36,1,29,44.9,5990000.0,0
20250331,56,1,1,3,30,98.3,8200000.0,0
20250331,57,4,16,1,30,77.2,10780000.0,0
20250331,58,4,16,3,38,131.4,9750000.0,0
20250331,61,4,17,3,35,122.4,16760000.0,0
20250331,63,3,11,5,31,75.0,11020000.0,0
20250331,64,7,31,1,33,46.0,8230000.0,0
20250331,65,3,11,1,27,81.0,9370000.0,0
20250331,66,1,3,4,34,68.8,17170000.0,0
20250331,67,7,31,6,26,36.1,7040000.0,0
20250331,69,5,21,6,27,60.9,9390000.0,0
20250331,71,1,4,2,41,181.7,31130000.0,0
20250331,72,5,21,1,33,90.8,8980000.0,0
20250331,73,3,14,1,44,55.1,41230000.0,0
20250331,74,8,36,2,35,104.0,7250000.0,0
20250331,75,4,16,6,31,128.9,10610000.0,0
20250331,76,3,13,5,45,139.1,21820000.0,0
20250331,77,5,21,1,25,45.2,8650000.0,0
20250331,79,8,39,1,44,34.5,25250000.0,0
20250331,80,7,33,2,35,35.3,14690000.0,0
20250331,81,1,1,6,25,52.7,8920000.0,0
20250331,82,2,6,1,30,31.4,8300000.0,0
20250331,83,6,27,2,31,44.6,11750000.0,0
20250331,84,4,16,3,42,147.9,8550000.0,0
20250331,89,1,1,5,30,50.5,7950000.0,0
20250331,91,7,31,1,27,57.0,8630000.0,0
20250331,92,5,21,3,29,67.5,7190000.0,0
20250331,94,2,6,1,29,87.5,8490000.0,0
20250331,95,1,2,2,27,64.8,13300000.0,0
20250331,96,2,9,1,48,181.7,33000000.0,0
20250331,99,7,32,6,33,96.3,12730000.0,0
20250331,100,1,1,3,33,51.0,8420000.0,0
20250331,101,7,31,5,35,59.7,6940000.0,0
20250331,102,7,32,1,31,43.9,10130000.0,0
20250331,105,8,36,3,38,127.2,5580000.0,0
20250331,106,8,36,3,34,57.2,5870000.0,0
20250331,108,4,17,3,33,35.0,15390000.0,0
20250331,109,5,21,1,33,83.0,9330000.0,0
20250331,111,1,2,1,35,181.7,15130000.0,0
20250331,112,2,6,3,32,30.2,7270000.0,0
20250331,114,1,2,1,28,31.7,14630000.0,0
20250331,115,3,13,1,32,31.5,25650000.0,0
20250331,116,1,5,1,43,57.0,42990000.0,0
20250331,120,2,6,4,24,30.9,7270000.0,0
20250331,123,3,11,2,35,38.9,10570000.0,0
20250331,125,7,32,1,30,66.9,11580000.0,0
20250331,127,1,1,6,28,38.1,7590000.0,0
20250331,128,4,16,2,37,92.0,10940000.0,0
20250331,129,6,26,1,40,181.7,6420000.0,0
20250331,131,1,5,1,53,173.0,52870000.0,0
20250331,135,1,1,1,40,78.2,7090000.0,0
20250331,136,7,32,2,30,75.2,9670000.0,0
20250331,137,1,1,3,27,38.3,9590000.0,0
20250331,138,6,29,1,39,60.2,27640000.0,0
20250331,139,7,32,4,30,62.0,12900000.0,0
20250331,141,1,3,3,38,77.3,18590000.0,0
20250331,143,7,31,4,55,59.4,8360000.0,0
20250331,146,1,3,4,29,68.1,21960000.0,0
20250331,148,7,31,1,41,166.4,8220000.0,0
20250331,149,1,1,5,28,51.5,6780000.0,0
20250331,150,7,32,5,40,131.2,12400000.0,0
20250331,151,8,36,3,25,59.7,7620000.0,0
20250331,153,7,33,1,36,104.6,16550000.0,0
20250331,154,1,5,1,43,57.4,47060000.0,0
20250331,155,4,16,2,32,34.7,8250000.0,0
20250331,156,1,3,6,42,80.4,18520000.0,0
20250331,157,1,5,1,45,63.8,45250000.0,0
20250331,159,7,31,1,28,54.5,6910000.0,0
20250331,160,7,35,1,45,123.8,39750000.0,0
20250331,162,4,16,1,32,120.1,9150000.0,0
20250331,165,5,21,2,39,176.0,9620000.0,0
20250331,167,8,39,1,40,70.1,24240000.0,0
20250331,168,2,7,1,36,95.7,13860000.0,0
20250331,170,1,2,6,38,56.5,14050000.0,0
20250331,171,7,31,6,29,40.8,7840000.0,0
20250331,174,8,37,1,26,66.6,11010000.0,0
20250331,175,8,38,3,42,69.9,14310000.0,0
20250331,176,3,14,1,37,44.2,45620000.0,0
20250331,178,7,33,1,38,29.3,19140000.0,0
20250331,179,1,4,1,39,91.0,30860000.0,0
20250331,181,1,2,1,34,83.4,10960000.0,0
20250331,182,7,31,1,32,82.9,7050000.0,0
20250331,183,5,21,2,34,115.2,9060000.0,0
20250331,188,4,16,1,26,65.4,9290000.0,0
20250331,190,7,31,5,28,82.5,7200000.0,0
20250331,191,4,16,1,35,49.4,10290000.0,0
20250331,193,1,2,1,34,54.0,10680000.0,0
20250331,194,8,39,1,31,76.6,27090000.0,0
20250331,196,7,32,6,31,114.8,9390000.0,0
20250331,197,6,28,3,40,126.8,19210000.0,0
20250331,198,6,26,6,34,67.3,7670000.0,0
20250331,199,6,26,1,35,47.9,8540000.0,0
20250331,200,2,7,1,28,45.7,11970000.0,0
20250331,201,5,21,5,25,58.0,7130000.0,0
20250331,203,7,31,1,23,32.4,6100000.0,0
20250331,204,1,1,1,40,127.5,9530000.0,0
20250331,205,8,36,4,26,36.6,6250000.0,0
20250331,206,1,1,1,31,59.9,8860000.0,0
20250331,208,3,13,2,44,181.7,27570000.0,0
20250331,209,6,26,1,26,50.6,8170000.0,0
20250331,210,7,33,1,32,49.2,16830000.0,0
20250331,211,7,31,1,31,94.8,7970000.0,0
20250331,212,3,12,6,29,35.4,16950000.0,0
20250331,213,2,6,3,28,50.7,9040000.0,0
20250331,214,8,36,1,35,142.9,6240000.0,0
20250331,215,4,17,1,32,96.2,15090000.0,0
20250331,216,4,16,6,,85.8,10330000.0,0
20250331,217,5,21,1,33,43.1,7730000.0,0
20250331,218,3,11,1,31,64.6,11520000.0,0
20250331,219,3,11,1,39,97.8,8310000.0,0
20250331,220,8,38,1,36,96.0,13550000.0,0
20250331,221,7,31,3,30,59.9,6520000.0,0
20250331,222,8,36,1,30,53.7,6920000.0,0
20250331,223,1,1,3,24,39.9,8420000.0,0
20250331,224,1,4,1,41,89.9,33670000.0,0
20250331,226,2,6,2,35,37.3,8270000.0,0
20250331,227,2,6,4,27,86.7,7980000.0,0
20250331,228,5,24,2,35,30.1,30460000.0,0
20250331,229,7,31,1,33,132.0,7580000.0,0
20250331,230,8,37,1,29,30.7,10770000.0,0
20250331,232,3,12,1,40,121.9,18030000.0,0
20250331,234,7,32,2,42,181.7,11010000.0,0
20250331,237,6,27,4,29,27.6,11570000.0,0
20250331,239,2,7,4,33,114.7,14960000.0,0
20250331,240,8,36,6,31,68.3,7090000.0,0
20250331,241,8,36,1,55,62.8,7720000.0,0
20250331,242,8,36,1,27,62.4,6950000.0,0
20250331,243,7,31,1,37,169.9,8070000.0,0
20250331,244,3,13,6,50,94.5,22950000.0,0
20250331,245,1,1,1,33,71.1,7950000.0,0
20250331,247,7,31,1,31,63.1,8090000.0,0
20250331,248,5,22,1,30,63.4,13900000.0,0
20250331,250,1,1,1,31,49.0,9030000.0,0
20250331,251,1,4,1,40,98.9,40380000.0,0
20250331,252,3,11,2,31,66.0,12450000.0,0
20250331,253,8,38,6,34,62.6,17690000.0,0
20250331,254,5,21,1,27,33.0,9510000.0,0
20250331,255,1,1,3,33,132.8,7780000.0,0
20250331,256,7,31,1,31,126.9,7770000.0,0
20250331,257,3,12,1,32,56.0,16010000.0,0
20250331,260,8,39,1,41,148.1,29100000.0,0
20250331,264,1,1,6,28,35.9,6440000.0,0
20250331,265,7,33,1,34,62.0,15820000.0,0
20250331,266,4,16,1,28,34.0,11080000.0,0
20250331,268,7,31,6,25,44.1,7430000.0,0
20250331,271,2,6,2,27,28.5,7850000.0,0
20250331,272,4,19,1,37,46.7,43150000.0,0
20250331,273,3,12,1,36,62.8,18970000.0,0
20250331,274,7,31,5,27,48.9,6710000.0,0
20250331,276,8,36,1,36,77.8,6490000.0,0
20250331,278,3,14,1,42,82.1,44900000.0,0
20250331,282,1,4,1,38,40.0,30410000.0,0
20250331,285,1,1,4,24,46.8,8760000.0,0
20250331,286,1,2,1,33,95.4,13010000.0,0
20250331,288,6,30,1,42,30.9,48900000.0,0
20250331,289,7,32,1,31,31.0,11020000.0,0
20250331,290,3,15,1,35,39.8,68410000.0,0
20250331,291,3,13,1,39,47.6,24640000.0,0
20250331,292,7,31,2,25,55.9,7130000.0,0
20250331,293,1,2,1,29,27.1,10710000.0,0
20250331,296,1,1,4,30,75.4,7680000.0,0
20250331,298,8,38,1,35,57.4,18540000.0,0
20250331,299,7,31,3,55,66.7,7750000.0,0
20250331,300,4,16,5,28,48.6,8670000.0,0
20250331,301,8,37,1,29,29.3,11080000.0,0
20250331,302,1,1,1,29,35.6,8800000.0,0
20250331,303,1,1,1,33,70.0,8930000.0,0
20250331,304,7,31,1,26,73.8,7110000.0,0
20250331,305,7,31,4,26,72.0,6490000.0,0
20250331,306,1,1,6,35,35.4,9250000.0,0
20250331,307,4,17,4,30,69.3,16440000.0,0
20250331,308,6,26,3,30,56.7,9170000.0,0
20250331,309,1,1,1,23,29.3,9360000.0,0
20250331,310,4,16,1,36,134.0,10990000.0,0
20250331,311,3,13,1,38,49.1,22130000.0,0
20250331,313,7,32,1,35,34.7,12410000.0,0
20250331,316,4,19,1,39,51.9,40610000.0,0
20250331,317,2,7,1,41,75.1,11650000.0,0
20250331,318,1,1,1,27,33.6,8420000.0,0
20250331,320,7,33,5,26,34.3,17650000.0,0
20250331,321,1,1,1,35,144.2,8870000.0,0
20250331,322,5,22,4,25,31.6,13860000.0,0
20250331,324,3,14,1,41,86.3,37220000.0,0
20250331,327,7,32,1,33,55.5,11430000.0,0
20250331,329,7,32,2,34,63.2,11130000.0,0
20250331,330,1,1,2,36,181.7,8580000.0,0
20250331,331,3,12,3,32,55.5,19180000.0,0
20250331,333,8,36,1,28,57.1,6240000.0,0
20250331,334,8,37,6,32,55.2,12620000.0,0
20250331,336,1,1,1,31,64.9,9500000.0,0
20250331,337,3,12,1,26,66.1,16520000.0,0
20250331,338,8,36,1,22,29.2,6270000.0,0
20250331,339,5,21,3,29,41.0,8580000.0,0
20250331,340,8,36,5,41,181.7,8660000.0,0
20250331,341,1,1,1,27,61.1,8510000.0,0
20250331,343,7,31,3,24,54.4,8680000.0,0
20250331,345,3,11,1,30,57.3,9250000.0,0
20250331,347,8,36,2,33,154.1,8300000.0,0
20250331,349,7,33,4,45,90.6,14550000.0,0
20250331,350,2,7,3,30,40.5,14990000.0,0
20250331,353,1,2,1,35,97.5,11460000.0,0
20250331,354,7,31,1,32,31.8,6610000.0,0
20250331,358,5,22,1,32,73.9,12200000.0,0
20250331,359,3,13,1,31,31.9,22080000.0,0
20250331,360,7,32,4,39,148.2,12150000.0,0
20250331,361,1,3,6,36,94.1,21230000.0,0
20250331,362,8,36,1,28,65.5,7400000.0,0
20250331,364,7,32,3,31,38.9,10680000.0,0
20250331,366,8,37,4,32,44.1,11500000.0,0
20250331,367,6,27,1,32,30.3,12170000.0,0
20250331,369,1,3,1,37,52.4,20760000.0,0
20250331,370,4,19,1,37,30.9,31920000.0,0
20250331,372,1,1,1,32,59.5,8020000.0,0
20250331,373,2,8,1,37,71.6,18200000.0,0
20250331,374,1,1,5,34,98.4,9670000.0,0
20250331,375,5,22,4,39,173.7,15400000.0,0
20250331,376,3,11,4,26,45.0,9550000.0,0
20250331,377,6,28,2,45,145.2,17500000.0,0
20250331,378,1,1,2,37,125.9,8930000.0,0
20250331,379,1,1,1,30,89.3,8290000.0,0
20250331,380,3,12,5,33,44.9,12710000.0,0
20250331,381,4,18,2,45,114.8,21600000.0,0
20250331,383,6,27,2,33,67.0,11390000.0,0
20250331,384,3,11,1,32,96.5,10400000.0,0
20250331,385,7,33,6,23,28.6,15990000.0,0
20250331,386,2,6,1,41,129.3,9600000.0,0
20250331,387,3,11,1,27,45.2,10150000.0,0
20250331,388,7,31,1,23,29.1,6440000.0,0
20250331,391,7,32,3,32,66.4,11700000.0,0
20250331,393,7,31,6,26,67.9,7220000.0,0
20250331,396,1,1,1,28,45.0,7860000.0,0
20250331,397,2,7,1,27,53.1,12290000.0,0
20250331,398,3,12,1,30,36.8,13010000.0,0
20250331,399,2,6,1,37,181.7,9020000.0,0
20250331,400,7,32,3,37,54.0,8930000.0,0
20250331,401,6,29,1,36,45.3,37090000.0,0
20250331,404,7,31,6,36,158.9,6350000.0,0
20250331,406,3,11,2,33,48.7,10760000.0,0
20250331,409,7,33,1,42,181.7,18860000.0,0
20250331,413,8,36,3,30,29.1,6900000.0,0
20250331,417,7,31,2,26,28.0,7050000.0,0
20250331,418,7,31,1,36,62.1,7210000.0,0
20250331,419,8,39,1,40,75.4,25730000.0,0
20250331,420,5,21,2,33,88.8,9530000.0,0
20250331,421,1,4,1,40,89.9,25780000.0,0
20250331,423,4,16,5,25,51.8,9320000.0,0
20250331,424,3,11,1,23,27.6,9570000.0,0
20250331,425,1,3,3,35,45.7,16470000.0,0
20250331,426,3,14,6,37,37.6,42000000.0,0
20250331,427,1,1,6,25,32.7,9780000.0,0
20250331,429,7,33,1,34,52.4,16920000.0,0
20250331,431,3,12,2,44,149.8,15600000.0,0
20250331,432,1,4,1,41,44.0,39900000.0,0
20250331,433,7,35,1,49,133.1,50490000.0,0
20250331,439,8,37,1,35,60.6,10770000.0,0
20250331,440,7,31,3,30,40.8,7110000.0,0
20250331,442,8,36,2,29,83.0,5820000.0,0
20250331,445,1,4,1,44,144.9,30670000.0,0
20250331,446,8,36,4,25,60.7,6890000.0,0
20250331,447,4,16,1,26,48.6,10540000.0,0
20250331,449,1,2,6,27,43.8,11170000.0,0
20250331,450,8,38,1,39,114.7,17850000.0,0
20250331,452,3,12,2,32,64.9,15290000.0,0
20250331,453,8,36,2,32,57.7,7970000.0,0
20250331,454,7,34,1,41,126.9,25920000.0,0
20250331,455,4,20,6,44,51.8,63640000.0,0
20250331,456,1,1,3,55,30.0,8780000.0,0
20250331,457,7,32,3,40,125.9,12110000.0,0
20250331,458,7,31,1,27,52.1,7370000.0,0
20250331,460,2,7,1,33,52.7,12480000.0,0
20250331,461,4,16,1,25,26.3,11430000.0,0
20250331,462,2,6,1,25,26.7,10880000.0,0
20250331,463,5,21,1,24,26.2,8460000.0,0
20250331,465,8,37,2,28,26.8,9570000.0,0
20250331,466,7,31,4,28,26.6,7300000.0,0
20250331,467,3,11,2,25,26.2,11090000.0,0
20250331,469,7,31,1,26,26.8,6820000.0,0
20250331,470,1,1,1,27,26.1,8430000.0,0
20250331,471,7,32,3,33,26.2,12060000.0,0
20250331,472,2,6,1,28,26.0,7690000.0,0
20250331,473,6,26,1,26,26.3,8360000.0,0
20250331,474,6,27,1,32,26.7,12480000.0,0
20250331,476,7,31,1,29,25.2,7670000.0,0
20250331,478,3,11,4,23,25.3,8510000.0,0
20250331,479,2,6,6,34,25.6,9380000.0,0
20250331,480,5,21,6,26,25.4,8550000.0,0
20250331,481,8,36,1,26,24.2,8040000.0,0
20250331,483,8,37,1,31,25.0,11470000.0,0
20250331,485,1,1,1,25,24.8,7290000.0,0
20250331,486,1,1,2,26,24.8,7580000.0,0
20250331,487,1,1,1,25,24.0,7360000.0,0
20250331,491,8,36,3,27,23.8,7400000.0,0
20250331,492,8,36,5,22,23.7,6300000.0,0
20250331,493,3,11,1,22,23.5,9570000.0,0
20250331,494,4,19,2,42,23.7,41790000.0,0
20250331,495,3,11,2,24,23.4,10860000.0,0
20250331,496,7,31,2,,23.9,6660000.0,0
20250331,498,7,32,6,27,24.0,11000000.0,0
20250331,499,1,2,5,23,23.5,14110000.0,0
20250331,500,2,6,2,27,23.7,8800000.0,0
20250331,501,8,36,4,32,23.2,5560000.0,0
20250331,502,1,1,6,22,23.1,6950000.0,0
20250331,504,7,31,3,28,23.7,7590000.0,0
20250331,506,3,12,1,34,23.9,14040000.0,0
20250331,507,2,6,1,22,23.8,10700000.0,0
20250331,509,7,31,1,27,23.1,6440000.0,0
20250331,510,3,11,3,21,22.9,8750000.0,0
20250331,518,2,6,2,30,21.4,8600000.0,0
20250331,521,7,31,2,28,21.9,7810000.0,0
20250331,524,7,32,1,22,20.3,11200000.0,0
20250331,527,3,14,1,34,20.5,35510000.0,0
20250331,528,7,32,3,33,20.8,10230000.0,0
20250331,529,8,36,5,22,20.6,6900000.0,0
20250331,530,7,33,1,27,20.6,15390000.0,0
20250331,531,1,2,1,25,20.1,13390000.0,0
20250331,532,6,26,1,26,20.6,8820000.0,0
20250331,534,8,36,1,26,19.0,6110000.0,0
20250331,535,5,21,3,23,19.3,9520000.0,0
20250331,536,3,11,1,23,19.7,10220000.0,0
20250331,537,7,31,1,27,19.5,6780000.0,0
20250331,538,3,11,3,22,19.4,9710000.0,0
20250331,540,3,11,1,25,19.5,12030000.0,0
20250331,541,8,36,1,22,19.6,7960000.0,0
20250331,543,3,12,1,26,19.5,15070000.0,0
20250331,544,6,26,1,29,19.9,7930000.0,0
20250331,545,4,16,2,26,19.7,9680000.0,0
20250331,547,1,2,2,25,19.5,12680000.0,0
20250331,548,1,1,5,26,18.0,8480000.0,0
20250331,549,1,2,1,30,18.5,14810000.0,0
20250331,551,8,36,2,32,18.9,6510000.0,0
20250331,552,8,38,5,32,18.7,16620000.0,0
20250331,556,2,6,6,24,17.1,9040000.0,0
20250331,558,6,26,1,21,17.9,8070000.0,0
20250331,559,8,36,1,21,17.1,7860000.0,0
20250331,562,1,1,1,26,17.1,8310000.0,0
20250331,563,8,36,5,27,16.5,7220000.0,0
20250331,564,1,1,1,28,16.2,7570000.0,0
20250331,566,4,16,5,27,16.8,9100000.0,0
20250331,572,3,12,1,24,16.1,14110000.0,0
20250331,574,5,21,5,28,16.2,8230000.0,0
20250331,575,1,2,4,30,16.9,11020000.0,0
20250331,576,7,31,1,31,16.3,7590000.0,0
20250331,578,3,11,3,22,16.7,11050000.0,0
20250331,580,2,6,5,21,15.4,7730000.0,0
20250331,582,1,1,1,25,15.0,7260000.0,0
20250331,583,6,26,5,30,15.8,8080000.0,0
20250331,584,3,11,3,23,15.9,9430000.0,0
20250331,587,1,1,1,30,15.7,7850000.0,0
20250331,591,1,1,2,29,15.0,8700000.0,0
20250331,592,7,31,6,23,14.4,6460000.0,0
20250331,593,7,33,3,35,14.5,16250000.0,0
20250331,595,7,32,4,33,13.9,10740000.0,0
20250331,596,5,21,1,32,13.6,7690000.0,0
20250331,597,2,6,1,29,13.6,7920000.0,0
20250331,599,7,31,1,24,13.3,6990000.0,0
20250331,600,7,31,2,23,13.4,5960000.0,0
20250331,601,7,31,4,26,13.2,6760000.0,0
20250331,603,4,16,3,24,13.3,8920000.0,0
20250331,604,1,1,1,24,13.4,8350000.0,0
20250331,605,7,31,5,25,13.8,7000000.0,0
20250331,607,3,11,5,21,13.9,9670000.0,0
20250331,609,7,31,1,29,13.6,8300000.0,0
20250331,610,7,31,1,26,13.9,7920000.0,0
20250331,611,4,17,1,25,13.0,16820000.0,0
20250331,612,2,6,2,24,13.3,6960000.0,0
20250331,613,8,36,5,22,13.8,6580000.0,0
20250331,617,3,11,5,21,12.7,9040000.0,0
20250331,620,2,6,3,26,12.6,8530000.0,0
20250331,621,3,12,1,27,12.9,13830000.0,0
20250331,622,8,36,1,31,12.6,6160000.0,0
20250331,623,7,31,1,22,12.6,6080000.0,0
20250331,624,8,37,1,31,12.7,9910000.0,0
20250331,625,2,7,1,35,12.0,13790000.0,0
20250331,626,7,31,2,24,12.7,7290000.0,0
20250331,628,7,31,6,21,11.1,7210000.0,0
20250331,629,1,2,1,29,11.9,10990000.0,0
20250331,630,3,11,4,21,11.7,11140000.0,0
20250331,631,1,1,2,23,11.4,7110000.0,0
20250331,632,3,11,3,30,11.2,10900000.0,0
20250331,633,8,36,1,23,11.2,5750000.0,0
20250331,634,3,11,2,27,12.0,9570000.0,0
20250331,635,7,31,2,24,11.9,7380000.0,0
20250331,637,5,21,3,30,11.1,9300000.0,0
20250331,639,5,22,4,29,11.2,12140000.0,0
20250331,640,6,26,6,25,11.3,7900000.0,0
20250331,641,7,32,4,30,11.3,11360000.0,0
20250331,642,5,21,1,27,11.9,8870000.0,0
20250331,643,3,12,1,30,10.4,14040000.0,0
20250331,645,3,11,6,21,10.6,8270000.0,0
20250331,647,7,33,6,28,10.2,16320000.0,0
20250331,648,7,31,2,32,10.2,7500000.0,0
20250331,649,8,36,1,24,10.6,6580000.0,0
20250331,650,8,36,3,28,10.4,7190000.0,0
20250331,651,4,16,1,29,10.9,8350000.0,0
20250331,652,1,2,2,27,10.6,14180000.0,0
20250331,654,1,1,1,29,10.8,6760000.0,0
20250331,656,7,31,2,23,10.3,6560000.0,0
20250331,659,3,11,1,21,9.3,7960000.0,0
20250331,660,8,36,5,27,9.9,6520000.0,0
20250331,662,7,31,3,25,9.1,8250000.0,0
20250331,663,6,26,4,24,9.5,7540000.0,0
20250331,664,7,31,1,21,9.3,6250000.0,0
20250331,665,2,8,3,35,9.0,19130000.0,0
20250331,666,8,36,5,24,9.7,6890000.0,0
20250331,667,8,36,3,28,9.9,7370000.0,0
20250331,668,7,31,3,27,9.1,6980000.0,0
20250331,669,3,12,4,30,8.3,16180000.0,0
20250331,671,8,36,5,26,8.2,6370000.0,0
20250331,672,2,7,4,,8.4,11130000.0,0
20250331,673,2,7,2,30,8.3,13120000.0,0
20250331,675,7,31,6,20,8.9,6970000.0,0
20250331,676,3,12,1,29,8.7,12930000.0,0
20250331,677,2,6,1,21,8.8,8580000.0,0
20250331,678,7,32,2,32,8.4,10730000.0,0
20250331,679,8,38,3,25,8.3,13730000.0,0
20250331,680,7,32,6,24,8.9,10520000.0,0
20250331,682,1,5,1,37,8.9,47300000.0,0
20250331,683,8,36,3,31,8.7,6400000.0,0
20250331,684,8,38,6,31,8.2,14790000.0,0
20250331,685,7,34,4,44,7.6,29500000.0,0
20250331,686,7,31,4,28,7.1,7580000.0,0
20250331,687,7,32,1,26,7.9,12450000.0,0
20250331,689,2,8,1,32,7.5,18460000.0,0
20250331,690,2,6,1,27,7.4,8220000.0,0
20250331,691,8,37,3,37,7.7,8680000.0,0
20250331,692,3,13,1,31,6.7,22670000.0,0
20250331,693,7,32,4,26,6.0,9120000.0,0
20250331,694,7,32,1,25,6.4,11390000.0,0
20250331,696,2,6,3,30,6.5,8960000.0,0
20250331,697,8,36,1,27,6.2,7010000.0,0
20250331,698,6,27,3,26,6.8,11730000.0,0
20250331,699,7,31,1,21,6.2,6970000.0,0
20250331,700,2,7,2,30,5.0,10060000.0,0
20250331,701,8,36,2,21,5.5,6320000.0,0
20250331,702,7,31,5,23,5.6,6580000.0,0
20250331,703,7,31,6,22,5.5,6080000.0,0
20250331,705,1,1,1,28,5.8,6220000.0,0
20250331,707,8,37,3,28,5.4,8340000.0,0
20250331,708,1,1,1,27,5.1,8530000.0,0
20250331,709,7,31,2,28,5.3,7300000.0,0
20250331,710,1,1,1,22,5.0,6680000.0,0
20250331,711,1,2,1,29,5.7,11060000.0,0
20250331,712,8,37,1,32,5.4,9120000.0,0
20250331,713,3,11,2,26,5.2,9040000.0,0
20250331,714,3,14,3,35,5.2,32510000.0,0
20250331,715,4,16,1,23,5.4,9740000.0,0
20250331,716,2,8,1,31,5.4,16180000.0,0
20250331,717,6,26,3,33,5.3,7870000.0,0
20250331,718,3,11,1,27,5.7,9000000.0,0
20250331,719,1,1,5,23,5.8,7800000.0,0
20250331,720,7,31,2,26,4.3,6590000.0,0
20250331,721,7,31,1,25,4.9,6490000.0,0
20250331,722,2,6,5,26,4.4,7640000.0,0
20250331,723,7,32,1,29,4.1,11530000.0,0
20250331,725,1,1,1,21,4.8,7090000.0,0
20250331,726,3,12,4,27,4.3,15980000.0,0
20250331,727,8,36,6,33,4.2,6640000.0,0
20250331,728,1,1,3,28,4.1,6440000.0,0
20250331,729,8,37,1,22,4.0,10730000.0,0
20250331,730,1,1,3,26,4.7,7430000.0,0
20250331,731,3,13,1,28,4.5,23100000.0,0
20250331,733,7,32,2,25,4.3,8890000.0,0
20250331,734,3,11,1,24,3.3,9810000.0,0
20250331,735,3,11,1,27,3.8,8940000.0,0
20250331,736,1,1,1,26,3.1,6630000.0,0
20250331,737,7,32,1,28,3.8,10910000.0,0
20250331,738,1,1,4,20,3.7,6780000.0,0
20250331,739,8,36,1,21,3.4,6840000.0,0
20250331,740,2,6,1,24,3.5,7350000.0,0
20250331,741,7,32,2,25,3.1,9490000.0,0
20250331,742,8,36,1,31,3.9,5970000.0,0
20250331,743,1,1,6,25,3.3,7920000.0,0
20250331,744,4,16,6,25,3.4,8760000.0,0
20250331,745,8,37,3,32,2.9,10380000.0,0
20250331,746,3,12,1,31,2.7,15180000.0,0
20250331,747,3,11,5,22,1.9,8820000.0,0
20250331,748,8,40,6,37,2.6,36170000.0,0
20250331,749,8,37,1,26,2.1,11340000.0,0
20250331,750,7,31,1,25,2.8,6760000.0,0
20250331,751,7,31,2,24,2.9,6230000.0,0
20250331,752,8,36,3,23,2.5,6710000.0,0
20250331,753,3,11,2,24,2.8,7860000.0,0
20250331,754,7,33,1,29,2.2,13180000.0,0
20250331,755,7,31,1,23,2.1,6980000.0,0
20250331,756,1,1,1,29,1.1,8280000.0,0
20250331,757,3,11,3,23,1.2,9900000.0,0
20250331,758,1,1,6,22,1.8,7740000.0,0
20250331,759,8,36,6,26,1.4,5410000.0,0
20250331,760,1,2,1,32,1.7,10010000.0,0
20250331,761,7,34,1,33,1.3,25870000.0,0
20250331,762,8,36,1,23,1.1,7030000.0,0
20250331,763,7,31,2,20,1.1,7090000.0,0
20250331,764,1,1,2,27,1.6,7250000.0,0
20250331,765,1,2,1,26,1.0,10810000.0,0
20250331,766,7,31,1,33,1.5,6160000.0,0
20250331,767,8,37,1,,1.9,10740000.0,0
20250331,768,7,31,1,25,1.2,7090000.0,0
20250331,769,3,12,1,25,1.6,12580000.0,0
20250331,770,8,36,5,26,1.5,7010000.0,0
20250331,771,3,11,3,20,1.9,7800000.0,0
20250331,772,1,1,1,28,1.3,7790000.0,0
20250331,773,3,11,2,29,1.1,7890000.0,0
20250331,774,6,26,5,20,0.7,7340000.0,1
20250331,775,6,26,3,27,1.0,5930000.0,1
20250331,776,8,36,2,23,0.4,7070000.0,1
20250331,777,7,31,3,32,0.2,5610000.0,1
20250331,778,3,12,3,27,0.7,12030000.0,1
20250430,2,7,32,1,33,69.0,10120000.0,0
20250430,3,5,21,1,31,57.2,8540000.0,0
20250430,5,8,36,1,31,56.2,7070000.0,0
20250430,7,3,11,2,32,61.1,10800000.0,0
20250430,8,5,21,2,33,46.2,7940000.0,0
20250430,9,8,36,3,32,72.8,6480000.0,0
20250430,11,8,36,6,28,36.4,7400000.0,0
20250430,12,2,6,3,36,75.8,8280000.0,0
20250430,13,2,7,2,29,74.3,13030000.0,0
20250430,15,4,16,1,26,74.0,8040000.0,0
20250430,16,1,1,5,26,41.7,8030000.0,0
20250430,17,6,26,3,24,50.6,9680000.0,0
20250430,19,5,24,1,47,81.1,36190000.0,0
20250430,21,7,31,5,27,84.6,7320000.0,0
20250430,22,1,1,3,25,50.4,8610000.0,0
20250430,24,8,36,1,35,92.6,7700000.0,0
20250430,25,2,8,1,40,72.3,17930000.0,0
20250430,26,8,37,4,31,95.6,12320000.0,0
20250430,27,3,14,1,36,36.1,43220000.0,0
20250430,28,2,6,1,29,81.4,7440000.0,0
20250430,29,3,12,1,32,60.1,15950000.0,0
20250430,30,1,2,3,37,55.8,14400000.0,0
20250430,31,2,6,4,,108.4,9650000.0,0
20250430,33,3,11,3,29,39.3,10300000.0,0
20250430,34,8,36,5,24,54.1,6620000.0,0
20250430,37,1,3,1,36,38.5,20090000.0,0
20250430,38,3,11,1,38,76.4,9790000.0,0
20250430,39,4,16,3,27,37.2,9420000.0,0
20250430,40,3,11,5,31,61.4,10870000.0,0
20250430,43,5,21,1,28,34.9,8170000.0,0
20250430,44,6,26,2,31,73.4,8250000.0,0
20250430,46,7,31,2,23,30.0,6570000.0,0
20250430,47,7,31,4,35,93.3,8520000.0,0
20250430,48,7,31,5,31,103.6,7120000.0,0
20250430,49,3,13,1,31,113.0,25830000.0,0
20250430,50,3,13,1,37,45.5,22960000.0,0
20250430,51,7,31,1,31,38.1,6810000.0,0
20250430,53,7,32,1,32,39.9,11550000.0,0
20250430,54,8,37,2,33,42.7,12470000.0,0
20250430,55,8,36,1,29,45.9,5990000.0,0
20250430,56,1,1,3,30,99.3,8200000.0,0
20250430,57,4,16,1,30,78.2,10780000.0,0
20250430,58,4,16,3,38,132.4,9750000.0,0
20250430,61,4,17,3,35,123.4,16760000.0,0
20250430,63,3,11,5,31,76.0,11020000.0,0
20250430,64,7,31,1,33,46.9,8230000.0,0
20250430,65,3,11,1,27,81.9,9370000.0,0
20250430,66,1,3,4,34,69.8,17170000.0,0
20250430,67,7,31,6,26,37.1,7040000.0,0
20250430,69,5,21,6,27,61.9,9390000.0,0
20250430,71,1,4,2,41,182.6,31130000.0,0
20250430,72,5,21,1,33,91.8,8980000.0,0
20250430,73,3,14,1,44,56.0,41230000.0,0
20250430,74,8,36,2,35,105.0,7250000.0,0
20250430,75,4,16,6,31,129.9,10610000.0,0
20250430,76,3,13,5,45,140.1,21820000.0,0
20250430,77,5,21,1,26,46.2,8650000.0,0
20250430,79,8,39,1,44,35.5,25250000.0,0
20250430,80,7,33,2,36,36.3,14690000.0,0
20250430,81,1,1,6,25,53.7,8920000.0,0
20250430,82,2,6,1,30,32.4,8300000.0,0
20250430,83,6,27,2,32,45.6,11750000.0,0
20250430,84,4,16,3,42,148.9,8550000.0,0
20250430,89,1,1,5,30,51.5,7950000.0,0
20250430,91,7,31,1,27,58.0,8630000.0,0
20250430,92,5,21,3,29,68.5,7190000.0,0
20250430,94,2,6,1,29,88.5,8490000.0,0
20250430,95,1,2,2,27,65.7,13300000.0,0
20250430,96,2,9,1,48,182.6,33000000.0,0
20250430,99,7,32,6,33,97.3,12730000.0,0
20250430,100,1,1,3,33,51.9,8420000.0,0
20250430,101,7,31,5,35,60.7,6940000.0,0
20250430,102,7,32,1,32,44.9,10130000.0,0
20250430,105,8,36,3,38,128.2,5580000.0,0
20250430,106,8,36,3,34,58.2,5870000.0,0
20250430,108,4,17,3,34,35.9,15390000.0,0
20250430,109,5,21,1,33,83.9,9330000.0,0
20250430,111,1,2,1,35,182.6,15130000.0,0
20250430,112,2,6,3,32,31.1,7270000.0,0
20250430,114,1,2,1,28,32.7,14630000.0,0
20250430,115,3,13,1,32,32.5,25650000.0,0
20250430,116,1,5,1,43,58.0,42990000.0,0
20250430,120,2,6,4,24,31.9,7270000.0,0
20250430,123,3,11,2,35,39.9,10570000.0,0
20250430,125,7,32,1,30,67.9,11580000.0,0
20250430,127,1,1,6,28,39.1,7590000.0,0
20250430,128,4,16,2,37,93.0,10940000.0,0
20250430,129,6,26,1,40,182.6,6420000.0,0
20250430,131,1,5,1,53,174.0,52870000.0,0
20250430,135,1,1,1,40,79.2,7090000.0,0
20250430,136,7,32,2,30,76.2,9670000.0,0
20250430,137,1,1,3,27,39.3,9590000.0,0
20250430,138,6,29,1,39,61.2,27640000.0,0
20250430,139,7,32,4,30,63.0,12900000.0,0
20250430,141,1,3,3,38,78.3,18590000.0,0
20250430,143,7,31,4,55,60.4,8360000.0,0
20250430,146,1,3,4,30,69.1,21960000.0,0
20250430,148,7,31,1,41,167.4,8220000.0,0
20250430,149,1,1,5,29,52.5,6780000.0,0
20250430,150,7,32,5,41,132.1,12400000.0,0
20250430,151,8,36,3,25,60.7,7620000.0,0
20250430,153,7,33,1,36,105.6,16550000.0,0
20250430,154,1,5,1,43,58.4,47060000.0,0
20250430,155,4,16,2,32,35.7,8250000.0,0
20250430,156,1,3,6,43,81.4,18520000.0,0
20250430,157,1,5,1,45,64.8,45250000.0,0
20250430,159,7,31,1,28,55.5,6910000.0,0
20250430,160,7,35,1,45,124.7,39750000.0,0
20250430,162,4,16,1,32,121.1,9150000.0,0
20250430,165,5,21,2,39,177.0,9620000.0,0
20250430,167,8,39,1,40,71.1,24240000.0,0
20250430,168,2,7,1,36,96.7,13860000.0,0
20250430,170,1,2,6,38,57.5,14050000.0,0
20250430,171,7,31,6,29,41.8,7840000.0,0
20250430,174,8,37,1,26,67.6,11010000.0,0
20250430,175,8,38,3,42,70.9,14310000.0,0
20250430,176,3,14,1,38,45.1,45620000.0,0
20250430,178,7,33,1,38,30.3,19140000.0,0
20250430,179,1,4,1,39,92.0,30860000.0,0
20250430,181,1,2,1,34,84.4,10960000.0,0
20250430,182,7,31,1,32,83.9,7050000.0,0
20250430,183,5,21,2,34,116.1,9060000.0,0
20250430,188,4,16,1,26,66.4,9290000.0,0
20250430,190,7,31,5,28,83.5,7200000.0,0
20250430,191,4,16,1,35,50.4,10290000.0,0
20250430,193,1,2,1,34,55.0,10680000.0,0
20250430,194,8,39,1,31,77.6,27090000.0,0
20250430,196,7,32,6,31,115.7,9390000.0,0
20250430,197,6,28,3,40,127.8,19210000.0,0
20250430,198,6,26,6,34,68.2,7670000.0,0
20250430,199,6,26,1,35,48.9,8540000.0,0
20250430,200,2,7,1,28,46.7,11970000.0,0
20250430,201,5,21,5,25,58.9,7130000.0,0
20250430,203,7,31,1,23,33.4,6100000.0,0
20250430,204,1,1,1,40,128.5,9530000.0,0
20250430,205,8,36,4,27,37.6,6250000.0,0
20250430,206,1,1,1,31,60.8,8860000.0,0
20250430,208,3,13,2,44,182.6,27570000.0,0
20250430,209,6,26,1,26,51.6,8170000.0,0
20250430,210,7,33,1,32,50.2,16830000.0,0
20250430,211,7,31,1,31,95.8,7970000.0,0
20250430,212,3,12,6,29,36.4,16950000.0,0
20250430,213,2,6,3,29,51.7,9040000.0,0
20250430,214,8,36,1,35,143.9,6240000.0,0
20250430,215,4,17,1,32,97.2,15090000.0,0
20250430,216,4,16,6,,86.8,10330000.0,0
20250430,217,5,21,1,33,44.1,7730000.0,0
20250430,218,3,11,1,31,65.5,11520000.0,0
20250430,219,3,11,1,39,98.8,8310000.0,0
20250430,220,8,38,1,36,97.0,13550000.0,0
20250430,221,7,31,3,30,60.9,6520000.0,0
20250430,222,8,36,1,30,54.7,6920000.0,0
20250430,223,1,1,3,24,40.9,8420000.0,0
20250430,224,1,4,1,41,90.9,33670000.0,0
20250430,226,2,6,2,36,38.3,8270000.0,0
20250430,227,2,6,4,27,87.7,7980000.0,0
20250430,228,5,24,2,35,31.1,30460000.0,0
20250430,229,7,31,1,33,133.0,7580000.0,0
20250430,230,8,37,1,29,31.7,10770000.0,0
20250430,232,3,12,1,40,122.9,18030000.0,0
20250430,234,7,32,2,42,182.6,11010000.0,0
20250430,237,6,27,4,29,28.6,11570000.0,0
20250430,239,2,7,4,34,115.7,14960000.0,0
20250430,240,8,36,6,31,69.3,7090000.0,0
20250430,241,8,36,1,55,63.8,7720000.0,0
20250430,242,8,36,1,27,63.3,6950000.0,0
20250430,243,7,31,1,37,170.9,8070000.0,0
20250430,244,3,13,6,50,95.4,22950000.0,0
20250430,245,1,1,1,33,72.1,7950000.0,0
20250430,247,7,31,1,31,64.1,8090000.0,0
20250430,248,5,22,1,30,64.4,13900000.0,0
20250430,250,1,1,1,32,49.9,9030000.0,0
20250430,251,1,4,1,40,99.9,40380000.0,0
20250430,252,3,11,2,31,67.0,12450000.0,0
20250430,253,8,38,6,34,63.6,17690000.0,0
20250430,254,5,21,1,28,34.0,9510000.0,0
20250430,255,1,1,3,33,133.7,7780000.0,0
20250430,256,7,31,1,31,127.9,7770000.0,0
20250430,257,3,12,1,32,57.0,16010000.0,0
20250430,260,8,39,1,41,149.1,29100000.0,0
20250430,264,1,1,6,28,36.9,6440000.0,0
20250430,265,7,33,1,34,62.9,15820000.0,0
20250430,266,4,16,1,28,35.0,11080000.0,0
20250430,268,7,31,6,25,45.1,7430000.0,0
20250430,271,2,6,2,27,29.4,7850000.0,0
20250430,272,4,19,1,38,47.7,43150000.0,0
20250430,273,3,12,1,36,63.7,18970000.0,0
20250430,274,7,31,5,27,49.8,6710000.0,0
20250430,276,8,36,1,36,78.8,6490000.0,0
20250430,278,3,14,1,42,83.1,44900000.0,0
20250430,282,1,4,1,38,41.0,30410000.0,0
20250430,285,1,1,4,24,47.8,8760000.0,0
20250430,286,1,2,1,33,96.4,13010000.0,0
20250430,288,6,30,1,42,31.8,48900000.0,0
20250430,289,7,32,1,31,32.0,11020000.0,0
20250430,290,3,15,1,35,40.8,68410000.0,0
20250430,291,3,13,1,39,48.6,24640000.0,0
20250430,292,7,31,2,25,56.8,7130000.0,0
20250430,293,1,2,1,29,28.1,10710000.0,0
20250430,296,1,1,4,30,76.4,7680000.0,0
20250430,298,8,38,1,36,58.4,18540000.0,0
20250430,299,7,31,3,55,67.7,7750000.0,0
20250430,300,4,16,5,29,49.6,8670000.0,0
20250430,301,8,37,1,29,30.3,11080000.0,0
20250430,302,1,1,1,29,36.6,8800000.0,0
20250430,303,1,1,1,33,71.0,8930000.0,0
20250430,304,7,31,1,26,74.8,7110000.0,0
20250430,305,7,31,4,26,73.0,6490000.0,0
20250430,306,1,1,6,35,36.3,9250000.0,0
20250430,307,4,17,4,30,70.2,16440000.0,0
20250430,308,6,26,3,31,57.7,9170000.0,0
20250430,309,1,1,1,23,30.3,9360000.0,0
20250430,310,4,16,1,36,135.0,10990000.0,0
20250430,311,3,13,1,38,50.1,22130000.0,0
20250430,313,7,32,1,35,35.6,12410000.0,0
20250430,316,4,19,1,39,52.9,40610000.0,0
20250430,317,2,7,1,41,76.1,11650000.0,0
20250430,318,1,1,1,28,34.6,8420000.0,0
20250430,320,7,33,5,26,35.3,17650000.0,0
20250430,321,1,1,1,35,145.2,8870000.0,0
20250430,322,5,22,4,25,32.6,13860000.0,0
20250430,324,3,14,1,42,87.3,37220000.0,0
20250430,327,7,32,1,33,56.5,11430000.0,0
20250430,329,7,32,2,34,64.2,11130000.0,0
20250430,330,1,1,2,36,182.6,8580000.0,0
20250430,331,3,12,3,32,56.5,19180000.0,0
20250430,333,8,36,1,28,58.1,6240000.0,0
20250430,334,8,37,6,32,56.2,12620000.0,0
20250430,336,1,1,1,31,65.8,9500000.0,0
20250430,337,3,12,1,26,67.1,16520000.0,0
20250430,338,8,36,1,22,30.2,6270000.0,0
20250430,339,5,21,3,29,42.0,8580000.0,0
20250430,340,8,36,5,41,182.6,8660000.0,0
20250430,341,1,1,1,27,62.1,8510000.0,0
20250430,343,7,31,3,24,55.4,8680000.0,0
20250430,345,3,11,1,30,58.3,9250000.0,0
20250430,347,8,36,2,33,155.1,8300000.0,0
20250430,349,7,33,4,45,91.6,14550000.0,0
20250430,350,2,7,3,30,41.5,14990000.0,0
20250430,353,1,2,1,35,98.5,11460000.0,0
20250430,354,7,31,1,32,32.8,6610000.0,0
20250430,358,5,22,1,32,74.8,12200000.0,0
20250430,359,3,13,1,31,32.9,22080000.0,0
20250430,360,7,32,4,39,149.2,12150000.0,0
20250430,361,1,3,6,36,95.1,21230000.0,0
20250430,362,8,36,1,28,66.5,7400000.0,0
20250430,364,7,32,3,31,39.9,10680000.0,0
20250430,366,8,37,4,32,45.1,11500000.0,0
20250430,367,6,27,1,32,31.3,12170000.0,0
20250430,369,1,3,1,37,53.4,20760000.0,0
20250430,370,4,19,1,37,31.9,31920000.0,0
20250430,372,1,1,1,32,60.5,8020000.0,0
20250430,373,2,8,1,38,72.5,18200000.0,0
20250430,374,1,1,5,34,99.4,9670000.0,0
20250430,375,5,22,4,40,174.7,15400000.0,0
20250430,376,3,11,4,26,46.0,9550000.0,0
20250430,377,6,28,2,45,146.2,17500000.0,0
20250430,378,1,1,2,37,126.9,8930000.0,0
20250430,379,1,1,1,30,90.3,8290000.0,0
20250430,380,3,12,5,33,45.9,12710000.0,0
20250430,381,4,18,2,45,115.7,21600000.0,0
20250430,383,6,27,2,33,68.0,11390000.0,0
20250430,384,3,11,1,32,97.4,10400000.0,0
20250430,385,7,33,6,23,29.6,15990000.0,0
20250430,386,2,6,1,41,130.3,9600000.0,0
20250430,387,3,11,1,27,46.2,10150000.0,0
20250430,388,7,31,1,24,30.1,6440000.0,0
20250430,391,7,32,3,32,67.4,11700000.0,0
20250430,393,7,31,6,26,68.9,7220000.0,0
20250430,396,1,1,1,28,46.0,7860000.0,0
20250430,397,2,7,1,27,54.1,12290000.0,0
20250430,398,3,12,1,30,37.8,13010000.0,0
20250430,400,7,32,3,37,55.0,8930000.0,0
20250430,401,6,29,1,36,46.3,37090000.0,0
20250430,404,7,31,6,37,159.8,6350000.0,0
20250430,406,3,11,2,33,49.6,10760000.0,0
20250430,409,7,33,1,43,182.6,18860000.0,0
20250430,413,8,36,3,30,30.1,6900000.0,0
20250430,417,7,31,2,26,29.0,7050000.0,0
20250430,418,7,31,1,36,63.1,7210000.0,0
20250430,419,8,39,1,40,76.4,25730000.0,0
20250430,420,5,21,2,33,89.8,9530000.0,0
20250430,421,1,4,1,40,90.9,25780000.0,0
20250430,423,4,16,5,25,52.8,9320000.0,0
20250430,424,3,11,1,23,28.6,9570000.0,0
20250430,425,1,3,3,35,46.7,16470000.0,0
20250430,426,3,14,6,37,38.5,42000000.0,0
20250430,427,1,1,6,25,33.7,9780000.0,0
20250430,429,7,33,1,34,53.4,16920000.0,0
20250430,431,3,12,2,44,150.8,15600000.0,0
20250430,432,1,4,1,41,45.0,39900000.0,0
20250430,433,7,35,1,49,134.1,50490000.0,0
20250430,439,8,37,1,35,61.6,10770000.0,0
20250430,440,7,31,3,30,41.8,7110000.0,0
20250430,442,8,36,2,29,83.9,5820000.0,0
20250430,445,1,4,1,44,145.9,30670000.0,0
20250430,446,8,36,4,25,61.7,6890000.0,0
20250430,447,4,16,1,26,49.6,10540000.0,0
20250430,449,1,2,6,28,44.8,11170000.0,0
20250430,450,8,38,1,39,115.7,17850000.0,0
20250430,452,3,12,2,32,65.8,15290000.0,0
20250430,453,8,36,2,32,58.7,7970000.0,0
20250430,454,7,34,1,41,127.9,25920000.0,0
20250430,455,4,20,6,44,52.8,63640000.0,0
20250430,456,1,1,3,56,31.0,8780000.0,0
20250430,457,7,32,3,40,126.9,12110000.0,0
20250430,458,7,31,1,27,53.1,7370000.0,0
20250430,460,2,7,1,33,53.7,12480000.0,0
20250430,461,4,16,1,25,27.3,11430000.0,0
20250430,462,2,6,1,25,27.7,10880000.0,0
20250430,463,5,21,1,24,27.1,8460000.0,0
20250430,465,8,37,2,28,27.8,9570000.0,0
20250430,466,7,31,4,28,27.6,7300000.0,0
20250430,467,3,11,2,25,27.2,11090000.0,0
20250430,469,7,31,1,26,27.8,6820000.0,0
20250430,470,1,1,1,27,27.1,8430000.0,0
20250430,471,7,32,3,33,27.1,12060000.0,0
20250430,472,2,6,1,28,27.0,7690000.0,0
20250430,473,6,26,1,26,27.3,8360000.0,0
20250430,474,6,27,1,32,27.7,12480000.0,0
20250430,476,7,31,1,29,26.2,7670000.0,0
20250430,478,3,11,4,23,26.3,8510000.0,0
20250430,479,2,6,6,34,26.5,9380000.0,0
20250430,480,5,21,6,27,26.4,8550000.0,0
20250430,481,8,36,1,26,25.2,8040000.0,0
20250430,483,8,37,1,31,26.0,11470000.0,0
20250430,485,1,1,1,25,25.8,7290000.0,0
20250430,486,1,1,2,26,25.8,7580000.0,0
20250430,487,1,1,1,25,24.9,7360000.0,0
20250430,491,8,36,3,28,24.8,7400000.0,0
20250430,492,8,36,5,22,24.7,6300000.0,0
20250430,493,3,11,1,22,24.4,9570000.0,0
20250430,494,4,19,2,42,24.6,41790000.0,0
20250430,495,3,11,2,24,24.4,10860000.0,0
20250430,496,7,31,2,,24.9,6660000.0,0
20250430,498,7,32,6,27,25.0,11000000.0,0
20250430,499,1,2,5,23,24.5,14110000.0,0
20250430,500,2,6,2,27,24.7,8800000.0,0
20250430,501,8,36,4,32,24.2,5560000.0,0
20250430,502,1,1,6,22,24.1,6950000.0,0
20250430,504,7,31,3,28,24.7,7590000.0,0
20250430,506,3,12,1,34,24.8,14040000.0,0
20250430,507,2,6,1,22,24.7,10700000.0,0
20250430,509,7,31,1,27,24.0,6440000.0,0
20250430,510,3,11,3,22,23.9,8750000.0,0
20250430,518,2,6,2,30,22.4,8600000.0,0
20250430,521,7,31,2,28,22.9,7810000.0,0
20250430,524,7,32,1,22,21.3,11200000.0,0
20250430,527,3,14,1,34,21.5,35510000.0,0
20250430,528,7,32,3,33,21.7,10230000.0,0
20250430,529,8,36,5,22,21.6,6900000.0,0
20250430,530,7,33,1,27,21.6,15390000.0,0
20250430,531,1,2,1,25,21.1,13390000.0,0
20250430,532,6,26,1,26,21.6,8820000.0,0
20250430,534,8,36,1,26,20.0,6110000.0,0
20250430,535,5,21,3,23,20.3,9520000.0,0
20250430,536,3,11,1,23,20.7,10220000.0,0
20250430,537,7,31,1,27,20.5,6780000.0,0
20250430,538,3,11,3,22,20.3,9710000.0,0
20250430,540,3,11,1,25,20.5,12030000.0,0
20250430,541,8,36,1,22,20.6,7960000.0,0
20250430,543,3,12,1,26,20.5,15070000.0,0
20250430,544,6,26,1,30,20.9,7930000.0,0
20250430,545,4,16,2,26,20.7,9680000.0,0
20250430,547,1,2,2,25,20.5,12680000.0,0
20250430,548,1,1,5,26,19.0,8480000.0,0
20250430,549,1,2,1,30,19.4,14810000.0,0
20250430,551,8,36,2,32,19.9,6510000.0,0
20250430,552,8,38,5,32,19.7,16620000.0,0
20250430,556,2,6,6,24,18.0,9040000.0,0
20250430,558,6,26,1,22,18.9,8070000.0,0
20250430,559,8,36,1,21,18.0,7860000.0,0
20250430,562,1,1,1,26,18.0,8310000.0,0
20250430,563,8,36,5,27,17.4,7220000.0,0
20250430,564,1,1,1,28,17.1,7570000.0,0
20250430,566,4,16,5,27,17.7,9100000.0,0
20250430,572,3,12,1,24,17.1,14110000.0,0
20250430,574,5,21,5,28,17.1,8230000.0,0
20250430,575,1,2,4,30,17.9,11020000.0,0
20250430,576,7,31,1,31,17.2,7590000.0,0
20250430,578,3,11,3,22,17.7,11050000.0,0
20250430,580,2,6,5,21,16.4,7730000.0,0
20250430,582,1,1,1,25,16.0,7260000.0,0
20250430,583,6,26,5,30,16.8,8080000.0,0
20250430,584,3,11,3,23,16.9,9430000.0,0
20250430,587,1,1,1,30,16.7,7850000.0,0
20250430,591,1,1,2,30,16.0,8700000.0,0
20250430,592,7,31,6,23,15.3,6460000.0,0
20250430,593,7,33,3,35,15.5,16250000.0,0
20250430,595,7,32,4,33,14.9,10740000.0,0
20250430,596,5,21,1,32,14.6,7690000.0,0
20250430,597,2,6,1,29,14.6,7920000.0,0
20250430,599,7,31,1,24,14.3,6990000.0,0
20250430,600,7,31,2,23,14.4,5960000.0,0
20250430,601,7,31,4,26,14.2,6760000.0,0
20250430,603,4,16,3,24,14.3,8920000.0,0
20250430,604,1,1,1,24,14.4,8350000.0,0
20250430,605,7,31,5,25,14.8,7000000.0,0
20250430,607,3,11,5,21,14.9,9670000.0,0
20250430,609,7,31,1,29,14.6,8300000.0,0
20250430,610,7,31,1,27,14.9,7920000.0,0
20250430,611,4,17,1,25,14.0,16820000.0,0
20250430,612,2,6,2,24,14.3,6960000.0,0
20250430,613,8,36,5,22,14.8,6580000.0,0
20250430,617,3,11,5,21,13.7,9040000.0,0
20250430,620,2,6,3,27,13.6,8530000.0,0
20250430,621,3,12,1,27,13.9,13830000.0,0
20250430,622,8,36,1,31,13.6,6160000.0,0
20250430,623,7,31,1,22,13.6,6080000.0,0
20250430,624,8,37,1,31,13.7,9910000.0,0
20250430,625,2,7,1,35,13.0,13790000.0,0
20250430,626,7,31,2,24,13.7,7290000.0,0
20250430,628,7,31,6,21,12.1,7210000.0,0
20250430,629,1,2,1,29,12.8,10990000.0,0
20250430,630,3,11,4,22,12.7,11140000.0,0
20250430,631,1,1,2,23,12.4,7110000.0,0
20250430,632,3,11,3,30,12.2,10900000.0,0
20250430,633,8,36,1,23,12.2,5750000.0,0
20250430,634,3,11,2,27,12.9,9570000.0,0
20250430,635,7,31,2,24,12.9,7380000.0,0
20250430,637,5,21,3,30,12.1,9300000.0,0
20250430,639,5,22,4,29,12.2,12140000.0,0
20250430,640,6,26,6,25,12.3,7900000.0,0
20250430,641,7,32,4,30,12.3,11360000.0,0
20250430,642,5,21,1,27,12.8,8870000.0,0
20250430,643,3,12,1,30,11.4,14040000.0,0
20250430,645,3,11,6,21,11.6,8270000.0,0
20250430,647,7,33,6,28,11.2,16320000.0,0
20250430,648,7,31,2,32,11.2,7500000.0,0
20250430,649,8,36,1,24,11.6,6580000.0,0
20250430,650,8,36,3,28,11.4,7190000.0,0
20250430,651,4,16,1,29,11.9,8350000.0,0
20250430,652,1,2,2,27,11.6,14180000.0,0
20250430,654,1,1,1,29,11.8,6760000.0,0
20250430,656,7,31,2,23,11.3,6560000.0,0
20250430,659,3,11,1,21,10.3,7960000.0,0
20250430,660,8,36,5,27,10.9,6520000.0,0
20250430,662,7,31,3,25,10.1,8250000.0,0
20250430,663,6,26,4,24,10.5,7540000.0,0
20250430,664,7,31,1,21,10.3,6250000.0,0
20250430,665,2,8,3,35,10.0,19130000.0,0
20250430,667,8,36,3,28,10.9,7370000.0,0
20250430,668,7,31,3,28,10.1,6980000.0,0
20250430,669,3,12,4,30,9.3,16180000.0,0
20250430,671,8,36,5,26,9.2,6370000.0,0
20250430,672,2,7,4,,9.4,11130000.0,0
20250430,673,2,7,2,30,9.3,13120000.0,0
20250430,675,7,31,6,20,9.9,6970000.0,0
20250430,676,3,12,1,29,9.7,12930000.0,0
20250430,677,2,6,1,21,9.8,8580000.0,0
20250430,678,7,32,2,32,9.4,10730000.0,0
20250430,679,8,38,3,25,9.3,13730000.0,0
20250430,680,7,32,6,24,9.9,10520000.0,0
20250430,682,1,5,1,37,9.9,47300000.0,0
20250430,683,8,36,3,31,9.7,6400000.0,0
20250430,684,8,38,6,31,9.2,14790000.0,0
20250430,685,7,34,4,44,8.6,29500000.0,0
20250430,686,7,31,4,28,8.1,7580000.0,0
20250430,687,7,32,1,26,8.8,12450000.0,0
20250430,689,2,8,1,32,8.5,18460000.0,0
20250430,690,2,6,1,27,8.4,8220000.0,0
20250430,691,8,37,3,37,8.7,8680000.0,0
20250430,692,3,13,1,31,7.7,22670000.0,0
20250430,693,7,32,4,26,7.0,9120000.0,0
20250430,694,7,32,1,25,7.4,11390000.0,0
20250430,696,2,6,3,30,7.5,8960000.0,0
20250430,697,8,36,1,27,7.2,7010000.0,0
20250430,698,6,27,3,26,7.8,11730000.0,0
20250430,699,7,31,1,21,7.2,6970000.0,0
20250430,700,2,7,2,30,6.0,10060000.0,0
20250430,701,8,36,2,21,6.4,6320000.0,0
20250430,702,7,31,5,23,6.6,6580000.0,0
20250430,703,7,31,6,22,6.5,6080000.0,0
20250430,705,1,1,1,29,6.8,6220000.0,0
20250430,707,8,37,3,28,6.4,8340000.0,0
20250430,708,1,1,1,27,6.0,8530000.0,0
20250430,709,7,31,2,28,6.3,7300000.0,0
20250430,710,1,1,1,22,5.9,6680000.0,0
20250430,711,1,2,1,29,6.7,11060000.0,0
20250430,712,8,37,1,32,6.4,9120000.0,0
20250430,713,3,11,2,26,6.2,9040000.0,0
20250430,714,3,14,3,35,6.2,32510000.0,0
20250430,715,4,16,1,23,6.4,9740000.0,0
20250430,716,2,8,1,31,6.3,16180000.0,0
20250430,717,6,26,3,33,6.3,7870000.0,0
20250430,718,3,11,1,27,6.6,9000000.0,0
20250430,719,1,1,5,23,6.8,7800000.0,0
20250430,720,7,31,2,26,5.3,6590000.0,0
20250430,721,7,31,1,25,5.8,6490000.0,0
20250430,722,2,6,5,27,5.4,7640000.0,0
20250430,723,7,32,1,29,5.1,11530000.0,0
20250430,725,1,1,1,21,5.8,7090000.0,0
20250430,726,3,12,4,27,5.3,15980000.0,0
20250430,727,8,36,6,33,5.2,6640000.0,0
20250430,728,1,1,3,28,5.1,6440000.0,0
20250430,729,8,37,1,23,5.0,10730000.0,0
20250430,730,1,1,3,26,5.7,7430000.0,0
20250430,731,3,13,1,28,5.5,23100000.0,0
20250430,733,7,32,2,25,5.3,8890000.0,0
20250430,734,3,11,1,24,4.3,9810000.0,0
20250430,735,3,11,1,27,4.8,8940000.0,0
20250430,736,1,1,1,26,4.1,6630000.0,0
20250430,737,7,32,1,29,4.8,10910000.0,0
20250430,738,1,1,4,20,4.7,6780000.0,0
20250430,739,8,36,1,21,4.4,6840000.0,0
20250430,740,2,6,1,24,4.5,7350000.0,0
20250430,741,7,32,2,26,4.1,9490000.0,0
20250430,742,8,36,1,31,4.9,5970000.0,0
20250430,743,1,1,6,25,4.3,7920000.0,0
20250430,744,4,16,6,25,4.4,8760000.0,0
20250430,745,8,37,3,32,3.9,10380000.0,0
20250430,746,3,12,1,31,3.6,15180000.0,0
20250430,747,3,11,5,22,2.9,8820000.0,0
20250430,748,8,40,6,37,3.5,36170000.0,0
20250430,749,8,37,1,27,3.1,11340000.0,0
20250430,750,7,31,1,25,3.8,6760000.0,0
20250430,751,7,31,2,24,3.8,6230000.0,0
20250430,752,8,36,3,23,3.5,6710000.0,0
20250430,753,3,11,2,24,3.8,7860000.0,0
20250430,754,7,33,1,30,3.2,13180000.0,0
20250430,755,7,31,1,23,3.1,6980000.0,0
20250430,756,1,1,1,30,2.1,8280000.0,0
20250430,757,3,11,3,23,2.2,9900000.0,0
20250430,758,1,1,6,22,2.8,7740000.0,0
20250430,759,8,36,6,26,2.4,5410000.0,0
20250430,760,1,2,1,32,2.7,10010000.0,0
20250430,761,7,34,1,33,2.3,25870000.0,0
20250430,762,8,36,1,24,2.1,7030000.0,0
20250430,763,7,31,2,20,2.1,7090000.0,0
20250430,764,1,1,2,27,2.6,7250000.0,0
20250430,765,1,2,1,26,2.0,10810000.0,0
20250430,766,7,31,1,33,2.5,6160000.0,0
20250430,767,8,37,1,,2.9,10740000.0,0
20250430,768,7,31,1,25,2.2,7090000.0,0
20250430,769,3,12,1,25,2.6,12580000.0,0
20250430,770,8,36,5,26,2.5,7010000.0,0
20250430,771,3,11,3,20,2.9,7800000.0,0
20250430,772,1,1,1,28,2.3,7790000.0,0
20250430,773,3,11,2,29,2.1,7890000.0,0
20250430,774,6,26,5,20,1.6,7340000.0,0
20250430,775,6,26,3,28,2.0,5930000.0,0
20250430,776,8,36,2,23,1.3,7070000.0,0
20250430,777,7,31,3,32,1.2,5610000.0,0
20250430,778,3,12,3,27,1.7,12030000.0,0
20250430,779,2,6,5,20,0.3,7810000.0,1
20250430,780,8,38,4,31,0.6,14450000.0,1
20250430,781,5,21,4,24,0.4,9220000.0,1
20250430,782,7,33,1,34,0.5,12940000.0,1
20250430,783,7,31,4,36,0.1,7090000.0,1
20250430,784,8,36,1,20,0.7,6210000.0,1
20250531,2,7,32,1,33,70.0,10120000.0,0
20250531,3,5,21,1,31,58.2,8540000.0,0
20250531,5,8,36,1,31,57.3,7070000.0,0
20250531,7,3,11,2,33,62.1,10800000.0,0
20250531,8,5,21,2,33,47.2,7940000.0,0
20250531,9,8,36,3,32,73.8,6480000.0,0
20250531,11,8,36,6,28,37.5,7400000.0,0
20250531,12,2,6,3,36,76.8,8280000.0,0
20250531,13,2,7,2,29,75.3,13030000.0,0
20250531,15,4,16,1,26,75.0,8040000.0,0
20250531,16,1,1,5,26,42.7,8030000.0,0
20250531,17,6,26,3,24,51.6,9680000.0,0
20250531,19,5,24,1,47,82.1,36190000.0,0
20250531,21,7,31,5,27,85.6,7320000.0,0
20250531,22,1,1,3,25,51.4,8610000.0,0
20250531,24,8,36,1,35,93.6,7700000.0,0
20250531,25,2,8,1,40,73.4,17930000.0,0
20250531,26,8,37,4,31,96.6,12320000.0,0
20250531,27,3,14,1,36,37.1,43220000.0,0
20250531,28,2,6,1,29,82.4,7440000.0,0
20250531,29,3,12,1,32,61.1,15950000.0,0
20250531,30,1,2,3,37,56.8,14400000.0,0
20250531,31,2,6,4,,109.4,9650000.0,0
20250531,33,3,11,3,29,40.3,10300000.0,0
20250531,34,8,36,5,24,55.1,6620000.0,0
20250531,37,1,3,1,36,39.5,20090000.0,0
20250531,38,3,11,1,38,77.4,9790000.0,0
20250531,39,4,16,3,27,38.2,9420000.0,0
20250531,40,3,11,5,31,62.4,10870000.0,0
20250531,43,5,21,1,28,35.9,8170000.0,0
20250531,44,6,26,2,31,74.4,8250000.0,0
20250531,46,7,31,2,23,31.0,6570000.0,0
20250531,47,7,31,4,35,94.3,8520000.0,0
20250531,48,7,31,5,31,104.6,7120000.0,0
20250531,49,3,13,1,31,114.0,25830000.0,0
20250531,50,3,13,1,38,46.5,22960000.0,0
20250531,51,7,31,1,31,39.1,6810000.0,0
20250531,53,7,32,1,32,40.9,11550000.0,0
20250531,54,8,37,2,33,43.7,12470000.0,0
20250531,55,8,36,1,29,46.9,5990000.0,0
20250531,56,1,1,3,30,100.3,8200000.0,0
20250531,57,4,16,1,30,79.2,10780000.0,0
20250531,58,4,16,3,38,133.5,9750000.0,0
20250531,61,4,17,3,35,124.5,16760000.0,0
20250531,63,3,11,5,31,77.0,11020000.0,0
20250531,64,7,31,1,33,48.0,8230000.0,0
20250531,65,3,11,1,27,83.0,9370000.0,0
20250531,66,1,3,4,34,70.8,17170000.0,0
20250531,67,7,31,6,26,38.1,7040000.0,0
20250531,69,5,21,6,27,62.9,9390000.0,0
20250531,71,1,4,2,41,183.7,31130000.0,0
20250531,72,5,21,1,33,92.8,8980000.0,0
20250531,73,3,14,1,44,57.1,41230000.0,0
20250531,74,8,36,2,35,106.1,7250000.0,0
20250531,75,4,16,6,31,130.9,10610000.0,0
20250531,76,3,13,5,45,141.1,21820000.0,0
20250531,77,5,21,1,26,47.2,8650000.0,0
20250531,79,8,39,1,44,36.5,25250000.0,0
20250531,80,7,33,2,36,37.3,14690000.0,0
20250531,81,1,1,6,25,54.7,8920000.0,0
20250531,82,2,6,1,30,33.4,8300000.0,0
20250531,83,6,27,2,32,46.6,11750000.0,0
20250531,84,4,16,3,42,149.9,8550000.0,0
20250531,89,1,1,5,30,52.5,7950000.0,0
20250531,91,7,31,1,27,59.0,8630000.0,0
20250531,92,5,21,3,29,69.6,7190000.0,0
20250531,94,2,6,1,29,89.5,8490000.0,0
20250531,95,1,2,2,27,66.8,13300000.0,0
20250531,96,2,9,1,48,183.7,33000000.0,0
20250531,99,7,32,6,34,98.3,12730000.0,0
20250531,100,1,1,3,33,53.0,8420000.0,0
20250531,101,7,31,5,35,61.7,6940000.0,0
20250531,102,7,32,1,32,45.9,10130000.0,0
20250531,105,8,36,3,38,129.2,5580000.0,0
20250531,106,8,36,3,35,59.2,5870000.0,0
20250531,108,4,17,3,34,37.0,15390000.0,0
20250531,109,5,21,1,33,85.0,9330000.0,0
20250531,111,1,2,1,35,183.7,15130000.0,0
20250531,112,2,6,3,32,32.2,7270000.0,0
20250531,114,1,2,1,28,33.7,14630000.0,0
20250531,115,3,13,1,33,33.5,25650000.0,0
20250531,116,1,5,1,43,59.0,42990000.0,0
20250531,120,2,6,4,24,33.0,7270000.0,0
20250531,123,3,11,2,35,40.9,10570000.0,0
20250531,125,7,32,1,30,68.9,11580000.0,0
20250531,127,1,1,6,28,40.1,7590000.0,0
20250531,128,4,16,2,37,94.0,10940000.0,0
20250531,129,6,26,1,40,183.7,6420000.0,0
20250531,131,1,5,1,53,175.0,52870000.0,0
20250531,135,1,1,1,40,80.2,7090000.0,0
20250531,136,7,32,2,30,77.2,9670000.0,0
20250531,137,1,1,3,27,40.3,9590000.0,0
20250531,138,6,29,1,39,62.2,27640000.0,0
20250531,139,7,32,4,30,64.0,12900000.0,0
20250531,141,1,3,3,38,79.3,18590000.0,0
20250531,143,7,31,4,55,61.4,8360000.0,0
20250531,146,1,3,4,30,70.1,21960000.0,0
20250531,148,7,31,1,41,168.4,8220000.0,0
20250531,149,1,1,5,29,53.5,6780000.0,0
20250531,150,7,32,5,41,133.2,12400000.0,0
20250531,151,8,36,3,25,61.7,7620000.0,0
20250531,153,7,33,1,36,106.6,16550000.0,0
20250531,154,1,5,1,44,59.4,47060000.0,0
20250531,155,4,16,2,32,36.7,8250000.0,0
20250531,156,1,3,6,43,82.4,18520000.0,0
20250531,157,1,5,1,45,65.8,45250000.0,0
20250531,159,7,31,1,28,56.5,6910000.0,0
20250531,160,7,35,1,45,125.8,39750000.0,0
20250531,162,4,16,1,32,122.1,9150000.0,0
20250531,165,5,21,2,39,178.0,9620000.0,0
20250531,167,8,39,1,40,72.1,24240000.0,0
20250531,168,2,7,1,36,97.7,13860000.0,0
20250531,170,1,2,6,38,58.5,14050000.0,0
20250531,171,7,31,6,30,42.8,7840000.0,0
20250531,174,8,37,1,26,68.6,11010000.0,0
20250531,175,8,38,3,42,71.9,14310000.0,0
20250531,176,3,14,1,38,46.2,45620000.0,0
20250531,178,7,33,1,38,31.3,19140000.0,0
20250531,179,1,4,1,39,93.0,30860000.0,0
20250531,181,1,2,1,34,85.4,10960000.0,0
20250531,182,7,31,1,32,84.9,7050000.0,0
20250531,183,5,21,2,34,117.2,9060000.0,0
20250531,188,4,16,1,26,67.4,9290000.0,0
20250531,190,7,31,5,28,84.5,7200000.0,0
20250531,191,4,16,1,35,51.4,10290000.0,0
20250531,193,1,2,1,34,56.0,10680000.0,0
20250531,194,8,39,1,31,78.6,27090000.0,0
20250531,196,7,32,6,31,116.8,9390000.0,0
20250531,197,6,28,3,40,128.8,19210000.0,0
20250531,198,6,26,6,34,69.3,7670000.0,0
20250531,199,6,26,1,35,49.9,8540000.0,0
20250531,200,2,7,1,28,47.7,11970000.0,0
20250531,201,5,21,5,25,60.0,7130000.0,0
20250531,203,7,31,1,23,34.4,6100000.0,0
20250531,204,1,1,1,40,129.5,9530000.0,0
20250531,205,8,36,4,27,38.6,6250000.0,0
20250531,206,1,1,1,32,61.9,8860000.0,0
20250531,208,3,13,2,44,183.7,27570000.0,0
20250531,209,6,26,1,26,52.6,8170000.0,0
20250531,210,7,33,1,32,51.2,16830000.0,0
20250531,211,7,31,1,31,96.8,7970000.0,0
20250531,213,2,6,3,29,52.7,9040000.0,0
20250531,214,8,36,1,35,145.0,6240000.0,0
20250531,215,4,17,1,32,98.2,15090000.0,0
20250531,216,4,16,6,,87.8,10330000.0,0
20250531,217,5,21,1,33,45.1,7730000.0,0
20250531,218,3,11,1,31,66.6,11520000.0,0
20250531,219,3,11,1,39,99.8,8310000.0,0
20250531,220,8,38,1,36,98.0,13550000.0,0
20250531,221,7,31,3,30,61.9,6520000.0,0
20250531,222,8,36,1,30,55.7,6920000.0,0
20250531,223,1,1,3,24,41.9,8420000.0,0
20250531,224,1,4,1,41,91.9,33670000.0,0
20250531,226,2,6,2,36,39.3,8270000.0,0
20250531,228,5,24,2,36,32.1,30460000.0,0
20250531,229,7,31,1,33,134.0,7580000.0,0
20250531,230,8,37,1,29,32.7,10770000.0,0
20250531,232,3,12,1,40,123.9,18030000.0,0
20250531,234,7,32,2,42,183.7,11010000.0,0
20250531,237,6,27,4,30,29.6,11570000.0,0
20250531,239,2,7,4,34,116.7,14960000.0,0
20250531,240,8,36,6,31,70.3,7090000.0,0
20250531,241,8,36,1,55,64.8,7720000.0,0
20250531,242,8,36,1,27,64.4,6950000.0,0
20250531,243,7,31,1,37,171.9,8070000.0,0
20250531,244,3,13,6,50,96.5,22950000.0,0
20250531,245,1,1,1,33,73.1,7950000.0,0
20250531,247,7,31,1,31,65.1,8090000.0,0
20250531,248,5,22,1,30,65.4,13900000.0,0
20250531,250,1,1,1,32,51.0,9030000.0,0
20250531,251,1,4,1,40,100.9,40380000.0,0
20250531,252,3,11,2,31,68.0,12450000.0,0
20250531,253,8,38,6,35,64.6,17690000.0,0
20250531,254,5,21,1,28,35.0,9510000.0,0
20250531,255,1,1,3,33,134.8,7780000.0,0
20250531,256,7,31,1,31,129.0,7770000.0,0
20250531,257,3,12,1,32,58.0,16010000.0,0
20250531,260,8,39,1,41,150.1,29100000.0,0
20250531,264,1,1,6,28,37.9,6440000.0,0
20250531,265,7,33,1,35,64.0,15820000.0,0
20250531,266,4,16,1,28,36.0,11080000.0,0
20250531,268,7,31,6,25,46.1,7430000.0,0
20250531,271,2,6,2,27,30.5,7850000.0,0
20250531,272,4,19,1,38,48.7,43150000.0,0
20250531,273,3,12,1,36,64.8,18970000.0,0
20250531,274,7,31,5,27,50.9,6710000.0,0
20250531,276,8,36,1,36,79.8,6490000.0,0
20250531,278,3,14,1,42,84.1,44900000.0,0
20250531,282,1,4,1,38,42.0,30410000.0,0
20250531,285,1,1,4,24,48.8,8760000.0,0
20250531,286,1,2,1,33,97.4,13010000.0,0
20250531,288,6,30,1,42,32.9,48900000.0,0
20250531,289,7,32,1,31,33.1,11020000.0,0
20250531,290,3,15,1,35,41.8,68410000.0,0
20250531,291,3,13,1,39,49.6,24640000.0,0
20250531,292,7,31,2,25,57.9,7130000.0,0
20250531,293,1,2,1,29,29.1,10710000.0,0
20250531,296,1,1,4,30,77.4,7680000.0,0
20250531,298,8,38,1,36,59.4,18540000.0,0
20250531,300,4,16,5,29,50.6,8670000.0,0
20250531,301,8,37,1,29,31.3,11080000.0,0
20250531,302,1,1,1,29,37.6,8800000.0,0
20250531,303,1,1,1,33,72.0,8930000.0,0
20250531,304,7,31,1,26,75.8,7110000.0,0
20250531,305,7,31,4,26,74.0,6490000.0,0
20250531,306,1,1,6,35,37.4,9250000.0,0
20250531,307,4,17,4,30,71.3,16440000.0,0
20250531,308,6,26,3,31,58.7,9170000.0,0
20250531,309,1,1,1,23,31.3,9360000.0,0
20250531,310,4,16,1,36,136.0,10990000.0,0
20250531,311,3,13,1,38,51.1,22130000.0,0
20250531,313,7,32,1,35,36.7,12410000.0,0
20250531,316,4,19,1,40,53.9,40610000.0,0
20250531,317,2,7,1,41,77.1,11650000.0,0
20250531,318,1,1,1,28,35.6,8420000.0,0
20250531,320,7,33,5,26,36.3,17650000.0,0
20250531,321,1,1,1,35,146.2,8870000.0,0
20250531,322,5,22,4,25,33.6,13860000.0,0
20250531,324,3,14,1,42,88.3,37220000.0,0
20250531,327,7,32,1,33,57.5,11430000.0,0
20250531,329,7,32,2,34,65.2,11130000.0,0
20250531,330,1,1,2,36,183.7,8580000.0,0
20250531,331,3,12,3,32,57.5,19180000.0,0
20250531,333,8,36,1,28,59.1,6240000.0,0
20250531,334,8,37,6,32,57.2,12620000.0,0
20250531,336,1,1,1,31,66.9,9500000.0,0
20250531,337,3,12,1,26,68.1,16520000.0,0
20250531,338,8,36,1,22,31.2,6270000.0,0
20250531,339,5,21,3,29,43.0,8580000.0,0
20250531,340,8,36,5,41,183.7,8660000.0,0
20250531,341,1,1,1,27,63.1,8510000.0,0
20250531,343,7,31,3,25,56.4,8680000.0,0
20250531,345,3,11,1,30,59.3,9250000.0,0
20250531,347,8,36,2,33,156.1,8300000.0,0
20250531,349,7,33,4,45,92.6,14550000.0,0
20250531,350,2,7,3,30,42.5,14990000.0,0
20250531,353,1,2,1,35,99.5,11460000.0,0
20250531,354,7,31,1,32,33.8,6610000.0,0
20250531,358,5,22,1,32,75.9,12200000.0,0
20250531,359,3,13,1,31,33.9,22080000.0,0
20250531,360,7,32,4,39,150.2,12150000.0,0
20250531,361,1,3,6,37,96.1,21230000.0,0
20250531,362,8,36,1,28,67.5,7400000.0,0
20250531,364,7,32,3,31,40.9,10680000.0,0
20250531,366,8,37,4,32,46.1,11500000.0,0
20250531,367,6,27,1,32,32.3,12170000.0,0
20250531,369,1,3,1,37,54.4,20760000.0,0
20250531,370,4,19,1,37,32.9,31920000.0,0
20250531,372,1,1,1,32,61.5,8020000.0,0
20250531,373,2,8,1,38,73.6,18200000.0,0
20250531,374,1,1,5,34,100.4,9670000.0,0
20250531,375,5,22,4,40,175.7,15400000.0,0
20250531,376,3,11,4,26,47.0,9550000.0,0
20250531,377,6,28,2,45,147.2,17500000.0,0
20250531,378,1,1,2,37,127.9,8930000.0,0
20250531,379,1,1,1,30,91.3,8290000.0,0
20250531,380,3,12,5,33,46.9,12710000.0,0
20250531,381,4,18,2,45,116.8,21600000.0,0
20250531,383,6,27,2,33,69.0,11390000.0,0
20250531,384,3,11,1,32,98.5,10400000.0,0
20250531,385,7,33,6,23,30.6,15990000.0,0
20250531,386,2,6,1,41,131.3,9600000.0,0
20250531,387,3,11,1,27,47.2,10150000.0,0
20250531,388,7,31,1,24,31.1,6440000.0,0
20250531,391,7,32,3,32,68.4,11700000.0,0
20250531,393,7,31,6,26,69.9,7220000.0,0
20250531,396,1,1,1,28,47.0,7860000.0,0
20250531,397,2,7,1,27,55.1,12290000.0,0
20250531,398,3,12,1,30,38.8,13010000.0,0
20250531,400,7,32,3,37,56.0,8930000.0,0
20250531,401,6,29,1,36,47.3,37090000.0,0
20250531,404,7,31,6,37,160.9,6350000.0,0
20250531,406,3,11,2,33,50.7,10760000.0,0
20250531,409,7,33,1,43,183.7,18860000.0,0
20250531,413,8,36,3,30,31.1,6900000.0,0
20250531,417,7,31,2,27,30.0,7050000.0,0
20250531,418,7,31,1,36,64.1,7210000.0,0
20250531,419,8,39,1,40,77.4,25730000.0,0
20250531,420,5,21,2,33,90.8,9530000.0,0
20250531,421,1,4,1,40,91.9,25780000.0,0
20250531,423,4,16,5,25,53.8,9320000.0,0
20250531,424,3,11,1,23,29.6,9570000.0,0
20250531,425,1,3,3,35,47.7,16470000.0,0
20250531,426,3,14,6,37,39.6,42000000.0,0
20250531,427,1,1,6,25,34.7,9780000.0,0
20250531,429,7,33,1,34,54.4,16920000.0,0
20250531,431,3,12,2,44,151.8,15600000.0,0
20250531,432,1,4,1,41,46.0,39900000.0,0
20250531,433,7,35,1,49,135.1,50490000.0,0
20250531,439,8,37,1,35,62.7,10770000.0,0
20250531,440,7,31,3,30,42.8,7110000.0,0
20250531,442,8,36,2,29,85.0,5820000.0,0
20250531,445,1,4,1,45,146.9,30670000.0,0
20250531,446,8,36,4,25,62.7,6890000.0,0
20250531,447,4,16,1,26,50.6,10540000.0,0
20250531,449,1,2,6,28,45.8,11170000.0,0
20250531,450,8,38,1,39,116.7,17850000.0,0
20250531,452,3,12,2,32,66.9,15290000.0,0
20250531,453,8,36,2,32,59.7,7970000.0,0
20250531,454,7,34,1,41,129.0,25920000.0,0
20250531,455,4,20,6,44,53.8,63640000.0,0
20250531,457,7,32,3,40,127.9,12110000.0,0
20250531,458,7,31,1,27,54.1,7370000.0,0
20250531,460,2,7,1,33,54.7,12480000.0,0
20250531,461,4,16,1,25,28.3,11430000.0,0
20250531,462,2,6,1,25,28.7,10880000.0,0
20250531,463,5,21,1,24,28.2,8460000.0,0
20250531,465,8,37,2,28,28.8,9570000.0,0
20250531,466,7,31,4,28,28.6,7300000.0,0
20250531,467,3,11,2,25,28.2,11090000.0,0
20250531,469,7,31,1,26,28.8,6820000.0,0
20250531,470,1,1,1,27,28.1,8430000.0,0
20250531,471,7,32,3,33,28.2,12060000.0,0
20250531,472,2,6,1,28,28.0,7690000.0,0
20250531,473,6,26,1,26,28.4,8360000.0,0
20250531,474,6,27,1,32,28.7,12480000.0,0
20250531,476,7,31,1,29,27.2,7670000.0,0
20250531,478,3,11,4,23,27.3,8510000.0,0
20250531,479,2,6,6,34,27.6,9380000.0,0
20250531,480,5,21,6,27,27.4,8550000.0,0
20250531,481,8,36,1,26,26.2,8040000.0,0
20250531,483,8,37,1,31,27.0,11470000.0,0
20250531,485,1,1,1,25,26.8,7290000.0,0
20250531,486,1,1,2,26,26.8,7580000.0,0
20250531,487,1,1,1,25,26.0,7360000.0,0
20250531,491,8,36,3,28,25.8,7400000.0,0
20250531,492,8,36,5,22,25.7,6300000.0,0
20250531,493,3,11,1,22,25.5,9570000.0,0
20250531,494,4,19,2,42,25.7,41790000.0,0
20250531,495,3,11,2,24,25.4,10860000.0,0
20250531,496,7,31,2,,25.9,6660000.0,0
20250531,498,7,32,6,27,26.0,11000000.0,0
20250531,499,1,2,5,23,25.5,14110000.0,0
20250531,500,2,6,2,27,25.7,8800000.0,0
20250531,501,8,36,4,32,25.2,5560000.0,0
20250531,502,1,1,6,22,25.1,6950000.0,0
20250531,504,7,31,3,28,25.7,7590000.0,0
20250531,506,3,12,1,34,25.9,14040000.0,0
20250531,507,2,6,1,22,25.8,10700000.0,0
20250531,509,7,31,1,27,25.1,6440000.0,0
20250531,510,3,11,3,22,24.9,8750000.0,0
20250531,518,2,6,2,30,23.4,8600000.0,0
20250531,521,7,31,2,28,24.0,7810000.0,0
20250531,524,7,32,1,22,22.3,11200000.0,0
20250531,527,3,14,1,34,22.5,35510000.0,0
20250531,528,7,32,3,33,22.8,10230000.0,0
20250531,529,8,36,5,22,22.6,6900000.0,0
20250531,530,7,33,1,27,22.6,15390000.0,0
20250531,531,1,2,1,25,22.1,13390000.0,0
20250531,532,6,26,1,26,22.6,8820000.0,0
20250531,534,8,36,1,27,21.0,6110000.0,0
20250531,535,5,21,3,24,21.3,9520000.0,0
20250531,536,3,11,1,23,21.7,10220000.0,0
20250531,537,7,31,1,27,21.5,6780000.0,0
20250531,538,3,11,3,22,21.4,9710000.0,0
20250531,540,3,11,1,25,21.6,12030000.0,0
20250531,541,8,36,1,22,21.6,7960000.0,0
20250531,543,3,12,1,26,21.6,15070000.0,0
20250531,544,6,26,1,30,21.9,7930000.0,0
20250531,545,4,16,2,26,21.7,9680000.0,0
20250531,547,1,2,2,25,21.6,12680000.0,0
20250531,548,1,1,5,26,20.0,8480000.0,0
20250531,549,1,2,1,30,20.5,14810000.0,0
20250531,551,8,36,2,32,20.9,6510000.0,0
20250531,552,8,38,5,32,20.7,16620000.0,0
20250531,556,2,6,6,24,19.1,9040000.0,0
20250531,558,6,26,1,22,19.9,8070000.0,0
20250531,559,8,36,1,21,19.1,7860000.0,0
20250531,562,1,1,1,26,19.1,8310000.0,0
20250531,563,8,36,5,28,18.5,7220000.0,0
20250531,564,1,1,1,28,18.2,7570000.0,0
20250531,566,4,16,5,27,18.8,9100000.0,0
20250531,572,3,12,1,24,18.1,14110000.0,0
20250531,574,5,21,5,28,18.2,8230000.0,0
20250531,575,1,2,4,30,18.9,11020000.0,0
20250531,576,7,31,1,31,18.3,7590000.0,0
20250531,578,3,11,3,23,18.7,11050000.0,0
20250531,580,2,6,5,22,17.4,7730000.0,0
20250531,582,1,1,1,25,17.0,7260000.0,0
20250531,583,6,26,5,30,17.8,8080000.0,0
20250531,584,3,11,3,23,17.9,9430000.0,0
20250531,587,1,1,1,30,17.7,7850000.0,0
20250531,591,1,1,2,30,17.0,8700000.0,0
20250531,592,7,31,6,23,16.4,6460000.0,0
20250531,593,7,33,3,35,16.5,16250000.0,0
20250531,595,7,32,4,33,15.9,10740000.0,0
20250531,596,5,21,1,32,15.6,7690000.0,0
20250531,597,2,6,1,29,15.6,7920000.0,0
20250531,599,7,31,1,24,15.3,6990000.0,0
20250531,600,7,31,2,24,15.4,5960000.0,0
20250531,601,7,31,4,26,15.2,6760000.0,0
20250531,603,4,16,3,24,15.3,8920000.0,0
20250531,604,1,1,1,24,15.4,8350000.0,0
20250531,605,7,31,5,25,15.8,7000000.0,0
20250531,607,3,11,5,21,15.9,9670000.0,0
20250531,609,7,31,1,29,15.6,8300000.0,0
20250531,610,7,31,1,27,15.9,7920000.0,0
20250531,611,4,17,1,25,15.0,16820000.0,0
20250531,612,2,6,2,24,15.3,6960000.0,0
20250531,613,8,36,5,22,15.8,6580000.0,0
20250531,617,3,11,5,21,14.8,9040000.0,0
20250531,620,2,6,3,27,14.6,8530000.0,0
20250531,621,3,12,1,27,14.9,13830000.0,0
20250531,622,8,36,1,31,14.6,6160000.0,0
20250531,623,7,31,1,22,14.6,6080000.0,0
20250531,624,8,37,1,31,14.7,9910000.0,0
20250531,625,2,7,1,35,14.0,13790000.0,0
20250531,626,7,31,2,24,14.7,7290000.0,0
20250531,628,7,31,6,21,13.1,7210000.0,0
20250531,629,1,2,1,29,13.9,10990000.0,0
20250531,630,3,11,4,22,13.7,11140000.0,0
20250531,631,1,1,2,24,13.4,7110000.0,0
20250531,632,3,11,3,30,13.2,10900000.0,0
20250531,633,8,36,1,23,13.2,5750000.0,0
20250531,634,3,11,2,27,14.0,9570000.0,0
20250531,635,7,31,2,24,13.9,7380000.0,0
20250531,637,5,21,3,30,13.1,9300000.0,0
20250531,639,5,22,4,29,13.2,12140000.0,0
20250531,640,6,26,6,25,13.3,7900000.0,0
20250531,641,7,32,4,30,13.3,11360000.0,0
20250531,642,5,21,1,27,13.9,8870000.0,0
20250531,643,3,12,1,30,12.4,14040000.0,0
20250531,645,3,11,6,21,12.6,8270000.0,0
20250531,647,7,33,6,28,12.2,16320000.0,0
20250531,648,7,31,2,32,12.2,7500000.0,0
20250531,649,8,36,1,24,12.6,6580000.0,0
20250531,650,8,36,3,29,12.4,7190000.0,0
20250531,651,4,16,1,29,12.9,8350000.0,0
20250531,652,1,2,2,28,12.6,14180000.0,0
20250531,654,1,1,1,29,12.8,6760000.0,0
20250531,656,7,31,2,23,12.3,6560000.0,0
20250531,659,3,11,1,21,11.3,7960000.0,0
20250531,660,8,36,5,27,11.9,6520000.0,0
20250531,662,7,31,3,25,11.1,8250000.0,0
20250531,663,6,26,4,24,11.5,7540000.0,0
20250531,664,7,31,1,21,11.3,6250000.0,0
20250531,665,2,8,3,35,11.0,19130000.0,0
20250531,667,8,36,3,28,11.9,7370000.0,0
20250531,668,7,31,3,28,11.1,6980000.0,0
20250531,669,3,12,4,30,10.3,16180000.0,0
20250531,671,8,36,5,26,10.3,6370000.0,0
20250531,672,2,7,4,,10.4,11130000.0,0
20250531,673,2,7,2,30,10.3,13120000.0,0
20250531,675,7,31,6,20,10.9,6970000.0,0
20250531,676,3,12,1,29,10.7,12930000.0,0
20250531,677,2,6,1,21,10.8,8580000.0,0
20250531,678,7,32,2,32,10.4,10730000.0,0
20250531,679,8,38,3,25,10.3,13730000.0,0
20250531,680,7,32,6,24,10.9,10520000.0,0
20250531,682,1,5,1,37,10.9,47300000.0,0
20250531,683,8,36,3,31,10.7,6400000.0,0
20250531,684,8,38,6,31,10.3,14790000.0,0
20250531,685,7,34,4,44,9.6,29500000.0,0
20250531,686,7,31,4,28,9.1,7580000.0,0
20250531,687,7,32,1,26,9.9,12450000.0,0
20250531,689,2,8,1,32,9.5,18460000.0,0
20250531,690,2,6,1,27,9.4,8220000.0,0
20250531,691,8,37,3,37,9.7,8680000.0,0
20250531,692,3,13,1,31,8.7,22670000.0,0
20250531,693,7,32,4,26,8.0,9120000.0,0
20250531,694,7,32,1,25,8.4,11390000.0,0
20250531,696,2,6,3,30,8.5,8960000.0,0
20250531,697,8,36,1,28,8.2,7010000.0,0
20250531,698,6,27,3,26,8.8,11730000.0,0
20250531,699,7,31,1,21,8.2,6970000.0,0
20250531,700,2,7,2,30,7.0,10060000.0,0
20250531,701,8,36,2,21,7.5,6320000.0,0
20250531,702,7,31,5,23,7.6,6580000.0,0
20250531,703,7,31,6,22,7.5,6080000.0,0
20250531,705,1,1,1,29,7.9,6220000.0,0
20250531,707,8,37,3,28,7.4,8340000.0,0
20250531,708,1,1,1,27,7.1,8530000.0,0
20250531,709,7,31,2,28,7.3,7300000.0,0
20250531,710,1,1,1,22,7.0,6680000.0,0
20250531,711,1,2,1,29,7.8,11060000.0,0
20250531,712,8,37,1,32,7.4,9120000.0,0
20250531,713,3,11,2,26,7.2,9040000.0,0
20250531,714,3,14,3,35,7.2,32510000.0,0
20250531,715,4,16,1,23,7.4,9740000.0,0
20250531,716,2,8,1,31,7.4,16180000.0,0
20250531,717,6,26,3,33,7.3,7870000.0,0
20250531,718,3,11,1,27,7.7,9000000.0,0
20250531,719,1,1,5,23,7.8,7800000.0,0
20250531,720,7,31,2,26,6.3,6590000.0,0
20250531,721,7,31,1,25,6.9,6490000.0,0
20250531,722,2,6,5,27,6.4,7640000.0,0
20250531,723,7,32,1,29,6.1,11530000.0,0
20250531,725,1,1,1,21,6.8,7090000.0,0
20250531,726,3,12,4,27,6.3,15980000.0,0
20250531,727,8,36,6,33,6.2,6640000.0,0
20250531,728,1,1,3,29,6.1,6440000.0,0
20250531,729,8,37,1,23,6.0,10730000.0,0
20250531,731,3,13,1,28,6.5,23100000.0,0
20250531,733,7,32,2,25,6.3,8890000.0,0
20250531,734,3,11,1,24,5.3,9810000.0,0
20250531,735,3,11,1,27,5.8,8940000.0,0
20250531,736,1,1,1,26,5.1,6630000.0,0
20250531,737,7,32,1,29,5.8,10910000.0,0
20250531,738,1,1,4,20,5.7,6780000.0,0
20250531,739,8,36,1,21,5.4,6840000.0,0
20250531,740,2,6,1,25,5.5,7350000.0,0
20250531,741,7,32,2,26,5.1,9490000.0,0
20250531,742,8,36,1,31,5.9,5970000.0,0
20250531,743,1,1,6,25,5.3,7920000.0,0
20250531,744,4,16,6,25,5.5,8760000.0,0
20250531,745,8,37,3,32,4.9,10380000.0,0
20250531,746,3,12,1,31,4.7,15180000.0,0
20250531,747,3,11,5,22,3.9,8820000.0,0
20250531,748,8,40,6,37,4.6,36170000.0,0
20250531,749,8,37,1,27,4.1,11340000.0,0
20250531,750,7,31,1,25,4.8,6760000.0,0
20250531,751,7,31,2,24,4.9,6230000.0,0
20250531,752,8,36,3,23,4.5,6710000.0,0
20250531,753,3,11,2,24,4.8,7860000.0,0
20250531,754,7,33,1,30,4.2,13180000.0,0
20250531,755,7,31,1,23,4.1,6980000.0,0
20250531,756,1,1,1,30,3.1,8280000.0,0
20250531,757,3,11,3,23,3.2,9900000.0,0
20250531,758,1,1,6,22,3.8,7740000.0,0
20250531,759,8,36,6,26,3.4,5410000.0,0
20250531,760,1,2,1,32,3.7,10010000.0,0
20250531,761,7,34,1,33,3.3,25870000.0,0
20250531,762,8,36,1,24,3.1,7030000.0,0
20250531,763,7,31,2,20,3.1,7090000.0,0
20250531,764,1,1,2,27,3.6,7250000.0,0
20250531,765,1,2,1,26,3.0,10810000.0,0
20250531,766,7,31,1,33,3.5,6160000.0,0
20250531,767,8,37,1,,3.9,10740000.0,0
20250531,768,7,31,1,25,3.2,7090000.0,0
20250531,769,3,12,1,25,3.6,12580000.0,0
20250531,770,8,36,5,26,3.5,7010000.0,0
20250531,771,3,11,3,20,3.9,7800000.0,0
20250531,772,1,1,1,29,3.3,7790000.0,0
20250531,773,3,11,2,29,3.1,7890000.0,0
20250531,774,6,26,5,20,2.7,7340000.0,0
20250531,775,6,26,3,28,3.0,5930000.0,0
20250531,776,8,36,2,23,2.4,7070000.0,0
20250531,777,7,31,3,32,2.2,5610000.0,0
20250531,778,3,12,3,27,2.7,12030000.0,0
20250531,779,2,6,5,21,1.3,7810000.0,0
20250531,780,8,38,4,31,1.6,14450000.0,0
20250531,781,5,21,4,25,1.4,9220000.0,0
20250531,782,7,33,1,34,1.5,12940000.0,0
20250531,783,7,31,4,36,1.1,7090000.0,0
20250531,784,8,36,1,20,1.7,6210000.0,0
20250531,785,3,11,1,26,0.9,11170000.0,1
20250531,786,2,7,2,22,0.4,12910000.0,1
20250531,787,7,31,5,23,0.5,7130000.0,1
20250531,788,1,1,5,21,0.7,7350000.0,1
20250531,789,1,1,1,23,0.2,6550000.0,1
20250531,790,8,36,1,24,0.5,5890000.0,1
20250531,791,2,6,6,25,0.0,6960000.0,1
20250531,792,7,31,1,27,0.8,6950000.0,1
20250630,2,7,32,1,33,71.0,10120000.0,0
20250630,3,5,21,1,31,59.2,8540000.0,0
20250630,5,8,36,1,31,58.3,7070000.0,0
20250630,7,3,11,2,33,63.1,10800000.0,0
20250630,8,5,21,2,33,48.2,7940000.0,0
20250630,9,8,36,3,32,74.8,6480000.0,0
20250630,11,8,36,6,28,38.4,7400000.0,0
20250630,12,2,6,3,36,77.8,8280000.0,0
20250630,13,2,7,2,29,76.3,13030000.0,0
20250630,15,4,16,1,26,76.0,8040000.0,0
20250630,16,1,1,5,26,43.7,8030000.0,0
20250630,17,6,26,3,24,52.6,9680000.0,0
20250630,19,5,24,1,47,83.1,36190000.0,0
20250630,21,7,31,5,27,86.6,7320000.0,0
20250630,22,1,1,3,25,52.4,8610000.0,0
20250630,24,8,36,1,35,94.6,7700000.0,0
20250630,25,2,8,1,40,74.3,17930000.0,0
20250630,26,8,37,4,31,97.6,12320000.0,0
20250630,27,3,14,1,36,38.1,43220000.0,0
20250630,28,2,6,1,29,83.4,7440000.0,0
20250630,29,3,12,1,33,62.1,15950000.0,0
20250630,30,1,2,3,37,57.8,14400000.0,0
20250630,31,2,6,4,,110.4,9650000.0,0
20250630,33,3,11,3,29,41.3,10300000.0,0
20250630,34,8,36,5,24,56.1,6620000.0,0
20250630,37,1,3,1,36,40.5,20090000.0,0
20250630,38,3,11,1,38,78.4,9790000.0,0
20250630,39,4,16,3,27,39.2,9420000.0,0
20250630,40,3,11,5,31,63.4,10870000.0,0
20250630,43,5,21,1,28,36.9,8170000.0,0
20250630,44,6,26,2,31,75.4,8250000.0,0
20250630,46,7,31,2,23,32.0,6570000.0,0
20250630,47,7,31,4,35,95.3,8520000.0,0
20250630,48,7,31,5,31,105.6,7120000.0,0
20250630,49,3,13,1,31,115.0,25830000.0,0
20250630,50,3,13,1,38,47.5,22960000.0,0
20250630,51,7,31,1,31,40.1,6810000.0,0
20250630,53,7,32,1,32,41.9,11550000.0,0
20250630,54,8,37,2,33,44.7,12470000.0,0
20250630,55,8,36,1,29,47.9,5990000.0,0
20250630,56,1,1,3,30,101.3,8200000.0,0
20250630,57,4,16,1,31,80.2,10780000.0,0
20250630,58,4,16,3,38,134.4,9750000.0,0
20250630,61,4,17,3,35,125.4,16760000.0,0
20250630,63,3,11,5,31,78.0,11020000.0,0
20250630,64,7,31,1,33,49.0,8230000.0,0
20250630,65,3,11,1,27,83.9,9370000.0,0
20250630,66,1,3,4,34,71.8,17170000.0,0
20250630,67,7,31,6,26,39.1,7040000.0,0
20250630,69,5,21,6,27,63.9,9390000.0,0
20250630,71,1,4,2,41,184.6,31130000.0,0
20250630,72,5,21,1,33,93.8,8980000.0,0
20250630,73,3,14,1,44,58.1,41230000.0,0
20250630,74,8,36,2,35,107.0,7250000.0,0
20250630,75,4,16,6,31,131.9,10610000.0,0
20250630,76,3,13,5,45,142.1,21820000.0,0
20250630,77,5,21,1,26,48.2,8650000.0,0
20250630,80,7,33,2,36,38.3,14690000.0,0
20250630,81,1,1,6,25,55.7,8920000.0,0
20250630,82,2,6,1,30,34.4,8300000.0,0
20250630,83,6,27,2,32,47.6,11750000.0,0
20250630,84,4,16,3,42,150.9,8550000.0,0
20250630,89,1,1,5,31,53.5,7950000.0,0
20250630,91,7,31,1,27,60.0,8630000.0,0
20250630,92,5,21,3,29,70.5,7190000.0,0
20250630,94,2,6,1,29,90.5,8490000.0,0
20250630,95,1,2,2,27,67.7,13300000.0,0
20250630,96,2,9,1,49,184.6,33000000.0,0
20250630,99,7,32,6,34,99.3,12730000.0,0
20250630,100,1,1,3,33,53.9,8420000.0,0
20250630,101,7,31,5,35,62.7,6940000.0,0
20250630,102,7,32,1,32,46.9,10130000.0,0
20250630,105,8,36,3,38,130.2,5580000.0,0
20250630,106,8,36,3,35,60.2,5870000.0,0
20250630,108,4,17,3,34,37.9,15390000.0,0
20250630,109,5,21,1,34,85.9,9330000.0,0
20250630,111,1,2,1,35,184.6,15130000.0,0
20250630,112,2,6,3,32,33.1,7270000.0,0
20250630,114,1,2,1,28,34.7,14630000.0,0
20250630,115,3,13,1,33,34.5,25650000.0,0
20250630,116,1,5,1,43,60.0,42990000.0,0
20250630,120,2,6,4,25,33.9,7270000.0,0
20250630,123,3,11,2,36,41.9,10570000.0,0
20250630,125,7,32,1,30,69.9,11580000.0,0
20250630,127,1,1,6,28,41.1,7590000.0,0
20250630,128,4,16,2,37,95.0,10940000.0,0
20250630,129,6,26,1,41,184.6,6420000.0,0
20250630,131,1,5,1,53,176.0,52870000.0,0
20250630,135,1,1,1,40,81.2,7090000.0,0
20250630,136,7,32,2,30,78.2,9670000.0,0
20250630,137,1,1,3,27,41.3,9590000.0,0
20250630,138,6,29,1,39,63.2,27640000.0,0
20250630,139,7,32,4,30,65.0,12900000.0,0
20250630,141,1,3,3,38,80.3,18590000.0,0
20250630,143,7,31,4,55,62.4,8360000.0,0
20250630,146,1,3,4,30,71.1,21960000.0,0
20250630,148,7,31,1,41,169.4,8220000.0,0
20250630,149,1,1,5,29,54.5,6780000.0,0
20250630,150,7,32,5,41,134.1,12400000.0,0
20250630,151,8,36,3,25,62.7,7620000.0,0
20250630,153,7,33,1,36,107.6,16550000.0,0
20250630,154,1,5,1,44,60.4,47060000.0,0
20250630,155,4,16,2,32,37.7,8250000.0,0
20250630,156,1,3,6,43,83.4,18520000.0,0
20250630,157,1,5,1,45,66.8,45250000.0,0
20250630,159,7,31,1,28,57.5,6910000.0,0
20250630,160,7,35,1,45,126.8,39750000.0,0
20250630,162,4,16,1,32,123.1,9150000.0,0
20250630,165,5,21,2,39,179.0,9620000.0,0
20250630,167,8,39,1,40,73.1,24240000.0,0
20250630,168,2,7,1,36,98.7,13860000.0,0
20250630,170,1,2,6,38,59.5,14050000.0,0
20250630,171,7,31,6,30,43.8,7840000.0,0
20250630,174,8,37,1,26,69.6,11010000.0,0
20250630,176,3,14,1,38,47.1,45620000.0,0
20250630,178,7,33,1,38,32.3,19140000.0,0
20250630,179,1,4,1,39,94.0,30860000.0,0
20250630,181,1,2,1,34,86.4,10960000.0,0
20250630,182,7,31,1,32,85.9,7050000.0,0
20250630,183,5,21,2,34,118.1,9060000.0,0
20250630,188,4,16,1,26,68.4,9290000.0,0
20250630,190,7,31,5,29,85.5,7200000.0,0
20250630,191,4,16,1,36,52.4,10290000.0,0
20250630,193,1,2,1,34,57.0,10680000.0,0
20250630,194,8,39,1,31,79.6,27090000.0,0
20250630,196,7,32,6,31,117.7,9390000.0,0
20250630,197,6,28,3,40,129.8,19210000.0,0
20250630,198,6,26,6,34,70.2,7670000.0,0
20250630,199,6,26,1,36,50.9,8540000.0,0
20250630,200,2,7,1,28,48.7,11970000.0,0
20250630,201,5,21,5,25,60.9,7130000.0,0
20250630,203,7,31,1,23,35.4,6100000.0,0
20250630,204,1,1,1,40,130.5,9530000.0,0
20250630,205,8,36,4,27,39.6,6250000.0,0
20250630,206,1,1,1,32,62.9,8860000.0,0
20250630,208,3,13,2,44,184.6,27570000.0,0
20250630,209,6,26,1,26,53.6,8170000.0,0
20250630,210,7,33,1,32,52.2,16830000.0,0
20250630,211,7,31,1,31,97.8,7970000.0,0
20250630,213,2,6,3,29,53.7,9040000.0,0
20250630,214,8,36,1,36,145.9,6240000.0,0
20250630,215,4,17,1,33,99.2,15090000.0,0
20250630,216,4,16,6,,88.8,10330000.0,0
20250630,217,5,21,1,33,46.1,7730000.0,0
20250630,218,3,11,1,31,67.5,11520000.0,0
20250630,219,3,11,1,39,100.8,8310000.0,0
20250630,220,8,38,1,36,99.0,13550000.0,0
20250630,221,7,31,3,30,62.9,6520000.0,0
20250630,222,8,36,1,30,56.7,6920000.0,0
20250630,223,1,1,3,24,42.9,8420000.0,0
20250630,224,1,4,1,41,92.9,33670000.0,0
20250630,226,2,6,2,36,40.3,8270000.0,0
20250630,228,5,24,2,36,33.1,30460000.0,0
20250630,229,7,31,1,33,135.0,7580000.0,0
20250630,230,8,37,1,29,33.7,10770000.0,0
20250630,232,3,12,1,40,124.9,18030000.0,0
20250630,234,7,32,2,42,184.6,11010000.0,0
20250630,237,6,27,4,30,30.6,11570000.0,0
20250630,239,2,7,4,34,117.7,14960000.0,0
20250630,240,8,36,6,31,71.3,7090000.0,0
20250630,241,8,36,1,55,65.8,7720000.0,0
20250630,242,8,36,1,28,65.3,6950000.0,0
20250630,243,7,31,1,37,172.9,8070000.0,0
20250630,244,3,13,6,50,97.4,22950000.0,0
20250630,245,1,1,1,33,74.1,7950000.0,0
20250630,247,7,31,1,31,66.1,8090000.0,0
20250630,248,5,22,1,30,66.4,13900000.0,0
20250630,250,1,1,1,32,51.9,9030000.0,0
20250630,251,1,4,1,40,101.9,40380000.0,0
20250630,252,3,11,2,31,69.0,12450000.0,0
20250630,253,8,38,6,35,65.6,17690000.0,0
20250630,254,5,21,1,28,36.0,9510000.0,0
20250630,255,1,1,3,33,135.8,7780000.0,0
20250630,256,7,31,1,31,129.9,7770000.0,0
20250630,257,3,12,1,32,59.0,16010000.0,0
20250630,260,8,39,1,41,151.1,29100000.0,0
20250630,264,1,1,6,28,38.9,6440000.0,0
20250630,265,7,33,1,35,65.0,15820000.0,0
20250630,266,4,16,1,28,37.0,11080000.0,0
20250630,268,7,31,6,25,47.1,7430000.0,0
20250630,271,2,6,2,27,31.4,7850000.0,0
20250630,272,4,19,1,38,49.7,43150000.0,0
20250630,273,3,12,1,36,65.7,18970000.0,0
20250630,274,7,31,5,27,51.8,6710000.0,0
20250630,276,8,36,1,36,80.8,6490000.0,0
20250630,278,3,14,1,42,85.1,44900000.0,0
20250630,282,1,4,1,38,43.0,30410000.0,0
20250630,285,1,1,4,24,49.8,8760000.0,0
20250630,286,1,2,1,33,98.4,13010000.0,0
20250630,288,6,30,1,42,33.8,48900000.0,0
20250630,289,7,32,1,31,34.0,11020000.0,0
20250630,290,3,15,1,35,42.8,68410000.0,0
20250630,291,3,13,1,39,50.6,24640000.0,0
20250630,292,7,31,2,25,58.8,7130000.0,0
20250630,293,1,2,1,29,30.1,10710000.0,0
20250630,296,1,1,4,30,78.4,7680000.0,0
20250630,298,8,38,1,36,60.4,18540000.0,0
20250630,300,4,16,5,29,51.6,8670000.0,0
20250630,301,8,37,1,29,32.3,11080000.0,0
20250630,302,1,1,1,29,38.6,8800000.0,0
20250630,303,1,1,1,33,73.0,8930000.0,0
20250630,304,7,31,1,26,76.8,7110000.0,0
20250630,305,7,31,4,26,75.0,6490000.0,0
20250630,306,1,1,6,36,38.3,9250000.0,0
20250630,307,4,17,4,30,72.2,16440000.0,0
20250630,308,6,26,3,31,59.7,9170000.0,0
20250630,309,1,1,1,23,32.3,9360000.0,0
20250630,310,4,16,1,36,137.0,10990000.0,0
20250630,311,3,13,1,38,52.1,22130000.0,0
20250630,313,7,32,1,36,37.7,12410000.0,0
20250630,316,4,19,1,40,54.9,40610000.0,0
20250630,317,2,7,1,41,78.1,11650000.0,0
20250630,318,1,1,1,28,36.6,8420000.0,0
20250630,320,7,33,5,26,37.3,17650000.0,0
20250630,321,1,1,1,35,147.2,8870000.0,0
20250630,322,5,22,4,25,34.6,13860000.0,0
20250630,324,3,14,1,42,89.3,37220000.0,0
20250630,327,7,32,1,33,58.5,11430000.0,0
20250630,329,7,32,2,34,66.2,11130000.0,0
20250630,330,1,1,2,36,184.6,8580000.0,0
20250630,331,3,12,3,32,58.5,19180000.0,0
20250630,333,8,36,1,28,60.1,6240000.0,0
20250630,334,8,37,6,32,58.2,12620000.0,0
20250630,336,1,1,1,32,67.8,9500000.0,0
20250630,337,3,12,1,26,69.1,16520000.0,0
20250630,338,8,36,1,22,32.2,6270000.0,0
20250630,339,5,21,3,29,44.0,8580000.0,0
20250630,340,8,36,5,41,184.6,8660000.0,0
20250630,341,1,1,1,28,64.1,8510000.0,0
20250630,343,7,31,3,25,57.4,8680000.0,0
20250630,345,3,11,1,30,60.3,9250000.0,0
20250630,347,8,36,2,33,157.1,8300000.0,0
20250630,349,7,33,4,45,93.6,14550000.0,0
20250630,350,2,7,3,30,43.5,14990000.0,0
20250630,353,1,2,1,35,100.5,11460000.0,0
20250630,354,7,31,1,32,34.8,6610000.0,0
20250630,358,5,22,1,32,76.8,12200000.0,0
20250630,359,3,13,1,31,34.9,22080000.0,0
20250630,360,7,32,4,39,151.2,12150000.0,0
20250630,361,1,3,6,37,97.1,21230000.0,0
20250630,362,8,36,1,28,68.5,7400000.0,0
20250630,364,7,32,3,32,41.9,10680000.0,0
20250630,366,8,37,4,32,47.1,11500000.0,0
20250630,367,6,27,1,32,33.3,12170000.0,0
20250630,369,1,3,1,37,55.4,20760000.0,0
20250630,370,4,19,1,37,33.9,31920000.0,0
20250630,372,1,1,1,32,62.5,8020000.0,0
20250630,373,2,8,1,38,74.5,18200000.0,0
20250630,374,1,1,5,34,101.4,9670000.0,0
20250630,375,5,22,4,40,176.7,15400000.0,0
20250630,376,3,11,4,26,48.0,9550000.0,0
20250630,377,6,28,2,45,148.2,17500000.0,0
20250630,378,1,1,2,37,128.9,8930000.0,0
20250630,379,1,1,1,30,92.3,8290000.0,0
20250630,380,3,12,5,33,47.9,12710000.0,0
20250630,381,4,18,2,45,117.7,21600000.0,0
20250630,383,6,27,2,33,70.0,11390000.0,0
20250630,384,3,11,1,32,99.4,10400000.0,0
20250630,385,7,33,6,23,31.6,15990000.0,0
20250630,386,2,6,1,41,132.3,9600000.0,0
20250630,387,3,11,1,27,48.2,10150000.0,0
20250630,391,7,32,3,32,69.4,11700000.0,0
20250630,393,7,31,6,26,70.9,7220000.0,0
20250630,396,1,1,1,28,48.0,7860000.0,0
20250630,397,2,7,1,28,56.1,12290000.0,0
20250630,398,3,12,1,30,39.8,13010000.0,0
20250630,400,7,32,3,37,57.0,8930000.0,0
20250630,401,6,29,1,36,48.3,37090000.0,0
20250630,404,7,31,6,37,161.8,6350000.0,0
20250630,406,3,11,2,34,51.6,10760000.0,0
20250630,409,7,33,1,43,184.6,18860000.0,0
20250630,413,8,36,3,30,32.1,6900000.0,0
20250630,417,7,31,2,27,31.0,7050000.0,0
20250630,418,7,31,1,36,65.1,7210000.0,0
20250630,419,8,39,1,40,78.4,25730000.0,0
20250630,420,5,21,2,33,91.8,9530000.0,0
20250630,421,1,4,1,40,92.9,25780000.0,0
20250630,423,4,16,5,25,54.8,9320000.0,0
20250630,424,3,11,1,23,30.6,9570000.0,0
20250630,425,1,3,3,35,48.7,16470000.0,0
20250630,426,3,14,6,37,40.5,42000000.0,0
20250630,427,1,1,6,25,35.7,9780000.0,0
20250630,429,7,33,1,34,55.4,16920000.0,0
20250630,431,3,12,2,44,152.8,15600000.0,0
20250630,432,1,4,1,41,47.0,39900000.0,0
20250630,433,7,35,1,49,136.1,50490000.0,0
20250630,439,8,37,1,35,63.6,10770000.0,0
20250630,440,7,31,3,30,43.8,7110000.0,0
20250630,442,8,36,2,29,85.9,5820000.0,0
20250630,445,1,4,1,45,147.9,30670000.0,0
20250630,446,8,36,4,25,63.7,6890000.0,0
20250630,447,4,16,1,26,51.6,10540000.0,0
20250630,449,1,2,6,28,46.8,11170000.0,0
20250630,450,8,38,1,39,117.7,17850000.0,0
20250630,452,3,12,2,32,67.8,15290000.0,0
20250630,453,8,36,2,32,60.7,7970000.0,0
20250630,454,7,34,1,41,129.9,25920000.0,0
20250630,455,4,20,6,45,54.8,63640000.0,0
20250630,457,7,32,3,40,128.9,12110000.0,0
20250630,458,7,31,1,27,55.1,7370000.0,0
20250630,460,2,7,1,34,55.7,12480000.0,0
20250630,461,4,16,1,26,29.3,11430000.0,0
20250630,462,2,6,1,25,29.7,10880000.0,0
20250630,463,5,21,1,24,29.1,8460000.0,0
20250630,465,8,37,2,28,29.8,9570000.0,0
20250630,466,7,31,4,28,29.6,7300000.0,0
20250630,467,3,11,2,25,29.2,11090000.0,0
20250630,469,7,31,1,26,29.8,6820000.0,0
20250630,470,1,1,1,28,29.1,8430000.0,0
20250630,471,7,32,3,33,29.1,12060000.0,0
20250630,472,2,6,1,28,29.0,7690000.0,0
20250630,473,6,26,1,27,29.3,8360000.0,0
20250630,474,6,27,1,32,29.7,12480000.0,0
20250630,476,7,31,1,29,28.2,7670000.0,0
20250630,478,3,11,4,23,28.3,8510000.0,0
20250630,479,2,6,6,34,28.6,9380000.0,0
20250630,480,5,21,6,27,28.4,8550000.0,0
20250630,481,8,36,1,26,27.2,8040000.0,0
20250630,483,8,37,1,31,28.0,11470000.0,0
20250630,485,1,1,1,25,27.8,7290000.0,0
20250630,486,1,1,2,26,27.8,7580000.0,0
20250630,487,1,1,1,25,26.9,7360000.0,0
20250630,491,8,36,3,28,26.8,7400000.0,0
20250630,492,8,36,5,22,26.7,6300000.0,0
20250630,493,3,11,1,22,26.4,9570000.0,0
20250630,494,4,19,2,42,26.6,41790000.0,0
20250630,495,3,11,2,24,26.4,10860000.0,0
20250630,496,7,31,2,,26.9,6660000.0,0
20250630,498,7,32,6,27,27.0,11000000.0,0
20250630,499,1,2,5,23,26.5,14110000.0,0
20250630,500,2,6,2,27,26.7,8800000.0,0
20250630,501,8,36,4,32,26.2,5560000.0,0
20250630,502,1,1,6,23,26.1,6950000.0,0
20250630,504,7,31,3,28,26.7,7590000.0,0
20250630,506,3,12,1,34,26.8,14040000.0,0
20250630,507,2,6,1,23,26.7,10700000.0,0
20250630,509,7,31,1,27,26.1,6440000.0,0
20250630,510,3,11,3,22,25.9,8750000.0,0
20250630,518,2,6,2,30,24.4,8600000.0,0
20250630,521,7,31,2,28,24.9,7810000.0,0
20250630,524,7,32,1,23,23.3,11200000.0,0
20250630,527,3,14,1,34,23.5,35510000.0,0
20250630,528,7,32,3,34,23.8,10230000.0,0
20250630,529,8,36,5,22,23.6,6900000.0,0
20250630,530,7,33,1,27,23.6,15390000.0,0
20250630,531,1,2,1,25,23.1,13390000.0,0
20250630,532,6,26,1,26,23.6,8820000.0,0
20250630,534,8,36,1,27,22.0,6110000.0,0
20250630,535,5,21,3,24,22.3,9520000.0,0
20250630,536,3,11,1,23,22.7,10220000.0,0
20250630,537,7,31,1,27,22.5,6780000.0,0
20250630,538,3,11,3,22,22.3,9710000.0,0
20250630,540,3,11,1,25,22.5,12030000.0,0
20250630,541,8,36,1,22,22.6,7960000.0,0
20250630,543,3,12,1,26,22.5,15070000.0,0
20250630,544,6,26,1,30,22.9,7930000.0,0
20250630,545,4,16,2,26,22.7,9680000.0,0
20250630,547,1,2,2,25,22.5,12680000.0,0
20250630,548,1,1,5,26,21.0,8480000.0,0
20250630,549,1,2,1,31,21.5,14810000.0,0
20250630,551,8,36,2,32,21.9,6510000.0,0
20250630,552,8,38,5,32,21.7,16620000.0,0
20250630,556,2,6,6,24,20.0,9040000.0,0
20250630,558,6,26,1,22,20.9,8070000.0,0
20250630,559,8,36,1,21,20.0,7860000.0,0
20250630,562,1,1,1,26,20.0,8310000.0,0
20250630,563,8,36,5,28,19.4,7220000.0,0
20250630,564,1,1,1,28,19.2,7570000.0,0
20250630,566,4,16,5,27,19.7,9100000.0,0
20250630,572,3,12,1,24,19.1,14110000.0,0
20250630,574,5,21,5,28,19.2,8230000.0,0
20250630,576,7,31,1,31,19.3,7590000.0,0
20250630,578,3,11,3,23,19.7,11050000.0,0
20250630,580,2,6,5,22,18.4,7730000.0,0
20250630,582,1,1,1,25,18.0,7260000.0,0
20250630,583,6,26,5,30,18.8,8080000.0,0
20250630,584,3,11,3,23,18.9,9430000.0,0
20250630,587,1,1,1,30,18.7,7850000.0,0
20250630,591,1,1,2,30,18.0,8700000.0,0
20250630,592,7,31,6,23,17.3,6460000.0,0
20250630,593,7,33,3,35,17.5,16250000.0,0
20250630,595,7,32,4,33,16.9,10740000.0,0
20250630,596,5,21,1,32,16.6,7690000.0,0
20250630,597,2,6,1,29,16.6,7920000.0,0
20250630,599,7,31,1,25,16.3,6990000.0,0
20250630,600,7,31,2,24,16.4,5960000.0,0
20250630,601,7,31,4,26,16.2,6760000.0,0
20250630,603,4,16,3,25,16.3,8920000.0,0
20250630,605,7,31,5,25,16.8,7000000.0,0
20250630,607,3,11,5,21,16.9,9670000.0,0
20250630,609,7,31,1,29,16.6,8300000.0,0
20250630,610,7,31,1,27,16.9,7920000.0,0
20250630,611,4,17,1,25,16.0,16820000.0,0
20250630,612,2,6,2,25,16.3,6960000.0,0
20250630,613,8,36,5,22,16.8,6580000.0,0
20250630,617,3,11,5,21,15.7,9040000.0,0
20250630,620,2,6,3,27,15.6,8530000.0,0
20250630,621,3,12,1,27,15.9,13830000.0,0
20250630,622,8,36,1,31,15.6,6160000.0,0
20250630,623,7,31,1,22,15.6,6080000.0,0
20250630,624,8,37,1,31,15.7,9910000.0,0
20250630,625,2,7,1,35,15.0,13790000.0,0
20250630,626,7,31,2,25,15.7,7290000.0,0
20250630,628,7,31,6,21,14.1,7210000.0,0
20250630,629,1,2,1,29,14.9,10990000.0,0
20250630,630,3,11,4,22,14.7,11140000.0,0
20250630,631,1,1,2,24,14.4,7110000.0,0
20250630,632,3,11,3,30,14.2,10900000.0,0
20250630,633,8,36,1,23,14.2,5750000.0,0
20250630,634,3,11,2,27,14.9,9570000.0,0
20250630,635,7,31,2,24,14.9,7380000.0,0
20250630,637,5,21,3,30,14.1,9300000.0,0
20250630,639,5,22,4,30,14.2,12140000.0,0
20250630,640,6,26,6,25,14.3,7900000.0,0
20250630,641,7,32,4,30,14.3,11360000.0,0
20250630,642,5,21,1,27,14.9,8870000.0,0
20250630,643,3,12,1,30,13.4,14040000.0,0
20250630,645,3,11,6,21,13.6,8270000.0,0
20250630,647,7,33,6,28,13.2,16320000.0,0
20250630,648,7,31,2,32,13.2,7500000.0,0
20250630,649,8,36,1,24,13.6,6580000.0,0
20250630,650,8,36,3,29,13.4,7190000.0,0
20250630,651,4,16,1,29,13.9,8350000.0,0
20250630,652,1,2,2,28,13.6,14180000.0,0
20250630,654,1,1,1,29,13.8,6760000.0,0
20250630,656,7,31,2,23,13.3,6560000.0,0
20250630,659,3,11,1,21,12.3,7960000.0,0
20250630,660,8,36,5,28,12.9,6520000.0,0
20250630,662,7,31,3,25,12.1,8250000.0,0
20250630,663,6,26,4,24,12.5,7540000.0,0
20250630,664,7,31,1,21,12.3,6250000.0,0
20250630,665,2,8,3,35,12.0,19130000.0,0
20250630,667,8,36,3,28,12.9,7370000.0,0
20250630,668,7,31,3,28,12.1,6980000.0,0
20250630,669,3,12,4,30,11.3,16180000.0,0
20250630,671,8,36,5,26,11.2,6370000.0,0
20250630,672,2,7,4,,11.4,11130000.0,0
20250630,673,2,7,2,30,11.3,13120000.0,0
20250630,675,7,31,6,21,11.9,6970000.0,0
20250630,676,3,12,1,29,11.7,12930000.0,0
20250630,677,2,6,1,21,11.8,8580000.0,0
20250630,678,7,32,2,32,11.4,10730000.0,0
20250630,679,8,38,3,25,11.3,13730000.0,0
20250630,682,1,5,1,37,11.9,47300000.0,0
20250630,683,8,36,3,31,11.7,6400000.0,0
20250630,684,8,38,6,31,11.2,14790000.0,0
20250630,686,7,31,4,28,10.1,7580000.0,0
20250630,687,7,32,1,26,10.8,12450000.0,0
20250630,689,2,8,1,32,10.5,18460000.0,0
20250630,690,2,6,1,27,10.4,8220000.0,0
20250630,691,8,37,3,37,10.7,8680000.0,0
20250630,692,3,13,1,31,9.7,22670000.0,0
20250630,693,7,32,4,26,9.0,9120000.0,0
20250630,694,7,32,1,25,9.4,11390000.0,0
20250630,696,2,6,3,30,9.5,8960000.0,0
20250630,697,8,36,1,28,9.2,7010000.0,0
20250630,698,6,27,3,26,9.8,11730000.0,0
20250630,699,7,31,1,21,9.2,6970000.0,0
20250630,700,2,7,2,30,8.0,10060000.0,0
20250630,701,8,36,2,21,8.4,6320000.0,0
20250630,702,7,31,5,23,8.6,6580000.0,0
20250630,703,7,31,6,22,8.5,6080000.0,0
20250630,705,1,1,1,29,8.8,6220000.0,0
20250630,707,8,37,3,28,8.4,8340000.0,0
20250630,708,1,1,1,27,8.0,8530000.0,0
20250630,709,7,31,2,28,8.3,7300000.0,0
20250630,710,1,1,1,22,8.0,6680000.0,0
20250630,711,1,2,1,29,8.7,11060000.0,0
20250630,712,8,37,1,32,8.4,9120000.0,0
20250630,713,3,11,2,26,8.2,9040000.0,0
20250630,714,3,14,3,35,8.2,32510000.0,0
20250630,715,4,16,1,23,8.4,9740000.0,0
20250630,716,2,8,1,31,8.3,16180000.0,0
20250630,717,6,26,3,33,8.3,7870000.0,0
20250630,718,3,11,1,27,8.6,9000000.0,0
20250630,719,1,1,5,23,8.8,7800000.0,0
20250630,720,7,31,2,26,7.3,6590000.0,0
20250630,721,7,31,1,25,7.9,6490000.0,0
20250630,722,2,6,5,27,7.4,7640000.0,0
20250630,723,7,32,1,29,7.1,11530000.0,0
20250630,725,1,1,1,21,7.8,7090000.0,0
20250630,726,3,12,4,27,7.3,15980000.0,0
20250630,727,8,36,6,33,7.2,6640000.0,0
20250630,728,1,1,3,29,7.1,6440000.0,0
20250630,729,8,37,1,23,7.0,10730000.0,0
20250630,731,3,13,1,28,7.5,23100000.0,0
20250630,733,7,32,2,25,7.3,8890000.0,0
20250630,734,3,11,1,24,6.3,9810000.0,0
20250630,735,3,11,1,28,6.8,8940000.0,0
20250630,736,1,1,1,26,6.1,6630000.0,0
20250630,737,7,32,1,29,6.8,10910000.0,0
20250630,738,1,1,4,20,6.7,6780000.0,0
20250630,739,8,36,1,21,6.4,6840000.0,0
20250630,740,2,6,1,25,6.5,7350000.0,0
20250630,741,7,32,2,26,6.1,9490000.0,0
20250630,742,8,36,1,31,6.9,5970000.0,0
20250630,743,1,1,6,25,6.3,7920000.0,0
20250630,744,4,16,6,25,6.4,8760000.0,0
20250630,745,8,37,3,32,5.9,10380000.0,0
20250630,746,3,12,1,31,5.7,15180000.0,0
20250630,747,3,11,5,22,4.9,8820000.0,0
20250630,748,8,40,6,37,5.6,36170000.0,0
20250630,749,8,37,1,27,5.1,11340000.0,0
20250630,750,7,31,1,25,5.8,6760000.0,0
20250630,751,7,31,2,24,5.8,6230000.0,0
20250630,752,8,36,3,23,5.5,6710000.0,0
20250630,753,3,11,2,24,5.8,7860000.0,0
20250630,754,7,33,1,30,5.2,13180000.0,0
20250630,755,7,31,1,23,5.1,6980000.0,0
20250630,756,1,1,1,30,4.1,8280000.0,0
20250630,757,3,11,3,23,4.2,9900000.0,0
20250630,758,1,1,6,22,4.8,7740000.0,0
20250630,759,8,36,6,26,4.4,5410000.0,0
20250630,760,1,2,1,33,4.7,10010000.0,0
20250630,761,7,34,1,33,4.3,25870000.0,0
20250630,762,8,36,1,24,4.1,7030000.0,0
20250630,763,7,31,2,21,4.1,7090000.0,0
20250630,764,1,1,2,27,4.6,7250000.0,0
20250630,765,1,2,1,26,4.0,10810000.0,0
20250630,766,7,31,1,33,4.5,6160000.0,0
20250630,767,8,37,1,,4.9,10740000.0,0
20250630,768,7,31,1,25,4.2,7090000.0,0
20250630,769,3,12,1,25,4.6,12580000.0,0
20250630,770,8,36,5,26,4.5,7010000.0,0
20250630,771,3,11,3,20,4.9,7800000.0,0
20250630,772,1,1,1,29,4.3,7790000.0,0
20250630,773,3,11,2,29,4.1,7890000.0,0
20250630,774,6,26,5,20,3.6,7340000.0,0
20250630,775,6,26,3,28,4.0,5930000.0,0
20250630,776,8,36,2,24,3.4,7070000.0,0
20250630,777,7,31,3,32,3.2,5610000.0,0
20250630,778,3,12,3,27,3.7,12030000.0,0
20250630,779,2,6,5,21,2.3,7810000.0,0
20250630,780,8,38,4,31,2.6,14450000.0,0
20250630,781,5,21,4,25,2.4,9220000.0,0
20250630,782,7,33,1,34,2.5,12940000.0,0
20250630,783,7,31,4,36,2.1,7090000.0,0
20250630,784,8,36,1,20,2.7,6210000.0,0
20250630,785,3,11,1,26,1.9,11170000.0,0
20250630,786,2,7,2,22,1.4,12910000.0,0
20250630,787,7,31,5,23,1.5,7130000.0,0
20250630,788,1,1,5,21,1.7,7350000.0,0
20250630,789,1,1,1,23,1.2,6550000.0,0
20250630,790,8,36,1,24,1.4,5890000.0,0
20250630,791,2,6,6,26,1.0,6960000.0,0
20250630,792,7,31,1,27,1.7,6950000.0,0
20250630,793,8,36,3,20,0.5,6980000.0,1
20250630,794,3,11,1,21,0.1,1777391.0,1
20250630,795,7,32,4,30,0.5,9200000.0,1
20250630,796,1,1,1,25,0.2,4911739.0,1
20250630,797,1,2,3,27,0.3,12320000.0,1
20250630,798,7,31,3,25,0.1,6300000.0,1
20250630,799,7,31,2,23,0.4,6930000.0,1
20250630,800,8,36,4,28,0.1,6400000.0,1
20250630,801,8,37,5,28,0.9,9880000.0,1
20250630,802,4,18,1,35,0.4,20250000.0,1
20250630,803,8,39,1,35,0.7,24180000.0,1
20250731,2,7,32,1,33,72.0,10120000.0,0
20250731,3,5,21,1,31,60.2,8540000.0,0
20250731,5,8,36,1,31,59.3,7070000.0,0
20250731,7,3,11,2,33,64.1,10800000.0,0
20250731,8,5,21,2,33,49.2,7940000.0,0
20250731,9,8,36,3,32,75.8,6480000.0,0
20250731,11,8,36,6,28,39.5,7400000.0,0
20250731,12,2,6,3,36,78.8,8280000.0,0
20250731,13,2,7,2,30,77.3,13030000.0,0
20250731,15,4,16,1,26,77.0,8040000.0,0
20250731,16,1,1,5,27,44.7,8030000.0,0
20250731,17,6,26,3,24,53.6,9680000.0,0
20250731,19,5,24,1,47,84.1,36190000.0,0
20250731,21,7,31,5,27,87.6,7320000.0,0
20250731,22,1,1,3,25,53.4,8610000.0,0
20250731,24,8,36,1,35,95.6,7700000.0,0
20250731,25,2,8,1,40,75.4,17930000.0,0
20250731,27,3,14,1,36,39.1,43220000.0,0
20250731,28,2,6,1,29,84.4,7440000.0,0
20250731,29,3,12,1,33,63.1,15950000.0,0
20250731,30,1,2,3,37,58.8,14400000.0,0
20250731,31,2,6,4,,111.4,9650000.0,0
20250731,33,3,11,3,29,42.3,10300000.0,0
20250731,34,8,36,5,25,57.1,6620000.0,0
20250731,37,1,3,1,36,41.5,20090000.0,0
20250731,38,3,11,1,38,79.4,9790000.0,0
20250731,39,4,16,3,27,40.2,9420000.0,0
20250731,40,3,11,5,31,64.4,10870000.0,0
20250731,44,6,26,2,31,76.4,8250000.0,0
20250731,46,7,31,2,23,33.0,6570000.0,0
20250731,47,7,31,4,35,96.3,8520000.0,0
20250731,48,7,31,5,31,106.6,7120000.0,0
20250731,49,3,13,1,31,116.0,25830000.0,0
20250731,50,3,13,1,38,48.5,22960000.0,0
20250731,51,7,31,1,31,41.1,6810000.0,0
20250731,53,7,32,1,32,42.9,11550000.0,0
20250731,54,8,37,2,33,45.7,12470000.0,0
20250731,55,8,36,1,29,49.0,5990000.0,0
20250731,56,1,1,3,30,102.3,8200000.0,0
20250731,57,4,16,1,31,81.2,10780000.0,0
20250731,58,4,16,3,38,135.5,9750000.0,0
20250731,61,4,17,3,35,126.5,16760000.0,0
20250731,63,3,11,5,31,79.0,11020000.0,0
20250731,64,7,31,1,33,50.0,8230000.0,0
20250731,65,3,11,1,27,85.0,9370000.0,0
20250731,66,1,3,4,34,72.8,17170000.0,0
20250731,67,7,31,6,26,40.1,7040000.0,0
20250731,69,5,21,6,27,65.0,9390000.0,0
20250731,71,1,4,2,41,185.7,31130000.0,0
20250731,72,5,21,1,33,94.8,8980000.0,0
20250731,73,3,14,1,44,59.1,41230000.0,0
20250731,74,8,36,2,35,108.1,7250000.0,0
20250731,75,4,16,6,31,132.9,10610000.0,0
20250731,76,3,13,5,45,143.1,21820000.0,0
20250731,77,5,21,1,26,49.2,8650000.0,0
20250731,80,7,33,2,36,39.3,14690000.0,0
20250731,81,1,1,6,25,56.7,8920000.0,0
20250731,82,2,6,1,30,35.4,8300000.0,0
20250731,83,6,27,2,32,48.6,11750000.0,0
20250731,84,4,16,3,42,151.9,8550000.0,0
20250731,89,1,1,5,31,54.5,7950000.0,0
20250731,91,7,31,1,27,61.0,8630000.0,0
20250731,92,5,21,3,29,71.6,7190000.0,0
20250731,94,2,6,1,29,91.5,8490000.0,0
20250731,95,1,2,2,27,68.8,13300000.0,0
20250731,96,2,9,1,49,185.7,33000000.0,0
20250731,99,7,32,6,34,100.3,12730000.0,0
20250731,100,1,1,3,33,55.0,8420000.0,0
20250731,101,7,31,5,35,63.7,6940000.0,0
20250731,102,7,32,1,32,47.9,10130000.0,0
20250731,105,8,36,3,38,131.2,5580000.0,0
20250731,106,8,36,3,35,61.2,5870000.0,0
20250731,108,4,17,3,34,39.0,15390000.0,0
20250731,109,5,21,1,34,87.0,9330000.0,0
20250731,111,1,2,1,35,185.7,15130000.0,0
20250731,112,2,6,3,32,34.2,7270000.0,0
20250731,114,1,2,1,29,35.7,14630000.0,0
20250731,115,3,13,1,33,35.5,25650000.0,0
20250731,116,1,5,1,43,61.0,42990000.0,0
20250731,120,2,6,4,25,35.0,7270000.0,0
20250731,123,3,11,2,36,42.9,10570000.0,0
20250731,125,7,32,1,30,70.9,11580000.0,0
20250731,127,1,1,6,28,42.2,7590000.0,0
20250731,128,4,16,2,37,96.0,10940000.0,0
20250731,129,6,26,1,41,185.7,6420000.0,0
20250731,131,1,5,1,53,177.0,52870000.0,0
20250731,135,1,1,1,41,82.2,7090000.0,0
20250731,136,7,32,2,30,79.2,9670000.0,0
20250731,137,1,1,3,27,42.3,9590000.0,0
20250731,138,6,29,1,39,64.2,27640000.0,0
20250731,139,7,32,4,30,66.0,12900000.0,0
20250731,141,1,3,3,38,81.3,18590000.0,0
20250731,143,7,31,4,55,63.4,8360000.0,0
20250731,146,1,3,4,30,72.1,21960000.0,0
20250731,148,7,31,1,41,170.4,8220000.0,0
20250731,149,1,1,5,29,55.5,6780000.0,0
20250731,151,8,36,3,25,63.7,7620000.0,0
20250731,153,7,33,1,36,108.6,16550000.0,0
20250731,154,1,5,1,44,61.4,47060000.0,0
20250731,155,4,16,2,32,38.7,8250000.0,0
20250731,156,1,3,6,43,84.4,18520000.0,0
20250731,157,1,5,1,45,67.8,45250000.0,0
20250731,159,7,31,1,28,58.5,6910000.0,0
20250731,160,7,35,1,45,127.8,39750000.0,0
20250731,162,4,16,1,32,124.1,9150000.0,0
20250731,165,5,21,2,39,180.0,9620000.0,0
20250731,167,8,39,1,40,74.1,24240000.0,0
20250731,168,2,7,1,36,99.7,13860000.0,0
20250731,170,1,2,6,38,60.5,14050000.0,0
20250731,171,7,31,6,30,44.8,7840000.0,0
20250731,174,8,37,1,26,70.6,11010000.0,0
20250731,176,3,14,1,38,48.2,45620000.0,0
20250731,178,7,33,1,38,33.3,19140000.0,0
20250731,179,1,4,1,39,95.0,30860000.0,0
20250731,181,1,2,1,34,87.4,10960000.0,0
20250731,182,7,31,1,32,86.9,7050000.0,0
20250731,183,5,21,2,34,119.2,9060000.0,0
20250731,188,4,16,1,26,69.4,9290000.0,0
20250731,190,7,31,5,29,86.5,7200000.0,0
20250731,191,4,16,1,36,53.5,10290000.0,0
20250731,193,1,2,1,34,58.0,10680000.0,0
20250731,194,8,39,1,31,80.6,27090000.0,0
20250731,196,7,32,6,31,118.8,9390000.0,0
20250731,197,6,28,3,40,130.8,19210000.0,0
20250731,198,6,26,6,34,71.3,7670000.0,0
20250731,199,6,26,1,36,51.9,8540000.0,0
20250731,200,2,7,1,28,49.7,11970000.0,0
20250731,201,5,21,5,25,62.0,7130000.0,0
20250731,203,7,31,1,23,36.4,6100000.0,0
20250731,204,1,1,1,40,131.5,9530000.0,0
20250731,205,8,36,4,27,40.6,6250000.0,0
20250731,206,1,1,1,32,63.9,8860000.0,0
20250731,208,3,13,2,45,185.7,27570000.0,0
20250731,209,6,26,1,26,54.6,8170000.0,0
20250731,210,7,33,1,32,53.2,16830000.0,0
20250731,211,7,31,1,31,98.8,7970000.0,0
20250731,213,2,6,3,29,54.7,9040000.0,0
20250731,214,8,36,1,36,147.0,6240000.0,0
20250731,215,4,17,1,33,100.2,15090000.0,0
20250731,216,4,16,6,,89.8,10330000.0,0
20250731,217,5,21,1,33,47.1,7730000.0,0
20250731,218,3,11,1,31,68.6,11520000.0,0
20250731,219,3,11,1,39,101.8,8310000.0,0
20250731,220,8,38,1,36,100.0,13550000.0,0
20250731,221,7,31,3,30,63.9,6520000.0,0
20250731,222,8,36,1,30,57.7,6920000.0,0
20250731,223,1,1,3,24,43.9,8420000.0,0
20250731,224,1,4,1,41,93.9,33670000.0,0
20250731,226,2,6,2,36,41.3,8270000.0,0
20250731,228,5,24,2,36,34.1,30460000.0,0
20250731,229,7,31,1,33,136.0,7580000.0,0
20250731,230,8,37,1,29,34.7,10770000.0,0
20250731,232,3,12,1,40,125.9,18030000.0,0
20250731,234,7,32,2,42,185.7,11010000.0,0
20250731,237,6,27,4,30,31.6,11570000.0,0
20250731,239,2,7,4,34,118.7,14960000.0,0
20250731,240,8,36,6,31,72.3,7090000.0,0
20250731,241,8,36,1,55,66.8,7720000.0,0
20250731,242,8,36,1,28,66.4,6950000.0,0
20250731,243,7,31,1,37,173.9,8070000.0,0
20250731,244,3,13,6,50,98.5,22950000.0,0
20250731,245,1,1,1,33,75.1,7950000.0,0
20250731,247,7,31,1,31,67.1,8090000.0,0
20250731,248,5,22,1,30,67.4,13900000.0,0
20250731,250,1,1,1,32,53.0,9030000.0,0
20250731,251,1,4,1,40,102.9,40380000.0,0
20250731,252,3,11,2,31,70.0,12450000.0,0
20250731,253,8,38,6,35,66.6,17690000.0,0
20250731,254,5,21,1,28,37.0,9510000.0,0
20250731,255,1,1,3,33,136.8,7780000.0,0
20250731,256,7,31,1,31,131.0,7770000.0,0
20250731,257,3,12,1,32,60.0,16010000.0,0
20250731,260,8,39,1,41,152.1,29100000.0,0
20250731,264,1,1,6,28,40.0,6440000.0,0
20250731,265,7,33,1,35,66.0,15820000.0,0
20250731,266,4,16,1,28,38.0,11080000.0,0
20250731,268,7,31,6,25,48.1,7430000.0,0
20250731,271,2,6,2,27,32.5,7850000.0,0
20250731,272,4,19,1,38,50.7,43150000.0,0
20250731,273,3,12,1,36,66.8,18970000.0,0
20250731,274,7,31,5,27,52.9,6710000.0,0
20250731,276,8,36,1,36,81.8,6490000.0,0
20250731,278,3,14,1,43,86.1,44900000.0,0
20250731,282,1,4,1,38,44.0,30410000.0,0
20250731,285,1,1,4,24,50.8,8760000.0,0
20250731,286,1,2,1,34,99.4,13010000.0,0
20250731,288,6,30,1,42,34.9,48900000.0,0
20250731,289,7,32,1,31,35.1,11020000.0,0
20250731,290,3,15,1,35,43.8,68410000.0,0
20250731,291,3,13,1,39,51.6,24640000.0,0
20250731,292,7,31,2,25,59.9,7130000.0,0
20250731,293,1,2,1,29,31.1,10710000.0,0
20250731,296,1,1,4,30,79.4,7680000.0,0
20250731,298,8,38,1,36,61.4,18540000.0,0
20250731,300,4,16,5,29,52.6,8670000.0,0
20250731,301,8,37,1,29,33.3,11080000.0,0
20250731,302,1,1,1,29,39.6,8800000.0,0
20250731,303,1,1,1,33,74.0,8930000.0,0
20250731,304,7,31,1,26,77.8,7110000.0,0
20250731,305,7,31,4,26,76.0,6490000.0,0
20250731,306,1,1,6,36,39.4,9250000.0,0
20250731,307,4,17,4,30,73.3,16440000.0,0
20250731,308,6,26,3,31,60.7,9170000.0,0
20250731,309,1,1,1,23,33.3,9360000.0,0
20250731,310,4,16,1,37,138.0,10990000.0,0
20250731,311,3,13,1,38,53.1,22130000.0,0
20250731,313,7,32,1,36,38.7,12410000.0,0
20250731,316,4,19,1,40,55.9,40610000.0,0
20250731,317,2,7,1,41,79.1,11650000.0,0
20250731,318,1,1,1,28,37.6,8420000.0,0
20250731,320,7,33,5,26,38.3,17650000.0,0
20250731,321,1,1,1,36,148.2,8870000.0,0
20250731,322,5,22,4,25,35.6,13860000.0,0
20250731,324,3,14,1,42,90.3,37220000.0,0
20250731,327,7,32,1,33,59.5,11430000.0,0
20250731,329,7,32,2,34,67.2,11130000.0,0
20250731,330,1,1,2,36,185.7,8580000.0,0
20250731,331,3,12,3,32,59.5,19180000.0,0
20250731,333,8,36,1,28,61.1,6240000.0,0
20250731,334,8,37,6,32,59.2,12620000.0,0
20250731,336,1,1,1,32,68.9,9500000.0,0
20250731,337,3,12,1,26,70.1,16520000.0,0
20250731,338,8,36,1,22,33.2,6270000.0,0
20250731,339,5,21,3,29,45.0,8580000.0,0
20250731,340,8,36,5,41,185.7,8660000.0,0
20250731,341,1,1,1,28,65.1,8510000.0,0
20250731,343,7,31,3,25,58.4,8680000.0,0
20250731,345,3,11,1,30,61.3,9250000.0,0
20250731,347,8,36,2,34,158.1,8300000.0,0
20250731,349,7,33,4,46,94.6,14550000.0,0
20250731,350,2,7,3,30,44.5,14990000.0,0
20250731,353,1,2,1,35,101.5,11460000.0,0
20250731,354,7,31,1,32,35.8,6610000.0,0
20250731,358,5,22,1,33,77.9,12200000.0,0
20250731,359,3,13,1,31,35.9,22080000.0,0
20250731,360,7,32,4,39,152.2,12150000.0,0
20250731,361,1,3,6,37,98.1,21230000.0,0
20250731,362,8,36,1,28,69.5,7400000.0,0
20250731,364,7,32,3,32,42.9,10680000.0,0
20250731,366,8,37,4,32,48.1,11500000.0,0
20250731,367,6,27,1,32,34.3,12170000.0,0
20250731,369,1,3,1,37,56.4,20760000.0,0
20250731,370,4,19,1,37,34.9,31920000.0,0
20250731,372,1,1,1,32,63.5,8020000.0,0
20250731,373,2,8,1,38,75.6,18200000.0,0
20250731,374,1,1,5,34,102.4,9670000.0,0
20250731,375,5,22,4,40,177.7,15400000.0,0
20250731,376,3,11,4,26,49.1,9550000.0,0
20250731,377,6,28,2,45,149.2,17500000.0,0
20250731,378,1,1,2,37,129.9,8930000.0,0
20250731,379,1,1,1,30,93.3,8290000.0,0
20250731,380,3,12,5,33,48.9,12710000.0,0
20250731,381,4,18,2,45,118.8,21600000.0,0
20250731,383,6,27,2,33,71.0,11390000.0,0
20250731,384,3,11,1,32,100.5,10400000.0,0
20250731,385,7,33,6,23,32.6,15990000.0,0
20250731,386,2,6,1,41,133.3,9600000.0,0
20250731,387,3,11,1,27,49.2,10150000.0,0
20250731,391,7,32,3,32,70.4,11700000.0,0
20250731,393,7,31,6,26,71.9,7220000.0,0
20250731,396,1,1,1,28,49.0,7860000.0,0
20250731,397,2,7,1,28,57.1,12290000.0,0
20250731,398,3,12,1,30,40.8,13010000.0,0
20250731,400,7,32,3,37,58.1,8930000.0,0
20250731,401,6,29,1,36,49.3,37090000.0,0
20250731,404,7,31,6,37,162.9,6350000.0,0
20250731,406,3,11,2,34,52.7,10760000.0,0
20250731,409,7,33,1,43,185.7,18860000.0,0
20250731,413,8,36,3,30,33.1,6900000.0,0
20250731,417,7,31,2,27,32.0,7050000.0,0
20250731,418,7,31,1,36,66.1,7210000.0,0
20250731,419,8,39,1,40,79.4,25730000.0,0
20250731,420,5,21,2,33,92.8,9530000.0,0
20250731,421,1,4,1,40,93.9,25780000.0,0
20250731,423,4,16,5,25,55.8,9320000.0,0
20250731,424,3,11,1,23,31.6,9570000.0,0
20250731,425,1,3,3,35,49.7,16470000.0,0
20250731,426,3,14,6,37,41.6,42000000.0,0
20250731,427,1,1,6,25,36.7,9780000.0,0
20250731,429,7,33,1,34,56.4,16920000.0,0
20250731,431,3,12,2,44,153.8,15600000.0,0
20250731,432,1,4,1,41,48.0,39900000.0,0
20250731,433,7,35,1,49,137.1,50490000.0,0
20250731,439,8,37,1,35,64.7,10770000.0,0
20250731,440,7,31,3,30,44.8,7110000.0,0
20250731,442,8,36,2,29,87.0,5820000.0,0
20250731,445,1,4,1,45,148.9,30670000.0,0
20250731,446,8,36,4,25,64.7,6890000.0,0
20250731,447,4,16,1,26,52.6,10540000.0,0
20250731,449,1,2,6,28,47.8,11170000.0,0
20250731,450,8,38,1,39,118.7,17850000.0,0
20250731,452,3,12,2,32,68.9,15290000.0,0
20250731,453,8,36,2,32,61.7,7970000.0,0
20250731,454,7,34,1,41,131.0,25920000.0,0
20250731,455,4,20,6,45,55.8,63640000.0,0
20250731,457,7,32,3,40,129.9,12110000.0,0
20250731,458,7,31,1,27,56.1,7370000.0,0
20250731,460,2,7,1,34,56.7,12480000.0,0
20250731,461,4,16,1,26,30.3,11430000.0,0
20250731,462,2,6,1,25,30.7,10880000.0,0
20250731,463,5,21,1,24,30.2,8460000.0,0
20250731,465,8,37,2,28,30.8,9570000.0,0
20250731,466,7,31,4,28,30.6,7300000.0,0
20250731,467,3,11,2,25,30.2,11090000.0,0
20250731,469,7,31,1,26,30.8,6820000.0,0
20250731,470,1,1,1,28,30.1,8430000.0,0
20250731,471,7,32,3,34,30.2,12060000.0,0
20250731,472,2,6,1,28,30.0,7690000.0,0
20250731,473,6,26,1,27,30.4,8360000.0,0
20250731,474,6,27,1,32,30.8,12480000.0,0
20250731,476,7,31,1,29,29.2,7670000.0,0
20250731,478,3,11,4,23,29.3,8510000.0,0
20250731,479,2,6,6,34,29.6,9380000.0,0
20250731,480,5,21,6,27,29.4,8550000.0,0
20250731,481,8,36,1,26,28.2,8040000.0,0
20250731,483,8,37,1,32,29.0,11470000.0,0
20250731,485,1,1,1,25,28.8,7290000.0,0
20250731,486,1,1,2,26,28.8,7580000.0,0
20250731,487,1,1,1,25,28.0,7360000.0,0
20250731,491,8,36,3,28,27.8,7400000.0,0
20250731,492,8,36,5,22,27.7,6300000.0,0
20250731,493,3,11,1,22,27.5,9570000.0,0
20250731,494,4,19,2,42,27.7,41790000.0,0
20250731,495,3,11,2,24,27.4,10860000.0,0
20250731,496,7,31,2,,27.9,6660000.0,0
20250731,498,7,32,6,27,28.0,11000000.0,0
20250731,499,1,2,5,23,27.5,14110000.0,0
20250731,500,2,6,2,27,27.7,8800000.0,0
20250731,501,8,36,4,32,27.2,5560000.0,0
20250731,502,1,1,6,23,27.1,6950000.0,0
20250731,504,7,31,3,28,27.7,7590000.0,0
20250731,507,2,6,1,23,27.8,10700000.0,0
20250731,509,7,31,1,27,27.1,6440000.0,0
20250731,510,3,11,3,22,26.9,8750000.0,0
20250731,518,2,6,2,30,25.4,8600000.0,0
20250731,521,7,31,2,28,26.0,7810000.0,0
20250731,527,3,14,1,34,24.5,35510000.0,0
20250731,528,7,32,3,34,24.8,10230000.0,0
20250731,529,8,36,5,23,24.6,6900000.0,0
20250731,530,7,33,1,27,24.6,15390000.0,0
20250731,532,6,26,1,26,24.6,8820000.0,0
20250731,534,8,36,1,27,23.0,6110000.0,0
20250731,535,5,21,3,24,23.3,9520000.0,0
20250731,536,3,11,1,23,23.7,10220000.0,0
20250731,537,7,31,1,27,23.5,6780000.0,0
20250731,538,3,11,3,22,23.4,9710000.0,0
20250731,540,3,11,1,25,23.6,12030000.0,0
20250731,541,8,36,1,23,23.6,7960000.0,0
20250731,543,3,12,1,26,23.6,15070000.0,0
20250731,544,6,26,1,30,23.9,7930000.0,0
20250731,545,4,16,2,26,23.7,9680000.0,0
20250731,547,1,2,2,25,23.6,12680000.0,0
20250731,548,1,1,5,26,22.0,8480000.0,0
20250731,549,1,2,1,31,22.5,14810000.0,0
20250731,551,8,36,2,32,22.9,6510000.0,0
20250731,552,8,38,5,32,22.7,16620000.0,0
20250731,556,2,6,6,24,21.1,9040000.0,0
20250731,558,6,26,1,22,21.9,8070000.0,0
20250731,559,8,36,1,21,21.1,7860000.0,0
20250731,562,1,1,1,26,21.1,8310000.0,0
20250731,563,8,36,5,28,20.5,7220000.0,0
20250731,564,1,1,1,28,20.2,7570000.0,0
20250731,566,4,16,5,27,20.8,9100000.0,0
20250731,572,3,12,1,24,20.1,14110000.0,0
20250731,574,5,21,5,28,20.2,8230000.0,0
20250731,576,7,31,1,31,20.3,7590000.0,0
20250731,578,3,11,3,23,20.7,11050000.0,0
20250731,580,2,6,5,22,19.4,7730000.0,0
20250731,583,6,26,5,30,19.8,8080000.0,0
20250731,584,3,11,3,23,19.9,9430000.0,0
20250731,587,1,1,1,31,19.7,7850000.0,0
20250731,591,1,1,2,30,19.0,8700000.0,0
20250731,592,7,31,6,23,18.4,6460000.0,0
20250731,593,7,33,3,35,18.5,16250000.0,0
20250731,595,7,32,4,34,17.9,10740000.0,0
20250731,596,5,21,1,32,17.6,7690000.0,0
20250731,597,2,6,1,29,17.6,7920000.0,0
20250731,599,7,31,1,25,17.3,6990000.0,0
20250731,600,7,31,2,24,17.4,5960000.0,0
20250731,601,7,31,4,26,17.2,6760000.0,0
20250731,603,4,16,3,25,17.3,8920000.0,0
20250731,605,7,31,5,25,17.8,7000000.0,0
20250731,607,3,11,5,21,17.9,9670000.0,0
20250731,609,7,31,1,29,17.6,8300000.0,0
20250731,610,7,31,1,27,17.9,7920000.0,0
20250731,611,4,17,1,25,17.1,16820000.0,0
20250731,612,2,6,2,25,17.3,6960000.0,0
20250731,613,8,36,5,22,17.8,6580000.0,0
20250731,617,3,11,5,21,16.8,9040000.0,0
20250731,620,2,6,3,27,16.6,8530000.0,0
20250731,621,3,12,1,27,17.0,13830000.0,0
20250731,622,8,36,1,31,16.6,6160000.0,0
20250731,623,7,31,1,23,16.6,6080000.0,0
20250731,624,8,37,1,31,16.7,9910000.0,0
20250731,625,2,7,1,35,16.0,13790000.0,0
20250731,626,7,31,2,25,16.7,7290000.0,0
20250731,628,7,31,6,21,15.1,7210000.0,0
20250731,629,1,2,1,29,15.9,10990000.0,0
20250731,630,3,11,4,22,15.7,11140000.0,0
20250731,631,1,1,2,24,15.4,7110000.0,0
20250731,632,3,11,3,30,15.2,10900000.0,0
20250731,633,8,36,1,23,15.2,5750000.0,0
20250731,634,3,11,2,28,16.0,9570000.0,0
20250731,635,7,31,2,24,15.9,7380000.0,0
20250731,637,5,21,3,30,15.1,9300000.0,0
20250731,639,5,22,4,30,15.2,12140000.0,0
20250731,640,6,26,6,25,15.3,7900000.0,0
20250731,641,7,32,4,31,15.3,11360000.0,0
20250731,642,5,21,1,27,15.9,8870000.0,0
20250731,643,3,12,1,30,14.4,14040000.0,0
20250731,645,3,11,6,21,14.6,8270000.0,0
20250731,647,7,33,6,28,14.2,16320000.0,0
20250731,648,7,31,2,32,14.2,7500000.0,0
20250731,649,8,36,1,24,14.6,6580000.0,0
20250731,650,8,36,3,29,14.4,7190000.0,0
20250731,651,4,16,1,29,14.9,8350000.0,0
20250731,652,1,2,2,28,14.6,14180000.0,0
20250731,654,1,1,1,29,14.9,6760000.0,0
20250731,656,7,31,2,23,14.3,6560000.0,0
20250731,659,3,11,1,21,13.3,7960000.0,0
20250731,660,8,36,5,28,13.9,6520000.0,0
20250731,662,7,31,3,25,13.1,8250000.0,0
20250731,663,6,26,4,25,13.5,7540000.0,0
20250731,664,7,31,1,21,13.3,6250000.0,0
20250731,665,2,8,3,35,13.0,19130000.0,0
20250731,667,8,36,3,28,13.9,7370000.0,0
20250731,668,7,31,3,28,13.1,6980000.0,0
20250731,669,3,12,4,31,12.4,16180000.0,0
20250731,671,8,36,5,26,12.3,6370000.0,0
20250731,672,2,7,4,,12.5,11130000.0,0
20250731,673,2,7,2,30,12.4,13120000.0,0
20250731,675,7,31,6,21,12.9,6970000.0,0
20250731,676,3,12,1,29,12.7,12930000.0,0
20250731,677,2,6,1,21,12.8,8580000.0,0
20250731,678,7,32,2,32,12.4,10730000.0,0
20250731,679,8,38,3,25,12.3,13730000.0,0
20250731,682,1,5,1,38,12.9,47300000.0,0
20250731,683,8,36,3,31,12.7,6400000.0,0
20250731,684,8,38,6,31,12.3,14790000.0,0
20250731,686,7,31,4,28,11.1,7580000.0,0
20250731,687,7,32,1,26,11.9,12450000.0,0
20250731,689,2,8,1,32,11.5,18460000.0,0
20250731,690,2,6,1,27,11.4,8220000.0,0
20250731,691,8,37,3,37,11.7,8680000.0,0
20250731,692,3,13,1,31,10.7,22670000.0,0
20250731,693,7,32,4,26,10.1,9120000.0,0
20250731,694,7,32,1,25,10.4,11390000.0,0
20250731,696,2,6,3,30,10.5,8960000.0,0
20250731,697,8,36,1,28,10.3,7010000.0,0
20250731,698,6,27,3,26,10.8,11730000.0,0
20250731,699,7,31,1,21,10.2,6970000.0,0
20250731,701,8,36,2,21,9.5,6320000.0,0
20250731,703,7,31,6,22,9.5,6080000.0,0
20250731,705,1,1,1,29,9.9,6220000.0,0
20250731,707,8,37,3,29,9.4,8340000.0,0
20250731,708,1,1,1,27,9.1,8530000.0,0
20250731,709,7,31,2,28,9.3,7300000.0,0
20250731,710,1,1,1,22,9.0,6680000.0,0
20250731,711,1,2,1,29,9.8,11060000.0,0
20250731,712,8,37,1,32,9.4,9120000.0,0
20250731,713,3,11,2,26,9.2,9040000.0,0
20250731,714,3,14,3,35,9.2,32510000.0,0
20250731,715,4,16,1,23,9.4,9740000.0,0
20250731,716,2,8,1,31,9.4,16180000.0,0
20250731,717,6,26,3,33,9.3,7870000.0,0
20250731,718,3,11,1,27,9.7,9000000.0,0
20250731,719,1,1,5,23,9.8,7800000.0,0
20250731,720,7,31,2,26,8.3,6590000.0,0
20250731,721,7,31,1,25,8.9,6490000.0,0
20250731,722,2,6,5,27,8.4,7640000.0,0
20250731,723,7,32,1,30,8.1,11530000.0,0
20250731,725,1,1,1,22,8.8,7090000.0,0
20250731,726,3,12,4,27,8.3,15980000.0,0
20250731,727,8,36,6,33,8.2,6640000.0,0
20250731,728,1,1,3,29,8.1,6440000.0,0
20250731,729,8,37,1,23,8.0,10730000.0,0
20250731,731,3,13,1,28,8.5,23100000.0,0
20250731,733,7,32,2,25,8.3,8890000.0,0
20250731,734,3,11,1,24,7.3,9810000.0,0
20250731,735,3,11,1,28,7.8,8940000.0,0
20250731,736,1,1,1,26,7.1,6630000.0,0
20250731,737,7,32,1,29,7.9,10910000.0,0
20250731,738,1,1,4,20,7.7,6780000.0,0
20250731,739,8,36,1,21,7.4,6840000.0,0
20250731,740,2,6,1,25,7.5,7350000.0,0
20250731,741,7,32,2,26,7.1,9490000.0,0
20250731,742,8,36,1,31,7.9,5970000.0,0
20250731,743,1,1,6,25,7.3,7920000.0,0
20250731,744,4,16,6,25,7.5,8760000.0,0
20250731,745,8,37,3,33,6.9,10380000.0,0
20250731,746,3,12,1,31,6.7,15180000.0,0
20250731,747,3,11,5,23,5.9,8820000.0,0
20250731,748,8,40,6,37,6.6,36170000.0,0
20250731,749,8,37,1,27,6.1,11340000.0,0
20250731,751,7,31,2,24,6.9,6230000.0,0
20250731,752,8,36,3,23,6.5,6710000.0,0
20250731,753,3,11,2,24,6.8,7860000.0,0
20250731,754,7,33,1,30,6.2,13180000.0,0
20250731,755,7,31,1,23,6.1,6980000.0,0
20250731,756,1,1,1,30,5.1,8280000.0,0
20250731,757,3,11,3,24,5.2,9900000.0,0
20250731,758,1,1,6,22,5.8,7740000.0,0
20250731,759,8,36,6,26,5.5,5410000.0,0
20250731,760,1,2,1,33,5.7,10010000.0,0
20250731,761,7,34,1,33,5.3,25870000.0,0
20250731,762,8,36,1,24,5.1,7030000.0,0
20250731,763,7,31,2,21,5.1,7090000.0,0
20250731,764,1,1,2,27,5.7,7250000.0,0
20250731,765,1,2,1,26,5.0,10810000.0,0
20250731,766,7,31,1,33,5.5,6160000.0,0
20250731,767,8,37,1,,5.9,10740000.0,0
20250731,768,7,31,1,25,5.2,7090000.0,0
20250731,769,3,12,1,25,5.7,12580000.0,0
20250731,770,8,36,5,27,5.5,7010000.0,0
20250731,771,3,11,3,20,5.9,7800000.0,0
20250731,772,1,1,1,29,5.3,7790000.0,0
20250731,773,3,11,2,29,5.1,7890000.0,0
20250731,774,6,26,5,20,4.7,7340000.0,0
20250731,775,6,26,3,28,5.0,5930000.0,0
20250731,776,8,36,2,24,4.4,7070000.0,0
20250731,777,7,31,3,32,4.2,5610000.0,0
20250731,778,3,12,3,27,4.7,12030000.0,0
20250731,779,2,6,5,21,3.4,7810000.0,0
20250731,780,8,38,4,31,3.6,14450000.0,0
20250731,781,5,21,4,25,3.4,9220000.0,0
20250731,782,7,33,1,34,3.5,12940000.0,0
20250731,783,7,31,4,36,3.1,7090000.0,0
20250731,784,8,36,1,20,3.7,6210000.0,0
20250731,785,3,11,1,26,2.9,11170000.0,0
20250731,786,2,7,2,22,2.4,12910000.0,0
20250731,787,7,31,5,23,2.5,7130000.0,0
20250731,788,1,1,5,22,2.7,7350000.0,0
20250731,789,1,1,1,23,2.2,6550000.0,0
20250731,790,8,36,1,24,2.5,5890000.0,0
20250731,791,2,6,6,26,2.0,6960000.0,0
20250731,792,7,31,1,27,2.8,6950000.0,0
20250731,793,8,36,3,20,1.5,6980000.0,0
20250731,795,7,32,4,30,1.5,9200000.0,0
20250731,797,1,2,3,27,1.3,12320000.0,0
20250731,798,7,31,3,25,1.1,6300000.0,0
20250731,799,7,31,2,23,1.4,6930000.0,0
20250731,800,8,36,4,28,1.1,6400000.0,0
20250731,801,8,37,5,28,1.9,9880000.0,0
20250731,802,4,18,1,35,1.4,20250000.0,0
20250731,803,8,39,1,35,1.7,24180000.0,0
20250731,804,8,36,5,30,1.0,6480000.0,1
20250731,805,5,23,3,37,0.0,20890000.0,1
20250731,806,7,31,3,25,0.8,5760000.0,1
20250731,807,3,11,1,26,0.3,9360000.0,1
20250731,808,7,32,6,32,0.4,9870000.0,1
20250731,809,1,2,1,24,0.5,11400000.0,1
20250731,810,1,1,1,24,0.8,7110000.0,1
20250731,811,2,6,1,27,0.6,7440000.0,1
20250731,812,7,31,5,23,0.8,6630000.0,1
20250731,813,7,31,4,24,0.5,6210000.0,1
20250731,814,3,12,1,32,0.6,12500000.0,1
20250731,815,1,1,3,22,0.2,6630000.0,1
20250831,2,7,32,1,33,73.0,10120000.0,0
20250831,3,5,21,1,32,61.2,8540000.0,0
20250831,5,8,36,1,31,60.3,7070000.0,0
20250831,7,3,11,2,33,65.1,10800000.0,0
20250831,8,5,21,2,33,50.2,7940000.0,0
20250831,9,8,36,3,32,76.8,6480000.0,0
20250831,11,8,36,6,28,40.5,7400000.0,0
20250831,12,2,6,3,36,79.8,8280000.0,0
20250831,13,2,7,2,30,78.4,13030000.0,0
20250831,15,4,16,1,27,78.0,8040000.0,0
20250831,16,1,1,5,27,45.8,8030000.0,0
20250831,17,6,26,3,24,54.6,9680000.0,0
20250831,19,5,24,1,47,85.2,36190000.0,0
20250831,21,7,31,5,27,88.6,7320000.0,0
20250831,22,1,1,3,25,54.4,8610000.0,0
20250831,24,8,36,1,35,96.7,7700000.0,0
20250831,25,2,8,1,40,76.4,17930000.0,0
20250831,27,3,14,1,36,40.1,43220000.0,0
20250831,28,2,6,1,30,85.4,7440000.0,0
20250831,29,3,12,1,33,64.1,15950000.0,0
20250831,30,1,2,3,38,59.9,14400000.0,0
20250831,31,2,6,4,,112.4,9650000.0,0
20250831,33,3,11,3,29,43.3,10300000.0,0
20250831,34,8,36,5,25,58.2,6620000.0,0
20250831,37,1,3,1,36,42.5,20090000.0,0
20250831,38,3,11,1,38,80.4,9790000.0,0
20250831,39,4,16,3,27,41.2,9420000.0,0
20250831,40,3,11,5,31,65.4,10870000.0,0
20250831,44,6,26,2,31,77.4,8250000.0,0
20250831,46,7,31,2,23,34.0,6570000.0,0
20250831,47,7,31,4,35,97.3,8520000.0,0
20250831,48,7,31,5,31,107.6,7120000.0,0
20250831,49,3,13,1,31,117.1,25830000.0,0
20250831,50,3,13,1,38,49.5,22960000.0,0
20250831,51,7,31,1,31,42.2,6810000.0,0
20250831,53,7,32,1,32,43.9,11550000.0,0
20250831,54,8,37,2,33,46.7,12470000.0,0
20250831,55,8,36,1,29,50.0,5990000.0,0
20250831,56,1,1,3,30,103.4,8200000.0,0
20250831,57,4,16,1,31,82.2,10780000.0,0
20250831,58,4,16,3,38,136.5,9750000.0,0
20250831,61,4,17,3,35,127.5,16760000.0,0
20250831,63,3,11,5,31,80.1,11020000.0,0
20250831,64,7,31,1,33,51.0,8230000.0,0
20250831,65,3,11,1,27,86.0,9370000.0,0
20250831,66,1,3,4,34,73.8,17170000.0,0
20250831,67,7,31,6,26,41.2,7040000.0,0
20250831,69,5,21,6,27,66.0,9390000.0,0
20250831,71,1,4,2,41,186.7,31130000.0,0
20250831,72,5,21,1,33,95.8,8980000.0,0
20250831,73,3,14,1,44,60.1,41230000.0,0
20250831,74,8,36,2,35,109.1,7250000.0,0
20250831,75,4,16,6,32,133.9,10610000.0,0
20250831,76,3,13,5,46,144.2,21820000.0,0
20250831,77,5,21,1,26,50.2,8650000.0,0
20250831,80,7,33,2,36,40.3,14690000.0,0
20250831,81,1,1,6,25,57.7,8920000.0,0
20250831,82,2,6,1,30,36.5,8300000.0,0
20250831,83,6,27,2,32,49.6,11750000.0,0
20250831,84,4,16,3,42,152.9,8550000.0,0
20250831,89,1,1,5,31,55.5,7950000.0,0
20250831,91,7,31,1,27,62.0,8630000.0,0
20250831,92,5,21,3,29,72.6,7190000.0,0
20250831,94,2,6,1,29,92.6,8490000.0,0
20250831,95,1,2,2,28,69.8,13300000.0,0
20250831,96,2,9,1,49,186.7,33000000.0,0
20250831,99,7,32,6,34,101.3,12730000.0,0
20250831,100,1,1,3,33,56.0,8420000.0,0
20250831,101,7,31,5,35,64.7,6940000.0,0
20250831,102,7,32,1,32,49.0,10130000.0,0
20250831,105,8,36,3,38,132.2,5580000.0,0
20250831,106,8,36,3,35,62.2,5870000.0,0
20250831,108,4,17,3,34,40.0,15390000.0,0
20250831,109,5,21,1,34,88.0,9330000.0,0
20250831,111,1,2,1,36,186.7,15130000.0,0
20250831,112,2,6,3,32,35.2,7270000.0,0
20250831,114,1,2,1,29,36.7,14630000.0,0
20250831,115,3,13,1,33,36.5,25650000.0,0
20250831,116,1,5,1,43,62.1,42990000.0,0
20250831,120,2,6,4,25,36.0,7270000.0,0
20250831,123,3,11,2,36,43.9,10570000.0,0
20250831,125,7,32,1,30,71.9,11580000.0,0
20250831,127,1,1,6,28,43.2,7590000.0,0
20250831,128,4,16,2,37,97.1,10940000.0,0
20250831,129,6,26,1,41,186.7,6420000.0,0
20250831,131,1,5,1,53,178.0,52870000.0,0
20250831,135,1,1,1,41,83.3,7090000.0,0
20250831,136,7,32,2,30,80.2,9670000.0,0
20250831,137,1,1,3,27,43.4,9590000.0,0
20250831,138,6,29,1,39,65.2,27640000.0,0
20250831,139,7,32,4,30,67.0,12900000.0,0
20250831,141,1,3,3,38,82.4,18590000.0,0
20250831,143,7,31,4,55,64.4,8360000.0,0
20250831,146,1,3,4,30,73.1,21960000.0,0
20250831,148,7,31,1,41,171.4,8220000.0,0
20250831,149,1,1,5,29,56.5,6780000.0,0
20250831,151,8,36,3,25,64.7,7620000.0,0
20250831,153,7,33,1,36,109.7,16550000.0,0
20250831,154,1,5,1,44,62.5,47060000.0,0
20250831,155,4,16,2,33,39.7,8250000.0,0
20250831,156,1,3,6,43,85.5,18520000.0,0
20250831,157,1,5,1,45,68.8,45250000.0,0
20250831,159,7,31,1,28,59.5,6910000.0,0
20250831,160,7,35,1,45,128.8,39750000.0,0
20250831,162,4,16,1,32,125.1,9150000.0,0
20250831,165,5,21,2,39,181.1,9620000.0,0
20250831,167,8,39,1,41,75.1,24240000.0,0
20250831,168,2,7,1,36,100.7,13860000.0,0
20250831,170,1,2,6,38,61.5,14050000.0,0
20250831,171,7,31,6,30,45.8,7840000.0,0
20250831,174,8,37,1,26,71.7,11010000.0,0
20250831,176,3,14,1,38,49.2,45620000.0,0
20250831,178,7,33,1,38,34.3,19140000.0,0
20250831,179,1,4,1,39,96.0,30860000.0,0
20250831,181,1,2,1,34,88.4,10960000.0,0
20250831,182,7,31,1,32,88.0,7050000.0,0
20250831,183,5,21,2,34,120.2,9060000.0,0
20250831,188,4,16,1,26,70.4,9290000.0,0
20250831,190,7,31,5,29,87.5,7200000.0,0
20250831,191,4,16,1,36,54.5,10290000.0,0
20250831,193,1,2,1,34,59.0,10680000.0,0
20250831,194,8,39,1,31,81.6,27090000.0,0
20250831,196,7,32,6,31,119.8,9390000.0,0
20250831,197,6,28,3,40,131.8,19210000.0,0
20250831,198,6,26,6,34,72.3,7670000.0,0
20250831,199,6,26,1,36,53.0,8540000.0,0
20250831,200,2,7,1,28,50.7,11970000.0,0
20250831,201,5,21,5,25,63.0,7130000.0,0
20250831,203,7,31,1,23,37.5,6100000.0,0
20250831,204,1,1,1,40,132.5,9530000.0,0
20250831,205,8,36,4,27,41.7,6250000.0,0
20250831,206,1,1,1,32,64.9,8860000.0,0
20250831,208,3,13,2,45,186.7,27570000.0,0
20250831,209,6,26,1,26,55.6,8170000.0,0
20250831,210,7,33,1,32,54.2,16830000.0,0
20250831,211,7,31,1,32,99.8,7970000.0,0
20250831,213,2,6,3,29,55.8,9040000.0,0
20250831,214,8,36,1,36,148.0,6240000.0,0
20250831,215,4,17,1,33,101.2,15090000.0,0
20250831,216,4,16,6,,90.8,10330000.0,0
20250831,217,5,21,1,33,48.1,7730000.0,0
20250831,218,3,11,1,31,69.6,11520000.0,0
20250831,219,3,11,1,39,102.8,8310000.0,0
20250831,220,8,38,1,36,101.1,13550000.0,0
20250831,221,7,31,3,30,64.9,6520000.0,0
20250831,222,8,36,1,30,58.7,6920000.0,0
20250831,223,1,1,3,24,44.9,8420000.0,0
20250831,224,1,4,1,42,94.9,33670000.0,0
20250831,226,2,6,2,36,42.3,8270000.0,0
20250831,228,5,24,2,36,35.2,30460000.0,0
20250831,229,7,31,1,33,137.0,7580000.0,0
20250831,230,8,37,1,29,35.7,10770000.0,0
20250831,232,3,12,1,40,126.9,18030000.0,0
20250831,234,7,32,2,42,186.7,11010000.0,0
20250831,237,6,27,4,30,32.6,11570000.0,0
20250831,239,2,7,4,34,119.8,14960000.0,0
20250831,240,8,36,6,31,73.3,7090000.0,0
20250831,241,8,36,1,55,67.8,7720000.0,0
20250831,242,8,36,1,28,67.4,6950000.0,0
20250831,243,7,31,1,38,174.9,8070000.0,0
20250831,244,3,13,6,50,99.5,22950000.0,0
20250831,245,1,1,1,33,76.2,7950000.0,0
20250831,247,7,31,1,31,68.1,8090000.0,0
20250831,248,5,22,1,30,68.4,13900000.0,0
20250831,250,1,1,1,32,54.0,9030000.0,0
20250831,251,1,4,1,41,104.0,40380000.0,0
20250831,252,3,11,2,31,71.0,12450000.0,0
20250831,253,8,38,6,35,67.6,17690000.0,0
20250831,254,5,21,1,28,38.0,9510000.0,0
20250831,255,1,1,3,33,137.8,7780000.0,0
20250831,256,7,31,1,31,132.0,7770000.0,0
20250831,257,3,12,1,33,61.0,16010000.0,0
20250831,260,8,39,1,42,153.1,29100000.0,0
20250831,264,1,1,6,28,41.0,6440000.0,0
20250831,265,7,33,1,35,67.0,15820000.0,0
20250831,266,4,16,1,29,39.0,11080000.0,0
20250831,268,7,31,6,25,49.1,7430000.0,0
20250831,271,2,6,2,27,33.5,7850000.0,0
20250831,272,4,19,1,38,51.7,43150000.0,0
20250831,273,3,12,1,36,67.8,18970000.0,0
20250831,274,7,31,5,28,53.9,6710000.0,0
20250831,276,8,36,1,36,82.9,6490000.0,0
20250831,278,3,14,1,43,87.1,44900000.0,0
20250831,282,1,4,1,39,45.0,30410000.0,0
20250831,285,1,1,4,24,51.8,8760000.0,0
20250831,286,1,2,1,34,100.4,13010000.0,0
20250831,288,6,30,1,42,35.9,48900000.0,0
20250831,289,7,32,1,32,36.1,11020000.0,0
20250831,290,3,15,1,36,44.8,68410000.0,0
20250831,291,3,13,1,39,52.7,24640000.0,0
20250831,292,7,31,2,25,60.9,7130000.0,0
20250831,293,1,2,1,29,32.1,10710000.0,0
20250831,296,1,1,4,30,80.4,7680000.0,0
20250831,298,8,38,1,36,62.5,18540000.0,0
20250831,300,4,16,5,29,53.7,8670000.0,0
20250831,301,8,37,1,29,34.4,11080000.0,0
20250831,302,1,1,1,29,40.6,8800000.0,0
20250831,303,1,1,1,33,75.0,8930000.0,0
20250831,304,7,31,1,26,78.9,7110000.0,0
20250831,305,7,31,4,27,77.0,6490000.0,0
20250831,306,1,1,6,36,40.4,9250000.0,0
20250831,307,4,17,4,30,74.3,16440000.0,0
20250831,308,6,26,3,31,61.7,9170000.0,0
20250831,309,1,1,1,23,34.3,9360000.0,0
20250831,310,4,16,1,37,139.0,10990000.0,0
20250831,311,3,13,1,38,54.1,22130000.0,0
20250831,313,7,32,1,36,39.7,12410000.0,0
20250831,316,4,19,1,40,56.9,40610000.0,0
20250831,317,2,7,1,41,80.1,11650000.0,0
20250831,318,1,1,1,28,38.6,8420000.0,0
20250831,320,7,33,5,26,39.4,17650000.0,0
20250831,321,1,1,1,36,149.2,8870000.0,0
20250831,322,5,22,4,25,36.7,13860000.0,0
20250831,324,3,14,1,42,91.3,37220000.0,0
20250831,327,7,32,1,33,60.5,11430000.0,0
20250831,329,7,32,2,34,68.2,11130000.0,0
20250831,330,1,1,2,36,186.7,8580000.0,0
20250831,331,3,12,3,32,60.6,19180000.0,0
20250831,333,8,36,1,28,62.2,6240000.0,0
20250831,334,8,37,6,32,60.3,12620000.0,0
20250831,336,1,1,1,32,69.9,9500000.0,0
20250831,337,3,12,1,26,71.2,16520000.0,0
20250831,338,8,36,1,22,34.2,6270000.0,0
20250831,339,5,21,3,29,46.0,8580000.0,0
20250831,340,8,36,5,41,186.7,8660000.0,0
20250831,341,1,1,1,28,66.1,8510000.0,0
20250831,343,7,31,3,25,59.5,8680000.0,0
20250831,345,3,11,1,30,62.4,9250000.0,0
20250831,347,8,36,2,34,159.1,8300000.0,0
20250831,349,7,33,4,46,95.6,14550000.0,0
20250831,350,2,7,3,31,45.5,14990000.0,0
20250831,353,1,2,1,35,102.5,11460000.0,0
20250831,354,7,31,1,32,36.9,6610000.0,0
20250831,358,5,22,1,33,78.9,12200000.0,0
20250831,359,3,13,1,31,36.9,22080000.0,0
20250831,360,7,32,4,40,153.2,12150000.0,0
20250831,361,1,3,6,37,99.2,21230000.0,0
20250831,362,8,36,1,28,70.5,7400000.0,0
20250831,364,7,32,3,32,44.0,10680000.0,0
20250831,366,8,37,4,32,49.1,11500000.0,0
20250831,367,6,27,1,32,35.4,12170000.0,0
20250831,369,1,3,1,37,57.4,20760000.0,0
20250831,370,4,19,1,37,35.9,31920000.0,0
20250831,372,1,1,1,32,64.5,8020000.0,0
20250831,373,2,8,1,38,76.6,18200000.0,0
20250831,374,1,1,5,34,103.4,9670000.0,0
20250831,375,5,22,4,40,178.7,15400000.0,0
20250831,376,3,11,4,26,50.1,9550000.0,0
20250831,377,6,28,2,45,150.2,17500000.0,0
20250831,378,1,1,2,37,130.9,8930000.0,0
20250831,379,1,1,1,30,94.3,8290000.0,0
20250831,380,3,12,5,33,49.9,12710000.0,0
20250831,381,4,18,2,45,119.8,21600000.0,0
20250831,383,6,27,2,33,72.0,11390000.0,0
20250831,384,3,11,1,32,101.5,10400000.0,0
20250831,385,7,33,6,24,33.6,15990000.0,0
20250831,386,2,6,1,41,134.3,9600000.0,0
20250831,387,3,11,1,28,50.3,10150000.0,0
20250831,391,7,32,3,32,71.4,11700000.0,0
20250831,393,7,31,6,26,72.9,7220000.0,0
20250831,396,1,1,1,28,50.0,7860000.0,0
20250831,397,2,7,1,28,58.1,12290000.0,0
20250831,398,3,12,1,30,41.8,13010000.0,0
20250831,400,7,32,3,37,59.1,8930000.0,0
20250831,401,6,29,1,36,50.3,37090000.0,0
20250831,404,7,31,6,37,163.9,6350000.0,0
20250831,406,3,11,2,34,53.7,10760000.0,0
20250831,409,7,33,1,43,186.7,18860000.0,0
20250831,413,8,36,3,30,34.1,6900000.0,0
20250831,417,7,31,2,27,33.1,7050000.0,0
20250831,418,7,31,1,36,67.1,7210000.0,0
20250831,419,8,39,1,41,80.4,25730000.0,0
20250831,420,5,21,2,33,93.8,9530000.0,0
20250831,423,4,16,5,25,56.8,9320000.0,0
20250831,424,3,11,1,23,32.6,9570000.0,0
20250831,425,1,3,3,35,50.7,16470000.0,0
20250831,426,3,14,6,37,42.6,42000000.0,0
20250831,427,1,1,6,25,37.7,9780000.0,0
20250831,429,7,33,1,34,57.5,16920000.0,0
20250831,431,3,12,2,44,154.8,15600000.0,0
20250831,432,1,4,1,42,49.0,39900000.0,0
20250831,433,7,35,1,49,138.1,50490000.0,0
20250831,439,8,37,1,35,65.7,10770000.0,0
20250831,440,7,31,3,30,45.9,7110000.0,0
20250831,442,8,36,2,29,88.0,5820000.0,0
20250831,445,1,4,1,45,149.9,30670000.0,0
20250831,446,8,36,4,25,65.7,6890000.0,0
20250831,447,4,16,1,26,53.6,10540000.0,0
20250831,449,1,2,6,28,48.8,11170000.0,0
20250831,450,8,38,1,39,119.7,17850000.0,0
20250831,452,3,12,2,32,69.9,15290000.0,0
20250831,453,8,36,2,32,62.7,7970000.0,0
20250831,454,7,34,1,41,132.0,25920000.0,0
20250831,455,4,20,6,45,56.8,63640000.0,0
20250831,457,7,32,3,40,130.9,12110000.0,0
20250831,458,7,31,1,27,57.1,7370000.0,0
20250831,460,2,7,1,34,57.7,12480000.0,0
20250831,461,4,16,1,26,31.3,11430000.0,0
20250831,462,2,6,1,25,31.7,10880000.0,0
20250831,463,5,21,1,25,31.2,8460000.0,0
20250831,465,8,37,2,28,31.8,9570000.0,0
20250831,466,7,31,4,28,31.6,7300000.0,0
20250831,467,3,11,2,25,31.2,11090000.0,0
20250831,469,7,31,1,26,31.8,6820000.0,0
20250831,470,1,1,1,28,31.1,8430000.0,0
20250831,471,7,32,3,34,31.2,12060000.0,0
20250831,472,2,6,1,28,31.0,7690000.0,0
20250831,473,6,26,1,27,31.4,8360000.0,0
20250831,474,6,27,1,32,31.8,12480000.0,0
20250831,476,7,31,1,29,30.3,7670000.0,0
20250831,478,3,11,4,23,30.4,8510000.0,0
20250831,479,2,6,6,34,30.6,9380000.0,0
20250831,480,5,21,6,27,30.4,8550000.0,0
20250831,481,8,36,1,26,29.2,8040000.0,0
20250831,483,8,37,1,32,30.0,11470000.0,0
20250831,485,1,1,1,26,29.9,7290000.0,0
20250831,486,1,1,2,26,29.9,7580000.0,0
20250831,487,1,1,1,26,29.0,7360000.0,0
20250831,491,8,36,3,28,28.8,7400000.0,0
20250831,492,8,36,5,22,28.7,6300000.0,0
20250831,493,3,11,1,22,28.5,9570000.0,0
20250831,494,4,19,2,42,28.7,41790000.0,0
20250831,495,3,11,2,24,28.4,10860000.0,0
20250831,496,7,31,2,,28.9,6660000.0,0
20250831,498,7,32,6,27,29.0,11000000.0,0
20250831,499,1,2,5,23,28.5,14110000.0,0
20250831,500,2,6,2,27,28.7,8800000.0,0
20250831,501,8,36,4,33,28.3,5560000.0,0
20250831,502,1,1,6,23,28.1,6950000.0,0
20250831,504,7,31,3,28,28.7,7590000.0,0
20250831,507,2,6,1,23,28.8,10700000.0,0
20250831,509,7,31,1,28,28.1,6440000.0,0
20250831,510,3,11,3,22,27.9,8750000.0,0
20250831,518,2,6,2,30,26.4,8600000.0,0
20250831,521,7,31,2,28,27.0,7810000.0,0
20250831,527,3,14,1,34,25.5,35510000.0,0
20250831,528,7,32,3,34,25.8,10230000.0,0
20250831,529,8,36,5,23,25.6,6900000.0,0
20250831,530,7,33,1,28,25.7,15390000.0,0
20250831,532,6,26,1,26,25.6,8820000.0,0
20250831,534,8,36,1,27,24.0,6110000.0,0
20250831,535,5,21,3,24,24.3,9520000.0,0
20250831,536,3,11,1,23,24.7,10220000.0,0
20250831,537,7,31,1,27,24.5,6780000.0,0
20250831,538,3,11,3,22,24.4,9710000.0,0
20250831,540,3,11,1,25,24.6,12030000.0,0
20250831,541,8,36,1,23,24.6,7960000.0,0
20250831,543,3,12,1,26,24.6,15070000.0,0
20250831,544,6,26,1,30,24.9,7930000.0,0
20250831,545,4,16,2,26,24.7,9680000.0,0
20250831,547,1,2,2,25,24.6,12680000.0,0
20250831,548,1,1,5,26,23.0,8480000.0,0
20250831,549,1,2,1,31,23.5,14810000.0,0
20250831,551,8,36,2,32,24.0,6510000.0,0
20250831,552,8,38,5,32,23.7,16620000.0,0
20250831,556,2,6,6,24,22.1,9040000.0,0
20250831,558,6,26,1,22,22.9,8070000.0,0
20250831,559,8,36,1,22,22.1,7860000.0,0
20250831,562,1,1,1,26,22.1,8310000.0,0
20250831,563,8,36,5,28,21.5,7220000.0,0
20250831,564,1,1,1,28,21.2,7570000.0,0
20250831,566,4,16,5,27,21.8,9100000.0,0
20250831,572,3,12,1,24,21.1,14110000.0,0
20250831,574,5,21,5,28,21.2,8230000.0,0
20250831,576,7,31,1,31,21.3,7590000.0,0
20250831,578,3,11,3,23,21.7,11050000.0,0
20250831,580,2,6,5,22,20.5,7730000.0,0
20250831,583,6,26,5,30,20.8,8080000.0,0
20250831,584,3,11,3,23,20.9,9430000.0,0
20250831,587,1,1,1,31,20.7,7850000.0,0
20250831,591,1,1,2,30,20.0,8700000.0,0
20250831,592,7,31,6,24,19.4,6460000.0,0
20250831,593,7,33,3,35,19.5,16250000.0,0
20250831,595,7,32,4,34,19.0,10740000.0,0
20250831,596,5,21,1,32,18.7,7690000.0,0
20250831,597,2,6,1,29,18.6,7920000.0,0
20250831,599,7,31,1,25,18.3,6990000.0,0
20250831,600,7,31,2,24,18.4,5960000.0,0
20250831,601,7,31,4,26,18.2,6760000.0,0
20250831,603,4,16,3,25,18.4,8920000.0,0
20250831,605,7,31,5,25,18.8,7000000.0,0
20250831,607,3,11,5,21,19.0,9670000.0,0
20250831,609,7,31,1,29,18.6,8300000.0,0
20250831,610,7,31,1,27,18.9,7920000.0,0
20250831,611,4,17,1,25,18.1,16820000.0,0
20250831,612,2,6,2,25,18.3,6960000.0,0
20250831,613,8,36,5,22,18.8,6580000.0,0
20250831,617,3,11,5,21,17.8,9040000.0,0
20250831,620,2,6,3,27,17.6,8530000.0,0
20250831,621,3,12,1,27,18.0,13830000.0,0
20250831,622,8,36,1,31,17.6,6160000.0,0
20250831,623,7,31,1,23,17.6,6080000.0,0
20250831,624,8,37,1,31,17.7,9910000.0,0
20250831,625,2,7,1,35,17.1,13790000.0,0
20250831,626,7,31,2,25,17.7,7290000.0,0
20250831,628,7,31,6,21,16.1,7210000.0,0
20250831,629,1,2,1,29,16.9,10990000.0,0
20250831,630,3,11,4,22,16.8,11140000.0,0
20250831,631,1,1,2,24,16.4,7110000.0,0
20250831,632,3,11,3,30,16.2,10900000.0,0
20250831,633,8,36,1,24,16.2,5750000.0,0
20250831,634,3,11,2,28,17.0,9570000.0,0
20250831,635,7,31,2,24,16.9,7380000.0,0
20250831,637,5,21,3,30,16.2,9300000.0,0
20250831,639,5,22,4,30,16.2,12140000.0,0
20250831,640,6,26,6,25,16.4,7900000.0,0
20250831,641,7,32,4,31,16.3,11360000.0,0
20250831,642,5,21,1,27,16.9,8870000.0,0
20250831,643,3,12,1,30,15.4,14040000.0,0
20250831,645,3,11,6,21,15.6,8270000.0,0
20250831,647,7,33,6,28,15.2,16320000.0,0
20250831,648,7,31,2,32,15.2,7500000.0,0
20250831,649,8,36,1,24,15.6,6580000.0,0
20250831,650,8,36,3,29,15.4,7190000.0,0
20250831,651,4,16,1,29,15.9,8350000.0,0
20250831,652,1,2,2,28,15.6,14180000.0,0
20250831,654,1,1,1,29,15.9,6760000.0,0
20250831,656,7,31,2,23,15.3,6560000.0,0
20250831,659,3,11,1,22,14.4,7960000.0,0
20250831,660,8,36,5,28,14.9,6520000.0,0
20250831,662,7,31,3,25,14.1,8250000.0,0
20250831,663,6,26,4,25,14.5,7540000.0,0
20250831,664,7,31,1,21,14.3,6250000.0,0
20250831,665,2,8,3,35,14.1,19130000.0,0
20250831,667,8,36,3,29,14.9,7370000.0,0
20250831,668,7,31,3,28,14.1,6980000.0,0
20250831,669,3,12,4,31,13.4,16180000.0,0
20250831,671,8,36,5,26,13.3,6370000.0,0
20250831,672,2,7,4,,13.5,11130000.0,0
20250831,673,2,7,2,30,13.4,13120000.0,0
20250831,675,7,31,6,21,13.9,6970000.0,0
20250831,676,3,12,1,29,13.7,12930000.0,0
20250831,677,2,6,1,21,13.8,8580000.0,0
20250831,678,7,32,2,32,13.4,10730000.0,0
20250831,679,8,38,3,25,13.3,13730000.0,0
20250831,682,1,5,1,38,13.9,47300000.0,0
20250831,683,8,36,3,31,13.8,6400000.0,0
20250831,684,8,38,6,31,13.3,14790000.0,0
20250831,686,7,31,4,29,12.2,7580000.0,0
20250831,687,7,32,1,26,12.9,12450000.0,0
20250831,689,2,8,1,32,12.6,18460000.0,0
20250831,690,2,6,1,27,12.5,8220000.0,0
20250831,691,8,37,3,37,12.7,8680000.0,0
20250831,692,3,13,1,31,11.7,22670000.0,0
20250831,693,7,32,4,26,11.1,9120000.0,0
20250831,694,7,32,1,25,11.5,11390000.0,0
20250831,696,2,6,3,30,11.5,8960000.0,0
20250831,697,8,36,1,28,11.3,7010000.0,0
20250831,698,6,27,3,26,11.8,11730000.0,0
20250831,699,7,31,1,21,11.2,6970000.0,0
20250831,701,8,36,2,22,10.5,6320000.0,0
20250831,703,7,31,6,22,10.5,6080000.0,0
20250831,705,1,1,1,29,10.9,6220000.0,0
20250831,707,8,37,3,29,10.4,8340000.0,0
20250831,709,7,31,2,28,10.3,7300000.0,0
20250831,710,1,1,1,22,10.0,6680000.0,0
20250831,711,1,2,1,29,10.8,11060000.0,0
20250831,712,8,37,1,32,10.4,9120000.0,0
20250831,713,3,11,2,26,10.3,9040000.0,0
20250831,714,3,14,3,35,10.2,32510000.0,0
20250831,715,4,16,1,23,10.4,9740000.0,0
20250831,716,2,8,1,31,10.4,16180000.0,0
20250831,717,6,26,3,33,10.3,7870000.0,0
20250831,718,3,11,1,27,10.7,9000000.0,0
20250831,719,1,1,5,23,10.8,7800000.0,0
20250831,720,7,31,2,26,9.3,6590000.0,0
20250831,721,7,31,1,25,9.9,6490000.0,0
20250831,722,2,6,5,27,9.4,7640000.0,0
20250831,723,7,32,1,30,9.1,11530000.0,0
20250831,725,1,1,1,22,9.9,7090000.0,0
20250831,726,3,12,4,27,9.3,15980000.0,0
20250831,727,8,36,6,33,9.3,6640000.0,0
20250831,728,1,1,3,29,9.2,6440000.0,0
20250831,729,8,37,1,23,9.1,10730000.0,0
20250831,731,3,13,1,28,9.5,23100000.0,0
20250831,733,7,32,2,25,9.3,8890000.0,0
20250831,734,3,11,1,24,8.3,9810000.0,0
20250831,735,3,11,1,28,8.8,8940000.0,0
20250831,736,1,1,1,27,8.1,6630000.0,0
20250831,737,7,32,1,29,8.9,10910000.0,0
20250831,738,1,1,4,20,8.7,6780000.0,0
20250831,739,8,36,1,21,8.4,6840000.0,0
20250831,740,2,6,1,25,8.5,7350000.0,0
20250831,741,7,32,2,26,8.1,9490000.0,0
20250831,742,8,36,1,31,8.9,5970000.0,0
20250831,743,1,1,6,25,8.3,7920000.0,0
20250831,744,4,16,6,25,8.5,8760000.0,0
20250831,745,8,37,3,33,7.9,10380000.0,0
20250831,746,3,12,1,31,7.7,15180000.0,0
20250831,747,3,11,5,23,7.0,8820000.0,0
20250831,748,8,40,6,37,7.6,36170000.0,0
20250831,749,8,37,1,27,7.2,11340000.0,0
20250831,751,7,31,2,24,7.9,6230000.0,0
20250831,752,8,36,3,23,7.5,6710000.0,0
20250831,753,3,11,2,24,7.8,7860000.0,0
20250831,754,7,33,1,30,7.2,13180000.0,0
20250831,755,7,31,1,24,7.2,6980000.0,0
20250831,756,1,1,1,30,6.1,8280000.0,0
20250831,757,3,11,3,24,6.2,9900000.0,0
20250831,758,1,1,6,22,6.8,7740000.0,0
20250831,759,8,36,6,26,6.5,5410000.0,0
20250831,760,1,2,1,33,6.7,10010000.0,0
20250831,761,7,34,1,33,6.3,25870000.0,0
20250831,762,8,36,1,24,6.1,7030000.0,0
20250831,763,7,31,2,21,6.1,7090000.0,0
20250831,764,1,1,2,27,6.7,7250000.0,0
20250831,765,1,2,1,27,6.0,10810000.0,0
20250831,766,7,31,1,34,6.5,6160000.0,0
20250831,767,8,37,1,,6.9,10740000.0,0
20250831,768,7,31,1,25,6.2,7090000.0,0
20250831,769,3,12,1,25,6.7,12580000.0,0
20250831,770,8,36,5,27,6.5,7010000.0,0
20250831,771,3,11,3,20,6.9,7800000.0,0
20250831,772,1,1,1,29,6.3,7790000.0,0
20250831,773,3,11,2,29,6.1,7890000.0,0
20250831,775,6,26,3,28,6.0,5930000.0,0
20250831,776,8,36,2,24,5.4,7070000.0,0
20250831,777,7,31,3,32,5.2,5610000.0,0
20250831,778,3,12,3,27,5.7,12030000.0,0
20250831,779,2,6,5,21,4.4,7810000.0,0
20250831,780,8,38,4,31,4.7,14450000.0,0
20250831,781,5,21,4,25,4.4,9220000.0,0
20250831,782,7,33,1,34,4.5,12940000.0,0
20250831,783,7,31,4,37,4.1,7090000.0,0
20250831,785,3,11,1,27,3.9,11170000.0,0
20250831,786,2,7,2,22,3.4,12910000.0,0
20250831,787,7,31,5,23,3.5,7130000.0,0
20250831,788,1,1,5,22,3.7,7350000.0,0
20250831,789,1,1,1,23,3.2,6550000.0,0
20250831,790,8,36,1,24,3.5,5890000.0,0
20250831,791,2,6,6,26,3.0,6960000.0,0
20250831,792,7,31,1,27,3.8,6950000.0,0
20250831,793,8,36,3,20,2.5,6980000.0,0
20250831,795,7,32,4,30,2.5,9200000.0,0
20250831,797,1,2,3,27,2.3,12320000.0,0
20250831,798,7,31,3,25,2.2,6300000.0,0
20250831,799,7,31,2,23,2.4,6930000.0,0
20250831,800,8,36,4,28,2.2,6400000.0,0
20250831,801,8,37,5,28,2.9,9880000.0,0
20250831,802,4,18,1,35,2.4,20250000.0,0
20250831,803,8,39,1,35,2.8,24180000.0,0
20250831,804,8,36,5,30,2.0,6480000.0,0
20250831,805,5,23,3,37,1.1,20890000.0,0
20250831,806,7,31,3,25,1.8,5760000.0,0
20250831,807,3,11,1,26,1.3,9360000.0,0
20250831,808,7,32,6,32,1.4,9870000.0,0
20250831,809,1,2,1,24,1.5,11400000.0,0
20250831,810,1,1,1,24,1.8,7110000.0,0
20250831,811,2,6,1,27,1.6,7440000.0,0
20250831,812,7,31,5,23,1.8,6630000.0,0
20250831,813,7,31,4,24,1.5,6210000.0,0
20250831,814,3,12,1,32,1.6,12500000.0,0
20250831,815,1,1,3,23,1.2,6630000.0,0
20250831,816,1,1,5,22,0.9,7020000.0,1
20250831,817,1,1,1,,0.5,7640000.0,1
20250831,818,6,27,1,27,0.9,11860000.0,1
20250831,819,8,36,3,29,0.8,5340000.0,1
20250831,820,6,26,1,24,0.5,7730000.0,1
20250831,821,1,1,3,23,0.1,6730000.0,1
20250831,822,1,1,1,20,0.8,6860000.0,1
20250831,823,8,36,5,22,0.2,5990000.0,1
20250831,824,3,11,4,21,0.1,8910000.0,1
20250831,825,3,11,1,26,0.6,8930000.0,1
20250930,2,7,32,1,33,74.0,10120000.0,0
20250930,3,5,21,1,32,62.2,8540000.0,0
20250930,5,8,36,1,31,61.3,7070000.0,0
20250930,7,3,11,2,33,66.1,10800000.0,0
20250930,8,5,21,2,33,51.2,7940000.0,0
20250930,9,8,36,3,32,77.8,6480000.0,0
20250930,11,8,36,6,28,41.5,7400000.0,0
20250930,12,2,6,3,36,80.8,8280000.0,0
20250930,13,2,7,2,30,79.3,13030000.0,0
20250930,15,4,16,1,27,79.0,8040000.0,0
20250930,16,1,1,5,27,46.8,8030000.0,0
20250930,17,6,26,3,25,55.6,9680000.0,0
20250930,19,5,24,1,47,86.1,36190000.0,0
20250930,21,7,31,5,27,89.6,7320000.0,0
20250930,22,1,1,3,26,55.4,8610000.0,0
20250930,24,8,36,1,35,97.6,7700000.0,0
20250930,25,2,8,1,40,77.4,17930000.0,0
20250930,27,3,14,1,36,41.1,43220000.0,0
20250930,28,2,6,1,30,86.4,7440000.0,0
20250930,29,3,12,1,33,65.1,15950000.0,0
20250930,30,1,2,3,38,60.8,14400000.0,0
20250930,31,2,6,4,,113.4,9650000.0,0
20250930,34,8,36,5,25,59.1,6620000.0,0
20250930,37,1,3,1,36,43.5,20090000.0,0
20250930,38,3,11,1,38,81.4,9790000.0,0
20250930,39,4,16,3,27,42.2,9420000.0,0
20250930,40,3,11,5,31,66.4,10870000.0,0
20250930,44,6,26,2,31,78.4,8250000.0,0
20250930,46,7,31,2,23,35.0,6570000.0,0
20250930,47,7,31,4,36,98.3,8520000.0,0
20250930,48,7,31,5,31,108.6,7120000.0,0
20250930,49,3,13,1,31,118.0,25830000.0,0
20250930,50,3,13,1,38,50.5,22960000.0,0
20250930,51,7,31,1,31,43.1,6810000.0,0
20250930,53,7,32,1,32,44.9,11550000.0,0
20250930,54,8,37,2,33,47.7,12470000.0,0
20250930,55,8,36,1,29,51.0,5990000.0,0
20250930,56,1,1,3,30,104.3,8200000.0,0
20250930,57,4,16,1,31,83.2,10780000.0,0
20250930,58,4,16,3,38,137.5,9750000.0,0
20250930,61,4,17,3,35,128.5,16760000.0,0
20250930,63,3,11,5,31,81.1,11020000.0,0
20250930,64,7,31,1,33,52.0,8230000.0,0
20250930,65,3,11,1,27,87.0,9370000.0,0
20250930,66,1,3,4,34,74.8,17170000.0,0
20250930,67,7,31,6,26,42.2,7040000.0,0
20250930,69,5,21,6,27,67.0,9390000.0,0
20250930,71,1,4,2,41,187.7,31130000.0,0
20250930,72,5,21,1,33,96.8,8980000.0,0
20250930,73,3,14,1,44,61.1,41230000.0,0
20250930,74,8,36,2,36,110.1,7250000.0,0
20250930,75,4,16,6,32,134.9,10610000.0,0
20250930,76,3,13,5,46,145.1,21820000.0,0
20250930,77,5,21,1,26,51.2,8650000.0,0
20250930,80,7,33,2,36,41.3,14690000.0,0
20250930,81,1,1,6,26,58.7,8920000.0,0
20250930,82,2,6,1,30,37.5,8300000.0,0
20250930,83,6,27,2,32,50.6,11750000.0,0
20250930,84,4,16,3,42,153.9,8550000.0,0
20250930,89,1,1,5,31,56.5,7950000.0,0
20250930,91,7,31,1,27,63.0,8630000.0,0
20250930,92,5,21,3,29,73.6,7190000.0,0
20250930,94,2,6,1,29,93.5,8490000.0,0
20250930,95,1,2,2,28,70.8,13300000.0,0
20250930,96,2,9,1,49,187.7,33000000.0,0
20250930,99,7,32,6,34,102.3,12730000.0,0
20250930,100,1,1,3,33,57.0,8420000.0,0
20250930,101,7,31,5,35,65.7,6940000.0,0
20250930,105,8,36,3,39,133.2,5580000.0,0
20250930,106,8,36,3,35,63.2,5870000.0,0
20250930,108,4,17,3,34,41.0,15390000.0,0
20250930,109,5,21,1,34,89.0,9330000.0,0
20250930,111,1,2,1,36,187.7,15130000.0,0
20250930,112,2,6,3,32,36.2,7270000.0,0
20250930,114,1,2,1,29,37.7,14630000.0,0
20250930,115,3,13,1,33,37.5,25650000.0,0
20250930,116,1,5,1,43,63.0,42990000.0,0
20250930,120,2,6,4,25,37.0,7270000.0,0
20250930,123,3,11,2,36,44.9,10570000.0,0
20250930,125,7,32,1,30,72.9,11580000.0,0
20250930,127,1,1,6,28,44.2,7590000.0,0
20250930,128,4,16,2,37,98.0,10940000.0,0
20250930,129,6,26,1,41,187.7,6420000.0,0
20250930,131,1,5,1,53,179.0,52870000.0,0
20250930,135,1,1,1,41,84.2,7090000.0,0
20250930,136,7,32,2,30,81.2,9670000.0,0
20250930,137,1,1,3,27,44.4,9590000.0,0
20250930,138,6,29,1,39,66.2,27640000.0,0
20250930,139,7,32,4,30,68.0,12900000.0,0
20250930,141,1,3,3,38,83.4,18590000.0,0
20250930,143,7,31,4,55,65.4,8360000.0,0
20250930,146,1,3,4,30,74.1,21960000.0,0
20250930,148,7,31,1,41,172.4,8220000.0,0
20250930,149,1,1,5,29,57.5,6780000.0,0
20250930,151,8,36,3,25,65.7,7620000.0,0
20250930,153,7,33,1,36,110.7,16550000.0,0
20250930,154,1,5,1,44,63.4,47060000.0,0
20250930,155,4,16,2,33,40.7,8250000.0,0
20250930,156,1,3,6,43,86.4,18520000.0,0
20250930,157,1,5,1,45,69.8,45250000.0,0
20250930,159,7,31,1,28,60.5,6910000.0,0
20250930,160,7,35,1,45,129.8,39750000.0,0
20250930,162,4,16,1,32,126.1,9150000.0,0
20250930,165,5,21,2,39,182.0,9620000.0,0
20250930,167,8,39,1,41,76.1,24240000.0,0
20250930,168,2,7,1,36,101.7,13860000.0,0
20250930,170,1,2,6,38,62.5,14050000.0,0
20250930,171,7,31,6,30,46.8,7840000.0,0
20250930,174,8,37,1,26,72.6,11010000.0,0
20250930,176,3,14,1,38,50.2,45620000.0,0
20250930,178,7,33,1,38,35.3,19140000.0,0
20250930,179,1,4,1,39,97.0,30860000.0,0
20250930,181,1,2,1,35,89.4,10960000.0,0
20250930,182,7,31,1,32,88.9,7050000.0,0
20250930,183,5,21,2,34,121.2,9060000.0,0
20250930,188,4,16,1,26,71.4,9290000.0,0
20250930,190,7,31,5,29,88.5,7200000.0,0
20250930,191,4,16,1,36,55.5,10290000.0,0
20250930,193,1,2,1,34,60.0,10680000.0,0
20250930,194,8,39,1,31,82.6,27090000.0,0
20250930,196,7,32,6,31,120.8,9390000.0,0
20250930,197,6,28,3,40,132.8,19210000.0,0
20250930,198,6,26,6,34,73.3,7670000.0,0
20250930,199,6,26,1,36,53.9,8540000.0,0
20250930,200,2,7,1,28,51.7,11970000.0,0
20250930,201,5,21,5,25,64.0,7130000.0,0
20250930,203,7,31,1,24,38.4,6100000.0,0
20250930,204,1,1,1,41,133.5,9530000.0,0
20250930,205,8,36,4,27,42.6,6250000.0,0
20250930,206,1,1,1,32,65.9,8860000.0,0
20250930,208,3,13,2,45,187.7,27570000.0,0
20250930,209,6,26,1,26,56.6,8170000.0,0
20250930,210,7,33,1,32,55.2,16830000.0,0
20250930,211,7,31,1,32,100.8,7970000.0,0
20250930,213,2,6,3,29,56.7,9040000.0,0
20250930,214,8,36,1,36,149.0,6240000.0,0
20250930,215,4,17,1,33,102.2,15090000.0,0
20250930,216,4,16,6,,91.8,10330000.0,0
20250930,217,5,21,1,33,49.1,7730000.0,0
20250930,218,3,11,1,31,70.6,11520000.0,0
20250930,219,3,11,1,39,103.8,8310000.0,0
20250930,220,8,38,1,36,102.0,13550000.0,0
20250930,221,7,31,3,31,65.9,6520000.0,0
20250930,222,8,36,1,30,59.7,6920000.0,0
20250930,223,1,1,3,24,45.9,8420000.0,0
20250930,224,1,4,1,42,95.9,33670000.0,0
20250930,226,2,6,2,36,43.3,8270000.0,0
20250930,228,5,24,2,36,36.1,30460000.0,0
20250930,229,7,31,1,33,138.0,7580000.0,0
20250930,230,8,37,1,29,36.7,10770000.0,0
20250930,232,3,12,1,40,127.9,18030000.0,0
20250930,234,7,32,2,42,187.7,11010000.0,0
20250930,237,6,27,4,30,33.6,11570000.0,0
20250930,239,2,7,4,34,120.7,14960000.0,0
20250930,240,8,36,6,31,74.3,7090000.0,0
20250930,241,8,36,1,55,68.8,7720000.0,0
20250930,242,8,36,1,28,68.4,6950000.0,0
20250930,243,7,31,1,38,175.9,8070000.0,0
20250930,244,3,13,6,50,100.5,22950000.0,0
20250930,245,1,1,1,33,77.1,7950000.0,0
20250930,247,7,31,1,32,69.1,8090000.0,0
20250930,248,5,22,1,30,69.4,13900000.0,0
20250930,250,1,1,1,32,55.0,9030000.0,0
20250930,251,1,4,1,41,104.9,40380000.0,0
20250930,252,3,11,2,31,72.0,12450000.0,0
20250930,253,8,38,6,35,68.6,17690000.0,0
20250930,254,5,21,1,28,39.0,9510000.0,0
20250930,255,1,1,3,33,138.8,7780000.0,0
20250930,256,7,31,1,31,133.0,7770000.0,0
20250930,257,3,12,1,33,62.0,16010000.0,0
20250930,260,8,39,1,42,154.1,29100000.0,0
20250930,264,1,1,6,28,42.0,6440000.0,0
20250930,265,7,33,1,35,68.0,15820000.0,0
20250930,266,4,16,1,29,40.0,11080000.0,0
20250930,268,7,31,6,26,50.1,7430000.0,0
20250930,271,2,6,2,27,34.5,7850000.0,0
20250930,272,4,19,1,38,52.7,43150000.0,0
20250930,273,3,12,1,36,68.8,18970000.0,0
20250930,274,7,31,5,28,54.9,6710000.0,0
20250930,276,8,36,1,36,83.8,6490000.0,0
20250930,278,3,14,1,43,88.1,44900000.0,0
20250930,282,1,4,1,39,46.0,30410000.0,0
20250930,285,1,1,4,24,52.8,8760000.0,0
20250930,286,1,2,1,34,101.4,13010000.0,0
20250930,288,6,30,1,42,36.9,48900000.0,0
20250930,289,7,32,1,32,37.1,11020000.0,0
20250930,290,3,15,1,36,45.8,68410000.0,0
20250930,291,3,13,1,39,53.7,24640000.0,0
20250930,292,7,31,2,26,61.9,7130000.0,0
20250930,293,1,2,1,29,33.1,10710000.0,0
20250930,296,1,1,4,30,81.4,7680000.0,0
20250930,298,8,38,1,36,63.4,18540000.0,0
20250930,300,4,16,5,29,54.6,8670000.0,0
20250930,301,8,37,1,29,35.4,11080000.0,0
20250930,302,1,1,1,29,41.6,8800000.0,0
20250930,303,1,1,1,33,76.0,8930000.0,0
20250930,304,7,31,1,26,79.8,7110000.0,0
20250930,305,7,31,4,27,78.0,6490000.0,0
20250930,306,1,1,6,36,41.4,9250000.0,0
20250930,307,4,17,4,30,75.3,16440000.0,0
20250930,308,6,26,3,31,62.7,9170000.0,0
20250930,309,1,1,1,23,35.3,9360000.0,0
20250930,310,4,16,1,37,140.0,10990000.0,0
20250930,311,3,13,1,38,55.1,22130000.0,0
20250930,313,7,32,1,36,40.7,12410000.0,0
20250930,316,4,19,1,40,57.9,40610000.0,0
20250930,317,2,7,1,41,81.1,11650000.0,0
20250930,318,1,1,1,28,39.6,8420000.0,0
20250930,320,7,33,5,26,40.3,17650000.0,0
20250930,321,1,1,1,36,150.2,8870000.0,0
20250930,322,5,22,4,25,37.7,13860000.0,0
20250930,324,3,14,1,42,92.3,37220000.0,0
20250930,327,7,32,1,33,61.5,11430000.0,0
20250930,329,7,32,2,34,69.2,11130000.0,0
20250930,330,1,1,2,36,187.7,8580000.0,0
20250930,331,3,12,3,32,61.5,19180000.0,0
20250930,333,8,36,1,28,63.1,6240000.0,0
20250930,334,8,37,6,32,61.2,12620000.0,0
20250930,336,1,1,1,32,70.9,9500000.0,0
20250930,337,3,12,1,26,72.1,16520000.0,0
20250930,338,8,36,1,23,35.2,6270000.0,0
20250930,339,5,21,3,29,47.0,8580000.0,0
20250930,340,8,36,5,41,187.7,8660000.0,0
20250930,341,1,1,1,28,67.1,8510000.0,0
20250930,343,7,31,3,25,60.5,8680000.0,0
20250930,345,3,11,1,31,63.3,9250000.0,0
20250930,347,8,36,2,34,160.1,8300000.0,0
20250930,349,7,33,4,46,96.6,14550000.0,0
20250930,350,2,7,3,31,46.5,14990000.0,0
20250930,353,1,2,1,35,103.5,11460000.0,0
20250930,354,7,31,1,32,37.8,6610000.0,0
20250930,358,5,22,1,33,79.9,12200000.0,0
20250930,359,3,13,1,31,37.9,22080000.0,0
20250930,360,7,32,4,40,154.2,12150000.0,0
20250930,361,1,3,6,37,100.1,21230000.0,0
20250930,362,8,36,1,28,71.5,7400000.0,0
20250930,364,7,32,3,32,44.9,10680000.0,0
20250930,366,8,37,4,32,50.1,11500000.0,0
20250930,367,6,27,1,32,36.3,12170000.0,0
20250930,369,1,3,1,37,58.4,20760000.0,0
20250930,370,4,19,1,37,36.9,31920000.0,0
20250930,372,1,1,1,32,65.5,8020000.0,0
20250930,373,2,8,1,38,77.6,18200000.0,0
20250930,374,1,1,5,34,104.4,9670000.0,0
20250930,375,5,22,4,40,179.7,15400000.0,0
20250930,376,3,11,4,26,51.1,9550000.0,0
20250930,377,6,28,2,45,151.2,17500000.0,0
20250930,378,1,1,2,38,131.9,8930000.0,0
20250930,379,1,1,1,30,95.3,8290000.0,0
20250930,380,3,12,5,33,50.9,12710000.0,0
20250930,381,4,18,2,45,120.8,21600000.0,0
20250930,383,6,27,2,33,73.0,11390000.0,0
20250930,384,3,11,1,32,102.5,10400000.0,0
20250930,385,7,33,6,24,34.6,15990000.0,0
20250930,386,2,6,1,41,135.3,9600000.0,0
20250930,387,3,11,1,28,51.3,10150000.0,0
20250930,391,7,32,3,33,72.4,11700000.0,0
20250930,393,7,31,6,26,73.9,7220000.0,0
20250930,396,1,1,1,28,51.0,7860000.0,0
20250930,397,2,7,1,28,59.1,12290000.0,0
20250930,398,3,12,1,30,42.8,13010000.0,0
20250930,400,7,32,3,37,60.1,8930000.0,0
20250930,401,6,29,1,36,51.3,37090000.0,0
20250930,404,7,31,6,37,164.9,6350000.0,0
20250930,406,3,11,2,34,54.7,10760000.0,0
20250930,409,7,33,1,43,187.7,18860000.0,0
20250930,413,8,36,3,30,35.1,6900000.0,0
20250930,417,7,31,2,27,34.0,7050000.0,0
20250930,418,7,31,1,36,68.1,7210000.0,0
20250930,419,8,39,1,41,81.4,25730000.0,0
20250930,420,5,21,2,33,94.8,9530000.0,0
20250930,423,4,16,5,25,57.8,9320000.0,0
20250930,424,3,11,1,23,33.6,9570000.0,0
20250930,425,1,3,3,35,51.7,16470000.0,0
20250930,426,3,14,6,37,43.6,42000000.0,0
20250930,427,1,1,6,25,38.7,9780000.0,0
20250930,429,7,33,1,34,58.4,16920000.0,0
20250930,431,3,12,2,45,155.8,15600000.0,0
20250930,432,1,4,1,42,50.0,39900000.0,0
20250930,433,7,35,1,50,139.1,50490000.0,0
20250930,439,8,37,1,35,66.7,10770000.0,0
20250930,440,7,31,3,31,46.9,7110000.0,0
20250930,442,8,36,2,29,89.0,5820000.0,0
20250930,445,1,4,1,45,150.9,30670000.0,0
20250930,446,8,36,4,25,66.7,6890000.0,0
20250930,447,4,16,1,26,54.6,10540000.0,0
20250930,449,1,2,6,28,49.8,11170000.0,0
20250930,450,8,38,1,40,120.7,17850000.0,0
20250930,452,3,12,2,32,70.9,15290000.0,0
20250930,453,8,36,2,32,63.7,7970000.0,0
20250930,454,7,34,1,41,133.0,25920000.0,0
20250930,455,4,20,6,45,57.8,63640000.0,0
20250930,457,7,32,3,40,131.9,12110000.0,0
20250930,458,7,31,1,27,58.1,7370000.0,0
20250930,460,2,7,1,34,58.7,12480000.0,0
20250930,461,4,16,1,26,32.3,11430000.0,0
20250930,462,2,6,1,25,32.7,10880000.0,0
20250930,463,5,21,1,25,32.2,8460000.0,0
20250930,465,8,37,2,28,32.8,9570000.0,0
20250930,466,7,31,4,28,32.6,7300000.0,0
20250930,467,3,11,2,26,32.2,11090000.0,0
20250930,469,7,31,1,26,32.8,6820000.0,0
20250930,470,1,1,1,28,32.1,8430000.0,0
20250930,471,7,32,3,34,32.2,12060000.0,0
20250930,472,2,6,1,28,32.0,7690000.0,0
20250930,473,6,26,1,27,32.4,8360000.0,0
20250930,474,6,27,1,32,32.8,12480000.0,0
20250930,476,7,31,1,30,31.2,7670000.0,0
20250930,479,2,6,6,34,31.6,9380000.0,0
20250930,480,5,21,6,27,31.4,8550000.0,0
20250930,481,8,36,1,26,30.2,8040000.0,0
20250930,483,8,37,1,32,31.0,11470000.0,0
20250930,485,1,1,1,26,30.9,7290000.0,0
20250930,486,1,1,2,27,30.9,7580000.0,0
20250930,487,1,1,1,26,30.0,7360000.0,0
20250930,491,8,36,3,28,29.8,7400000.0,0
20250930,492,8,36,5,22,29.7,6300000.0,0
20250930,493,3,11,1,22,29.5,9570000.0,0
20250930,494,4,19,2,42,29.7,41790000.0,0
20250930,495,3,11,2,24,29.4,10860000.0,0
20250930,496,7,31,2,,29.9,6660000.0,0
20250930,498,7,32,6,27,30.0,11000000.0,0
20250930,499,1,2,5,23,29.5,14110000.0,0
20250930,500,2,6,2,27,29.7,8800000.0,0
20250930,501,8,36,4,33,29.2,5560000.0,0
20250930,502,1,1,6,23,29.1,6950000.0,0
20250930,504,7,31,3,28,29.7,7590000.0,0
20250930,507,2,6,1,23,29.8,10700000.0,0
20250930,509,7,31,1,28,29.1,6440000.0,0
20250930,510,3,11,3,22,28.9,8750000.0,0
20250930,518,2,6,2,31,27.4,8600000.0,0
20250930,521,7,31,2,28,28.0,7810000.0,0
20250930,527,3,14,1,35,26.5,35510000.0,0
20250930,528,7,32,3,34,26.8,10230000.0,0
20250930,529,8,36,5,23,26.6,6900000.0,0
20250930,530,7,33,1,28,26.6,15390000.0,0
20250930,532,6,26,1,26,26.6,8820000.0,0
20250930,534,8,36,1,27,25.0,6110000.0,0
20250930,535,5,21,3,24,25.3,9520000.0,0
20250930,536,3,11,1,23,25.7,10220000.0,0
20250930,537,7,31,1,27,25.5,6780000.0,0
20250930,538,3,11,3,22,25.4,9710000.0,0
20250930,540,3,11,1,25,25.6,12030000.0,0
20250930,541,8,36,1,23,25.6,7960000.0,0
20250930,543,3,12,1,26,25.6,15070000.0,0
20250930,544,6,26,1,30,25.9,7930000.0,0
20250930,545,4,16,2,26,25.7,9680000.0,0
20250930,547,1,2,2,25,25.6,12680000.0,0
20250930,548,1,1,5,26,24.0,8480000.0,0
20250930,549,1,2,1,31,24.5,14810000.0,0
20250930,551,8,36,2,33,24.9,6510000.0,0
20250930,552,8,38,5,32,24.7,16620000.0,0
20250930,556,2,6,6,24,23.1,9040000.0,0
20250930,558,6,26,1,22,23.9,8070000.0,0
20250930,559,8,36,1,22,23.1,7860000.0,0
20250930,562,1,1,1,26,23.1,8310000.0,0
20250930,563,8,36,5,28,22.5,7220000.0,0
20250930,564,1,1,1,28,22.2,7570000.0,0
20250930,566,4,16,5,27,22.8,9100000.0,0
20250930,572,3,12,1,24,22.1,14110000.0,0
20250930,574,5,21,5,29,22.2,8230000.0,0
20250930,576,7,31,1,31,22.3,7590000.0,0
20250930,578,3,11,3,23,22.7,11050000.0,0
20250930,580,2,6,5,22,21.5,7730000.0,0
20250930,583,6,26,5,30,21.8,8080000.0,0
20250930,584,3,11,3,23,21.9,9430000.0,0
20250930,587,1,1,1,31,21.7,7850000.0,0
20250930,591,1,1,2,30,21.0,8700000.0,0
20250930,592,7,31,6,24,20.4,6460000.0,0
20250930,593,7,33,3,35,20.5,16250000.0,0
20250930,595,7,32,4,34,19.9,10740000.0,0
20250930,596,5,21,1,32,19.6,7690000.0,0
20250930,597,2,6,1,29,19.6,7920000.0,0
20250930,599,7,31,1,25,19.3,6990000.0,0
20250930,600,7,31,2,24,19.4,5960000.0,0
20250930,601,7,31,4,26,19.2,6760000.0,0
20250930,603,4,16,3,25,19.4,8920000.0,0
20250930,605,7,31,5,25,19.8,7000000.0,0
20250930,607,3,11,5,21,19.9,9670000.0,0
20250930,609,7,31,1,29,19.6,8300000.0,0
20250930,610,7,31,1,27,19.9,7920000.0,0
20250930,611,4,17,1,25,19.1,16820000.0,0
20250930,612,2,6,2,25,19.3,6960000.0,0
20250930,613,8,36,5,22,19.8,6580000.0,0
20250930,617,3,11,5,21,18.8,9040000.0,0
20250930,620,2,6,3,27,18.6,8530000.0,0
20250930,621,3,12,1,27,19.0,13830000.0,0
20250930,622,8,36,1,31,18.6,6160000.0,0
20250930,623,7,31,1,23,18.6,6080000.0,0
20250930,624,8,37,1,31,18.7,9910000.0,0
20250930,625,2,7,1,36,18.0,13790000.0,0
20250930,626,7,31,2,25,18.7,7290000.0,0
20250930,628,7,31,6,21,17.1,7210000.0,0
20250930,629,1,2,1,30,17.9,10990000.0,0
20250930,630,3,11,4,22,17.7,11140000.0,0
20250930,631,1,1,2,24,17.4,7110000.0,0
20250930,632,3,11,3,31,17.2,10900000.0,0
20250930,633,8,36,1,24,17.2,5750000.0,0
20250930,634,3,11,2,28,18.0,9570000.0,0
20250930,635,7,31,2,24,17.9,7380000.0,0
20250930,637,5,21,3,30,17.1,9300000.0,0
20250930,639,5,22,4,30,17.2,12140000.0,0
20250930,640,6,26,6,26,17.3,7900000.0,0
20250930,641,7,32,4,31,17.3,11360000.0,0
20250930,642,5,21,1,28,17.9,8870000.0,0
20250930,643,3,12,1,30,16.4,14040000.0,0
20250930,645,3,11,6,21,16.6,8270000.0,0
20250930,647,7,33,6,28,16.2,16320000.0,0
20250930,648,7,31,2,32,16.2,7500000.0,0
20250930,649,8,36,1,24,16.6,6580000.0,0
20250930,650,8,36,3,29,16.4,7190000.0,0
20250930,651,4,16,1,30,16.9,8350000.0,0
20250930,652,1,2,2,28,16.6,14180000.0,0
20250930,654,1,1,1,29,16.9,6760000.0,0
20250930,656,7,31,2,23,16.3,6560000.0,0
20250930,659,3,11,1,22,15.3,7960000.0,0
20250930,660,8,36,5,28,15.9,6520000.0,0
20250930,662,7,31,3,25,15.1,8250000.0,0
20250930,663,6,26,4,25,15.5,7540000.0,0
20250930,664,7,31,1,21,15.3,6250000.0,0
20250930,665,2,8,3,35,15.0,19130000.0,0
20250930,667,8,36,3,29,15.9,7370000.0,0
20250930,668,7,31,3,28,15.1,6980000.0,0
20250930,669,3,12,4,31,14.4,16180000.0,0
20250930,671,8,36,5,26,14.3,6370000.0,0
20250930,672,2,7,4,,14.5,11130000.0,0
20250930,673,2,7,2,30,14.4,13120000.0,0
20250930,675,7,31,6,21,14.9,6970000.0,0
20250930,676,3,12,1,29,14.7,12930000.0,0
20250930,677,2,6,1,21,14.8,8580000.0,0
20250930,678,7,32,2,32,14.4,10730000.0,0
20250930,679,8,38,3,25,14.3,13730000.0,0
20250930,682,1,5,1,38,14.9,47300000.0,0
20250930,683,8,36,3,31,14.8,6400000.0,0
20250930,684,8,38,6,31,14.3,14790000.0,0
20250930,686,7,31,4,29,13.1,7580000.0,0
20250930,687,7,32,1,26,13.9,12450000.0,0
20250930,689,2,8,1,32,13.5,18460000.0,0
20250930,690,2,6,1,27,13.4,8220000.0,0
20250930,691,8,37,3,37,13.7,8680000.0,0
20250930,692,3,13,1,31,12.7,22670000.0,0
20250930,693,7,32,4,26,12.1,9120000.0,0
20250930,694,7,32,1,25,12.5,11390000.0,0
20250930,696,2,6,3,30,12.5,8960000.0,0
20250930,697,8,36,1,28,12.3,7010000.0,0
20250930,698,6,27,3,26,12.8,11730000.0,0
20250930,699,7,31,1,21,12.2,6970000.0,0
20250930,701,8,36,2,22,11.5,6320000.0,0
20250930,703,7,31,6,22,11.5,6080000.0,0
20250930,705,1,1,1,29,11.9,6220000.0,0
20250930,707,8,37,3,29,11.4,8340000.0,0
20250930,709,7,31,2,28,11.3,7300000.0,0
20250930,710,1,1,1,22,11.0,6680000.0,0
20250930,711,1,2,1,30,11.8,11060000.0,0
20250930,712,8,37,1,32,11.4,9120000.0,0
20250930,713,3,11,2,26,11.2,9040000.0,0
20250930,714,3,14,3,36,11.2,32510000.0,0
20250930,715,4,16,1,23,11.4,9740000.0,0
20250930,716,2,8,1,31,11.4,16180000.0,0
20250930,717,6,26,3,34,11.3,7870000.0,0
20250930,718,3,11,1,28,11.7,9000000.0,0
20250930,719,1,1,5,23,11.8,7800000.0,0
20250930,720,7,31,2,26,10.3,6590000.0,0
20250930,721,7,31,1,25,10.9,6490000.0,0
20250930,722,2,6,5,27,10.4,7640000.0,0
20250930,723,7,32,1,30,10.1,11530000.0,0
20250930,725,1,1,1,22,10.8,7090000.0,0
20250930,727,8,36,6,33,10.3,6640000.0,0
20250930,728,1,1,3,29,10.2,6440000.0,0
20250930,729,8,37,1,23,10.1,10730000.0,0
20250930,731,3,13,1,28,10.5,23100000.0,0
20250930,733,7,32,2,25,10.3,8890000.0,0
20250930,734,3,11,1,24,9.3,9810000.0,0
20250930,735,3,11,1,28,9.8,8940000.0,0
20250930,736,1,1,1,27,9.1,6630000.0,0
20250930,737,7,32,1,29,9.9,10910000.0,0
20250930,738,1,1,4,21,9.7,6780000.0,0
20250930,739,8,36,1,21,9.4,6840000.0,0
20250930,740,2,6,1,25,9.5,7350000.0,0
20250930,741,7,32,2,26,9.1,9490000.0,0
20250930,742,8,36,1,31,9.9,5970000.0,0
20250930,743,1,1,6,25,9.3,7920000.0,0
20250930,744,4,16,6,25,9.5,8760000.0,0
20250930,745,8,37,3,33,8.9,10380000.0,0
20250930,746,3,12,1,31,8.7,15180000.0,0
20250930,747,3,11,5,23,8.0,8820000.0,0
20250930,748,8,40,6,37,8.6,36170000.0,0
20250930,749,8,37,1,27,8.1,11340000.0,0
20250930,751,7,31,2,24,8.9,6230000.0,0
20250930,752,8,36,3,23,8.5,6710000.0,0
20250930,753,3,11,2,24,8.8,7860000.0,0
20250930,754,7,33,1,30,8.2,13180000.0,0
20250930,755,7,31,1,24,8.1,6980000.0,0
20250930,756,1,1,1,30,7.1,8280000.0,0
20250930,757,3,11,3,24,7.2,9900000.0,0
20250930,758,1,1,6,22,7.8,7740000.0,0
20250930,759,8,36,6,26,7.5,5410000.0,0
20250930,760,1,2,1,33,7.7,10010000.0,0
20250930,761,7,34,1,33,7.3,25870000.0,0
20250930,762,8,36,1,24,7.1,7030000.0,0
20250930,763,7,31,2,21,7.1,7090000.0,0
20250930,764,1,1,2,27,7.7,7250000.0,0
20250930,765,1,2,1,27,7.0,10810000.0,0
20250930,766,7,31,1,34,7.5,6160000.0,0
20250930,767,8,37,1,,7.9,10740000.0,0
20250930,768,7,31,1,25,7.2,7090000.0,0
20250930,770,8,36,5,27,7.5,7010000.0,0
20250930,771,3,11,3,21,7.9,7800000.0,0
20250930,772,1,1,1,29,7.3,7790000.0,0
20250930,773,3,11,2,29,7.1,7890000.0,0
20250930,775,6,26,3,28,7.0,5930000.0,0
20250930,776,8,36,2,24,6.4,7070000.0,0
20250930,777,7,31,3,32,6.2,5610000.0,0
20250930,778,3,12,3,27,6.7,12030000.0,0
20250930,779,2,6,5,21,5.4,7810000.0,0
20250930,780,8,38,4,31,5.7,14450000.0,0
20250930,781,5,21,4,25,5.4,9220000.0,0
20250930,782,7,33,1,35,5.5,12940000.0,0
20250930,783,7,31,4,37,5.1,7090000.0,0
20250930,785,3,11,1,27,4.9,11170000.0,0
20250930,786,2,7,2,22,4.4,12910000.0,0
20250930,787,7,31,5,23,4.5,7130000.0,0
20250930,788,1,1,5,22,4.7,7350000.0,0
20250930,789,1,1,1,24,4.2,6550000.0,0
20250930,790,8,36,1,24,4.5,5890000.0,0
20250930,791,2,6,6,26,4.0,6960000.0,0
20250930,792,7,31,1,27,4.8,6950000.0,0
20250930,793,8,36,3,20,3.5,6980000.0,0
20250930,795,7,32,4,30,3.5,9200000.0,0
20250930,797,1,2,3,27,3.3,12320000.0,0
20250930,798,7,31,3,25,3.2,6300000.0,0
20250930,799,7,31,2,23,3.4,6930000.0,0
20250930,800,8,36,4,28,3.2,6400000.0,0
20250930,801,8,37,5,28,3.9,9880000.0,0
20250930,802,4,18,1,35,3.4,20250000.0,0
20250930,803,8,39,1,35,3.7,24180000.0,0
20250930,804,8,36,5,30,3.0,6480000.0,0
20250930,805,5,23,3,37,2.0,20890000.0,0
20250930,806,7,31,3,25,2.8,5760000.0,0
20250930,807,3,11,1,26,2.3,9360000.0,0
20250930,808,7,32,6,32,2.4,9870000.0,0
20250930,809,1,2,1,24,2.5,11400000.0,0
20250930,810,1,1,1,24,2.8,7110000.0,0
20250930,812,7,31,5,23,2.8,6630000.0,0
20250930,813,7,31,4,24,2.5,6210000.0,0
20250930,814,3,12,1,32,2.6,12500000.0,0
20250930,815,1,1,3,23,2.2,6630000.0,0
20250930,816,1,1,5,22,1.8,7020000.0,0
20250930,817,1,1,1,,1.5,7640000.0,0
20250930,818,6,27,1,27,1.9,11860000.0,0
20250930,819,8,36,3,30,1.8,5340000.0,0
20250930,820,6,26,1,24,1.5,7730000.0,0
20250930,821,1,1,3,23,1.1,6730000.0,0
20250930,822,1,1,1,20,1.7,6860000.0,0
20250930,823,8,36,5,22,1.2,5990000.0,0
20250930,824,3,11,4,21,1.1,8910000.0,0
20250930,825,3,11,1,26,1.6,8930000.0,0
20250930,826,3,14,1,37,0.1,32810000.0,1
20250930,827,7,31,1,28,0.6,6860000.0,1
20250930,828,3,12,2,27,0.7,13860000.0,1
20250930,829,3,11,3,28,0.4,9850000.0,1
20250930,830,3,11,3,22,1.0,10310000.0,1
20250930,831,2,7,1,26,0.7,13680000.0,1
20250930,832,7,32,1,31,0.6,9770000.0,1
20250930,833,7,32,6,29,0.4,10170000.0,1
20250930,834,7,32,1,25,0.4,9440000.0,1
20251031,2,7,32,1,34,75.0,10120000.0,0
20251031,3,5,21,1,32,63.2,8540000.0,0
20251031,5,8,36,1,32,62.3,7070000.0,0
20251031,7,3,11,2,33,67.1,10800000.0,0
20251031,8,5,21,2,33,52.2,7940000.0,0
20251031,9,8,36,3,32,78.8,6480000.0,0
20251031,11,8,36,6,28,42.5,7400000.0,0
20251031,12,2,6,3,36,81.8,8280000.0,0
20251031,13,2,7,2,30,80.4,13030000.0,0
20251031,15,4,16,1,27,80.0,8040000.0,0
20251031,16,1,1,5,27,47.8,8030000.0,0
20251031,17,6,26,3,25,56.6,9680000.0,0
20251031,19,5,24,1,47,87.2,36190000.0,0
20251031,21,7,31,5,27,90.6,7320000.0,0
20251031,22,1,1,3,26,56.4,8610000.0,0
20251031,24,8,36,1,35,98.7,7700000.0,0
20251031,25,2,8,1,40,78.4,17930000.0,0
20251031,27,3,14,1,36,42.1,43220000.0,0
20251031,28,2,6,1,30,87.4,7440000.0,0
20251031,29,3,12,1,33,66.1,15950000.0,0
20251031,30,1,2,3,38,61.9,14400000.0,0
20251031,31,2,6,4,,114.4,9650000.0,0
20251031,34,8,36,5,25,60.2,6620000.0,0
20251031,37,1,3,1,36,44.5,20090000.0,0
20251031,38,3,11,1,39,82.4,9790000.0,0
20251031,39,4,16,3,27,43.2,9420000.0,0
20251031,40,3,11,5,32,67.4,10870000.0,0
20251031,44,6,26,2,32,79.4,8250000.0,0
20251031,46,7,31,2,23,36.0,6570000.0,0
20251031,47,7,31,4,36,99.4,8520000.0,0
20251031,48,7,31,5,31,109.6,7120000.0,0
20251031,49,3,13,1,31,119.1,25830000.0,0
20251031,50,3,13,1,38,51.5,22960000.0,0
20251031,51,7,31,1,31,44.2,6810000.0,0
20251031,53,7,32,1,32,45.9,11550000.0,0
20251031,54,8,37,2,33,48.7,12470000.0,0
20251031,55,8,36,1,29,52.0,5990000.0,0
20251031,56,1,1,3,30,105.4,8200000.0,0
20251031,57,4,16,1,31,84.2,10780000.0,0
20251031,58,4,16,3,38,138.5,9750000.0,0
20251031,61,4,17,3,35,129.5,16760000.0,0
20251031,63,3,11,5,31,82.1,11020000.0,0
20251031,64,7,31,1,33,53.0,8230000.0,0
20251031,65,3,11,1,27,88.0,9370000.0,0
20251031,66,1,3,4,34,75.8,17170000.0,0
20251031,67,7,31,6,26,43.2,7040000.0,0
20251031,69,5,21,6,27,68.0,9390000.0,0
20251031,71,1,4,2,42,188.7,31130000.0,0
20251031,72,5,21,1,33,97.8,8980000.0,0
20251031,73,3,14,1,44,62.1,41230000.0,0
20251031,74,8,36,2,36,111.1,7250000.0,0
20251031,75,4,16,6,32,136.0,10610000.0,0
20251031,76,3,13,5,46,146.2,21820000.0,0
20251031,77,5,21,1,26,52.2,8650000.0,0
20251031,80,7,33,2,36,42.3,14690000.0,0
20251031,81,1,1,6,26,59.7,8920000.0,0
20251031,82,2,6,1,30,38.5,8300000.0,0
20251031,83,6,27,2,32,51.6,11750000.0,0
20251031,84,4,16,3,42,154.9,8550000.0,0
20251031,89,1,1,5,31,57.5,7950000.0,0
20251031,91,7,31,1,27,64.0,8630000.0,0
20251031,92,5,21,3,30,74.6,7190000.0,0
20251031,94,2,6,1,29,94.6,8490000.0,0
20251031,95,1,2,2,28,71.8,13300000.0,0
20251031,96,2,9,1,49,188.7,33000000.0,0
20251031,99,7,32,6,34,103.3,12730000.0,0
20251031,100,1,1,3,33,58.0,8420000.0,0
20251031,101,7,31,5,35,66.7,6940000.0,0
20251031,105,8,36,3,39,134.2,5580000.0,0
20251031,106,8,36,3,35,64.2,5870000.0,0
20251031,108,4,17,3,34,42.0,15390000.0,0
20251031,109,5,21,1,34,90.0,9330000.0,0
20251031,111,1,2,1,36,188.7,15130000.0,0
20251031,112,2,6,3,32,37.2,7270000.0,0
20251031,114,1,2,1,29,38.7,14630000.0,0
20251031,115,3,13,1,33,38.5,25650000.0,0
20251031,116,1,5,1,43,64.1,42990000.0,0
20251031,120,2,6,4,25,38.0,7270000.0,0
20251031,123,3,11,2,36,45.9,10570000.0,0
20251031,125,7,32,1,30,73.9,11580000.0,0
20251031,127,1,1,6,28,45.2,7590000.0,0
20251031,128,4,16,2,37,99.1,10940000.0,0
20251031,129,6,26,1,41,188.7,6420000.0,0
20251031,131,1,5,1,53,180.0,52870000.0,0
20251031,135,1,1,1,41,85.3,7090000.0,0
20251031,136,7,32,2,30,82.2,9670000.0,0
20251031,137,1,1,3,27,45.4,9590000.0,0
20251031,138,6,29,1,39,67.2,27640000.0,0
20251031,139,7,32,4,30,69.0,12900000.0,0
20251031,141,1,3,3,38,84.4,18590000.0,0
20251031,143,7,31,4,56,66.4,8360000.0,0
20251031,146,1,3,4,30,75.1,21960000.0,0
20251031,148,7,31,1,42,173.4,8220000.0,0
20251031,149,1,1,5,29,58.5,6780000.0,0
20251031,151,8,36,3,25,66.7,7620000.0,0
20251031,153,7,33,1,37,111.7,16550000.0,0
20251031,154,1,5,1,44,64.5,47060000.0,0
20251031,155,4,16,2,33,41.7,8250000.0,0
20251031,156,1,3,6,43,87.5,18520000.0,0
20251031,157,1,5,1,45,70.8,45250000.0,0
20251031,159,7,31,1,28,61.5,6910000.0,0
20251031,160,7,35,1,45,130.8,39750000.0,0
20251031,162,4,16,1,32,127.1,9150000.0,0
20251031,165,5,21,2,39,183.1,9620000.0,0
20251031,167,8,39,1,41,77.1,24240000.0,0
20251031,168,2,7,1,36,102.7,13860000.0,0
20251031,170,1,2,6,39,63.5,14050000.0,0
20251031,171,7,31,6,30,47.8,7840000.0,0
20251031,174,8,37,1,26,73.7,11010000.0,0
20251031,176,3,14,1,38,51.2,45620000.0,0
20251031,178,7,33,1,38,36.3,19140000.0,0
20251031,179,1,4,1,39,98.0,30860000.0,0
20251031,181,1,2,1,35,90.4,10960000.0,0
20251031,182,7,31,1,32,90.0,7050000.0,0
20251031,183,5,21,2,34,122.2,9060000.0,0
20251031,188,4,16,1,26,72.4,9290000.0,0
20251031,190,7,31,5,29,89.5,7200000.0,0
20251031,191,4,16,1,36,56.5,10290000.0,0
20251031,193,1,2,1,34,61.0,10680000.0,0
20251031,194,8,39,1,31,83.6,27090000.0,0
20251031,196,7,32,6,31,121.8,9390000.0,0
20251031,197,6,28,3,40,133.8,19210000.0,0
20251031,198,6,26,6,34,74.3,7670000.0,0
20251031,199,6,26,1,36,55.0,8540000.0,0
20251031,200,2,7,1,28,52.7,11970000.0,0
20251031,201,5,21,5,25,65.0,7130000.0,0
20251031,203,7,31,1,24,39.5,6100000.0,0
20251031,204,1,1,1,41,134.5,9530000.0,0
20251031,205,8,36,4,27,43.7,6250000.0,0
20251031,206,1,1,1,32,66.9,8860000.0,0
20251031,208,3,13,2,45,188.7,27570000.0,0
20251031,209,6,26,1,26,57.6,8170000.0,0
20251031,210,7,33,1,32,56.2,16830000.0,0
20251031,211,7,31,1,32,101.8,7970000.0,0
20251031,213,2,6,3,29,57.8,9040000.0,0
20251031,214,8,36,1,36,150.0,6240000.0,0
20251031,215,4,17,1,33,103.2,15090000.0,0
20251031,216,4,16,6,,92.8,10330000.0,0
20251031,217,5,21,1,33,50.1,7730000.0,0
20251031,218,3,11,1,31,71.6,11520000.0,0
20251031,219,3,11,1,39,104.8,8310000.0,0
20251031,220,8,38,1,36,103.1,13550000.0,0
20251031,221,7,31,3,31,66.9,6520000.0,0
20251031,222,8,36,1,30,60.7,6920000.0,0
20251031,223,1,1,3,24,46.9,8420000.0,0
20251031,224,1,4,1,42,96.9,33670000.0,0
20251031,226,2,6,2,36,44.4,8270000.0,0
20251031,228,5,24,2,36,37.2,30460000.0,0
20251031,229,7,31,1,34,139.0,7580000.0,0
20251031,230,8,37,1,30,37.7,10770000.0,0
20251031,232,3,12,1,40,129.0,18030000.0,0
20251031,234,7,32,2,43,188.7,11010000.0,0
20251031,237,6,27,4,30,34.6,11570000.0,0
20251031,239,2,7,4,34,121.8,14960000.0,0
20251031,240,8,36,6,31,75.3,7090000.0,0
20251031,241,8,36,1,55,69.8,7720000.0,0
20251031,242,8,36,1,28,69.4,6950000.0,0
20251031,243,7,31,1,38,177.0,8070000.0,0
20251031,244,3,13,6,51,101.5,22950000.0,0
20251031,245,1,1,1,33,78.2,7950000.0,0
20251031,247,7,31,1,32,70.1,8090000.0,0
20251031,248,5,22,1,30,70.4,13900000.0,0
20251031,250,1,1,1,32,56.0,9030000.0,0
20251031,251,1,4,1,41,106.0,40380000.0,0
20251031,252,3,11,2,31,73.0,12450000.0,0
20251031,253,8,38,6,35,69.6,17690000.0,0
20251031,254,5,21,1,28,40.0,9510000.0,0
20251031,255,1,1,3,33,139.8,7780000.0,0
20251031,256,7,31,1,31,134.0,7770000.0,0
20251031,257,3,12,1,33,63.0,16010000.0,0
20251031,260,8,39,1,42,155.1,29100000.0,0
20251031,264,1,1,6,28,43.0,6440000.0,0
20251031,265,7,33,1,35,69.0,15820000.0,0
20251031,266,4,16,1,29,41.0,11080000.0,0
20251031,268,7,31,6,26,51.2,7430000.0,0
20251031,271,2,6,2,28,35.5,7850000.0,0
20251031,272,4,19,1,38,53.7,43150000.0,0
20251031,273,3,12,1,36,69.8,18970000.0,0
20251031,274,7,31,5,28,55.9,6710000.0,0
20251031,276,8,36,1,36,84.9,6490000.0,0
20251031,278,3,14,1,43,89.1,44900000.0,0
20251031,282,1,4,1,39,47.0,30410000.0,0
20251031,285,1,1,4,24,53.8,8760000.0,0
20251031,286,1,2,1,34,102.4,13010000.0,0
20251031,288,6,30,1,42,37.9,48900000.0,0
20251031,289,7,32,1,32,38.1,11020000.0,0
20251031,290,3,15,1,36,46.9,68410000.0,0
20251031,291,3,13,1,39,54.7,24640000.0,0
20251031,292,7,31,2,26,62.9,7130000.0,0
20251031,293,1,2,1,29,34.1,10710000.0,0
20251031,296,1,1,4,30,82.4,7680000.0,0
20251031,298,8,38,1,36,64.5,18540000.0,0
20251031,300,4,16,5,29,55.7,8670000.0,0
20251031,301,8,37,1,29,36.4,11080000.0,0
20251031,302,1,1,1,29,42.6,8800000.0,0
20251031,303,1,1,1,33,77.0,8930000.0,0
20251031,304,7,31,1,26,80.9,7110000.0,0
20251031,305,7,31,4,27,79.0,6490000.0,0
20251031,306,1,1,6,36,42.4,9250000.0,0
20251031,307,4,17,4,30,76.3,16440000.0,0
20251031,308,6,26,3,31,63.7,9170000.0,0
20251031,309,1,1,1,23,36.3,9360000.0,0
20251031,310,4,16,1,37,141.0,10990000.0,0
20251031,311,3,13,1,38,56.1,22130000.0,0
20251031,313,7,32,1,36,41.7,12410000.0,0
20251031,316,4,19,1,40,58.9,40610000.0,0
20251031,317,2,7,1,41,82.1,11650000.0,0
20251031,318,1,1,1,28,40.6,8420000.0,0
20251031,320,7,33,5,26,41.4,17650000.0,0
20251031,321,1,1,1,36,151.2,8870000.0,0
20251031,322,5,22,4,26,38.7,13860000.0,0
20251031,324,3,14,1,42,93.3,37220000.0,0
20251031,327,7,32,1,34,62.5,11430000.0,0
20251031,329,7,32,2,34,70.2,11130000.0,0
20251031,330,1,1,2,36,188.7,8580000.0,0
20251031,331,3,12,3,32,62.6,19180000.0,0
20251031,333,8,36,1,28,64.2,6240000.0,0
20251031,334,8,37,6,32,62.3,12620000.0,0
20251031,336,1,1,1,32,71.9,9500000.0,0
20251031,337,3,12,1,26,73.2,16520000.0,0
20251031,338,8,36,1,23,36.2,6270000.0,0
20251031,339,5,21,3,29,48.0,8580000.0,0
20251031,340,8,36,5,42,188.7,8660000.0,0
20251031,341,1,1,1,28,68.1,8510000.0,0
20251031,343,7,31,3,25,61.5,8680000.0,0
20251031,345,3,11,1,31,64.4,9250000.0,0
20251031,347,8,36,2,34,161.1,8300000.0,0
20251031,349,7,33,4,46,97.6,14550000.0,0
20251031,350,2,7,3,31,47.5,14990000.0,0
20251031,353,1,2,1,35,104.5,11460000.0,0
20251031,354,7,31,1,32,38.9,6610000.0,0
20251031,358,5,22,1,33,80.9,12200000.0,0
20251031,359,3,13,1,31,38.9,22080000.0,0
20251031,360,7,32,4,40,155.2,12150000.0,0
20251031,361,1,3,6,37,101.2,21230000.0,0
20251031,362,8,36,1,28,72.5,7400000.0,0
20251031,364,7,32,3,32,46.0,10680000.0,0
20251031,366,8,37,4,33,51.2,11500000.0,0
20251031,367,6,27,1,32,37.4,12170000.0,0
20251031,369,1,3,1,37,59.4,20760000.0,0
20251031,370,4,19,1,37,37.9,31920000.0,0
20251031,372,1,1,1,33,66.5,8020000.0,0
20251031,373,2,8,1,38,78.6,18200000.0,0
20251031,374,1,1,5,34,105.4,9670000.0,0
20251031,375,5,22,4,40,180.7,15400000.0,0
20251031,376,3,11,4,27,52.1,9550000.0,0
20251031,377,6,28,2,45,152.2,17500000.0,0
20251031,378,1,1,2,38,132.9,8930000.0,0
20251031,379,1,1,1,30,96.3,8290000.0,0
20251031,380,3,12,5,33,51.9,12710000.0,0
20251031,381,4,18,2,45,121.8,21600000.0,0
20251031,383,6,27,2,33,74.1,11390000.0,0
20251031,384,3,11,1,32,103.5,10400000.0,0
20251031,385,7,33,6,24,35.6,15990000.0,0
20251031,386,2,6,1,41,136.3,9600000.0,0
20251031,387,3,11,1,28,52.3,10150000.0,0
20251031,391,7,32,3,33,73.4,11700000.0,0
20251031,393,7,31,6,26,74.9,7220000.0,0
20251031,396,1,1,1,29,52.0,7860000.0,0
20251031,397,2,7,1,28,60.1,12290000.0,0
20251031,398,3,12,1,30,43.8,13010000.0,0
20251031,400,7,32,3,37,61.1,8930000.0,0
20251031,401,6,29,1,36,52.3,37090000.0,0
20251031,404,7,31,6,37,165.9,6350000.0,0
20251031,406,3,11,2,34,55.7,10760000.0,0
20251031,409,7,33,1,43,188.7,18860000.0,0
20251031,413,8,36,3,30,36.1,6900000.0,0
20251031,417,7,31,2,27,35.1,7050000.0,0
20251031,418,7,31,1,36,69.1,7210000.0,0
20251031,419,8,39,1,41,82.4,25730000.0,0
20251031,420,5,21,2,34,95.8,9530000.0,0
20251031,423,4,16,5,25,58.8,9320000.0,0
20251031,424,3,11,1,23,34.6,9570000.0,0
20251031,425,1,3,3,35,52.7,16470000.0,0
20251031,426,3,14,6,37,44.6,42000000.0,0
20251031,427,1,1,6,25,39.8,9780000.0,0
20251031,429,7,33,1,34,59.5,16920000.0,0
20251031,431,3,12,2,45,156.8,15600000.0,0
20251031,432,1,4,1,42,51.0,39900000.0,0
20251031,433,7,35,1,50,140.1,50490000.0,0
20251031,439,8,37,1,36,67.7,10770000.0,0
20251031,440,7,31,3,31,47.9,7110000.0,0
20251031,442,8,36,2,29,90.0,5820000.0,0
20251031,445,1,4,1,45,151.9,30670000.0,0
20251031,446,8,36,4,26,67.7,6890000.0,0
20251031,447,4,16,1,26,55.6,10540000.0,0
20251031,449,1,2,6,28,50.8,11170000.0,0
20251031,450,8,38,1,40,121.7,17850000.0,0
20251031,452,3,12,2,32,71.9,15290000.0,0
20251031,453,8,36,2,33,64.7,7970000.0,0
20251031,454,7,34,1,41,134.0,25920000.0,0
20251031,455,4,20,6,45,58.8,63640000.0,0
20251031,457,7,32,3,40,132.9,12110000.0,0
20251031,458,7,31,1,27,59.1,7370000.0,0
20251031,460,2,7,1,34,59.7,12480000.0,0
20251031,461,4,16,1,26,33.3,11430000.0,0
20251031,462,2,6,1,26,33.7,10880000.0,0
20251031,463,5,21,1,25,33.2,8460000.0,0
20251031,465,8,37,2,29,33.8,9570000.0,0
20251031,466,7,31,4,28,33.6,7300000.0,0
20251031,467,3,11,2,26,33.2,11090000.0,0
20251031,469,7,31,1,26,33.8,6820000.0,0
20251031,470,1,1,1,28,33.1,8430000.0,0
20251031,471,7,32,3,34,33.2,12060000.0,0
20251031,472,2,6,1,28,33.0,7690000.0,0
20251031,473,6,26,1,27,33.4,8360000.0,0
20251031,474,6,27,1,32,33.8,12480000.0,0
20251031,476,7,31,1,30,32.3,7670000.0,0
20251031,479,2,6,6,35,32.6,9380000.0,0
20251031,480,5,21,6,27,32.4,8550000.0,0
20251031,481,8,36,1,26,31.2,8040000.0,0
20251031,483,8,37,1,32,32.0,11470000.0,0
20251031,485,1,1,1,26,31.9,7290000.0,0
20251031,486,1,1,2,27,31.9,7580000.0,0
20251031,487,1,1,1,26,31.0,7360000.0,0
20251031,491,8,36,3,28,30.9,7400000.0,0
20251031,492,8,36,5,22,30.7,6300000.0,0
20251031,493,3,11,1,22,30.5,9570000.0,0
20251031,494,4,19,2,42,30.7,41790000.0,0
20251031,495,3,11,2,24,30.4,10860000.0,0
20251031,496,7,31,2,,30.9,6660000.0,0
20251031,498,7,32,6,27,31.0,11000000.0,0
20251031,499,1,2,5,24,30.5,14110000.0,0
20251031,500,2,6,2,27,30.7,8800000.0,0
20251031,501,8,36,4,33,30.3,5560000.0,0
20251031,502,1,1,6,23,30.1,6950000.0,0
20251031,504,7,31,3,28,30.7,7590000.0,0
20251031,507,2,6,1,23,30.8,10700000.0,0
20251031,509,7,31,1,28,30.1,6440000.0,0
20251031,510,3,11,3,22,29.9,8750000.0,0
20251031,518,2,6,2,31,28.4,8600000.0,0
20251031,521,7,31,2,29,29.0,7810000.0,0
20251031,527,3,14,1,35,27.5,35510000.0,0
20251031,528,7,32,3,34,27.8,10230000.0,0
20251031,529,8,36,5,23,27.6,6900000.0,0
20251031,530,7,33,1,28,27.7,15390000.0,0
20251031,532,6,26,1,27,27.6,8820000.0,0
20251031,534,8,36,1,27,26.0,6110000.0,0
20251031,535,5,21,3,24,26.3,9520000.0,0
20251031,536,3,11,1,23,26.7,10220000.0,0
20251031,537,7,31,1,27,26.5,6780000.0,0
20251031,538,3,11,3,22,26.4,9710000.0,0
20251031,540,3,11,1,25,26.6,12030000.0,0
20251031,541,8,36,1,23,26.6,7960000.0,0
20251031,543,3,12,1,26,26.6,15070000.0,0
20251031,544,6,26,1,30,26.9,7930000.0,0
20251031,545,4,16,2,26,26.7,9680000.0,0
20251031,547,1,2,2,25,26.6,12680000.0,0
20251031,548,1,1,5,26,25.0,8480000.0,0
20251031,549,1,2,1,31,25.5,14810000.0,0
20251031,551,8,36,2,33,26.0,6510000.0,0
20251031,552,8,38,5,32,25.7,16620000.0,0
20251031,556,2,6,6,25,24.1,9040000.0,0
20251031,558,6,26,1,22,24.9,8070000.0,0
20251031,559,8,36,1,22,24.1,7860000.0,0
20251031,562,1,1,1,27,24.1,8310000.0,0
20251031,563,8,36,5,28,23.5,7220000.0,0
20251031,564,1,1,1,28,23.2,7570000.0,0
20251031,566,4,16,5,27,23.8,9100000.0,0
20251031,572,3,12,1,24,23.1,14110000.0,0
20251031,574,5,21,5,29,23.2,8230000.0,0
20251031,576,7,31,1,31,23.3,7590000.0,0
20251031,578,3,11,3,23,23.7,11050000.0,0
20251031,580,2,6,5,22,22.5,7730000.0,0
20251031,583,6,26,5,30,22.8,8080000.0,0
20251031,584,3,11,3,23,22.9,9430000.0,0
20251031,587,1,1,1,31,22.7,7850000.0,0
20251031,591,1,1,2,30,22.0,8700000.0,0
20251031,592,7,31,6,24,21.4,6460000.0,0
20251031,593,7,33,3,35,21.6,16250000.0,0
20251031,595,7,32,4,34,21.0,10740000.0,0
20251031,596,5,21,1,32,20.7,7690000.0,0
20251031,597,2,6,1,30,20.6,7920000.0,0
20251031,599,7,31,1,25,20.3,6990000.0,0
20251031,600,7,31,2,24,20.4,5960000.0,0
20251031,601,7,31,4,26,20.2,6760000.0,0
20251031,603,4,16,3,25,20.4,8920000.0,0
20251031,605,7,31,5,25,20.8,7000000.0,0
20251031,607,3,11,5,21,21.0,9670000.0,0
20251031,609,7,31,1,29,20.6,8300000.0,0
20251031,610,7,31,1,27,20.9,7920000.0,0
20251031,611,4,17,1,25,20.1,16820000.0,0
20251031,612,2,6,2,25,20.3,6960000.0,0
20251031,613,8,36,5,23,20.8,6580000.0,0
20251031,617,3,11,5,21,19.8,9040000.0,0
20251031,620,2,6,3,27,19.6,8530000.0,0
20251031,621,3,12,1,27,20.0,13830000.0,0
20251031,622,8,36,1,32,19.6,6160000.0,0
20251031,623,7,31,1,23,19.6,6080000.0,0
20251031,624,8,37,1,31,19.7,9910000.0,0
20251031,625,2,7,1,36,19.1,13790000.0,0
20251031,626,7,31,2,25,19.7,7290000.0,0
20251031,628,7,31,6,22,18.1,7210000.0,0
20251031,629,1,2,1,30,18.9,10990000.0,0
20251031,630,3,11,4,22,18.8,11140000.0,0
20251031,631,1,1,2,24,18.4,7110000.0,0
20251031,632,3,11,3,31,18.2,10900000.0,0
20251031,633,8,36,1,24,18.2,5750000.0,0
20251031,634,3,11,2,28,19.0,9570000.0,0
20251031,635,7,31,2,24,18.9,7380000.0,0
20251031,637,5,21,3,30,18.2,9300000.0,0
20251031,639,5,22,4,30,18.2,12140000.0,0
20251031,640,6,26,6,26,18.4,7900000.0,0
20251031,641,7,32,4,31,18.3,11360000.0,0
20251031,642,5,21,1,28,18.9,8870000.0,0
20251031,643,3,12,1,30,17.4,14040000.0,0
20251031,645,3,11,6,21,17.6,8270000.0,0
20251031,647,7,33,6,28,17.2,16320000.0,0
20251031,648,7,31,2,32,17.2,7500000.0,0
20251031,649,8,36,1,24,17.6,6580000.0,0
20251031,650,8,36,3,29,17.4,7190000.0,0
20251031,651,4,16,1,30,17.9,8350000.0,0
20251031,652,1,2,2,28,17.6,14180000.0,0
20251031,654,1,1,1,29,17.9,6760000.0,0
20251031,656,7,31,2,23,17.3,6560000.0,0
20251031,659,3,11,1,22,16.4,7960000.0,0
20251031,662,7,31,3,25,16.1,8250000.0,0
20251031,664,7,31,1,21,16.3,6250000.0,0
20251031,665,2,8,3,35,16.1,19130000.0,0
20251031,667,8,36,3,29,16.9,7370000.0,0
20251031,668,7,31,3,28,16.1,6980000.0,0
20251031,669,3,12,4,31,15.4,16180000.0,0
20251031,671,8,36,5,26,15.3,6370000.0,0
20251031,672,2,7,4,,15.5,11130000.0,0
20251031,673,2,7,2,30,15.4,13120000.0,0
20251031,675,7,31,6,21,15.9,6970000.0,0
20251031,676,3,12,1,29,15.7,12930000.0,0
20251031,677,2,6,1,21,15.8,8580000.0,0
20251031,678,7,32,2,32,15.4,10730000.0,0
20251031,679,8,38,3,25,15.3,13730000.0,0
20251031,682,1,5,1,38,15.9,47300000.0,0
20251031,683,8,36,3,32,15.8,6400000.0,0
20251031,684,8,38,6,31,15.3,14790000.0,0
20251031,686,7,31,4,29,14.2,7580000.0,0
20251031,687,7,32,1,26,14.9,12450000.0,0
20251031,689,2,8,1,33,14.6,18460000.0,0
20251031,690,2,6,1,27,14.5,8220000.0,0
20251031,691,8,37,3,37,14.7,8680000.0,0
20251031,692,3,13,1,32,13.7,22670000.0,0
20251031,693,7,32,4,26,13.1,9120000.0,0
20251031,694,7,32,1,25,13.5,11390000.0,0
20251031,696,2,6,3,30,13.5,8960000.0,0
20251031,697,8,36,1,28,13.3,7010000.0,0
20251031,698,6,27,3,26,13.8,11730000.0,0
20251031,699,7,31,1,21,13.2,6970000.0,0
20251031,701,8,36,2,22,12.5,6320000.0,0
20251031,703,7,31,6,22,12.5,6080000.0,0
20251031,705,1,1,1,29,12.9,6220000.0,0
20251031,707,8,37,3,29,12.4,8340000.0,0
20251031,709,7,31,2,28,12.4,7300000.0,0
20251031,710,1,1,1,22,12.0,6680000.0,0
20251031,711,1,2,1,30,12.8,11060000.0,0
20251031,712,8,37,1,32,12.4,9120000.0,0
20251031,713,3,11,2,26,12.3,9040000.0,0
20251031,714,3,14,3,36,12.2,32510000.0,0
20251031,715,4,16,1,23,12.4,9740000.0,0
20251031,716,2,8,1,31,12.4,16180000.0,0
20251031,717,6,26,3,34,12.3,7870000.0,0
20251031,718,3,11,1,28,12.7,9000000.0,0
20251031,719,1,1,5,23,12.8,7800000.0,0
20251031,720,7,31,2,26,11.3,6590000.0,0
20251031,721,7,31,1,25,11.9,6490000.0,0
20251031,722,2,6,5,27,11.4,7640000.0,0
20251031,723,7,32,1,30,11.1,11530000.0,0
20251031,725,1,1,1,22,11.9,7090000.0,0
20251031,727,8,36,6,33,11.3,6640000.0,0
20251031,728,1,1,3,29,11.2,6440000.0,0
20251031,731,3,13,1,28,11.5,23100000.0,0
20251031,733,7,32,2,25,11.3,8890000.0,0
20251031,734,3,11,1,25,10.3,9810000.0,0
20251031,735,3,11,1,28,10.8,8940000.0,0
20251031,736,1,1,1,27,10.1,6630000.0,0
20251031,737,7,32,1,29,10.9,10910000.0,0
20251031,738,1,1,4,21,10.7,6780000.0,0
20251031,739,8,36,1,21,10.4,6840000.0,0
20251031,740,2,6,1,25,10.5,7350000.0,0
20251031,741,7,32,2,26,10.2,9490000.0,0
20251031,742,8,36,1,31,10.9,5970000.0,0
20251031,743,1,1,6,25,10.3,7920000.0,0
20251031,744,4,16,6,25,10.5,8760000.0,0
20251031,745,8,37,3,33,9.9,10380000.0,0
20251031,746,3,12,1,31,9.7,15180000.0,0
20251031,747,3,11,5,23,9.0,8820000.0,0
20251031,748,8,40,6,37,9.6,36170000.0,0
20251031,749,8,37,1,27,9.2,11340000.0,0
20251031,751,7,31,2,24,9.9,6230000.0,0
20251031,752,8,36,3,23,9.5,6710000.0,0
20251031,753,3,11,2,24,9.8,7860000.0,0
20251031,754,7,33,1,30,9.2,13180000.0,0
20251031,756,1,1,1,30,8.1,8280000.0,0
20251031,757,3,11,3,24,8.2,9900000.0,0
20251031,758,1,1,6,22,8.8,7740000.0,0
20251031,759,8,36,6,27,8.5,5410000.0,0
20251031,760,1,2,1,33,8.7,10010000.0,0
20251031,761,7,34,1,33,8.3,25870000.0,0
20251031,762,8,36,1,24,8.1,7030000.0,0
20251031,763,7,31,2,21,8.1,7090000.0,0
20251031,764,1,1,2,28,8.7,7250000.0,0
20251031,765,1,2,1,27,8.0,10810000.0,0
20251031,766,7,31,1,34,8.5,6160000.0,0
20251031,767,8,37,1,,8.9,10740000.0,0
20251031,768,7,31,1,25,8.2,7090000.0,0
20251031,770,8,36,5,27,8.5,7010000.0,0
20251031,772,1,1,1,29,8.3,7790000.0,0
20251031,773,3,11,2,29,8.1,7890000.0,0
20251031,775,6,26,3,28,8.0,5930000.0,0
20251031,776,8,36,2,24,7.4,7070000.0,0
20251031,777,7,31,3,32,7.2,5610000.0,0
20251031,778,3,12,3,28,7.7,12030000.0,0
20251031,779,2,6,5,21,6.4,7810000.0,0
20251031,780,8,38,4,31,6.7,14450000.0,0
20251031,781,5,21,4,25,6.4,9220000.0,0
20251031,782,7,33,1,35,6.5,12940000.0,0
20251031,783,7,31,4,37,6.1,7090000.0,0
20251031,785,3,11,1,27,5.9,11170000.0,0
20251031,786,2,7,2,23,5.5,12910000.0,0
20251031,787,7,31,5,23,5.6,7130000.0,0
20251031,788,1,1,5,22,5.7,7350000.0,0
20251031,789,1,1,1,24,5.2,6550000.0,0
20251031,790,8,36,1,24,5.5,5890000.0,0
20251031,791,2,6,6,26,5.0,6960000.0,0
20251031,792,7,31,1,28,5.8,6950000.0,0
20251031,793,8,36,3,21,4.5,6980000.0,0
20251031,797,1,2,3,27,4.3,12320000.0,0
20251031,798,7,31,3,25,4.2,6300000.0,0
20251031,799,7,31,2,23,4.4,6930000.0,0
20251031,800,8,36,4,28,4.2,6400000.0,0
20251031,802,4,18,1,36,4.4,20250000.0,0
20251031,803,8,39,1,35,4.8,24180000.0,0
20251031,804,8,36,5,30,4.0,6480000.0,0
20251031,805,5,23,3,37,3.1,20890000.0,0
20251031,806,7,31,3,25,3.8,5760000.0,0
20251031,807,3,11,1,26,3.4,9360000.0,0
20251031,808,7,32,6,32,3.4,9870000.0,0
20251031,809,1,2,1,24,3.5,11400000.0,0
20251031,810,1,1,1,24,3.8,7110000.0,0
20251031,812,7,31,5,23,3.8,6630000.0,0
20251031,813,7,31,4,24,3.5,6210000.0,0
20251031,814,3,12,1,32,3.6,12500000.0,0
20251031,815,1,1,3,23,3.2,6630000.0,0
20251031,816,1,1,5,22,2.9,7020000.0,0
20251031,817,1,1,1,,2.5,7640000.0,0
20251031,818,6,27,1,27,2.9,11860000.0,0
20251031,819,8,36,3,30,2.8,5340000.0,0
20251031,820,6,26,1,24,2.5,7730000.0,0
20251031,821,1,1,3,23,2.1,6730000.0,0
20251031,822,1,1,1,20,2.8,6860000.0,0
20251031,823,8,36,5,22,2.2,5990000.0,0
20251031,824,3,11,4,21,2.1,8910000.0,0
20251031,825,3,11,1,26,2.6,8930000.0,0
20251031,826,3,14,1,37,1.1,32810000.0,0
20251031,827,7,31,1,28,1.6,6860000.0,0
20251031,828,3,12,2,27,1.7,13860000.0,0
20251031,829,3,11,3,28,1.4,9850000.0,0
20251031,830,3,11,3,22,2.0,10310000.0,0
20251031,831,2,7,1,26,1.7,13680000.0,0
20251031,832,7,32,1,31,1.6,9770000.0,0
20251031,833,7,32,6,29,1.4,10170000.0,0
20251031,834,7,32,1,25,1.4,9440000.0,0
20251031,835,8,36,1,23,0.5,6430000.0,1
20251031,836,6,28,4,23,0.9,15830000.0,1
20251031,837,8,36,3,21,0.9,6380000.0,1
20251031,838,7,32,4,29,0.6,11040000.0,1
20251031,839,3,11,5,24,0.4,8340000.0,1
20251031,840,7,31,6,20,1.0,5740000.0,1
20251031,841,8,37,5,31,0.2,10320000.0,1
20251031,842,1,1,3,23,0.1,7130000.0,1
20251130,2,7,32,1,34,76.0,10120000.0,0
20251130,3,5,21,1,32,64.2,8540000.0,0
20251130,5,8,36,1,32,63.3,7070000.0,0
20251130,7,3,11,2,33,68.1,10800000.0,0
20251130,8,5,21,2,33,53.2,7940000.0,0
20251130,9,8,36,3,32,79.8,6480000.0,0
20251130,11,8,36,6,28,43.5,7400000.0,0
20251130,12,2,6,3,36,82.8,8280000.0,0
20251130,13,2,7,2,30,81.3,13030000.0,0
20251130,15,4,16,1,27,81.0,8040000.0,0
20251130,16,1,1,5,27,48.8,8030000.0,0
20251130,17,6,26,3,25,57.6,9680000.0,0
20251130,19,5,24,1,47,88.1,36190000.0,0
20251130,21,7,31,5,27,91.6,7320000.0,0
20251130,22,1,1,3,26,57.4,8610000.0,0
20251130,24,8,36,1,35,99.6,7700000.0,0
20251130,25,2,8,1,40,79.4,17930000.0,0
20251130,27,3,14,1,36,43.1,43220000.0,0
20251130,28,2,6,1,30,88.4,7440000.0,0
20251130,29,3,12,1,33,67.1,15950000.0,0
20251130,30,1,2,3,38,62.9,14400000.0,0
20251130,31,2,6,4,,115.4,9650000.0,0
20251130,34,8,36,5,25,61.1,6620000.0,0
20251130,37,1,3,1,36,45.5,20090000.0,0
20251130,38,3,11,1,39,83.4,9790000.0,0
20251130,39,4,16,3,27,44.2,9420000.0,0
20251130,40,3,11,5,32,68.4,10870000.0,0
20251130,44,6,26,2,32,80.4,8250000.0,0
20251130,46,7,31,2,23,37.0,6570000.0,0
20251130,47,7,31,4,36,100.3,8520000.0,0
20251130,48,7,31,5,31,110.6,7120000.0,0
20251130,49,3,13,1,31,120.0,25830000.0,0
20251130,50,3,13,1,38,52.5,22960000.0,0
20251130,51,7,31,1,31,45.1,6810000.0,0
20251130,53,7,32,1,32,46.9,11550000.0,0
20251130,54,8,37,2,33,49.7,12470000.0,0
20251130,55,8,36,1,30,53.0,5990000.0,0
20251130,56,1,1,3,30,106.3,8200000.0,0
20251130,57,4,16,1,31,85.2,10780000.0,0
20251130,58,4,16,3,38,139.5,9750000.0,0
20251130,61,4,17,3,35,130.5,16760000.0,0
20251130,63,3,11,5,31,83.1,11020000.0,0
20251130,64,7,31,1,33,54.0,8230000.0,0
20251130,65,3,11,1,27,89.0,9370000.0,0
20251130,66,1,3,4,34,76.8,17170000.0,0
20251130,67,7,31,6,26,44.2,7040000.0,0
20251130,69,5,21,6,27,69.0,9390000.0,0
20251130,71,1,4,2,42,189.7,31130000.0,0
20251130,73,3,14,1,44,63.1,41230000.0,0
20251130,74,8,36,2,36,112.1,7250000.0,0
20251130,75,4,16,6,32,136.9,10610000.0,0
20251130,76,3,13,5,46,147.2,21820000.0,0
20251130,77,5,21,1,26,53.2,8650000.0,0
20251130,80,7,33,2,36,43.3,14690000.0,0
20251130,81,1,1,6,26,60.7,8920000.0,0
20251130,82,2,6,1,30,39.5,8300000.0,0
20251130,83,6,27,2,32,52.6,11750000.0,0
20251130,84,4,16,3,42,155.9,8550000.0,0
20251130,89,1,1,5,31,58.5,7950000.0,0
20251130,91,7,31,1,27,65.0,8630000.0,0
20251130,92,5,21,3,30,75.6,7190000.0,0
20251130,94,2,6,1,29,95.5,8490000.0,0
20251130,95,1,2,2,28,72.8,13300000.0,0
20251130,96,2,9,1,49,189.7,33000000.0,0
20251130,99,7,32,6,34,104.3,12730000.0,0
20251130,100,1,1,3,34,59.0,8420000.0,0
20251130,101,7,31,5,35,67.7,6940000.0,0
20251130,105,8,36,3,39,135.2,5580000.0,0
20251130,106,8,36,3,35,65.2,5870000.0,0
20251130,108,4,17,3,34,43.0,15390000.0,0
20251130,109,5,21,1,34,91.0,9330000.0,0
20251130,111,1,2,1,36,189.7,15130000.0,0
20251130,112,2,6,3,32,38.2,7270000.0,0
20251130,114,1,2,1,29,39.7,14630000.0,0
20251130,115,3,13,1,33,39.5,25650000.0,0
20251130,116,1,5,1,43,65.1,42990000.0,0
20251130,120,2,6,4,25,39.0,7270000.0,0
20251130,123,3,11,2,36,46.9,10570000.0,0
20251130,125,7,32,1,31,74.9,11580000.0,0
20251130,127,1,1,6,28,46.2,7590000.0,0
20251130,128,4,16,2,38,100.0,10940000.0,0
20251130,129,6,26,1,41,189.7,6420000.0,0
20251130,131,1,5,1,53,181.0,52870000.0,0
20251130,135,1,1,1,41,86.2,7090000.0,0
20251130,136,7,32,2,31,83.2,9670000.0,0
20251130,137,1,1,3,27,46.4,9590000.0,0
20251130,138,6,29,1,39,68.2,27640000.0,0
20251130,139,7,32,4,30,70.0,12900000.0,0
20251130,141,1,3,3,38,85.4,18590000.0,0
20251130,146,1,3,4,30,76.1,21960000.0,0
20251130,148,7,31,1,42,174.4,8220000.0,0
20251130,149,1,1,5,29,59.5,6780000.0,0
20251130,151,8,36,3,26,67.7,7620000.0,0
20251130,153,7,33,1,37,112.7,16550000.0,0
20251130,154,1,5,1,44,65.4,47060000.0,0
20251130,155,4,16,2,33,42.7,8250000.0,0
20251130,156,1,3,6,43,88.4,18520000.0,0
20251130,157,1,5,1,45,71.8,45250000.0,0
20251130,159,7,31,1,29,62.5,6910000.0,0
20251130,160,7,35,1,45,131.8,39750000.0,0
20251130,162,4,16,1,32,128.1,9150000.0,0
20251130,165,5,21,2,39,184.0,9620000.0,0
20251130,167,8,39,1,41,78.1,24240000.0,0
20251130,168,2,7,1,36,103.7,13860000.0,0
20251130,170,1,2,6,39,64.5,14050000.0,0
20251130,171,7,31,6,30,48.8,7840000.0,0
20251130,174,8,37,1,27,74.6,11010000.0,0
20251130,176,3,14,1,38,52.2,45620000.0,0
20251130,178,7,33,1,38,37.3,19140000.0,0
20251130,179,1,4,1,39,99.0,30860000.0,0
20251130,181,1,2,1,35,91.4,10960000.0,0
20251130,182,7,31,1,32,90.9,7050000.0,0
20251130,183,5,21,2,34,123.2,9060000.0,0
20251130,188,4,16,1,26,73.4,9290000.0,0
20251130,190,7,31,5,29,90.5,7200000.0,0
20251130,191,4,16,1,36,57.5,10290000.0,0
20251130,193,1,2,1,34,62.0,10680000.0,0
20251130,194,8,39,1,31,84.6,27090000.0,0
20251130,196,7,32,6,31,122.8,9390000.0,0
20251130,197,6,28,3,40,134.8,19210000.0,0
20251130,198,6,26,6,34,75.3,7670000.0,0
20251130,199,6,26,1,36,56.0,8540000.0,0
20251130,200,2,7,1,28,53.7,11970000.0,0
20251130,201,5,21,5,26,66.0,7130000.0,0
20251130,203,7,31,1,24,40.4,6100000.0,0
20251130,204,1,1,1,41,135.5,9530000.0,0
20251130,205,8,36,4,27,44.6,6250000.0,0
20251130,206,1,1,1,32,67.9,8860000.0,0
20251130,208,3,13,2,45,189.7,27570000.0,0
20251130,209,6,26,1,26,58.6,8170000.0,0
20251130,210,7,33,1,32,57.2,16830000.0,0
20251130,211,7,31,1,32,102.8,7970000.0,0
20251130,213,2,6,3,29,58.7,9040000.0,0
20251130,214,8,36,1,36,151.0,6240000.0,0
20251130,215,4,17,1,33,104.2,15090000.0,0
20251130,216,4,16,6,,93.8,10330000.0,0
20251130,217,5,21,1,33,51.1,7730000.0,0
20251130,218,3,11,1,32,72.6,11520000.0,0
20251130,219,3,11,1,39,105.8,8310000.0,0
20251130,220,8,38,1,36,104.0,13550000.0,0
20251130,221,7,31,3,31,67.9,6520000.0,0
20251130,222,8,36,1,30,61.7,6920000.0,0
20251130,223,1,1,3,24,47.9,8420000.0,0
20251130,224,1,4,1,42,97.9,33670000.0,0
20251130,226,2,6,2,36,45.3,8270000.0,0
20251130,228,5,24,2,36,38.1,30460000.0,0
20251130,229,7,31,1,34,140.0,7580000.0,0
20251130,230,8,37,1,30,38.7,10770000.0,0
20251130,232,3,12,1,40,129.9,18030000.0,0
20251130,234,7,32,2,43,189.7,11010000.0,0
20251130,237,6,27,4,30,35.6,11570000.0,0
20251130,239,2,7,4,34,122.7,14960000.0,0
20251130,240,8,36,6,32,76.3,7090000.0,0
20251130,241,8,36,1,55,70.8,7720000.0,0
20251130,242,8,36,1,28,70.4,6950000.0,0
20251130,243,7,31,1,38,177.9,8070000.0,0
20251130,244,3,13,6,51,102.5,22950000.0,0
20251130,245,1,1,1,33,79.1,7950000.0,0
20251130,247,7,31,1,32,71.1,8090000.0,0
20251130,248,5,22,1,30,71.4,13900000.0,0
20251130,250,1,1,1,32,57.0,9030000.0,0
20251130,251,1,4,1,41,106.9,40380000.0,0
20251130,252,3,11,2,31,74.0,12450000.0,0
20251130,253,8,38,6,35,70.6,17690000.0,0
20251130,254,5,21,1,28,41.0,9510000.0,0
20251130,255,1,1,3,33,140.8,7780000.0,0
20251130,256,7,31,1,31,135.0,7770000.0,0
20251130,257,3,12,1,33,64.0,16010000.0,0
20251130,260,8,39,1,42,156.1,29100000.0,0
20251130,264,1,1,6,28,44.0,6440000.0,0
20251130,265,7,33,1,35,70.0,15820000.0,0
20251130,266,4,16,1,29,42.0,11080000.0,0
20251130,268,7,31,6,26,52.1,7430000.0,0
20251130,271,2,6,2,28,36.5,7850000.0,0
20251130,272,4,19,1,38,54.7,43150000.0,0
20251130,273,3,12,1,37,70.8,18970000.0,0
20251130,274,7,31,5,28,56.9,6710000.0,0
20251130,276,8,36,1,37,85.8,6490000.0,0
20251130,278,3,14,1,43,90.1,44900000.0,0
20251130,282,1,4,1,39,48.0,30410000.0,0
20251130,285,1,1,4,24,54.8,8760000.0,0
20251130,286,1,2,1,34,103.4,13010000.0,0
20251130,288,6,30,1,42,38.9,48900000.0,0
20251130,289,7,32,1,32,39.1,11020000.0,0
20251130,290,3,15,1,36,47.8,68410000.0,0
20251130,291,3,13,1,39,55.7,24640000.0,0
20251130,292,7,31,2,26,63.9,7130000.0,0
20251130,293,1,2,1,29,35.1,10710000.0,0
20251130,296,1,1,4,31,83.4,7680000.0,0
20251130,298,8,38,1,36,65.4,18540000.0,0
20251130,300,4,16,5,29,56.6,8670000.0,0
20251130,301,8,37,1,29,37.4,11080000.0,0
20251130,302,1,1,1,29,43.6,8800000.0,0
20251130,303,1,1,1,33,78.0,8930000.0,0
20251130,304,7,31,1,27,81.8,7110000.0,0
20251130,305,7,31,4,27,80.0,6490000.0,0
20251130,306,1,1,6,36,43.4,9250000.0,0
20251130,307,4,17,4,30,77.3,16440000.0,0
20251130,308,6,26,3,31,64.7,9170000.0,0
20251130,309,1,1,1,23,37.3,9360000.0,0
20251130,310,4,16,1,37,142.0,10990000.0,0
20251130,311,3,13,1,38,57.1,22130000.0,0
20251130,313,7,32,1,36,42.7,12410000.0,0
20251130,316,4,19,1,40,59.9,40610000.0,0
20251130,317,2,7,1,41,83.1,11650000.0,0
20251130,318,1,1,1,28,41.6,8420000.0,0
20251130,320,7,33,5,27,42.3,17650000.0,0
20251130,321,1,1,1,36,152.2,8870000.0,0
20251130,322,5,22,4,26,39.7,13860000.0,0
20251130,324,3,14,1,42,94.3,37220000.0,0
20251130,327,7,32,1,34,63.5,11430000.0,0
20251130,329,7,32,2,34,71.2,11130000.0,0
20251130,330,1,1,2,36,189.7,8580000.0,0
20251130,331,3,12,3,33,63.5,19180000.0,0
20251130,333,8,36,1,28,65.1,6240000.0,0
20251130,334,8,37,6,32,63.2,12620000.0,0
20251130,336,1,1,1,32,72.9,9500000.0,0
20251130,337,3,12,1,26,74.2,16520000.0,0
20251130,338,8,36,1,23,37.2,6270000.0,0
20251130,339,5,21,3,29,49.0,8580000.0,0
20251130,340,8,36,5,42,189.7,8660000.0,0
20251130,341,1,1,1,28,69.1,8510000.0,0
20251130,343,7,31,3,25,62.5,8680000.0,0
20251130,345,3,11,1,31,65.3,9250000.0,0
20251130,347,8,36,2,34,162.1,8300000.0,0
20251130,349,7,33,4,46,98.6,14550000.0,0
20251130,350,2,7,3,31,48.5,14990000.0,0
20251130,353,1,2,1,35,105.5,11460000.0,0
20251130,354,7,31,1,32,39.9,6610000.0,0
20251130,358,5,22,1,33,81.9,12200000.0,0
20251130,359,3,13,1,31,39.9,22080000.0,0
20251130,360,7,32,4,40,156.2,12150000.0,0
20251130,361,1,3,6,37,102.1,21230000.0,0
20251130,362,8,36,1,28,73.5,7400000.0,0
20251130,364,7,32,3,32,46.9,10680000.0,0
20251130,366,8,37,4,33,52.1,11500000.0,0
20251130,367,6,27,1,33,38.3,12170000.0,0
20251130,369,1,3,1,37,60.4,20760000.0,0
20251130,370,4,19,1,37,38.9,31920000.0,0
20251130,372,1,1,1,33,67.5,8020000.0,0
20251130,373,2,8,1,38,79.6,18200000.0,0
20251130,374,1,1,5,34,106.4,9670000.0,0
20251130,375,5,22,4,40,181.7,15400000.0,0
20251130,376,3,11,4,27,53.1,9550000.0,0
20251130,377,6,28,2,45,153.2,17500000.0,0
20251130,378,1,1,2,38,133.9,8930000.0,0
20251130,379,1,1,1,30,97.3,8290000.0,0
20251130,380,3,12,5,33,52.9,12710000.0,0
20251130,381,4,18,2,45,122.8,21600000.0,0
20251130,383,6,27,2,33,75.0,11390000.0,0
20251130,384,3,11,1,33,104.5,10400000.0,0
20251130,385,7,33,6,24,36.6,15990000.0,0
20251130,386,2,6,1,42,137.3,9600000.0,0
20251130,387,3,11,1,28,53.3,10150000.0,0
20251130,391,7,32,3,33,74.4,11700000.0,0
20251130,393,7,31,6,27,75.9,7220000.0,0
20251130,396,1,1,1,29,53.0,7860000.0,0
20251130,397,2,7,1,28,61.1,12290000.0,0
20251130,398,3,12,1,30,44.8,13010000.0,0
20251130,400,7,32,3,37,62.1,8930000.0,0
20251130,401,6,29,1,36,53.3,37090000.0,0
20251130,404,7,31,6,37,166.9,6350000.0,0
20251130,406,3,11,2,34,56.7,10760000.0,0
20251130,409,7,33,1,43,189.7,18860000.0,0
20251130,413,8,36,3,31,37.1,6900000.0,0
20251130,417,7,31,2,27,36.0,7050000.0,0
20251130,418,7,31,1,36,70.1,7210000.0,0
20251130,419,8,39,1,41,83.4,25730000.0,0
20251130,420,5,21,2,34,96.8,9530000.0,0
20251130,423,4,16,5,25,59.8,9320000.0,0
20251130,424,3,11,1,23,35.6,9570000.0,0
20251130,425,1,3,3,35,53.7,16470000.0,0
20251130,426,3,14,6,37,45.6,42000000.0,0
20251130,427,1,1,6,25,40.7,9780000.0,0
20251130,429,7,33,1,34,60.5,16920000.0,0
20251130,431,3,12,2,45,157.8,15600000.0,0
20251130,432,1,4,1,42,52.0,39900000.0,0
20251130,433,7,35,1,50,141.1,50490000.0,0
20251130,439,8,37,1,36,68.7,10770000.0,0
20251130,440,7,31,3,31,48.9,7110000.0,0
20251130,442,8,36,2,29,91.0,5820000.0,0
20251130,445,1,4,1,45,152.9,30670000.0,0
20251130,446,8,36,4,26,68.7,6890000.0,0
20251130,447,4,16,1,26,56.6,10540000.0,0
20251130,449,1,2,6,28,51.8,11170000.0,0
20251130,450,8,38,1,40,122.7,17850000.0,0
20251130,452,3,12,2,32,72.9,15290000.0,0
20251130,453,8,36,2,33,65.7,7970000.0,0
20251130,454,7,34,1,42,135.0,25920000.0,0
20251130,455,4,20,6,45,59.8,63640000.0,0
20251130,457,7,32,3,40,133.9,12110000.0,0
20251130,458,7,31,1,27,60.1,7370000.0,0
20251130,460,2,7,1,34,60.7,12480000.0,0
20251130,461,4,16,1,26,34.3,11430000.0,0
20251130,462,2,6,1,26,34.7,10880000.0,0
20251130,463,5,21,1,25,34.2,8460000.0,0
20251130,465,8,37,2,29,34.8,9570000.0,0
20251130,466,7,31,4,28,34.6,7300000.0,0
20251130,467,3,11,2,26,34.2,11090000.0,0
20251130,469,7,31,1,26,34.8,6820000.0,0
20251130,470,1,1,1,28,34.1,8430000.0,0
20251130,471,7,32,3,34,34.2,12060000.0,0
20251130,472,2,6,1,28,34.0,7690000.0,0
20251130,473,6,26,1,27,34.4,8360000.0,0
20251130,474,6,27,1,32,34.8,12480000.0,0
20251130,476,7,31,1,30,33.2,7670000.0,0
20251130,479,2,6,6,35,33.6,9380000.0,0
20251130,480,5,21,6,27,33.4,8550000.0,0
20251130,481,8,36,1,26,32.2,8040000.0,0
20251130,483,8,37,1,32,33.0,11470000.0,0
20251130,485,1,1,1,26,32.9,7290000.0,0
20251130,486,1,1,2,27,32.9,7580000.0,0
20251130,487,1,1,1,26,32.0,7360000.0,0
20251130,491,8,36,3,28,31.8,7400000.0,0
20251130,492,8,36,5,22,31.7,6300000.0,0
20251130,493,3,11,1,22,31.5,9570000.0,0
20251130,494,4,19,2,42,31.7,41790000.0,0
20251130,495,3,11,2,24,31.4,10860000.0,0
20251130,496,7,31,2,,31.9,6660000.0,0
20251130,498,7,32,6,27,32.0,11000000.0,0
20251130,499,1,2,5,24,31.5,14110000.0,0
20251130,500,2,6,2,27,31.7,8800000.0,0
20251130,501,8,36,4,33,31.2,5560000.0,0
20251130,502,1,1,6,23,31.1,6950000.0,0
20251130,504,7,31,3,28,31.7,7590000.0,0
20251130,507,2,6,1,23,31.8,10700000.0,0
20251130,509,7,31,1,28,31.1,6440000.0,0
20251130,510,3,11,3,22,30.9,8750000.0,0
20251130,518,2,6,2,31,29.4,8600000.0,0
20251130,521,7,31,2,29,30.0,7810000.0,0
20251130,527,3,14,1,35,28.5,35510000.0,0
20251130,528,7,32,3,34,28.8,10230000.0,0
20251130,529,8,36,5,23,28.6,6900000.0,0
20251130,530,7,33,1,28,28.6,15390000.0,0
20251130,532,6,26,1,27,28.6,8820000.0,0
20251130,534,8,36,1,27,27.0,6110000.0,0
20251130,535,5,21,3,24,27.3,9520000.0,0
20251130,536,3,11,1,24,27.7,10220000.0,0
20251130,537,7,31,1,27,27.5,6780000.0,0
20251130,538,3,11,3,22,27.4,9710000.0,0
20251130,540,3,11,1,26,27.6,12030000.0,0
20251130,541,8,36,1,23,27.6,7960000.0,0
20251130,543,3,12,1,26,27.6,15070000.0,0
20251130,544,6,26,1,30,27.9,7930000.0,0
20251130,545,4,16,2,26,27.7,9680000.0,0
20251130,547,1,2,2,26,27.6,12680000.0,0
20251130,548,1,1,5,27,26.0,8480000.0,0
20251130,549,1,2,1,31,26.5,14810000.0,0
20251130,551,8,36,2,33,26.9,6510000.0,0
20251130,552,8,38,5,32,26.7,16620000.0,0
20251130,556,2,6,6,25,25.1,9040000.0,0
20251130,558,6,26,1,22,25.9,8070000.0,0
20251130,559,8,36,1,22,25.1,7860000.0,0
20251130,562,1,1,1,27,25.1,8310000.0,0
20251130,563,8,36,5,28,24.5,7220000.0,0
20251130,564,1,1,1,28,24.2,7570000.0,0
20251130,566,4,16,5,28,24.8,9100000.0,0
20251130,572,3,12,1,25,24.1,14110000.0,0
20251130,574,5,21,5,29,24.2,8230000.0,0
20251130,576,7,31,1,31,24.3,7590000.0,0
20251130,578,3,11,3,23,24.7,11050000.0,0
20251130,580,2,6,5,22,23.5,7730000.0,0
20251130,583,6,26,5,30,23.8,8080000.0,0
20251130,584,3,11,3,24,23.9,9430000.0,0
20251130,587,1,1,1,31,23.7,7850000.0,0
20251130,591,1,1,2,30,23.0,8700000.0,0
20251130,592,7,31,6,24,22.4,6460000.0,0
20251130,593,7,33,3,35,22.5,16250000.0,0
20251130,595,7,32,4,34,21.9,10740000.0,0
20251130,596,5,21,1,33,21.7,7690000.0,0
20251130,597,2,6,1,30,21.6,7920000.0,0
20251130,599,7,31,1,25,21.3,6990000.0,0
20251130,600,7,31,2,24,21.4,5960000.0,0
20251130,601,7,31,4,26,21.2,6760000.0,0
20251130,603,4,16,3,25,21.4,8920000.0,0
20251130,605,7,31,5,25,21.8,7000000.0,0
20251130,607,3,11,5,21,21.9,9670000.0,0
20251130,609,7,31,1,30,21.6,8300000.0,0
20251130,610,7,31,1,27,21.9,7920000.0,0
20251130,611,4,17,1,25,21.1,16820000.0,0
20251130,612,2,6,2,25,21.3,6960000.0,0
20251130,613,8,36,5,23,21.8,6580000.0,0
20251130,617,3,11,5,21,20.8,9040000.0,0
20251130,620,2,6,3,27,20.6,8530000.0,0
20251130,621,3,12,1,28,21.0,13830000.0,0
20251130,622,8,36,1,32,20.6,6160000.0,0
20251130,623,7,31,1,23,20.6,6080000.0,0
20251130,624,8,37,1,31,20.7,9910000.0,0
20251130,625,2,7,1,36,20.0,13790000.0,0
20251130,626,7,31,2,25,20.7,7290000.0,0
20251130,628,7,31,6,22,19.1,7210000.0,0
20251130,629,1,2,1,30,19.9,10990000.0,0
20251130,630,3,11,4,22,19.7,11140000.0,0
20251130,631,1,1,2,24,19.4,7110000.0,0
20251130,632,3,11,3,31,19.2,10900000.0,0
20251130,633,8,36,1,24,19.2,5750000.0,0
20251130,634,3,11,2,28,20.0,9570000.0,0
20251130,635,7,31,2,24,19.9,7380000.0,0
20251130,637,5,21,3,30,19.2,9300000.0,0
20251130,639,5,22,4,30,19.2,12140000.0,0
20251130,640,6,26,6,26,19.4,7900000.0,0
20251130,641,7,32,4,31,19.3,11360000.0,0
20251130,642,5,21,1,28,19.9,8870000.0,0
20251130,643,3,12,1,30,18.4,14040000.0,0
20251130,645,3,11,6,21,18.6,8270000.0,0
20251130,647,7,33,6,29,18.2,16320000.0,0
20251130,648,7,31,2,32,18.2,7500000.0,0
20251130,649,8,36,1,24,18.6,6580000.0,0
20251130,650,8,36,3,29,18.4,7190000.0,0
20251130,651,4,16,1,30,18.9,8350000.0,0
20251130,652,1,2,2,28,18.6,14180000.0,0
20251130,654,1,1,1,29,18.9,6760000.0,0
20251130,656,7,31,2,23,18.3,6560000.0,0
20251130,659,3,11,1,22,17.3,7960000.0,0
20251130,662,7,31,3,25,17.1,8250000.0,0
20251130,664,7,31,1,22,17.3,6250000.0,0
20251130,665,2,8,3,35,17.1,19130000.0,0
20251130,667,8,36,3,29,17.9,7370000.0,0
20251130,668,7,31,3,28,17.1,6980000.0,0
20251130,669,3,12,4,31,16.4,16180000.0,0
20251130,671,8,36,5,26,16.3,6370000.0,0
20251130,672,2,7,4,,16.5,11130000.0,0
20251130,673,2,7,2,31,16.4,13120000.0,0
20251130,675,7,31,6,21,16.9,6970000.0,0
20251130,676,3,12,1,29,16.7,12930000.0,0
20251130,677,2,6,1,22,16.8,8580000.0,0
20251130,678,7,32,2,32,16.4,10730000.0,0
20251130,679,8,38,3,25,16.3,13730000.0,0
20251130,682,1,5,1,38,16.9,47300000.0,0
20251130,683,8,36,3,32,16.8,6400000.0,0
20251130,684,8,38,6,31,16.3,14790000.0,0
20251130,686,7,31,4,29,15.1,7580000.0,0
20251130,687,7,32,1,27,15.9,12450000.0,0
20251130,689,2,8,1,33,15.5,18460000.0,0
20251130,691,8,37,3,37,15.7,8680000.0,0
20251130,692,3,13,1,32,14.7,22670000.0,0
20251130,693,7,32,4,26,14.1,9120000.0,0
20251130,694,7,32,1,26,14.5,11390000.0,0
20251130,696,2,6,3,30,14.5,8960000.0,0
20251130,697,8,36,1,28,14.3,7010000.0,0
20251130,698,6,27,3,26,14.8,11730000.0,0
20251130,699,7,31,1,21,14.2,6970000.0,0
20251130,701,8,36,2,22,13.5,6320000.0,0
20251130,703,7,31,6,23,13.5,6080000.0,0
20251130,705,1,1,1,29,13.9,6220000.0,0
20251130,707,8,37,3,29,13.4,8340000.0,0
20251130,709,7,31,2,29,13.3,7300000.0,0
20251130,710,1,1,1,22,13.0,6680000.0,0
20251130,711,1,2,1,30,13.8,11060000.0,0
20251130,712,8,37,1,33,13.4,9120000.0,0
20251130,713,3,11,2,26,13.2,9040000.0,0
20251130,714,3,14,3,36,13.2,32510000.0,0
20251130,715,4,16,1,23,13.4,9740000.0,0
20251130,716,2,8,1,32,13.4,16180000.0,0
20251130,717,6,26,3,34,13.3,7870000.0,0
20251130,718,3,11,1,28,13.7,9000000.0,0
20251130,719,1,1,5,23,13.8,7800000.0,0
20251130,720,7,31,2,26,12.3,6590000.0,0
20251130,721,7,31,1,25,12.9,6490000.0,0
20251130,722,2,6,5,27,12.4,7640000.0,0
20251130,723,7,32,1,30,12.1,11530000.0,0
20251130,725,1,1,1,22,12.8,7090000.0,0
20251130,727,8,36,6,33,12.3,6640000.0,0
20251130,728,1,1,3,29,12.2,6440000.0,0
20251130,731,3,13,1,28,12.5,23100000.0,0
20251130,733,7,32,2,25,12.3,8890000.0,0
20251130,734,3,11,1,25,11.3,9810000.0,0
20251130,735,3,11,1,28,11.8,8940000.0,0
20251130,736,1,1,1,27,11.1,6630000.0,0
20251130,737,7,32,1,29,11.9,10910000.0,0
20251130,738,1,1,4,21,11.7,6780000.0,0
20251130,739,8,36,1,21,11.4,6840000.0,0
20251130,740,2,6,1,25,11.5,7350000.0,0
20251130,741,7,32,2,26,11.1,9490000.0,0
20251130,742,8,36,1,32,11.9,5970000.0,0
20251130,743,1,1,6,26,11.3,7920000.0,0
20251130,744,4,16,6,25,11.5,8760000.0,0
20251130,745,8,37,3,33,10.9,10380000.0,0
20251130,746,3,12,1,31,10.7,15180000.0,0
20251130,747,3,11,5,23,10.0,8820000.0,0
20251130,748,8,40,6,37,10.6,36170000.0,0
20251130,749,8,37,1,27,10.2,11340000.0,0
20251130,751,7,31,2,24,10.9,6230000.0,0
20251130,752,8,36,3,23,10.5,6710000.0,0
20251130,753,3,11,2,24,10.8,7860000.0,0
20251130,754,7,33,1,30,10.2,13180000.0,0
20251130,756,1,1,1,30,9.1,8280000.0,0
20251130,757,3,11,3,24,9.2,9900000.0,0
20251130,758,1,1,6,23,9.8,7740000.0,0
20251130,759,8,36,6,27,9.5,5410000.0,0
20251130,760,1,2,1,33,9.7,10010000.0,0
20251130,761,7,34,1,33,9.3,25870000.0,0
20251130,762,8,36,1,24,9.1,7030000.0,0
20251130,763,7,31,2,21,9.1,7090000.0,0
20251130,764,1,1,2,28,9.7,7250000.0,0
20251130,765,1,2,1,27,9.0,10810000.0,0
20251130,766,7,31,1,34,9.5,6160000.0,0
20251130,767,8,37,1,,9.9,10740000.0,0
20251130,768,7,31,1,25,9.2,7090000.0,0
20251130,770,8,36,5,27,9.5,7010000.0,0
20251130,772,1,1,1,29,9.3,7790000.0,0
20251130,773,3,11,2,30,9.1,7890000.0,0
20251130,775,6,26,3,28,9.0,5930000.0,0
20251130,776,8,36,2,24,8.4,7070000.0,0
20251130,777,7,31,3,32,8.2,5610000.0,0
20251130,778,3,12,3,28,8.7,12030000.0,0
20251130,780,8,38,4,31,7.7,14450000.0,0
20251130,782,7,33,1,35,7.5,12940000.0,0
20251130,783,7,31,4,37,7.1,7090000.0,0
20251130,785,3,11,1,27,6.9,11170000.0,0
20251130,786,2,7,2,23,6.4,12910000.0,0
20251130,787,7,31,5,24,6.5,7130000.0,0
20251130,788,1,1,5,22,6.7,7350000.0,0
20251130,789,1,1,1,24,6.2,6550000.0,0
20251130,790,8,36,1,24,6.5,5890000.0,0
20251130,791,2,6,6,26,6.0,6960000.0,0
20251130,792,7,31,1,28,6.8,6950000.0,0
20251130,793,8,36,3,21,5.5,6980000.0,0
20251130,797,1,2,3,27,5.3,12320000.0,0
20251130,798,7,31,3,25,5.2,6300000.0,0
20251130,799,7,31,2,23,5.4,6930000.0,0
20251130,800,8,36,4,28,5.2,6400000.0,0
20251130,802,4,18,1,36,5.4,20250000.0,0
20251130,803,8,39,1,35,5.7,24180000.0,0
20251130,804,8,36,5,30,5.0,6480000.0,0
20251130,805,5,23,3,37,4.0,20890000.0,0
20251130,806,7,31,3,25,4.8,5760000.0,0
20251130,807,3,11,1,26,4.3,9360000.0,0
20251130,808,7,32,6,33,4.4,9870000.0,0
20251130,809,1,2,1,24,4.5,11400000.0,0
20251130,810,1,1,1,25,4.8,7110000.0,0
20251130,812,7,31,5,23,4.8,6630000.0,0
20251130,813,7,31,4,24,4.5,6210000.0,0
20251130,814,3,12,1,32,4.6,12500000.0,0
20251130,815,1,1,3,23,4.2,6630000.0,0
20251130,816,1,1,5,22,3.8,7020000.0,0
20251130,817,1,1,1,,3.5,7640000.0,0
20251130,818,6,27,1,27,3.9,11860000.0,0
20251130,819,8,36,3,30,3.8,5340000.0,0
20251130,820,6,26,1,24,3.5,7730000.0,0
20251130,822,1,1,1,20,3.7,6860000.0,0
20251130,823,8,36,5,22,3.2,5990000.0,0
20251130,824,3,11,4,21,3.1,8910000.0,0
20251130,825,3,11,1,26,3.6,8930000.0,0
20251130,826,3,14,1,37,2.1,32810000.0,0
20251130,827,7,31,1,28,2.6,6860000.0,0
20251130,828,3,12,2,28,2.7,13860000.0,0
20251130,829,3,11,3,28,2.4,9850000.0,0
20251130,830,3,11,3,22,3.0,10310000.0,0
20251130,831,2,7,1,26,2.7,13680000.0,0
20251130,832,7,32,1,31,2.6,9770000.0,0
20251130,834,7,32,1,25,2.4,9440000.0,0
20251130,835,8,36,1,23,1.5,6430000.0,0
20251130,836,6,28,4,23,1.8,15830000.0,0
20251130,837,8,36,3,21,1.8,6380000.0,0
20251130,838,7,32,4,29,1.6,11040000.0,0
20251130,839,3,11,5,24,1.4,8340000.0,0
20251130,840,7,31,6,20,1.9,5740000.0,0
20251130,841,8,37,5,31,1.2,10320000.0,0
20251130,842,1,1,3,23,1.1,7130000.0,0
20251130,843,5,21,1,28,0.7,7580000.0,1
20251130,844,7,31,1,30,0.4,7580000.0,1
20251130,845,2,6,2,20,0.9,8350000.0,1
20251130,846,2,7,1,31,0.2,10850000.0,1
20251130,847,3,11,1,20,0.2,9400000.0,1
20251130,848,1,1,3,30,0.7,7220000.0,1
20251130,849,1,2,2,29,0.4,9790000.0,1
20251130,850,8,36,1,21,0.7,6210000.0,1
20251130,851,4,18,1,34,0.8,21860000.0,1
20251130,852,8,37,1,30,0.5,10390000.0,1
20251130,853,2,7,1,30,0.3,11060000.0,1
20251130,854,7,35,2,45,0.0,47410000.0,1
20251231,2,7,32,1,34,77.0,10120000.0,0
20251231,3,5,21,1,32,65.2,8540000.0,0
20251231,5,8,36,1,32,64.3,7070000.0,0
20251231,7,3,11,2,33,69.1,10800000.0,0
20251231,8,5,21,2,33,54.2,7940000.0,0
20251231,9,8,36,3,32,80.8,6480000.0,0
20251231,11,8,36,6,28,44.5,7400000.0,0
20251231,12,2,6,3,36,83.8,8280000.0,0
20251231,13,2,7,2,30,82.4,13030000.0,0
20251231,15,4,16,1,27,82.0,8040000.0,0
20251231,16,1,1,5,27,49.8,8030000.0,0
20251231,17,6,26,3,25,58.6,9680000.0,0
20251231,19,5,24,1,47,89.2,36190000.0,0
20251231,21,7,31,5,27,92.6,7320000.0,0
20251231,22,1,1,3,26,58.4,8610000.0,0
20251231,24,8,36,1,35,100.7,7700000.0,0
20251231,25,2,8,1,40,80.4,17930000.0,0
20251231,27,3,14,1,36,44.1,43220000.0,0
20251231,28,2,6,1,30,89.4,7440000.0,0
20251231,29,3,12,1,33,68.1,15950000.0,0
20251231,30,1,2,3,38,63.9,14400000.0,0
20251231,31,2,6,4,,116.4,9650000.0,0
20251231,34,8,36,5,25,62.2,6620000.0,0
20251231,37,1,3,1,36,46.5,20090000.0,0
20251231,38,3,11,1,39,84.4,9790000.0,0
20251231,39,4,16,3,27,45.2,9420000.0,0
20251231,40,3,11,5,32,69.4,10870000.0,0
20251231,44,6,26,2,32,81.4,8250000.0,0
20251231,46,7,31,2,23,38.0,6570000.0,0
20251231,47,7,31,4,36,101.4,8520000.0,0
20251231,48,7,31,5,31,111.6,7120000.0,0
20251231,49,3,13,1,31,121.1,25830000.0,0
20251231,50,3,13,1,38,53.5,22960000.0,0
20251231,51,7,31,1,31,46.2,6810000.0,0
20251231,53,7,32,1,32,47.9,11550000.0,0
20251231,54,8,37,2,33,50.7,12470000.0,0
20251231,55,8,36,1,30,54.0,5990000.0,0
20251231,56,1,1,3,30,107.4,8200000.0,0
20251231,57,4,16,1,31,86.2,10780000.0,0
20251231,58,4,16,3,38,140.5,9750000.0,0
20251231,61,4,17,3,35,131.5,16760000.0,0
20251231,63,3,11,5,32,84.1,11020000.0,0
20251231,64,7,31,1,34,55.0,8230000.0,0
20251231,65,3,11,1,27,90.0,9370000.0,0
20251231,66,1,3,4,34,77.8,17170000.0,0
20251231,67,7,31,6,26,45.2,7040000.0,0
20251231,69,5,21,6,28,70.0,9390000.0,0
20251231,71,1,4,2,42,190.7,31130000.0,0
20251231,73,3,14,1,44,64.1,41230000.0,0
20251231,74,8,36,2,36,113.1,7250000.0,0
20251231,75,4,16,6,32,138.0,10610000.0,0
20251231,76,3,13,5,46,148.2,21820000.0,0
20251231,77,5,21,1,26,54.2,8650000.0,0
20251231,80,7,33,2,36,44.3,14690000.0,0
20251231,81,1,1,6,26,61.7,8920000.0,0
20251231,82,2,6,1,30,40.5,8300000.0,0
20251231,83,6,27,2,32,53.7,11750000.0,0
20251231,84,4,16,3,42,156.9,8550000.0,0
20251231,89,1,1,5,31,59.5,7950000.0,0
20251231,91,7,31,1,27,66.0,8630000.0,0
20251231,92,5,21,3,30,76.6,7190000.0,0
20251231,94,2,6,1,29,96.6,8490000.0,0
20251231,95,1,2,2,28,73.8,13300000.0,0
20251231,96,2,9,1,49,190.7,33000000.0,0
20251231,99,7,32,6,34,105.3,12730000.0,0
20251231,100,1,1,3,34,60.0,8420000.0,0
20251231,101,7,31,5,35,68.7,6940000.0,0
20251231,105,8,36,3,39,136.2,5580000.0,0
20251231,106,8,36,3,35,66.2,5870000.0,0
20251231,108,4,17,3,34,44.0,15390000.0,0
20251231,109,5,21,1,34,92.0,9330000.0,0
20251231,111,1,2,1,36,190.7,15130000.0,0
20251231,112,2,6,3,32,39.2,7270000.0,0
20251231,114,1,2,1,29,40.7,14630000.0,0
20251231,115,3,13,1,33,40.5,25650000.0,0
20251231,116,1,5,1,43,66.1,42990000.0,0
20251231,120,2,6,4,25,40.0,7270000.0,0
20251231,123,3,11,2,36,47.9,10570000.0,0
20251231,125,7,32,1,31,75.9,11580000.0,0
20251231,127,1,1,6,28,47.2,7590000.0,0
20251231,128,4,16,2,38,101.1,10940000.0,0
20251231,129,6,26,1,41,190.7,6420000.0,0
20251231,131,1,5,1,53,182.0,52870000.0,0
20251231,135,1,1,1,41,87.3,7090000.0,0
20251231,136,7,32,2,31,84.2,9670000.0,0
20251231,137,1,1,3,28,47.4,9590000.0,0
20251231,138,6,29,1,39,69.2,27640000.0,0
20251231,139,7,32,4,31,71.0,12900000.0,0
20251231,141,1,3,3,38,86.4,18590000.0,0
20251231,146,1,3,4,30,77.1,21960000.0,0
20251231,148,7,31,1,42,175.4,8220000.0,0
20251231,149,1,1,5,29,60.5,6780000.0,0
20251231,151,8,36,3,26,68.7,7620000.0,0
20251231,153,7,33,1,37,113.7,16550000.0,0
20251231,154,1,5,1,44,66.5,47060000.0,0
20251231,155,4,16,2,33,43.7,8250000.0,0
20251231,156,1,3,6,43,89.5,18520000.0,0
20251231,157,1,5,1,45,72.8,45250000.0,0
20251231,159,7,31,1,29,63.5,6910000.0,0
20251231,160,7,35,1,45,132.8,39750000.0,0
20251231,162,4,16,1,33,129.1,9150000.0,0
20251231,165,5,21,2,39,185.1,9620000.0,0
20251231,167,8,39,1,41,79.1,24240000.0,0
20251231,168,2,7,1,36,104.7,13860000.0,0
20251231,170,1,2,6,39,65.5,14050000.0,0
20251231,171,7,31,6,30,49.8,7840000.0,0
20251231,174,8,37,1,27,75.7,11010000.0,0
20251231,176,3,14,1,38,53.2,45620000.0,0
20251231,178,7,33,1,38,38.3,19140000.0,0
20251231,179,1,4,1,40,100.0,30860000.0,0
20251231,181,1,2,1,35,92.5,10960000.0,0
20251231,182,7,31,1,32,92.0,7050000.0,0
20251231,183,5,21,2,34,124.2,9060000.0,0
20251231,188,4,16,1,27,74.4,9290000.0,0
20251231,190,7,31,5,29,91.5,7200000.0,0
20251231,191,4,16,1,36,58.5,10290000.0,0
20251231,193,1,2,1,34,63.0,10680000.0,0
20251231,194,8,39,1,32,85.7,27090000.0,0
20251231,196,7,32,6,31,123.8,9390000.0,0
20251231,197,6,28,3,40,135.8,19210000.0,0
20251231,198,6,26,6,34,76.3,7670000.0,0
20251231,199,6,26,1,36,57.0,8540000.0,0
20251231,200,2,7,1,28,54.7,11970000.0,0
20251231,201,5,21,5,26,67.0,7130000.0,0
20251231,203,7,31,1,24,41.5,6100000.0,0
20251231,204,1,1,1,41,136.5,9530000.0,0
20251231,205,8,36,4,27,45.7,6250000.0,0
20251231,206,1,1,1,32,68.9,8860000.0,0
20251231,208,3,13,2,45,190.7,27570000.0,0
20251231,209,6,26,1,27,59.6,8170000.0,0
20251231,210,7,33,1,32,58.3,16830000.0,0
20251231,211,7,31,1,32,103.9,7970000.0,0
20251231,213,2,6,3,29,59.8,9040000.0,0
20251231,214,8,36,1,36,152.0,6240000.0,0
20251231,215,4,17,1,33,105.2,15090000.0,0
20251231,216,4,16,6,,94.9,10330000.0,0
20251231,217,5,21,1,34,52.1,7730000.0,0
20251231,218,3,11,1,32,73.6,11520000.0,0
20251231,219,3,11,1,40,106.8,8310000.0,0
20251231,220,8,38,1,36,105.1,13550000.0,0
20251231,221,7,31,3,31,68.9,6520000.0,0
20251231,222,8,36,1,30,62.7,6920000.0,0
20251231,223,1,1,3,24,49.0,8420000.0,0
20251231,224,1,4,1,42,98.9,33670000.0,0
20251231,226,2,6,2,36,46.4,8270000.0,0
20251231,228,5,24,2,36,39.2,30460000.0,0
20251231,229,7,31,1,34,141.0,7580000.0,0
20251231,230,8,37,1,30,39.8,10770000.0,0
20251231,232,3,12,1,40,131.0,18030000.0,0
20251231,234,7,32,2,43,190.7,11010000.0,0
20251231,237,6,27,4,30,36.6,11570000.0,0
20251231,239,2,7,4,34,123.8,14960000.0,0
20251231,240,8,36,6,32,77.3,7090000.0,0
20251231,241,8,36,1,56,71.8,7720000.0,0
20251231,242,8,36,1,28,71.4,6950000.0,0
20251231,243,7,31,1,38,179.0,8070000.0,0
20251231,244,3,13,6,51,103.5,22950000.0,0
20251231,245,1,1,1,34,80.2,7950000.0,0
20251231,247,7,31,1,32,72.1,8090000.0,0
20251231,248,5,22,1,30,72.4,13900000.0,0
20251231,250,1,1,1,32,58.0,9030000.0,0
20251231,251,1,4,1,41,108.0,40380000.0,0
20251231,252,3,11,2,31,75.0,12450000.0,0
20251231,253,8,38,6,35,71.6,17690000.0,0
20251231,254,5,21,1,28,42.1,9510000.0,0
20251231,255,1,1,3,33,141.8,7780000.0,0
20251231,256,7,31,1,31,136.0,7770000.0,0
20251231,257,3,12,1,33,65.0,16010000.0,0
20251231,260,8,39,1,42,157.1,29100000.0,0
20251231,264,1,1,6,29,45.0,6440000.0,0
20251231,265,7,33,1,35,71.0,15820000.0,0
20251231,266,4,16,1,29,43.0,11080000.0,0
20251231,268,7,31,6,26,53.2,7430000.0,0
20251231,271,2,6,2,28,37.5,7850000.0,0
20251231,272,4,19,1,38,55.7,43150000.0,0
20251231,273,3,12,1,37,71.8,18970000.0,0
20251231,274,7,31,5,28,57.9,6710000.0,0
20251231,276,8,36,1,37,86.9,6490000.0,0
20251231,278,3,14,1,43,91.1,44900000.0,0
20251231,282,1,4,1,39,49.1,30410000.0,0
20251231,285,1,1,4,24,55.9,8760000.0,0
20251231,286,1,2,1,34,104.4,13010000.0,0
20251231,288,6,30,1,42,39.9,48900000.0,0
20251231,289,7,32,1,32,40.1,11020000.0,0
20251231,290,3,15,1,36,48.9,68410000.0,0
20251231,291,3,13,1,40,56.7,24640000.0,0
20251231,292,7,31,2,26,64.9,7130000.0,0
20251231,293,1,2,1,29,36.1,10710000.0,0
20251231,296,1,1,4,31,84.4,7680000.0,0
20251231,298,8,38,1,36,66.5,18540000.0,0
20251231,300,4,16,5,29,57.7,8670000.0,0
20251231,301,8,37,1,30,38.4,11080000.0,0
20251231,302,1,1,1,30,44.6,8800000.0,0
20251231,303,1,1,1,33,79.0,8930000.0,0
20251231,304,7,31,1,27,82.9,7110000.0,0
20251231,305,7,31,4,27,81.0,6490000.0,0
20251231,306,1,1,6,36,44.4,9250000.0,0
20251231,307,4,17,4,30,78.3,16440000.0,0
20251231,308,6,26,3,31,65.7,9170000.0,0
20251231,309,1,1,1,24,38.3,9360000.0,0
20251231,310,4,16,1,37,143.0,10990000.0,0
20251231,311,3,13,1,39,58.2,22130000.0,0
20251231,313,7,32,1,36,43.7,12410000.0,0
20251231,316,4,19,1,40,60.9,40610000.0,0
20251231,317,2,7,1,42,84.1,11650000.0,0
20251231,318,1,1,1,28,42.6,8420000.0,0
20251231,320,7,33,5,27,43.4,17650000.0,0
20251231,321,1,1,1,36,153.2,8870000.0,0
20251231,322,5,22,4,26,40.7,13860000.0,0
20251231,324,3,14,1,42,95.3,37220000.0,0
20251231,327,7,32,1,34,64.5,11430000.0,0
20251231,329,7,32,2,34,72.2,11130000.0,0
20251231,330,1,1,2,36,190.7,8580000.0,0
20251231,331,3,12,3,33,64.6,19180000.0,0
20251231,333,8,36,1,28,66.2,6240000.0,0
20251231,334,8,37,6,33,64.3,12620000.0,0
20251231,336,1,1,1,32,73.9,9500000.0,0
20251231,337,3,12,1,26,75.2,16520000.0,0
20251231,338,8,36,1,23,38.2,6270000.0,0
20251231,339,5,21,3,30,50.0,8580000.0,0
20251231,340,8,36,5,42,190.7,8660000.0,0
20251231,341,1,1,1,28,70.1,8510000.0,0
20251231,343,7,31,3,25,63.5,8680000.0,0
20251231,345,3,11,1,31,66.4,9250000.0,0
20251231,347,8,36,2,34,163.2,8300000.0,0
20251231,349,7,33,4,46,99.6,14550000.0,0
20251231,350,2,7,3,31,49.5,14990000.0,0
20251231,353,1,2,1,35,106.5,11460000.0,0
20251231,354,7,31,1,32,40.9,6610000.0,0
20251231,358,5,22,1,33,82.9,12200000.0,0
20251231,359,3,13,1,31,40.9,22080000.0,0
20251231,360,7,32,4,40,157.2,12150000.0,0
20251231,361,1,3,6,37,103.2,21230000.0,0
20251231,362,8,36,1,28,74.5,7400000.0,0
20251231,364,7,32,3,32,48.0,10680000.0,0
20251231,366,8,37,4,33,53.2,11500000.0,0
20251231,367,6,27,1,33,39.4,12170000.0,0
20251231,369,1,3,1,37,61.4,20760000.0,0
20251231,370,4,19,1,37,40.0,31920000.0,0
20251231,372,1,1,1,33,68.5,8020000.0,0
20251231,373,2,8,1,38,80.6,18200000.0,0
20251231,375,5,22,4,40,182.7,15400000.0,0
20251231,376,3,11,4,27,54.1,9550000.0,0
20251231,377,6,28,2,45,154.3,17500000.0,0
20251231,378,1,1,2,38,134.9,8930000.0,0
20251231,379,1,1,1,31,98.3,8290000.0,0
20251231,380,3,12,5,33,53.9,12710000.0,0
20251231,381,4,18,2,45,123.8,21600000.0,0
20251231,383,6,27,2,33,76.1,11390000.0,0
20251231,384,3,11,1,33,105.5,10400000.0,0
20251231,385,7,33,6,24,37.7,15990000.0,0
20251231,386,2,6,1,42,138.3,9600000.0,0
20251231,387,3,11,1,28,54.3,10150000.0,0
20251231,391,7,32,3,33,75.4,11700000.0,0
20251231,393,7,31,6,27,76.9,7220000.0,0
20251231,396,1,1,1,29,54.0,7860000.0,0
20251231,397,2,7,1,28,62.1,12290000.0,0
20251231,398,3,12,1,30,45.8,13010000.0,0
20251231,400,7,32,3,38,63.1,8930000.0,0
20251231,401,6,29,1,37,54.3,37090000.0,0
20251231,404,7,31,6,37,167.9,6350000.0,0
20251231,406,3,11,2,34,57.7,10760000.0,0
20251231,409,7,33,1,43,190.7,18860000.0,0
20251231,413,8,36,3,31,38.1,6900000.0,0
20251231,417,7,31,2,27,37.1,7050000.0,0
20251231,418,7,31,1,36,71.1,7210000.0,0
20251231,419,8,39,1,41,84.4,25730000.0,0
20251231,420,5,21,2,34,97.8,9530000.0,0
20251231,423,4,16,5,25,60.8,9320000.0,0
20251231,424,3,11,1,23,36.6,9570000.0,0
20251231,425,1,3,3,35,54.7,16470000.0,0
20251231,426,3,14,6,37,46.6,42000000.0,0
20251231,427,1,1,6,25,41.8,9780000.0,0
20251231,429,7,33,1,34,61.5,16920000.0,0
20251231,431,3,12,2,45,158.9,15600000.0,0
20251231,432,1,4,1,42,53.0,39900000.0,0
20251231,433,7,35,1,50,142.1,50490000.0,0
20251231,439,8,37,1,36,69.7,10770000.0,0
20251231,440,7,31,3,31,49.9,7110000.0,0
20251231,442,8,36,2,30,92.0,5820000.0,0
20251231,445,1,4,1,45,153.9,30670000.0,0
20251231,446,8,36,4,26,69.7,6890000.0,0
20251231,447,4,16,1,26,57.6,10540000.0,0
20251231,449,1,2,6,28,52.8,11170000.0,0
20251231,450,8,38,1,40,123.7,17850000.0,0
20251231,452,3,12,2,33,73.9,15290000.0,0
20251231,453,8,36,2,33,66.7,7970000.0,0
20251231,454,7,34,1,42,136.0,25920000.0,0
20251231,455,4,20,6,45,60.8,63640000.0,0
20251231,457,7,32,3,40,134.9,12110000.0,0
20251231,458,7,31,1,27,61.1,7370000.0,0
20251231,460,2,7,1,34,61.7,12480000.0,0
20251231,461,4,16,1,26,35.4,11430000.0,0
20251231,462,2,6,1,26,35.7,10880000.0,0
20251231,463,5,21,1,25,35.2,8460000.0,0
20251231,465,8,37,2,29,35.8,9570000.0,0
20251231,466,7,31,4,29,35.6,7300000.0,0
20251231,467,3,11,2,26,35.3,11090000.0,0
20251231,469,7,31,1,27,35.8,6820000.0,0
20251231,470,1,1,1,28,35.1,8430000.0,0
20251231,471,7,32,3,34,35.2,12060000.0,0
20251231,472,2,6,1,28,35.0,7690000.0,0
20251231,473,6,26,1,27,35.4,8360000.0,0
20251231,474,6,27,1,33,35.8,12480000.0,0
20251231,476,7,31,1,30,34.3,7670000.0,0
20251231,479,2,6,6,35,34.6,9380000.0,0
20251231,480,5,21,6,27,34.4,8550000.0,0
20251231,481,8,36,1,26,33.2,8040000.0,0
20251231,483,8,37,1,32,34.0,11470000.0,0
20251231,485,1,1,1,26,33.9,7290000.0,0
20251231,486,1,1,2,27,33.9,7580000.0,0
20251231,487,1,1,1,26,33.0,7360000.0,0
20251231,492,8,36,5,23,32.7,6300000.0,0
20251231,493,3,11,1,22,32.5,9570000.0,0
20251231,494,4,19,2,43,32.7,41790000.0,0
20251231,495,3,11,2,24,32.4,10860000.0,0
20251231,496,7,31,2,,33.0,6660000.0,0
20251231,498,7,32,6,27,33.0,11000000.0,0
20251231,499,1,2,5,24,32.5,14110000.0,0
20251231,500,2,6,2,27,32.7,8800000.0,0
20251231,501,8,36,4,33,32.3,5560000.0,0
20251231,502,1,1,6,23,32.1,6950000.0,0
20251231,504,7,31,3,28,32.7,7590000.0,0
20251231,507,2,6,1,23,32.8,10700000.0,0
20251231,509,7,31,1,28,32.1,6440000.0,0
20251231,510,3,11,3,22,31.9,8750000.0,0
20251231,518,2,6,2,31,30.4,8600000.0,0
20251231,521,7,31,2,29,31.0,7810000.0,0
20251231,527,3,14,1,35,29.5,35510000.0,0
20251231,528,7,32,3,34,29.8,10230000.0,0
20251231,529,8,36,5,23,29.6,6900000.0,0
20251231,530,7,33,1,28,29.7,15390000.0,0
20251231,532,6,26,1,27,29.6,8820000.0,0
20251231,534,8,36,1,27,28.0,6110000.0,0
20251231,535,5,21,3,24,28.4,9520000.0,0
20251231,536,3,11,1,24,28.7,10220000.0,0
20251231,537,7,31,1,27,28.6,6780000.0,0
20251231,538,3,11,3,22,28.4,9710000.0,0
20251231,540,3,11,1,26,28.6,12030000.0,0
20251231,541,8,36,1,23,28.6,7960000.0,0
20251231,543,3,12,1,27,28.6,15070000.0,0
20251231,544,6,26,1,30,28.9,7930000.0,0
20251231,545,4,16,2,27,28.7,9680000.0,0
20251231,547,1,2,2,26,28.6,12680000.0,0
20251231,548,1,1,5,27,27.0,8480000.0,0
20251231,549,1,2,1,31,27.5,14810000.0,0
20251231,551,8,36,2,33,28.0,6510000.0,0
20251231,552,8,38,5,32,27.7,16620000.0,0
20251231,556,2,6,6,25,26.1,9040000.0,0
20251231,558,6,26,1,22,26.9,8070000.0,0
20251231,559,8,36,1,22,26.1,7860000.0,0
20251231,562,1,1,1,27,26.1,8310000.0,0
20251231,563,8,36,5,28,25.5,7220000.0,0
20251231,564,1,1,1,28,25.2,7570000.0,0
20251231,566,4,16,5,28,25.8,9100000.0,0
20251231,572,3,12,1,25,25.1,14110000.0,0
20251231,574,5,21,5,29,25.2,8230000.0,0
20251231,576,7,31,1,32,25.3,7590000.0,0
20251231,578,3,11,3,23,25.7,11050000.0,0
20251231,580,2,6,5,22,24.5,7730000.0,0
20251231,583,6,26,5,30,24.8,8080000.0,0
20251231,584,3,11,3,24,24.9,9430000.0,0
20251231,587,1,1,1,31,24.7,7850000.0,0
20251231,591,1,1,2,30,24.0,8700000.0,0
20251231,592,7,31,6,24,23.4,6460000.0,0
20251231,593,7,33,3,35,23.6,16250000.0,0
20251231,595,7,32,4,34,23.0,10740000.0,0
20251231,596,5,21,1,33,22.7,7690000.0,0
20251231,597,2,6,1,30,22.6,7920000.0,0
20251231,599,7,31,1,25,22.3,6990000.0,0
20251231,600,7,31,2,24,22.4,5960000.0,0
20251231,601,7,31,4,26,22.2,6760000.0,0
20251231,603,4,16,3,25,22.4,8920000.0,0
20251231,605,7,31,5,25,22.8,7000000.0,0
20251231,607,3,11,5,22,23.0,9670000.0,0
20251231,609,7,31,1,30,22.6,8300000.0,0
20251231,610,7,31,1,27,22.9,7920000.0,0
20251231,611,4,17,1,25,22.1,16820000.0,0
20251231,612,2,6,2,25,22.3,6960000.0,0
20251231,613,8,36,5,23,22.8,6580000.0,0
20251231,617,3,11,5,22,21.8,9040000.0,0
20251231,620,2,6,3,27,21.7,8530000.0,0
20251231,621,3,12,1,28,22.0,13830000.0,0
20251231,622,8,36,1,32,21.6,6160000.0,0
20251231,623,7,31,1,23,21.6,6080000.0,0
20251231,624,8,37,1,31,21.7,9910000.0,0
20251231,625,2,7,1,36,21.1,13790000.0,0
20251231,626,7,31,2,25,21.7,7290000.0,0
20251231,628,7,31,6,22,20.1,7210000.0,0
20251231,629,1,2,1,30,20.9,10990000.0,0
20251231,630,3,11,4,22,20.8,11140000.0,0
20251231,631,1,1,2,24,20.4,7110000.0,0
20251231,632,3,11,3,31,20.2,10900000.0,0
20251231,633,8,36,1,24,20.2,5750000.0,0
20251231,634,3,11,2,28,21.0,9570000.0,0
20251231,635,7,31,2,24,20.9,7380000.0,0
20251231,637,5,21,3,30,20.2,9300000.0,0
20251231,639,5,22,4,30,20.2,12140000.0,0
20251231,640,6,26,6,26,20.4,7900000.0,0
20251231,641,7,32,4,31,20.3,11360000.0,0
20251231,642,5,21,1,28,20.9,8870000.0,0
20251231,643,3,12,1,31,19.4,14040000.0,0
20251231,645,3,11,6,21,19.6,8270000.0,0
20251231,647,7,33,6,29,19.2,16320000.0,0
20251231,648,7,31,2,32,19.3,7500000.0,0
20251231,649,8,36,1,25,19.6,6580000.0,0
20251231,650,8,36,3,29,19.4,7190000.0,0
20251231,651,4,16,1,30,19.9,8350000.0,0
20251231,652,1,2,2,28,19.6,14180000.0,0
20251231,654,1,1,1,30,19.9,6760000.0,0
20251231,656,7,31,2,23,19.4,6560000.0,0
20251231,659,3,11,1,22,18.4,7960000.0,0
20251231,662,7,31,3,25,18.1,8250000.0,0
20251231,664,7,31,1,22,18.3,6250000.0,0
20251231,665,2,8,3,35,18.1,19130000.0,0
20251231,667,8,36,3,29,18.9,7370000.0,0
20251231,668,7,31,3,28,18.1,6980000.0,0
20251231,669,3,12,4,31,17.4,16180000.0,0
20251231,671,8,36,5,26,17.3,6370000.0,0
20251231,672,2,7,4,,17.5,11130000.0,0
20251231,673,2,7,2,31,17.4,13120000.0,0
20251231,675,7,31,6,21,17.9,6970000.0,0
20251231,676,3,12,1,29,17.7,12930000.0,0
20251231,677,2,6,1,22,17.8,8580000.0,0
20251231,678,7,32,2,32,17.4,10730000.0,0
20251231,679,8,38,3,25,17.3,13730000.0,0
20251231,682,1,5,1,38,17.9,47300000.0,0
20251231,683,8,36,3,32,17.8,6400000.0,0
20251231,684,8,38,6,31,17.3,14790000.0,0
20251231,686,7,31,4,29,16.2,7580000.0,0
20251231,687,7,32,1,27,16.9,12450000.0,0
20251231,689,2,8,1,33,16.6,18460000.0,0
20251231,691,8,37,3,37,16.7,8680000.0,0
20251231,692,3,13,1,32,15.7,22670000.0,0
20251231,693,7,32,4,26,15.1,9120000.0,0
20251231,694,7,32,1,26,15.5,11390000.0,0
20251231,696,2,6,3,31,15.5,8960000.0,0
20251231,697,8,36,1,28,15.3,7010000.0,0
20251231,698,6,27,3,27,15.8,11730000.0,0
20251231,699,7,31,1,21,15.2,6970000.0,0
20251231,701,8,36,2,22,14.5,6320000.0,0
20251231,703,7,31,6,23,14.5,6080000.0,0
20251231,705,1,1,1,29,14.9,6220000.0,0
20251231,707,8,37,3,29,14.4,8340000.0,0
20251231,709,7,31,2,29,14.4,7300000.0,0
20251231,710,1,1,1,22,14.0,6680000.0,0
20251231,711,1,2,1,30,14.8,11060000.0,0
20251231,712,8,37,1,33,14.4,9120000.0,0
20251231,713,3,11,2,26,14.3,9040000.0,0
20251231,714,3,14,3,36,14.2,32510000.0,0
20251231,715,4,16,1,23,14.4,9740000.0,0
20251231,716,2,8,1,32,14.4,16180000.0,0
20251231,717,6,26,3,34,14.3,7870000.0,0
20251231,718,3,11,1,28,14.7,9000000.0,0
20251231,719,1,1,5,23,14.8,7800000.0,0
20251231,720,7,31,2,26,13.3,6590000.0,0
20251231,721,7,31,1,25,13.9,6490000.0,0
20251231,722,2,6,5,27,13.4,7640000.0,0
20251231,723,7,32,1,30,13.1,11530000.0,0
20251231,725,1,1,1,22,13.9,7090000.0,0
20251231,728,1,1,3,29,13.2,6440000.0,0
20251231,731,3,13,1,29,13.5,23100000.0,0
20251231,733,7,32,2,26,13.3,8890000.0,0
20251231,734,3,11,1,25,12.4,9810000.0,0
20251231,735,3,11,1,28,12.8,8940000.0,0
20251231,736,1,1,1,27,12.1,6630000.0,0
20251231,737,7,32,1,29,12.9,10910000.0,0
20251231,738,1,1,4,21,12.7,6780000.0,0
20251231,739,8,36,1,22,12.5,6840000.0,0
20251231,740,2,6,1,25,12.5,7350000.0,0
20251231,741,7,32,2,26,12.2,9490000.0,0
20251231,742,8,36,1,32,12.9,5970000.0,0
20251231,743,1,1,6,26,12.3,7920000.0,0
20251231,744,4,16,6,25,12.5,8760000.0,0
20251231,745,8,37,3,33,11.9,10380000.0,0
20251231,746,3,12,1,31,11.7,15180000.0,0
20251231,747,3,11,5,23,11.0,8820000.0,0
20251231,748,8,40,6,37,11.6,36170000.0,0
20251231,749,8,37,1,27,11.2,11340000.0,0
20251231,751,7,31,2,25,11.9,6230000.0,0
20251231,752,8,36,3,23,11.5,6710000.0,0
20251231,753,3,11,2,24,11.8,7860000.0,0
20251231,756,1,1,1,30,10.1,8280000.0,0
20251231,757,3,11,3,24,10.2,9900000.0,0
20251231,758,1,1,6,23,10.8,7740000.0,0
20251231,759,8,36,6,27,10.5,5410000.0,0
20251231,760,1,2,1,33,10.7,10010000.0,0
20251231,761,7,34,1,34,10.3,25870000.0,0
20251231,762,8,36,1,24,10.2,7030000.0,0
20251231,763,7,31,2,21,10.1,7090000.0,0
20251231,764,1,1,2,28,10.7,7250000.0,0
20251231,765,1,2,1,27,10.1,10810000.0,0
20251231,766,7,31,1,34,10.5,6160000.0,0
20251231,767,8,37,1,,10.9,10740000.0,0
20251231,768,7,31,1,26,10.2,7090000.0,0
20251231,770,8,36,5,27,10.5,7010000.0,0
20251231,772,1,1,1,29,10.3,7790000.0,0
20251231,773,3,11,2,30,10.2,7890000.0,0
20251231,775,6,26,3,28,10.0,5930000.0,0
20251231,776,8,36,2,24,9.4,7070000.0,0
20251231,777,7,31,3,32,9.2,5610000.0,0
20251231,778,3,12,3,28,9.7,12030000.0,0
20251231,782,7,33,1,35,8.5,12940000.0,0
20251231,783,7,31,4,37,8.1,7090000.0,0
20251231,785,3,11,1,27,8.0,11170000.0,0
20251231,786,2,7,2,23,7.5,12910000.0,0
20251231,787,7,31,5,24,7.6,7130000.0,0
20251231,788,1,1,5,22,7.8,7350000.0,0
20251231,789,1,1,1,24,7.2,6550000.0,0
20251231,790,8,36,1,24,7.5,5890000.0,0
20251231,791,2,6,6,26,7.0,6960000.0,0
20251231,792,7,31,1,28,7.8,6950000.0,0
20251231,793,8,36,3,21,6.5,6980000.0,0
20251231,797,1,2,3,27,6.3,12320000.0,0
20251231,798,7,31,3,25,6.2,6300000.0,0
20251231,799,7,31,2,23,6.4,6930000.0,0
20251231,800,8,36,4,28,6.2,6400000.0,0
20251231,802,4,18,1,36,6.4,20250000.0,0
20251231,803,8,39,1,35,6.8,24180000.0,0
20251231,804,8,36,5,31,6.0,6480000.0,0
20251231,805,5,23,3,37,5.1,20890000.0,0
20251231,806,7,31,3,25,5.8,5760000.0,0
20251231,807,3,11,1,26,5.4,9360000.0,0
20251231,808,7,32,6,33,5.5,9870000.0,0
20251231,809,1,2,1,25,5.5,11400000.0,0
20251231,810,1,1,1,25,5.8,7110000.0,0
20251231,812,7,31,5,24,5.8,6630000.0,0
20251231,813,7,31,4,24,5.5,6210000.0,0
20251231,814,3,12,1,32,5.6,12500000.0,0
20251231,815,1,1,3,23,5.2,6630000.0,0
20251231,816,1,1,5,22,4.9,7020000.0,0
20251231,817,1,1,1,,4.5,7640000.0,0
20251231,818,6,27,1,28,4.9,11860000.0,0
20251231,819,8,36,3,30,4.8,5340000.0,0
20251231,820,6,26,1,24,4.5,7730000.0,0
20251231,822,1,1,1,20,4.8,6860000.0,0
20251231,823,8,36,5,22,4.2,5990000.0,0
20251231,824,3,11,4,21,4.1,8910000.0,0
20251231,825,3,11,1,26,4.6,8930000.0,0
20251231,826,3,14,1,37,3.1,32810000.0,0
20251231,827,7,31,1,28,3.6,6860000.0,0
20251231,828,3,12,2,28,3.7,13860000.0,0
20251231,829,3,11,3,28,3.4,9850000.0,0
20251231,830,3,11,3,22,4.0,10310000.0,0
20251231,831,2,7,1,26,3.7,13680000.0,0
20251231,832,7,32,1,32,3.6,9770000.0,0
20251231,834,7,32,1,25,3.4,9440000.0,0
20251231,835,8,36,1,23,2.5,6430000.0,0
20251231,836,6,28,4,23,2.9,15830000.0,0
20251231,837,8,36,3,22,2.9,6380000.0,0
20251231,838,7,32,4,29,2.6,11040000.0,0
20251231,840,7,31,6,21,3.0,5740000.0,0
20251231,841,8,37,5,31,2.2,10320000.0,0
20251231,842,1,1,3,23,2.1,7130000.0,0
20251231,843,5,21,1,28,1.7,7580000.0,0
20251231,844,7,31,1,31,1.4,7580000.0,0
20251231,845,2,6,2,20,1.9,8350000.0,0
20251231,846,2,7,1,31,1.2,10850000.0,0
20251231,847,3,11,1,20,1.2,9400000.0,0
20251231,848,1,1,3,31,1.7,7220000.0,0
20251231,849,1,2,2,29,1.4,9790000.0,0
20251231,850,8,36,1,21,1.7,6210000.0,0
20251231,851,4,18,1,34,1.8,21860000.0,0
20251231,852,8,37,1,30,1.5,10390000.0,0
20251231,853,2,7,1,30,1.3,11060000.0,0
20251231,854,7,35,2,45,1.0,47410000.0,0
20251231,855,1,1,2,25,0.1,955909.0,1
20251231,856,8,36,1,23,0.2,1200000.0,1
20251231,857,8,37,1,31,0.4,2949545.0,1
20251231,858,7,31,1,28,0.8,5424545.0,1
20251231,859,7,31,2,25,0.4,2516818.0,1
20251231,860,3,11,3,21,0.4,3501818.0,1
20251231,861,3,11,5,23,0.3,2666364.0,1
20251231,862,1,1,1,29,0.7,5636364.0,1
20251231,863,1,2,5,23,1.0,11635909.0,1
20251231,864,4,16,4,25,0.1,1418182.0,1
