review_id,employee_id,review_year,review_date,rating,goal_achievement_pct,competency_score,reviewer,calibrated
PR2022-00001,EMP00001,2022,2022-12-18,4,92.2,4.51,Rina Kartika,Yes
PR2022-00002,EMP00002,2022,2022-12-20,3,89.7,3.53,Bambang Susilo,Yes
PR2022-00003,EMP00003,2022,2022-12-11,2,76.8,3.21,Hendra Gunawan,Yes
PR2022-00004,EMP00004,2022,2022-12-10,3,85.7,3.76,Bambang Susilo,Yes
PR2022-00005,EMP00005,2022,2022-12-10,4,103.5,4.24,Rina Kartika,Yes
PR2022-00006,EMP00006,2022,2022-12-12,2,82.4,3.3,Rudi Hartono,No
PR2022-00007,EMP00007,2022,2022-12-08,3,76.9,3.89,Andi Wijaya,No
PR2022-00008,EMP00008,2022,2022-12-20,2,59.9,3.03,Hendra Gunawan,Yes
PR2022-00009,EMP00009,2022,2022-12-13,2,76.2,3.51,Rina Kartika,Yes
PR2022-00010,EMP00010,2022,2022-12-20,2,74.6,2.83,Rudi Hartono,Yes
PR2022-00011,EMP00011,2022,2022-12-15,4,96.2,3.93,Rina Kartika,Yes
PR2022-00012,EMP00012,2022,2022-12-26,3,85.8,3.99,Maya Sari,Yes
PR2022-00013,EMP00013,2022,2022-12-26,5,102.8,4.96,Maya Sari,Yes
PR2022-00014,EMP00014,2022,2022-12-15,3,98.1,3.82,Rina Kartika,Yes
PR2022-00015,EMP00015,2022,2022-12-24,1,63.9,3.69,Dewi Lestari,Yes
PR2022-00016,EMP00016,2022,2022-12-12,4,99.9,4.06,Rudi Hartono,Yes
PR2022-00017,EMP00017,2022,2022-12-12,3,77.2,3.81,Sri Wahyuni,Yes
PR2022-00018,EMP00018,2022,2022-12-16,5,117.6,4.8,Rina Kartika,No
PR2022-00019,EMP00019,2022,2022-12-10,4,104.9,4.39,Hendra Gunawan,Yes
PR2022-00020,EMP00020,2022,2022-12-08,2,79.7,3.22,Rina Kartika,No
PR2022-00021,EMP00021,2022,2022-12-07,4,85.7,3.88,Bambang Susilo,Yes
PR2022-00022,EMP00022,2022,2022-12-17,3,83.4,3.55,Rudi Hartono,Yes
PR2022-00023,EMP00023,2022,2022-12-16,4,87.6,4.64,Rudi Hartono,Yes
PR2022-00024,EMP00024,2022,2022-12-26,3,91.0,3.55,Rina Kartika,No
PR2022-00025,EMP00025,2022,2022-12-10,2,88.3,3.37,Maya Sari,Yes
PR2022-00026,EMP00026,2022,2022-12-22,2,70.8,2.95,Rina Kartika,Yes
PR2022-00027,EMP00027,2022,2022-12-20,5,110.5,4.72,Andi Wijaya,No
PR2022-00028,EMP00028,2022,2022-12-16,3,77.3,4.16,Maya Sari,Yes
PR2022-00029,EMP00029,2022,2022-12-16,3,83.0,4.29,Andi Wijaya,Yes
PR2022-00030,EMP00030,2022,2022-12-25,2,78.2,3.34,Rudi Hartono,Yes
PR2022-00031,EMP00031,2022,2022-12-12,3,86.9,4.26,Maya Sari,Yes
PR2022-00032,EMP00032,2022,2022-12-18,2,67.5,4.42,Rina Kartika,Yes
PR2022-00033,EMP00033,2022,2022-12-11,2,88.6,3.12,Andi Wijaya,Yes
PR2022-00034,EMP00034,2022,2022-12-22,1,60.8,2.92,Rina Kartika,Yes
PR2022-00035,EMP00035,2022,2022-12-16,3,96.4,3.47,Rudi Hartono,Yes
PR2022-00036,EMP00037,2022,2022-12-15,4,94.0,5.0,Rudi Hartono,Yes
PR2022-00037,EMP00038,2022,2022-12-13,1,66.3,2.68,Andi Wijaya,No
PR2022-00038,EMP00039,2022,2022-12-21,1,80.0,2.85,Dewi Lestari,Yes
PR2022-00039,EMP00040,2022,2022-12-09,5,106.6,4.58,Andi Wijaya,Yes
PR2022-00040,EMP00041,2022,2022-12-20,1,69.8,3.34,Bambang Susilo,Yes
PR2022-00041,EMP00043,2022,2022-12-18,2,78.9,3.57,Hendra Gunawan,Yes
PR2022-00042,EMP00044,2022,2022-12-16,3,84.2,3.65,Sri Wahyuni,Yes
PR2022-00043,EMP00045,2022,2022-12-12,2,67.9,3.02,Bambang Susilo,Yes
PR2022-00044,EMP00047,2022,2022-12-23,3,87.2,3.61,Bambang Susilo,Yes
PR2022-00045,EMP00048,2022,2022-12-15,2 - Below,81.7,3.09,Bambang Susilo,Yes
PR2022-00046,EMP00049,2022,2022-12-09,2,79.3,3.4,Andi Wijaya,No
PR2022-00047,EMP00050,2022,2022-12-18,3,87.5,4.31,Andi Wijaya,No
PR2022-00048,EMP00051,2022,2022-12-24,1,68.6,2.7,Bambang Susilo,No
PR2022-00049,EMP00052,2022,2022-12-08,1,67.1,2.66,Rina Kartika,No
PR2022-00050,EMP00053,2022,2022-12-26,2,67.7,3.05,Bambang Susilo,Yes
PR2022-00051,EMP00054,2022,2022-12-13,3,72.1,3.08,Rina Kartika,Yes
PR2022-00052,EMP00055,2022,2022-12-24,3,73.0,4.04,Rina Kartika,Yes
PR2022-00053,EMP00056,2022,2022-12-15,3,86.7,3.16,Rudi Hartono,Yes
PR2022-00054,EMP00057,2022,2022-12-23,3,96.0,3.72,Dewi Lestari,No
PR2022-00055,EMP00058,2022,2022-12-07,5,108.2,4.76,Dewi Lestari,Yes
PR2022-00056,EMP00059,2022,2022-12-18,1,67.0,2.65,Andi Wijaya,No
PR2022-00057,EMP00060,2022,2022-12-10,3,85.0,3.96,Andi Wijaya,No
PR2022-00058,EMP00061,2022,2022-12-22,2,80.0,3.01,Dewi Lestari,Yes
PR2022-00059,EMP00062,2022,2022-12-08,3,90.7,4.0,Maya Sari,Yes
PR2022-00060,EMP00063,2022,2022-12-08,3,85.5,3.61,Andi Wijaya,Yes
PR2022-00061,EMP00064,2022,2022-12-20,4,97.6,4.48,Bambang Susilo,Yes
PR2022-00062,EMP00065,2022,2022-12-14,4,96.9,4.63,Andi Wijaya,Yes
PR2022-00063,EMP00066,2022,2022-12-11,5,95.3,4.99,Rudi Hartono,No
PR2022-00064,EMP00067,2022,2022-12-07,2,83.3,3.0,Bambang Susilo,Yes
PR2022-00065,EMP00068,2022,2022-12-17,1,74.1,3.11,Andi Wijaya,Yes
PR2022-00066,EMP00069,2022,2022-12-14,4 - Exceeds,100.7,4.53,Hendra Gunawan,Yes
PR2022-00067,EMP00070,2022,2022-12-24,3,77.0,3.53,Bambang Susilo,Yes
PR2022-00068,EMP00071,2022,2022-12-22,3,77.6,3.72,Rudi Hartono,Yes
PR2022-00069,EMP00072,2022,2022-12-17,5,104.1,5.0,Hendra Gunawan,Yes
PR2022-00070,EMP00073,2022,2022-12-09,3,81.5,3.46,Andi Wijaya,Yes
PR2022-00071,EMP00074,2022,2022-12-16,2,74.5,3.67,Rina Kartika,Yes
PR2022-00072,EMP00075,2022,2022-12-15,3,90.4,3.31,Dewi Lestari,Yes
PR2022-00073,EMP00076,2022,2022-12-14,1,71.3,2.63,Andi Wijaya,Yes
PR2022-00074,EMP00077,2022,2022-12-15,4,91.4,4.28,Hendra Gunawan,Yes
PR2022-00075,EMP00078,2022,2022-12-10,3,91.2,3.85,Rina Kartika,Yes
PR2022-00076,EMP00079,2022,2022-12-09,3,95.0,4.15,Rina Kartika,Yes
PR2022-00077,EMP00080,2022,2022-12-15,3,91.9,3.92,Bambang Susilo,Yes
PR2022-00078,EMP00081,2022,2022-12-22,4,109.5,4.13,Rudi Hartono,Yes
PR2022-00079,EMP00083,2022,2022-12-23,3,91.1,4.17,Sri Wahyuni,Yes
PR2022-00080,EMP00084,2022,2022-12-21,2,70.7,3.54,Dewi Lestari,No
PR2022-00081,EMP00085,2022,2022-12-09,2,69.2,3.08,Bambang Susilo,Yes
PR2022-00082,EMP00086,2022,2022-12-16,3,85.9,3.55,Andi Wijaya,Yes
PR2022-00083,EMP00087,2022,2022-12-09,3,83.0,4.0,Sri Wahyuni,Yes
PR2022-00084,EMP00088,2022,2022-12-14,2,73.4,3.16,Rudi Hartono,Yes
PR2022-00085,EMP00089,2022,2022-12-10,4,92.7,3.88,Rudi Hartono,Yes
PR2022-00086,EMP00090,2022,2022-12-22,4,93.0,4.27,Rina Kartika,Yes
PR2022-00087,EMP00091,2022,2022-12-25,3,75.9,3.65,Bambang Susilo,Yes
PR2022-00088,EMP00092,2022,2022-12-08,3,81.5,3.76,Hendra Gunawan,Yes
PR2022-00089,EMP00093,2022,2022-12-07,3,87.8,3.49,Maya Sari,Yes
PR2022-00090,EMP00094,2022,2022-12-26,3,78.6,3.65,Maya Sari,No
PR2022-00091,EMP00095,2022,2022-12-26,1,66.8,3.1,Rudi Hartono,No
PR2022-00092,EMP00096,2022,2022-12-18,3,88.2,3.82,Maya Sari,Yes
PR2022-00093,EMP00099,2022,2022-12-14,4,93.7,4.54,Bambang Susilo,Yes
PR2022-00094,EMP00100,2022,2022-12-20,3,74.6,3.88,Rudi Hartono,Yes
PR2022-00095,EMP00101,2022,2022-12-15,3,76.4,3.97,Bambang Susilo,No
PR2022-00096,EMP00102,2022,2022-12-25,2,73.2,2.72,Bambang Susilo,Yes
PR2022-00097,EMP00103,2022,2022-12-25,3,94.7,3.31,Bambang Susilo,No
PR2022-00098,EMP00104,2022,2022-12-17,3,82.7,3.69,Maya Sari,Yes
PR2022-00099,EMP00105,2022,2022-12-23,3,81.4,3.86,Rina Kartika,Yes
PR2022-00100,EMP00106,2022,2022-12-07,2,72.5,3.4,Rina Kartika,No
PR2022-00101,EMP00107,2022,2022-12-17,2,74.6,3.11,Rudi Hartono,No
PR2022-00102,EMP00108,2022,2022-12-19,2,78.7,3.03,Dewi Lestari,Yes
PR2022-00103,EMP00109,2022,2022-12-21,2,80.3,3.51,Hendra Gunawan,No
PR2022-00104,EMP00110,2022,2022-12-07,3,93.3,3.9,Maya Sari,Yes
PR2022-00105,EMP00111,2022,2022-12-22,3,74.4,3.78,Rudi Hartono,Yes
PR2022-00106,EMP00116,2022,2022-12-21,2,67.7,3.51,Rudi Hartono,No
PR2022-00107,EMP00117,2022,2022-12-26,2,76.9,3.61,Dewi Lestari,Yes
PR2022-00108,EMP00118,2022,2022-12-14,2,74.3,3.49,Bambang Susilo,No
PR2022-00109,EMP00119,2022,2022-12-24,3,92.0,3.92,Maya Sari,Yes
PR2022-00110,EMP00121,2022,2022-12-11,3,84.5,4.08,Andi Wijaya,Yes
PR2022-00111,EMP00122,2022,2022-12-22,3,88.7,3.81,Bambang Susilo,Yes
PR2022-00112,EMP00123,2022,2022-12-16,3,84.7,3.72,Andi Wijaya,Yes
PR2022-00113,EMP00124,2022,2022-12-25,3,83.8,3.96,Rina Kartika,Yes
PR2022-00114,EMP00125,2022,2022-12-14,4,88.7,4.43,Bambang Susilo,Yes
PR2022-00115,EMP00126,2022,2022-12-17,2,75.7,3.25,Rina Kartika,No
PR2022-00116,EMP00127,2022,2022-12-19,3,78.8,3.93,Rudi Hartono,Yes
PR2022-00117,EMP00128,2022,2022-12-16,4,85.0,4.02,Dewi Lestari,Yes
PR2022-00118,EMP00129,2022,2022-12-24,1,68.7,2.62,Sri Wahyuni,Yes
PR2022-00119,EMP00130,2022,2022-12-17,3,82.1,4.02,Andi Wijaya,Yes
PR2022-00120,EMP00131,2022,2022-12-19,4,92.5,4.58,Rudi Hartono,Yes
PR2022-00121,EMP00132,2022,2022-12-15,1,72.7,2.51,Andi Wijaya,Yes
PR2022-00122,EMP00133,2022,2022-12-07,3,82.2,3.98,Rudi Hartono,Yes
PR2022-00123,EMP00134,2022,2022-12-08,1,76.7,2.25,Andi Wijaya,Yes
PR2022-00124,EMP00135,2022,2022-12-19,1,75.5,3.03,Rudi Hartono,Yes
PR2022-00125,EMP00136,2022,2022-12-12,4,93.8,4.67,Bambang Susilo,Yes
PR2022-00126,EMP00137,2022,2022-12-10,3,82.4,3.82,Rudi Hartono,Yes
PR2022-00127,EMP00138,2022,2022-12-18,4,103.5,4.47,Sri Wahyuni,Yes
PR2022-00128,EMP00139,2022,2022-12-25,2,84.4,3.4,Bambang Susilo,Yes
PR2022-00129,EMP00140,2022,2022-12-24,3,85.0,3.23,Rina Kartika,Yes
PR2022-00130,EMP00141,2022,2022-12-20,4,93.7,4.25,Rudi Hartono,Yes
PR2022-00131,EMP00142,2022,2022-12-24,1,67.6,3.38,Rina Kartika,No
PR2022-00132,EMP00143,2022,2022-12-18,4,94.8,4.43,Bambang Susilo,Yes
PR2022-00133,EMP00144,2022,2022-12-14,3,89.5,3.93,Andi Wijaya,Yes
PR2022-00134,EMP00145,2022,2022-12-15,4,99.5,4.55,Bambang Susilo,No
PR2022-00135,EMP00146,2022,2022-12-22,4,96.8,4.3,Rudi Hartono,Yes
PR2022-00136,EMP00148,2022,2022-12-26,5,106.3,5.0,Bambang Susilo,Yes
PR2022-00137,EMP00149,2022,2022-12-11,2 - Below,73.6,2.84,Rudi Hartono,No
PR2022-00138,EMP00150,2022,2022-12-21,3,82.0,3.6,Bambang Susilo,Yes
PR2022-00139,EMP00151,2022,2022-12-14,4,85.0,4.52,Rina Kartika,No
PR2022-00140,EMP00152,2022,2022-12-11,2,78.5,2.88,Sri Wahyuni,Yes
PR2022-00141,EMP00153,2022,2022-12-26,2,82.7,3.12,Bambang Susilo,No
PR2022-00142,EMP00154,2022,2022-12-26,2,71.5,3.05,Rudi Hartono,Yes
PR2022-00143,EMP00155,2022,2022-12-07,3,87.5,4.12,Dewi Lestari,Yes
PR2022-00144,EMP00156,2022,2022-12-16,2,72.6,3.58,Rudi Hartono,Yes
PR2022-00145,EMP00157,2022,2022-12-22,3,87.2,3.97,Rudi Hartono,Yes
PR2022-00146,EMP00158,2022,2022-12-10,2,67.4,3.38,Rina Kartika,Yes
PR2022-00147,EMP00159,2022,2022-12-13,3,84.7,3.44,Bambang Susilo,Yes
PR2022-00148,EMP00160,2022,2022-12-17,4,93.3,4.52,Bambang Susilo,No
PR2022-00149,EMP00161,2022,2022-12-26,2,74.7,3.83,Dewi Lestari,Yes
PR2022-00150,EMP00162,2022,2022-12-15,1,72.0,2.88,Dewi Lestari,Yes
PR2022-00151,EMP00163,2022,2022-12-18,3,83.9,4.16,Andi Wijaya,No
PR2022-00152,EMP00164,2022,2022-12-10,4,98.1,4.65,Rudi Hartono,Yes
PR2022-00153,EMP00165,2022,2022-12-23,1,63.5,2.64,Hendra Gunawan,Yes
PR2022-00154,EMP00166,2022,2022-12-11,2,77.2,3.15,Sri Wahyuni,No
PR2022-00155,EMP00167,2022,2022-12-08,3,84.2,4.49,Rina Kartika,Yes
PR2022-00156,EMP00168,2022,2022-12-12,2,77.4,2.82,Maya Sari,Yes
PR2022-00157,EMP00169,2022,2022-12-15,1,67.8,2.46,Rudi Hartono,No
PR2022-00158,EMP00170,2022,2022-12-19,2,75.6,3.41,Rudi Hartono,Yes
PR2022-00159,EMP00171,2022,2022-12-20,3,83.8,4.22,Bambang Susilo,Yes
PR2022-00160,EMP00173,2022,2022-12-16,3,91.8,3.33,Bambang Susilo,Yes
PR2022-00161,EMP00174,2022,2022-12-25,2,80.8,3.44,Rina Kartika,Yes
PR2022-00162,EMP00175,2022,2022-12-15,1,68.3,2.36,Rina Kartika,No
PR2022-00163,EMP00176,2022,2022-12-19,3,82.8,3.92,Andi Wijaya,Yes
PR2022-00164,EMP00177,2022,2022-12-08,5,102.5,4.98,Rudi Hartono,Yes
PR2022-00165,EMP00179,2022,2022-12-16,2,81.2,3.42,Rudi Hartono,Yes
PR2022-00166,EMP00181,2022,2022-12-10,3,82.8,3.81,Rudi Hartono,Yes
PR2022-00167,EMP00182,2022,2022-12-19,5,98.8,5.0,Bambang Susilo,Yes
PR2022-00168,EMP00183,2022,2022-12-12,2,63.0,3.76,Hendra Gunawan,Yes
PR2022-00169,EMP00184,2022,2022-12-13,3,82.8,4.74,Rina Kartika,Yes
PR2022-00170,EMP00185,2022,2022-12-09,4,101.8,4.79,Bambang Susilo,Yes
PR2022-00171,EMP00186,2022,2022-12-16,5,90.0,4.93,Bambang Susilo,No
PR2022-00172,EMP00187,2022,2022-12-18,4,104.8,4.61,Rina Kartika,Yes
PR2022-00173,EMP00188,2022,2022-12-17,2 - Below,76.1,3.64,Dewi Lestari,No
PR2022-00174,EMP00189,2022,2022-12-14,3,75.8,4.18,Andi Wijaya,Yes
PR2022-00175,EMP00190,2022,2022-12-19,2,78.9,3.69,Bambang Susilo,Yes
PR2022-00176,EMP00191,2022,2022-12-08,4,89.3,4.57,Dewi Lestari,Yes
PR2022-00177,EMP00192,2022,2022-12-07,3,81.6,3.74,Rudi Hartono,Yes
PR2022-00178,EMP00193,2022,2022-12-09,4,82.5,4.51,Rudi Hartono,Yes
PR2022-00179,EMP00194,2022,2022-12-25,3,84.7,3.69,Rina Kartika,Yes
PR2022-00180,EMP00195,2022,2022-12-12,1,61.2,2.44,Bambang Susilo,No
PR2022-00181,EMP00196,2022,2022-12-18,3,78.4,3.72,Bambang Susilo,Yes
PR2022-00182,EMP00197,2022,2022-12-13,1,64.3,2.33,Sri Wahyuni,Yes
PR2022-00183,EMP00198,2022,2022-12-19,4,94.7,3.95,Sri Wahyuni,Yes
PR2022-00184,EMP00199,2022,2022-12-19,2,75.7,3.21,Sri Wahyuni,Yes
PR2022-00185,EMP00200,2022,2022-12-24,2,81.2,3.2,Maya Sari,Yes
PR2022-00186,EMP00201,2022,2022-12-11,1,75.6,2.47,Hendra Gunawan,Yes
PR2022-00187,EMP00202,2022,2022-12-26,4,94.8,4.3,Rudi Hartono,Yes
PR2022-00188,EMP00204,2022,2022-12-25,5,109.6,5.0,Rudi Hartono,Yes
PR2022-00189,EMP00205,2022,2022-12-07,2,88.0,3.23,Rina Kartika,Yes
PR2022-00190,EMP00206,2022,2022-12-25,5,104.5,4.73,Rudi Hartono,Yes
PR2022-00191,EMP00207,2022,2022-12-23,3,88.1,3.7,Rina Kartika,Yes
PR2022-00192,EMP00208,2022,2022-12-20,5,99.2,5.0,Andi Wijaya,Yes
PR2022-00193,EMP00209,2022,2022-12-15,5,100.6,5.0,Sri Wahyuni,Yes
PR2022-00194,EMP00210,2022,2022-12-12,3,78.5,3.87,Bambang Susilo,Yes
PR2022-00195,EMP00211,2022,2022-12-14,4,89.3,4.01,Bambang Susilo,Yes
PR2022-00196,EMP00212,2022,2022-12-18,3,81.9,3.7,Andi Wijaya,Yes
PR2022-00197,EMP00213,2022,2022-12-15,4,86.8,4.3,Maya Sari,Yes
PR2022-00198,EMP00214,2022,2022-12-07,3,80.9,4.31,Rina Kartika,Yes
PR2022-00199,EMP00215,2022,2022-12-13,2,71.4,2.95,Dewi Lestari,Yes
PR2022-00200,EMP00216,2022,2022-12-07,4,93.2,4.09,Dewi Lestari,Yes
PR2022-00201,EMP00217,2022,2022-12-13,3,92.6,3.41,Hendra Gunawan,No
PR2022-00202,EMP00218,2022,2022-12-15,5 - Outstanding,101.5,4.54,Andi Wijaya,Yes
PR2022-00203,EMP00219,2022,2022-12-18,3,71.6,3.75,Andi Wijaya,Yes
PR2022-00204,EMP00220,2022,2022-12-18,2,83.4,2.9,Rina Kartika,Yes
PR2022-00205,EMP00221,2022,2022-12-10,4,95.6,4.58,Bambang Susilo,Yes
PR2022-00206,EMP00222,2022,2022-12-17,2,70.7,3.36,Rina Kartika,Yes
PR2022-00207,EMP00223,2022,2022-12-12,2,70.5,2.88,Rudi Hartono,Yes
PR2022-00208,EMP00224,2022,2022-12-08,3,83.5,3.48,Rudi Hartono,Yes
PR2022-00209,EMP00226,2022,2022-12-10,5,94.3,4.68,Maya Sari,Yes
PR2022-00210,EMP00227,2022,2022-12-14,1,59.6,2.26,Maya Sari,Yes
PR2022-00211,EMP00229,2022,2022-12-20,4,98.9,4.23,Bambang Susilo,No
PR2022-00212,EMP00231,2022,2022-12-24,4,107.0,4.52,Rina Kartika,Yes
PR2022-00213,EMP00232,2022,2022-12-08,4,96.0,4.6,Andi Wijaya,Yes
PR2022-00214,EMP00233,2022,2022-12-11,3,85.8,3.82,Rina Kartika,Yes
PR2022-00215,EMP00234,2022,2022-12-10,4,98.8,4.67,Bambang Susilo,No
PR2022-00216,EMP00236,2022,2022-12-07,3,74.9,4.03,Sri Wahyuni,Yes
PR2022-00217,EMP00238,2022,2022-12-09,3,81.7,3.05,Bambang Susilo,Yes
PR2022-00218,EMP00239,2022,2022-12-25,3,84.6,3.66,Maya Sari,Yes
PR2022-00219,EMP00240,2022,2022-12-08,4,98.9,4.38,Rina Kartika,No
PR2022-00220,EMP00241,2022,2022-12-13,3,87.5,4.34,Rina Kartika,Yes
PR2022-00221,EMP00242,2022,2022-12-07,2,70.3,3.73,Rina Kartika,Yes
PR2022-00222,EMP00243,2022,2022-12-17,3,89.5,4.29,Bambang Susilo,Yes
PR2022-00223,EMP00244,2022,2022-12-13,5,106.5,5.0,Andi Wijaya,Yes
PR2022-00224,EMP00245,2022,2022-12-24,3,95.8,4.04,Rudi Hartono,Yes
PR2022-00225,EMP00246,2022,2022-12-13,2,78.5,3.52,Rina Kartika,Yes
PR2022-00226,EMP00247,2022,2022-12-10,5,107.8,4.53,Bambang Susilo,Yes
PR2022-00227,EMP00248,2022,2022-12-13,3,74.0,3.77,Hendra Gunawan,Yes
PR2022-00228,EMP00249,2022,2022-12-16,2,81.5,3.52,Rudi Hartono,No
PR2022-00229,EMP00250,2022,2022-12-17,2,76.0,2.91,Rudi Hartono,Yes
PR2022-00230,EMP00251,2022,2022-12-21,4,102.5,4.61,Rudi Hartono,Yes
PR2022-00231,EMP00252,2022,2022-12-25,3,97.4,3.63,Andi Wijaya,Yes
PR2022-00232,EMP00253,2022,2022-12-23,3,97.1,3.65,Rina Kartika,No
PR2022-00233,EMP00254,2022,2022-12-20,3,84.9,3.68,Hendra Gunawan,Yes
PR2022-00234,EMP00255,2022,2022-12-22,5,100.9,4.85,Rudi Hartono,Yes
PR2022-00235,EMP00256,2022,2022-12-12,3,93.3,3.83,Bambang Susilo,Yes
PR2022-00236,EMP00257,2022,2022-12-23,5,94.6,4.89,Andi Wijaya,Yes
PR2022-00237,EMP00258,2022,2022-12-23,3,78.0,4.07,Rudi Hartono,Yes
PR2022-00238,EMP00259,2022,2022-12-18,3,77.9,3.91,Bambang Susilo,Yes
PR2022-00239,EMP00260,2022,2022-12-16,5,107.0,4.76,Rina Kartika,Yes
PR2022-00240,EMP00261,2022,2022-12-09,3,85.8,3.75,Hendra Gunawan,No
PR2022-00241,EMP00263,2022,2022-12-07,5,95.9,4.63,Dewi Lestari,Yes
PR2022-00242,EMP00264,2022,2022-12-09,3,89.5,3.88,Rudi Hartono,Yes
PR2022-00243,EMP00265,2022,2022-12-11,3,74.1,4.08,Bambang Susilo,Yes
PR2022-00244,EMP00266,2022,2022-12-19,4,97.0,4.62,Dewi Lestari,Yes
PR2022-00245,EMP00267,2022,2022-12-12,1,66.6,2.61,Rudi Hartono,Yes
PR2022-00246,EMP00268,2022,2022-12-25,2,80.2,3.17,Bambang Susilo,Yes
PR2022-00247,EMP00269,2022,2022-12-22,4,90.4,4.49,Rina Kartika,Yes
PR2022-00248,EMP00270,2022,2022-12-20,2,81.3,3.33,Andi Wijaya,Yes
PR2022-00249,EMP00272,2022,2022-12-10,4,99.9,4.86,Dewi Lestari,Yes
PR2022-00250,EMP00273,2022,2022-12-12,2,77.6,3.27,Andi Wijaya,Yes
PR2022-00251,EMP00274,2022,2022-12-16,3,78.4,3.88,Bambang Susilo,Yes
PR2022-00252,EMP00275,2022,2022-12-26,3,83.0,3.64,Andi Wijaya,Yes
PR2022-00253,EMP00276,2022,2022-12-12,3,92.5,3.49,Rina Kartika,Yes
PR2022-00254,EMP00277,2022,2022-12-08,1,59.9,3.13,Andi Wijaya,Yes
PR2022-00255,EMP00278,2022,2022-12-22,5,105.8,5.0,Andi Wijaya,No
PR2022-00256,EMP00279,2022,2022-12-11,4,95.6,4.16,Andi Wijaya,Yes
PR2022-00257,EMP00280,2022,2022-12-11,2,78.8,3.5,Maya Sari,Yes
PR2022-00258,EMP00281,2022,2022-12-22,4,99.7,4.22,Rudi Hartono,Yes
PR2022-00259,EMP00282,2022,2022-12-08,4,93.9,4.14,Rudi Hartono,Yes
PR2022-00260,EMP00284,2022,2022-12-23,4,82.3,3.7,Bambang Susilo,Yes
PR2022-00261,EMP00285,2022,2022-12-15,4,103.5,4.1,Rudi Hartono,Yes
PR2022-00262,EMP00286,2022,2022-12-13,4,89.9,4.39,Rudi Hartono,Yes
PR2022-00263,EMP00287,2022,2022-12-13,3,91.3,4.05,Rudi Hartono,Yes
PR2022-00264,EMP00290,2022,2022-12-09,3,75.7,4.17,Andi Wijaya,Yes
PR2022-00265,EMP00291,2022,2022-12-09,3,91.2,3.62,Andi Wijaya,Yes
PR2022-00266,EMP00292,2022,2022-12-26,5,103.1,4.69,Bambang Susilo,Yes
PR2022-00267,EMP00296,2022,2022-12-24,2,73.1,2.97,Rudi Hartono,Yes
PR2022-00268,EMP00297,2022,2022-12-15,2,76.5,3.64,Bambang Susilo,Yes
PR2022-00269,EMP00298,2022,2022-12-14,3,90.1,4.06,Rina Kartika,Yes
PR2022-00270,EMP00299,2022,2022-12-23,3,85.5,3.3,Bambang Susilo,Yes
PR2022-00271,EMP00300,2022,2022-12-13,4,85.5,4.82,Dewi Lestari,Yes
PR2022-00272,EMP00302,2022,2022-12-21,4,86.1,4.0,Rudi Hartono,Yes
PR2022-00273,EMP00303,2022,2022-12-07,5,102.4,4.47,Rudi Hartono,Yes
PR2022-00274,EMP00304,2022,2022-12-24,3,87.9,3.22,Bambang Susilo,Yes
PR2022-00275,EMP00305,2022,2022-12-23,3,89.2,4.11,Bambang Susilo,No
PR2022-00276,EMP00306,2022,2022-12-23,3,85.8,3.55,Rudi Hartono,No
PR2022-00277,EMP00307,2022,2022-12-12,4,91.7,4.04,Dewi Lestari,Yes
PR2022-00278,EMP00308,2022,2022-12-24,4,90.5,4.6,Sri Wahyuni,No
PR2022-00279,EMP00310,2022,2022-12-22,4,92.0,4.7,Dewi Lestari,Yes
PR2022-00280,EMP00311,2022,2022-12-07,4,87.4,3.77,Andi Wijaya,Yes
PR2022-00281,EMP00312,2022,2022-12-10,4,84.1,4.27,Bambang Susilo,Yes
PR2022-00282,EMP00313,2022,2022-12-12,4,93.8,4.38,Bambang Susilo,Yes
PR2022-00283,EMP00314,2022,2022-12-19,3,84.5,4.16,Andi Wijaya,Yes
PR2022-00284,EMP00315,2022,2022-12-21,1,65.0,2.65,Bambang Susilo,Yes
PR2022-00285,EMP00316,2022,2022-12-13,3,90.1,3.86,Dewi Lestari,Yes
PR2022-00286,EMP00317,2022,2022-12-15,3,90.5,3.67,Maya Sari,Yes
PR2022-00287,EMP00318,2022,2022-12-14,3,82.2,3.49,Rudi Hartono,Yes
PR2022-00288,EMP00319,2022,2022-12-07,2,79.2,3.25,Rina Kartika,No
PR2022-00289,EMP00320,2022,2022-12-15,3,86.8,3.67,Bambang Susilo,Yes
PR2022-00290,EMP00321,2022,2022-12-24,5,98.4,4.52,Rudi Hartono,Yes
PR2022-00291,EMP00324,2022,2022-12-14,3,84.7,3.36,Andi Wijaya,Yes
PR2022-00292,EMP00325,2022,2022-12-20,3,86.9,4.03,Rudi Hartono,No
PR2022-00293,EMP00326,2022,2022-12-21,4,95.3,4.11,Maya Sari,Yes
PR2022-00294,EMP00327,2022,2022-12-09,2,76.9,3.4,Bambang Susilo,Yes
PR2022-00295,EMP00329,2022,2022-12-16,4,100.4,4.09,Bambang Susilo,Yes
PR2022-00296,EMP00330,2022,2022-12-25,3,80.8,3.78,Rudi Hartono,Yes
PR2022-00297,EMP00331,2022,2022-12-15,4,88.3,4.55,Andi Wijaya,Yes
PR2022-00298,EMP00333,2022,2022-12-26,2,68.2,3.67,Rina Kartika,Yes
PR2022-00299,EMP00334,2022,2022-12-21,4,100.3,4.54,Rina Kartika,Yes
PR2022-00300,EMP00335,2022,2022-12-26,3,80.1,3.64,Sri Wahyuni,Yes
PR2022-00301,EMP00336,2022,2022-12-11,3,92.2,3.38,Rudi Hartono,Yes
PR2022-00302,EMP00337,2022,2022-12-20,4,90.4,4.19,Andi Wijaya,Yes
PR2022-00303,EMP00339,2022,2022-12-10,2,79.5,2.99,Hendra Gunawan,Yes
PR2022-00304,EMP00340,2022,2022-12-23,5,103.3,4.62,Rina Kartika,Yes
PR2022-00305,EMP00341,2022,2022-12-09,2,80.1,3.34,Rudi Hartono,No
PR2022-00306,EMP00343,2022,2022-12-12,3,88.8,4.16,Bambang Susilo,Yes
PR2022-00307,EMP00344,2022,2022-12-11,2,67.7,3.27,Rina Kartika,Yes
PR2022-00308,EMP00345,2022,2022-12-11,2,87.7,2.99,Andi Wijaya,Yes
PR2022-00309,EMP00347,2022,2022-12-16,4,90.0,4.63,Rina Kartika,Yes
PR2022-00310,EMP00348,2022,2022-12-25,4,101.2,4.0,Bambang Susilo,Yes
PR2022-00311,EMP00349,2022,2022-12-25,4,95.5,4.4,Bambang Susilo,No
PR2022-00312,EMP00350,2022,2022-12-21,5,119.1,5.0,Maya Sari,Yes
PR2022-00313,EMP00351,2022,2022-12-13,1,57.5,2.74,Sri Wahyuni,Yes
PR2022-00314,EMP00352,2022,2022-12-19,3,79.1,3.68,Bambang Susilo,No
PR2022-00315,EMP00353,2022,2022-12-26,3,85.5,3.85,Rudi Hartono,Yes
PR2022-00316,EMP00355,2022,2022-12-23,3,82.2,4.67,Rina Kartika,Yes
PR2022-00317,EMP00356,2022,2022-12-10,3,86.5,3.87,Rina Kartika,Yes
PR2022-00318,EMP00357,2022,2022-12-19,4,86.7,3.9,Andi Wijaya,Yes
PR2022-00319,EMP00358,2022,2022-12-14,2,70.7,2.97,Hendra Gunawan,Yes
PR2022-00320,EMP00360,2022,2022-12-08,3,90.1,3.86,Bambang Susilo,Yes
PR2022-00321,EMP00361,2022,2022-12-19,5,107.8,4.87,Rudi Hartono,Yes
PR2022-00322,EMP00362,2022,2022-12-08,2,87.6,2.61,Rina Kartika,Yes
PR2022-00323,EMP00363,2022,2022-12-14,1,67.5,2.97,Andi Wijaya,Yes
PR2022-00324,EMP00364,2022,2022-12-16,4 - Exceeds,101.0,4.34,Bambang Susilo,Yes
PR2022-00325,EMP00365,2022,2022-12-18,2,68.8,3.69,Rina Kartika,Yes
PR2022-00326,EMP00366,2022,2022-12-11,2,79.3,3.17,Rina Kartika,Yes
PR2022-00327,EMP00369,2022,2022-12-16,3,101.4,4.35,Rudi Hartono,No
PR2022-00328,EMP00371,2022,2022-12-24,4,100.8,4.47,Bambang Susilo,No
PR2022-00329,EMP00372,2022,2022-12-19,3,90.6,3.72,Rudi Hartono,Yes
PR2022-00330,EMP00373,2022,2022-12-16,3,79.8,3.09,Maya Sari,Yes
PR2022-00331,EMP00374,2022,2022-12-25,3,78.4,3.98,Rudi Hartono,No
PR2022-00332,EMP00375,2022,2022-12-12,4,90.1,4.3,Hendra Gunawan,Yes
PR2022-00333,EMP00376,2022,2022-12-11,2,77.0,2.79,Andi Wijaya,Yes
PR2022-00334,EMP00377,2022,2022-12-24,1,75.4,2.5,Sri Wahyuni,Yes
PR2022-00335,EMP00378,2022,2022-12-22,3,79.7,3.54,Rudi Hartono,Yes
PR2022-00336,EMP00379,2022,2022-12-26,5,98.5,4.68,Rudi Hartono,Yes
PR2022-00337,EMP00380,2022,2022-12-11,3,86.5,3.55,Andi Wijaya,Yes
PR2022-00338,EMP00381,2022,2022-12-26,5,102.1,5.0,Dewi Lestari,Yes
PR2022-00339,EMP00382,2022,2022-12-24,4,93.3,4.71,Andi Wijaya,Yes
PR2022-00340,EMP00383,2022,2022-12-17,2,66.2,3.12,Sri Wahyuni,Yes
PR2022-00341,EMP00384,2022,2022-12-19,3,84.3,3.26,Andi Wijaya,Yes
PR2022-00342,EMP00386,2022,2022-12-11,3,84.2,4.28,Maya Sari,Yes
PR2022-00343,EMP00387,2022,2022-12-17,1,65.4,2.79,Andi Wijaya,Yes
PR2022-00344,EMP00389,2022,2022-12-10,5,113.7,4.82,Bambang Susilo,No
PR2022-00345,EMP00390,2022,2022-12-11,3,73.7,3.89,Andi Wijaya,No
PR2022-00346,EMP00391,2022,2022-12-08,3,80.9,3.92,Bambang Susilo,Yes
PR2022-00347,EMP00392,2022,2022-12-24,2,63.6,3.44,Rina Kartika,Yes
PR2022-00348,EMP00393,2022,2022-12-08,3,92.0,3.49,Bambang Susilo,No
PR2022-00349,EMP00394,2022,2022-12-26,2,79.3,3.44,Bambang Susilo,Yes
PR2022-00350,EMP00395,2022,2022-12-10,3,84.3,3.75,Hendra Gunawan,Yes
PR2022-00351,EMP00396,2022,2022-12-24,4,97.1,4.44,Rudi Hartono,Yes
PR2022-00352,EMP00397,2022,2022-12-16,1,68.9,2.51,Maya Sari,Yes
PR2022-00353,EMP00398,2022,2022-12-26,2,73.1,3.62,Andi Wijaya,Yes
PR2022-00354,EMP00399,2022,2022-12-15,3,94.3,3.79,Maya Sari,Yes
PR2022-00355,EMP00400,2022,2022-12-26,2,70.4,3.31,Bambang Susilo,Yes
PR2022-00356,EMP00401,2022,2022-12-13,4,90.0,5.0,Sri Wahyuni,Yes
PR2022-00357,EMP00402,2022,2022-12-16,1,70.2,2.6,Andi Wijaya,No
PR2022-00358,EMP00403,2022,2022-12-23,4,105.2,4.21,Andi Wijaya,Yes
PR2022-00359,EMP00404,2022,2022-12-12,2,67.6,3.5,Bambang Susilo,Yes
PR2022-00360,EMP00405,2022,2022-12-07,2,70.2,3.39,Andi Wijaya,Yes
PR2022-00361,EMP00406,2022,2022-12-17,5,105.6,4.75,Andi Wijaya,Yes
PR2022-00362,EMP00407,2022,2022-12-08,4,83.9,5.0,Andi Wijaya,Yes
PR2022-00363,EMP00408,2022,2022-12-12,4,106.3,4.74,Andi Wijaya,No
PR2022-00364,EMP00409,2022,2022-12-21,3,81.7,3.31,Bambang Susilo,Yes
PR2022-00365,EMP00410,2022,2022-12-18,2,79.7,3.15,Rina Kartika,Yes
PR2022-00366,EMP00411,2022,2022-12-20,2,62.6,3.39,Sri Wahyuni,Yes
PR2022-00367,EMP00412,2022,2022-12-19,2,71.1,2.76,Rudi Hartono,Yes
PR2022-00368,EMP00414,2022,2022-12-09,2,81.6,3.53,Andi Wijaya,No
PR2022-00369,EMP00415,2022,2022-12-23,3,85.4,4.51,Andi Wijaya,Yes
PR2022-00370,EMP00416,2022,2022-12-16,5,98.4,4.83,Rudi Hartono,Yes
PR2022-00371,EMP00418,2022,2022-12-21,3 - Meets,90.5,4.02,Bambang Susilo,Yes
PR2022-00372,EMP00419,2022,2022-12-14,3,83.4,3.45,Rina Kartika,No
PR2022-00373,EMP00420,2022,2022-12-15,2,73.0,3.04,Hendra Gunawan,Yes
PR2022-00374,EMP00421,2022,2022-12-16,3,86.9,3.93,Rudi Hartono,Yes
PR2022-00375,EMP00422,2022,2022-12-19,2,71.5,3.81,Bambang Susilo,Yes
PR2022-00376,EMP00423,2022,2022-12-25,2,67.0,2.79,Dewi Lestari,Yes
PR2022-00377,EMP00425,2022,2022-12-18,3,85.9,3.95,Rudi Hartono,Yes
PR2022-00378,EMP00426,2022,2022-12-09,4,92.8,4.49,Andi Wijaya,No
PR2022-00379,EMP00428,2022,2022-12-09,2,70.1,2.97,Rina Kartika,Yes
PR2022-00380,EMP00429,2022,2022-12-12,3,81.9,3.54,Bambang Susilo,Yes
PR2022-00381,EMP00430,2022,2022-12-14,2,75.4,3.4,Rudi Hartono,Yes
PR2022-00382,EMP00431,2022,2022-12-23,4,95.4,4.4,Andi Wijaya,No
PR2022-00383,EMP00432,2022,2022-12-08,4,88.7,4.46,Rudi Hartono,Yes
PR2022-00384,EMP00433,2022,2022-12-25,3 - Meets,84.8,3.56,Bambang Susilo,Yes
PR2022-00385,EMP00434,2022,2022-12-13,1,70.3,2.62,Rudi Hartono,Yes
PR2022-00386,EMP00436,2022,2022-12-19,3,81.0,3.51,Andi Wijaya,Yes
PR2022-00387,EMP00437,2022,2022-12-10,4,89.1,4.67,Rina Kartika,Yes
PR2022-00388,EMP00438,2022,2022-12-18,2,68.6,3.4,Rudi Hartono,Yes
PR2022-00389,EMP00439,2022,2022-12-12,5,101.7,5.0,Rina Kartika,Yes
PR2022-00390,EMP00440,2022,2022-12-10,2,71.7,3.34,Bambang Susilo,Yes
PR2022-00391,EMP00441,2022,2022-12-25,2,72.5,3.77,Andi Wijaya,Yes
PR2022-00392,EMP00442,2022,2022-12-09,2,66.9,2.76,Rina Kartika,No
PR2022-00393,EMP00443,2022,2022-12-07,3,86.6,3.48,Maya Sari,Yes
PR2022-00394,EMP00444,2022,2022-12-13,3,78.5,3.74,Rudi Hartono,Yes
PR2022-00395,EMP00445,2022,2022-12-16,4,100.7,4.45,Rudi Hartono,No
PR2022-00396,EMP00446,2022,2022-12-20,3,74.4,3.84,Rina Kartika,No
PR2022-00397,EMP00447,2022,2022-12-16,4,98.5,4.26,Dewi Lestari,Yes
PR2022-00398,EMP00448,2022,2022-12-19,4,95.7,4.5,Andi Wijaya,Yes
PR2022-00399,EMP00449,2022,2022-12-25,3,71.9,3.77,Rudi Hartono,Yes
PR2022-00400,EMP00450,2022,2022-12-08,3,74.8,3.81,Rina Kartika,Yes
PR2022-00401,EMP00451,2022,2022-12-20,2,87.1,2.72,Rina Kartika,No
PR2022-00402,EMP00452,2022,2022-12-25,2,80.0,3.1,Andi Wijaya,Yes
PR2022-00403,EMP00453,2022,2022-12-26,4,84.5,3.72,Rina Kartika,Yes
PR2022-00404,EMP00454,2022,2022-12-09,3,83.2,3.47,Bambang Susilo,Yes
PR2022-00405,EMP00455,2022,2022-12-13,3,77.8,4.22,Dewi Lestari,Yes
PR2022-00406,EMP00457,2022,2022-12-18,2,60.2,3.21,Bambang Susilo,Yes
PR2022-00407,EMP00458,2022,2022-12-23,4,98.7,4.37,Bambang Susilo,Yes
PR2022-00408,EMP00459,2022,2022-12-20,3,84.7,3.66,Bambang Susilo,Yes
PR2022-00409,EMP00460,2022,2022-12-14,5,113.1,4.99,Maya Sari,Yes
PR2023-00410,EMP00002,2023,2023-12-25,4,90.4,4.35,Bambang Susilo,Yes
PR2023-00411,EMP00003,2023,2023-12-14,3,86.1,4.29,Hendra Gunawan,Yes
PR2023-00412,EMP00005,2023,2023-12-24,3,75.1,4.02,Rina Kartika,Yes
PR2023-00413,EMP00006,2023,2023-12-15,2,75.1,3.13,Rudi Hartono,Yes
PR2023-00414,EMP00007,2023,2023-12-09,3,86.8,3.51,Andi Wijaya,Yes
PR2023-00415,EMP00008,2023,2023-12-19,2,81.4,3.27,Hendra Gunawan,Yes
PR2023-00416,EMP00009,2023,2023-12-13,2,73.7,3.1,Rina Kartika,Yes
PR2023-00417,EMP00011,2023,2023-12-09,5,92.0,5.0,Rina Kartika,Yes
PR2023-00418,EMP00012,2023,2023-12-25,3,80.2,3.69,Maya Sari,Yes
PR2023-00419,EMP00013,2023,2023-12-13,5,101.7,4.51,Maya Sari,Yes
PR2023-00420,EMP00015,2023,2023-12-09,2,81.5,3.58,Dewi Lestari,No
PR2023-00421,EMP00016,2023,2023-12-07,3,88.2,3.58,Rudi Hartono,Yes
PR2023-00422,EMP00017,2023,2023-12-22,5,115.8,5.0,Sri Wahyuni,Yes
PR2023-00423,EMP00019,2023,2023-12-25,3,94.0,3.7,Hendra Gunawan,Yes
PR2023-00424,EMP00021,2023,2023-12-25,,85.7,3.99,Bambang Susilo,Yes
PR2023-00425,EMP00022,2023,2023-12-07,4,100.8,3.88,Rudi Hartono,Yes
PR2023-00426,EMP00023,2023,2023-12-24,4,88.8,4.16,Rudi Hartono,Yes
PR2023-00427,EMP00024,2023,2023-12-20,3,83.5,3.79,Rina Kartika,Yes
PR2023-00428,EMP00025,2023,2023-12-10,2,74.9,3.65,Maya Sari,Yes
PR2023-00429,EMP00026,2023,2023-12-20,2,74.9,3.27,Rina Kartika,Yes
PR2023-00430,EMP00027,2023,2023-12-20,5,107.2,5.0,Andi Wijaya,Yes
PR2023-00431,EMP00028,2023,2023-12-13,2 - Below,71.5,3.28,Maya Sari,Yes
PR2023-00432,EMP00029,2023,2023-12-19,2,67.6,3.41,Andi Wijaya,Yes
PR2023-00433,EMP00030,2023,2023-12-25,3,90.6,3.91,Rudi Hartono,Yes
PR2023-00434,EMP00031,2023,2023-12-07,3,81.8,3.61,Maya Sari,Yes
PR2023-00435,EMP00033,2023,2023-12-21,2,76.9,3.05,Andi Wijaya,No
PR2023-00436,EMP00034,2023,2023-12-08,1,66.9,2.98,Rina Kartika,Yes
PR2023-00437,EMP00037,2023,2023-12-20,3,91.7,4.13,Rudi Hartono,Yes
PR2023-00438,EMP00038,2023,2023-12-19,1,66.2,3.16,Andi Wijaya,Yes
PR2023-00439,EMP00039,2023,2023-12-14,2,68.6,3.22,Dewi Lestari,Yes
PR2023-00440,EMP00040,2023,2023-12-07,4,85.2,4.24,Andi Wijaya,No
PR2023-00441,EMP00041,2023,2023-12-07,2,77.3,3.27,Bambang Susilo,Yes
PR2023-00442,EMP00043,2023,2023-12-19,3,91.1,3.92,Hendra Gunawan,Yes
PR2023-00443,EMP00044,2023,2023-12-10,3,87.7,4.1,Sri Wahyuni,Yes
PR2023-00444,EMP00045,2023,2023-12-23,2,74.6,3.48,Bambang Susilo,Yes
PR2023-00445,EMP00046,2023,2023-12-13,4,95.4,4.36,Bambang Susilo,No
PR2023-00446,EMP00047,2023,2023-12-18,4,96.4,4.39,Bambang Susilo,Yes
PR2023-00447,EMP00048,2023,2023-12-18,1,68.1,2.77,Bambang Susilo,Yes
PR2023-00448,EMP00049,2023,2023-12-09,3,85.6,3.75,Andi Wijaya,Yes
PR2023-00449,EMP00050,2023,2023-12-10,4,100.4,4.4,Andi Wijaya,No
PR2023-00450,EMP00051,2023,2023-12-16,2,82.4,3.73,Bambang Susilo,Yes
PR2023-00451,EMP00053,2023,2023-12-23,3,86.7,3.99,Bambang Susilo,Yes
PR2023-00452,EMP00054,2023,2023-12-26,4,100.7,4.77,Rina Kartika,No
PR2023-00453,EMP00055,2023,2023-12-22,3,73.5,3.66,Rina Kartika,Yes
PR2023-00454,EMP00056,2023,2023-12-26,4,84.2,4.11,Rudi Hartono,Yes
PR2023-00455,EMP00057,2023,2023-12-20,3,86.8,3.54,Dewi Lestari,Yes
PR2023-00456,EMP00058,2023,2023-12-19,5,94.9,5.0,Dewi Lestari,Yes
PR2023-00457,EMP00059,2023,2023-12-17,2,81.5,3.07,Andi Wijaya,No
PR2023-00458,EMP00060,2023,2023-12-22,3,75.5,3.78,Andi Wijaya,Yes
PR2023-00459,EMP00061,2023,2023-12-25,2,80.2,3.29,Dewi Lestari,Yes
PR2023-00460,EMP00062,2023,2023-12-23,4,90.0,3.76,Maya Sari,No
PR2023-00461,EMP00063,2023,2023-12-20,2,67.2,2.94,Andi Wijaya,Yes
PR2023-00462,EMP00064,2023,2023-12-09,4,82.7,4.23,Bambang Susilo,Yes
PR2023-00463,EMP00065,2023,2023-12-26,3,86.5,3.86,Andi Wijaya,Yes
PR2023-00464,EMP00066,2023,2023-12-11,4,92.3,4.92,Rudi Hartono,Yes
PR2023-00465,EMP00067,2023,2023-12-07,3,83.1,3.63,Bambang Susilo,Yes
PR2023-00466,EMP00069,2023,2023-12-16,4,106.5,4.62,Hendra Gunawan,Yes
PR2023-00467,EMP00071,2023,2023-12-10,4,86.5,4.1,Rudi Hartono,Yes
PR2023-00468,EMP00072,2023,2023-12-14,5,107.4,4.9,Hendra Gunawan,No
PR2023-00469,EMP00073,2023,2023-12-16,3,86.5,4.24,Andi Wijaya,Yes
PR2023-00470,EMP00074,2023,2023-12-17,1,67.2,2.98,Rina Kartika,Yes
PR2023-00471,EMP00075,2023,2023-12-13,3,89.3,3.25,Dewi Lestari,Yes
PR2023-00472,EMP00076,2023,2023-12-22,1,74.3,2.75,Andi Wijaya,Yes
PR2023-00473,EMP00077,2023,2023-12-21,3,83.2,3.75,Hendra Gunawan,Yes
PR2023-00474,EMP00079,2023,2023-12-14,2,79.4,3.46,Rina Kartika,No
PR2023-00475,EMP00080,2023,2023-12-10,3,88.6,3.85,Bambang Susilo,Yes
PR2023-00476,EMP00081,2023,2023-12-21,3,85.5,4.03,Rudi Hartono,No
PR2023-00477,EMP00082,2023,2023-12-25,1,69.7,2.76,Maya Sari,Yes
PR2023-00478,EMP00083,2023,2023-12-19,2,73.2,2.9,Sri Wahyuni,Yes
PR2023-00479,EMP00084,2023,2023-12-09,3,88.1,4.09,Dewi Lestari,No
PR2023-00480,EMP00085,2023,2023-12-09,2,76.3,3.49,Bambang Susilo,No
PR2023-00481,EMP00086,2023,2023-12-10,3,86.2,3.81,Andi Wijaya,Yes
PR2023-00482,EMP00087,2023,2023-12-24,2,82.9,3.61,Sri Wahyuni,Yes
PR2023-00483,EMP00088,2023,2023-12-26,3,86.5,3.91,Rudi Hartono,Yes
PR2023-00484,EMP00089,2023,2023-12-21,3,87.8,4.45,Rudi Hartono,Yes
PR2023-00485,EMP00091,2023,2023-12-23,4,90.4,4.18,Bambang Susilo,Yes
PR2023-00486,EMP00092,2023,2023-12-10,2,81.7,3.74,Hendra Gunawan,Yes
PR2023-00487,EMP00094,2023,2023-12-22,4,97.4,3.76,Maya Sari,Yes
PR2023-00488,EMP00095,2023,2023-12-24,1,66.8,2.82,Rudi Hartono,Yes
PR2023-00489,EMP00096,2023,2023-12-16,2,67.3,2.95,Maya Sari,Yes
PR2023-00490,EMP00098,2023,2023-12-15,2,79.2,3.03,Rina Kartika,No
PR2023-00491,EMP00099,2023,2023-12-23,3,93.8,3.89,Bambang Susilo,Yes
PR2023-00492,EMP00100,2023,2023-12-17,3,85.5,3.78,Rudi Hartono,Yes
PR2023-00493,EMP00101,2023,2023-12-08,3,82.5,3.84,Bambang Susilo,Yes
PR2023-00494,EMP00102,2023,2023-12-10,2,73.4,2.73,Bambang Susilo,Yes
PR2023-00495,EMP00103,2023,2023-12-21,4,98.0,4.84,Bambang Susilo,Yes
PR2023-00496,EMP00104,2023,2023-12-09,2,82.7,3.42,Maya Sari,Yes
PR2023-00497,EMP00105,2023,2023-12-12,3,93.6,3.84,Rina Kartika,Yes
PR2023-00498,EMP00106,2023,2023-12-21,3,70.3,4.19,Rina Kartika,Yes
PR2023-00499,EMP00108,2023,2023-12-20,3,83.2,3.71,Dewi Lestari,No
PR2023-00500,EMP00109,2023,2023-12-10,1,80.2,2.74,Hendra Gunawan,Yes
PR2023-00501,EMP00111,2023,2023-12-18,4,99.7,4.07,Rudi Hartono,Yes
PR2023-00502,EMP00112,2023,2023-12-16,3,83.7,3.71,Maya Sari,Yes
PR2023-00503,EMP00114,2023,2023-12-20,5,99.0,4.78,Rudi Hartono,Yes
PR2023-00504,EMP00115,2023,2023-12-15,4,86.8,4.06,Andi Wijaya,Yes
PR2023-00505,EMP00116,2023,2023-12-25,1,71.9,2.61,Rudi Hartono,Yes
PR2023-00506,EMP00118,2023,2023-12-08,1,64.3,3.12,Bambang Susilo,Yes
PR2023-00507,EMP00120,2023,2023-12-16,2,69.3,3.76,Maya Sari,Yes
PR2023-00508,EMP00121,2023,2023-12-10,,83.5,2.8,Andi Wijaya,No
PR2023-00509,EMP00122,2023,2023-12-13,3,85.0,3.79,Bambang Susilo,Yes
PR2023-00510,EMP00123,2023,2023-12-25,3,81.1,3.57,Andi Wijaya,No
PR2023-00511,EMP00124,2023,2023-12-24,3,85.0,3.32,Rina Kartika,Yes
PR2023-00512,EMP00125,2023,2023-12-22,4,92.6,4.45,Bambang Susilo,Yes
PR2023-00513,EMP00127,2023,2023-12-22,2 - Below,68.2,3.33,Rudi Hartono,Yes
PR2023-00514,EMP00128,2023,2023-12-24,3,90.1,4.1,Dewi Lestari,No
PR2023-00515,EMP00129,2023,2023-12-22,2,79.0,3.19,Sri Wahyuni,Yes
PR2023-00516,EMP00131,2023,2023-12-21,3,93.4,4.09,Rudi Hartono,Yes
PR2023-00517,EMP00132,2023,2023-12-18,1,75.0,2.84,Andi Wijaya,Yes
PR2023-00518,EMP00133,2023,2023-12-07,4,93.0,4.43,Rudi Hartono,Yes
PR2023-00519,EMP00135,2023,2023-12-26,1,64.4,2.77,Rudi Hartono,Yes
PR2023-00520,EMP00136,2023,2023-12-10,3,86.3,3.65,Bambang Susilo,Yes
PR2023-00521,EMP00137,2023,2023-12-07,2,76.1,3.37,Rudi Hartono,Yes
PR2023-00522,EMP00138,2023,2023-12-22,1,66.2,2.7,Sri Wahyuni,Yes
PR2023-00523,EMP00139,2023,2023-12-09,2,66.7,3.37,Bambang Susilo,Yes
PR2023-00524,EMP00140,2023,2023-12-18,3,79.4,4.06,Rina Kartika,Yes
PR2023-00525,EMP00141,2023,2023-12-19,4,91.6,4.33,Rudi Hartono,No
PR2023-00526,EMP00143,2023,2023-12-10,3,81.1,4.17,Bambang Susilo,Yes
PR2023-00527,EMP00146,2023,2023-12-23,5,95.1,4.62,Rudi Hartono,No
PR2023-00528,EMP00148,2023,2023-12-16,5,101.5,4.85,Bambang Susilo,No
PR2023-00529,EMP00149,2023,2023-12-18,2,70.0,3.58,Rudi Hartono,Yes
PR2023-00530,EMP00150,2023,2023-12-26,3,82.6,4.05,Bambang Susilo,Yes
PR2023-00531,EMP00151,2023,2023-12-26,3,77.7,4.38,Rina Kartika,Yes
PR2023-00532,EMP00152,2023,2023-12-08,3,78.3,4.32,Sri Wahyuni,Yes
PR2023-00533,EMP00153,2023,2023-12-15,2,84.0,3.16,Bambang Susilo,Yes
PR2023-00534,EMP00154,2023,2023-12-14,2,71.3,3.39,Rudi Hartono,Yes
PR2023-00535,EMP00155,2023,2023-12-13,4,97.9,4.0,Dewi Lestari,No
PR2023-00536,EMP00156,2023,2023-12-24,2,80.8,3.51,Rudi Hartono,Yes
PR2023-00537,EMP00157,2023,2023-12-13,3,82.7,3.46,Rudi Hartono,Yes
PR2023-00538,EMP00159,2023,2023-12-21,3,84.3,4.15,Bambang Susilo,Yes
PR2023-00539,EMP00160,2023,2023-12-09,3,89.0,3.64,Bambang Susilo,Yes
PR2023-00540,EMP00162,2023,2023-12-07,3,89.7,3.4,Dewi Lestari,Yes
PR2023-00541,EMP00165,2023,2023-12-25,3,89.8,4.43,Hendra Gunawan,Yes
PR2023-00542,EMP00166,2023,2023-12-26,1,68.1,3.06,Sri Wahyuni,Yes
PR2023-00543,EMP00167,2023,2023-12-13,3,80.7,4.12,Rina Kartika,Yes
PR2023-00544,EMP00168,2023,2023-12-18,1,65.2,2.84,Maya Sari,Yes
PR2023-00545,EMP00169,2023,2023-12-26,3,89.0,3.89,Rudi Hartono,No
PR2023-00546,EMP00170,2023,2023-12-11,3,87.3,3.63,Rudi Hartono,Yes
PR2023-00547,EMP00171,2023,2023-12-21,2,77.9,3.41,Bambang Susilo,Yes
PR2023-00548,EMP00172,2023,2023-12-14,2,79.6,3.7,Bambang Susilo,Yes
PR2023-00549,EMP00173,2023,2023-12-21,3,87.0,4.22,Bambang Susilo,Yes
PR2023-00550,EMP00174,2023,2023-12-16,3,75.2,3.67,Rina Kartika,Yes
PR2023-00551,EMP00175,2023,2023-12-23,3,78.8,4.41,Rina Kartika,Yes
PR2023-00552,EMP00176,2023,2023-12-19,4,92.0,4.44,Andi Wijaya,Yes
PR2023-00553,EMP00178,2023,2023-12-15,5,103.1,5.0,Bambang Susilo,Yes
PR2023-00554,EMP00179,2023,2023-12-14,2,65.0,3.21,Rudi Hartono,Yes
PR2023-00555,EMP00181,2023,2023-12-17,3,78.9,3.6,Rudi Hartono,Yes
PR2023-00556,EMP00182,2023,2023-12-17,5,109.6,4.33,Bambang Susilo,Yes
PR2023-00557,EMP00183,2023,2023-12-20,2,79.1,3.72,Hendra Gunawan,Yes
PR2023-00558,EMP00184,2023,2023-12-15,4,96.1,4.8,Rina Kartika,No
PR2023-00559,EMP00186,2023,2023-12-13,5,104.6,4.8,Bambang Susilo,No
PR2023-00560,EMP00187,2023,2023-12-16,4,95.4,4.37,Rina Kartika,Yes
PR2023-00561,EMP00188,2023,2023-12-13,3,92.5,3.93,Dewi Lestari,No
PR2023-00562,EMP00189,2023,2023-12-07,3,89.0,4.08,Andi Wijaya,Yes
PR2023-00563,EMP00190,2023,2023-12-17,3,79.1,4.06,Bambang Susilo,No
PR2023-00564,EMP00191,2023,2023-12-08,4,88.3,4.29,Dewi Lestari,Yes
PR2023-00565,EMP00193,2023,2023-12-10,4,101.3,4.2,Rudi Hartono,Yes
PR2023-00566,EMP00194,2023,2023-12-10,2,75.3,3.31,Rina Kartika,Yes
PR2023-00567,EMP00195,2023,2023-12-10,2,76.9,3.67,Bambang Susilo,Yes
PR2023-00568,EMP00196,2023,2023-12-21,3,93.7,4.26,Bambang Susilo,Yes
PR2023-00569,EMP00197,2023,2023-12-08,1,57.5,2.96,Sri Wahyuni,Yes
PR2023-00570,EMP00198,2023,2023-12-18,4,85.7,4.29,Sri Wahyuni,No
PR2023-00571,EMP00199,2023,2023-12-08,3,104.8,3.95,Sri Wahyuni,Yes
PR2023-00572,EMP00200,2023,2023-12-22,1,68.8,2.76,Maya Sari,Yes
PR2023-00573,EMP00201,2023,2023-12-24,2,78.2,3.72,Hendra Gunawan,Yes
PR2023-00574,EMP00202,2023,2023-12-17,5,97.3,4.94,Rudi Hartono,Yes
PR2023-00575,EMP00203,2023,2023-12-24,3,83.6,4.29,Bambang Susilo,Yes
PR2023-00576,EMP00204,2023,2023-12-19,4,96.5,4.6,Rudi Hartono,Yes
PR2023-00577,EMP00205,2023,2023-12-09,3,86.9,3.82,Rina Kartika,Yes
PR2023-00578,EMP00206,2023,2023-12-17,5,110.8,4.77,Rudi Hartono,Yes
PR2023-00579,EMP00207,2023,2023-12-22,2,70.7,3.11,Rina Kartika,Yes
PR2023-00580,EMP00208,2023,2023-12-20,4,76.8,4.58,Andi Wijaya,No
PR2023-00581,EMP00209,2023,2023-12-15,4,91.8,3.89,Sri Wahyuni,Yes
PR2023-00582,EMP00210,2023,2023-12-24,3,91.4,4.03,Bambang Susilo,Yes
PR2023-00583,EMP00211,2023,2023-12-20,5,98.3,5.0,Bambang Susilo,No
PR2023-00584,EMP00212,2023,2023-12-07,2,82.8,3.77,Andi Wijaya,Yes
PR2023-00585,EMP00213,2023,2023-12-11,3,92.0,3.41,Maya Sari,Yes
PR2023-00586,EMP00214,2023,2023-12-21,2,80.9,3.59,Rina Kartika,Yes
PR2023-00587,EMP00215,2023,2023-12-09,3,78.5,3.88,Dewi Lestari,Yes
PR2023-00588,EMP00216,2023,2023-12-07,4,97.0,3.97,Dewi Lestari,Yes
PR2023-00589,EMP00217,2023,2023-12-24,2,71.3,3.36,Hendra Gunawan,Yes
PR2023-00590,EMP00218,2023,2023-12-14,4,108.0,4.46,Andi Wijaya,Yes
PR2023-00591,EMP00219,2023,2023-12-07,2,78.7,3.15,Andi Wijaya,Yes
PR2023-00592,EMP00220,2023,2023-12-15,2,73.2,3.43,Rina Kartika,Yes
PR2023-00593,EMP00221,2023,2023-12-13,2,71.2,3.65,Bambang Susilo,Yes
PR2023-00594,EMP00222,2023,2023-12-24,1,71.8,2.87,Rina Kartika,Yes
PR2023-00595,EMP00223,2023,2023-12-20,3,91.9,3.66,Rudi Hartono,Yes
PR2023-00596,EMP00224,2023,2023-12-24,5,93.7,4.71,Rudi Hartono,Yes
PR2023-00597,EMP00225,2023,2023-12-10,2,76.3,3.6,Rudi Hartono,Yes
PR2023-00598,EMP00226,2023,2023-12-10,3,88.3,3.92,Maya Sari,Yes
PR2023-00599,EMP00227,2023,2023-12-07,3,90.7,4.14,Maya Sari,Yes
PR2023-00600,EMP00228,2023,2023-12-07,5,104.9,4.78,Hendra Gunawan,Yes
PR2023-00601,EMP00229,2023,2023-12-18,3,85.1,3.8,Bambang Susilo,Yes
PR2023-00602,EMP00230,2023,2023-12-10,3,94.3,3.93,Rina Kartika,Yes
PR2023-00603,EMP00232,2023,2023-12-08,3,81.5,3.67,Andi Wijaya,No
PR2023-00604,EMP00233,2023,2023-12-24,3,74.9,4.04,Rina Kartika,Yes
PR2023-00605,EMP00234,2023,2023-12-18,3,85.5,3.84,Bambang Susilo,No
PR2023-00606,EMP00237,2023,2023-12-16,4,94.5,4.96,Sri Wahyuni,Yes
PR2023-00607,EMP00238,2023,2023-12-22,2,78.3,2.99,Bambang Susilo,Yes
PR2023-00608,EMP00239,2023,2023-12-08,2,70.9,2.81,Maya Sari,Yes
PR2023-00609,EMP00240,2023,2023-12-17,4,88.1,4.56,Rina Kartika,Yes
PR2023-00610,EMP00241,2023,2023-12-13,3,85.2,3.89,Rina Kartika,No
PR2023-00611,EMP00242,2023,2023-12-23,1,64.8,2.89,Rina Kartika,Yes
PR2023-00612,EMP00243,2023,2023-12-13,3,81.4,3.75,Bambang Susilo,Yes
PR2023-00613,EMP00244,2023,2023-12-22,5,115.5,5.0,Andi Wijaya,Yes
PR2023-00614,EMP00245,2023,2023-12-11,3,91.1,3.79,Rudi Hartono,Yes
PR2023-00615,EMP00246,2023,2023-12-24,3,86.5,4.14,Rina Kartika,Yes
PR2023-00616,EMP00247,2023,2023-12-11,4,90.8,4.72,Bambang Susilo,Yes
PR2023-00617,EMP00248,2023,2023-12-21,2,77.7,3.6,Hendra Gunawan,Yes
PR2023-00618,EMP00250,2023,2023-12-23,3,83.5,3.96,Rudi Hartono,No
PR2023-00619,EMP00251,2023,2023-12-10,5,101.4,4.98,Rudi Hartono,Yes
PR2023-00620,EMP00252,2023,2023-12-10,4,101.4,4.44,Andi Wijaya,Yes
PR2023-00621,EMP00253,2023,2023-12-25,4,94.6,4.4,Rina Kartika,No
PR2023-00622,EMP00254,2023,2023-12-20,2,84.7,3.26,Hendra Gunawan,No
PR2023-00623,EMP00255,2023,2023-12-09,4,88.2,4.51,Rudi Hartono,Yes
PR2023-00624,EMP00256,2023,2023-12-25,,81.6,5.0,Bambang Susilo,Yes
PR2023-00625,EMP00257,2023,2023-12-25,4,100.3,4.29,Andi Wijaya,Yes
PR2023-00626,EMP00260,2023,2023-12-18,5,95.4,4.83,Rina Kartika,Yes
PR2023-00627,EMP00262,2023,2023-12-17,3,81.3,3.96,Bambang Susilo,Yes
PR2023-00628,EMP00264,2023,2023-12-17,3,79.0,3.72,Rudi Hartono,No
PR2023-00629,EMP00265,2023,2023-12-15,3,95.3,3.08,Bambang Susilo,No
PR2023-00630,EMP00266,2023,2023-12-17,4,88.3,4.77,Dewi Lestari,Yes
PR2023-00631,EMP00267,2023,2023-12-09,1,58.8,2.12,Rudi Hartono,Yes
PR2023-00632,EMP00268,2023,2023-12-18,2,77.4,3.16,Bambang Susilo,Yes
PR2023-00633,EMP00270,2023,2023-12-07,2,81.8,3.37,Andi Wijaya,Yes
PR2023-00634,EMP00271,2023,2023-12-17,2,74.2,3.31,Maya Sari,Yes
PR2023-00635,EMP00272,2023,2023-12-23,2,74.7,3.41,Dewi Lestari,Yes
PR2023-00636,EMP00273,2023,2023-12-24,4,89.6,4.26,Andi Wijaya,Yes
PR2023-00637,EMP00274,2023,2023-12-19,4,104.7,4.84,Bambang Susilo,Yes
PR2023-00638,EMP00276,2023,2023-12-17,4,94.8,4.9,Rina Kartika,Yes
PR2023-00639,EMP00277,2023,2023-12-14,2,77.1,2.78,Andi Wijaya,Yes
PR2023-00640,EMP00278,2023,2023-12-22,5,105.8,5.0,Andi Wijaya,Yes
PR2023-00641,EMP00280,2023,2023-12-12,2,71.7,3.14,Maya Sari,No
PR2023-00642,EMP00282,2023,2023-12-11,4,95.4,4.21,Rudi Hartono,Yes
PR2023-00643,EMP00284,2023,2023-12-15,4,86.8,4.16,Bambang Susilo,Yes
PR2023-00644,EMP00285,2023,2023-12-22,4,102.1,4.79,Rudi Hartono,Yes
PR2023-00645,EMP00286,2023,2023-12-20,4,88.5,5.0,Rudi Hartono,Yes
PR2023-00646,EMP00288,2023,2023-12-24,2,81.9,2.89,Sri Wahyuni,Yes
PR2023-00647,EMP00289,2023,2023-12-21,3,97.5,3.57,Bambang Susilo,No
PR2023-00648,EMP00290,2023,2023-12-20,2,74.3,3.25,Andi Wijaya,Yes
PR2023-00649,EMP00291,2023,2023-12-23,4,85.5,4.32,Andi Wijaya,Yes
PR2023-00650,EMP00292,2023,2023-12-23,3,88.5,4.2,Bambang Susilo,No
PR2023-00651,EMP00293,2023,2023-12-23,3,88.9,4.14,Rudi Hartono,Yes
PR2023-00652,EMP00296,2023,2023-12-07,3,87.9,4.39,Rudi Hartono,Yes
PR2023-00653,EMP00298,2023,2023-12-13,4,95.2,4.8,Rina Kartika,Yes
PR2023-00654,EMP00299,2023,2023-12-24,3,85.2,3.4,Bambang Susilo,Yes
PR2023-00655,EMP00300,2023,2023-12-17,4,92.4,4.4,Dewi Lestari,Yes
PR2023-00656,EMP00301,2023,2023-12-26,4,90.0,4.24,Rina Kartika,Yes
PR2023-00657,EMP00302,2023,2023-12-12,3,80.2,3.56,Rudi Hartono,No
PR2023-00658,EMP00303,2023,2023-12-16,5,103.9,5.0,Rudi Hartono,No
PR2023-00659,EMP00304,2023,2023-12-09,3,83.4,4.23,Bambang Susilo,Yes
PR2023-00660,EMP00305,2023,2023-12-11,4,95.6,5.0,Bambang Susilo,Yes
PR2023-00661,EMP00306,2023,2023-12-25,5,95.2,5.0,Rudi Hartono,Yes
PR2023-00662,EMP00307,2023,2023-12-08,4,91.8,4.15,Dewi Lestari,Yes
PR2023-00663,EMP00308,2023,2023-12-15,5,91.4,5.0,Sri Wahyuni,Yes
PR2023-00664,EMP00309,2023,2023-12-19,5,98.8,5.0,Rudi Hartono,Yes
PR2023-00665,EMP00310,2023,2023-12-08,5,106.1,5.0,Dewi Lestari,Yes
PR2023-00666,EMP00311,2023,2023-12-23,3,81.3,3.74,Andi Wijaya,Yes
PR2023-00667,EMP00312,2023,2023-12-19,,98.1,5.0,Bambang Susilo,Yes
PR2023-00668,EMP00313,2023,2023-12-15,4,88.4,4.26,Bambang Susilo,No
PR2023-00669,EMP00314,2023,2023-12-25,2,78.8,2.99,Andi Wijaya,Yes
PR2023-00670,EMP00316,2023,2023-12-19,3,102.2,3.99,Dewi Lestari,Yes
PR2023-00671,EMP00317,2023,2023-12-08,2,73.7,3.65,Maya Sari,Yes
PR2023-00672,EMP00318,2023,2023-12-14,4,97.6,4.57,Rudi Hartono,No
PR2023-00673,EMP00320,2023,2023-12-17,4,92.6,4.84,Bambang Susilo,Yes
PR2023-00674,EMP00321,2023,2023-12-12,4,100.2,4.65,Rudi Hartono,No
PR2023-00675,EMP00322,2023,2023-12-17,3,89.3,3.85,Hendra Gunawan,No
PR2023-00676,EMP00323,2023,2023-12-26,2,70.6,3.52,Rudi Hartono,No
PR2023-00677,EMP00324,2023,2023-12-20,3,85.8,3.58,Andi Wijaya,Yes
PR2023-00678,EMP00325,2023,2023-12-08,4,100.3,4.35,Rudi Hartono,Yes
PR2023-00679,EMP00327,2023,2023-12-17,2,79.2,3.22,Bambang Susilo,Yes
PR2023-00680,EMP00329,2023,2023-12-16,4,100.3,4.59,Bambang Susilo,Yes
PR2023-00681,EMP00330,2023,2023-12-16,4,89.5,3.98,Rudi Hartono,Yes
PR2023-00682,EMP00331,2023,2023-12-15,4,102.3,4.51,Andi Wijaya,Yes
PR2023-00683,EMP00333,2023,2023-12-14,3,82.6,3.15,Rina Kartika,Yes
PR2023-00684,EMP00334,2023,2023-12-19,4,93.2,4.12,Rina Kartika,Yes
PR2023-00685,EMP00336,2023,2023-12-22,3,88.0,3.61,Rudi Hartono,Yes
PR2023-00686,EMP00337,2023,2023-12-22,3,93.0,3.69,Andi Wijaya,No
PR2023-00687,EMP00338,2023,2023-12-12,4,90.2,4.54,Rina Kartika,Yes
PR2023-00688,EMP00339,2023,2023-12-20,2,82.1,3.41,Hendra Gunawan,Yes
PR2023-00689,EMP00340,2023,2023-12-20,5,111.8,5.0,Rina Kartika,Yes
PR2023-00690,EMP00341,2023,2023-12-18,3,84.1,4.19,Rudi Hartono,Yes
PR2023-00691,EMP00343,2023,2023-12-08,4,98.3,4.18,Bambang Susilo,Yes
PR2023-00692,EMP00345,2023,2023-12-08,3,90.4,3.9,Andi Wijaya,Yes
PR2023-00693,EMP00346,2023,2023-12-08,2,70.4,3.22,Rudi Hartono,No
PR2023-00694,EMP00347,2023,2023-12-19,5,100.1,5.0,Rina Kartika,Yes
PR2023-00695,EMP00349,2023,2023-12-13,3,84.5,3.26,Bambang Susilo,Yes
PR2023-00696,EMP00350,2023,2023-12-09,3,82.3,4.22,Maya Sari,Yes
PR2023-00697,EMP00351,2023,2023-12-13,1,67.3,3.04,Sri Wahyuni,Yes
PR2023-00698,EMP00352,2023,2023-12-16,4,79.5,4.78,Bambang Susilo,Yes
PR2023-00699,EMP00353,2023,2023-12-16,2,70.2,2.98,Rudi Hartono,Yes
PR2023-00700,EMP00354,2023,2023-12-21,2,70.7,3.46,Bambang Susilo,Yes
PR2023-00701,EMP00356,2023,2023-12-10,3,84.8,3.96,Rina Kartika,Yes
PR2023-00702,EMP00357,2023,2023-12-22,4,96.8,4.78,Andi Wijaya,Yes
PR2023-00703,EMP00358,2023,2023-12-13,2,77.7,2.92,Hendra Gunawan,Yes
PR2023-00704,EMP00359,2023,2023-12-24,3,87.3,3.94,Andi Wijaya,Yes
PR2023-00705,EMP00360,2023,2023-12-25,4,91.3,4.03,Bambang Susilo,Yes
PR2023-00706,EMP00361,2023,2023-12-24,4,92.9,4.13,Rudi Hartono,Yes
PR2023-00707,EMP00362,2023,2023-12-23,2,78.9,3.49,Rina Kartika,No
PR2023-00708,EMP00363,2023,2023-12-13,3,79.9,4.1,Andi Wijaya,Yes
PR2023-00709,EMP00364,2023,2023-12-13,3,92.1,3.46,Bambang Susilo,Yes
PR2023-00710,EMP00365,2023,2023-12-14,2,75.6,3.31,Rina Kartika,Yes
PR2023-00711,EMP00366,2023,2023-12-26,3,74.7,3.76,Rina Kartika,Yes
PR2023-00712,EMP00367,2023,2023-12-10,5,104.0,5.0,Sri Wahyuni,Yes
PR2023-00713,EMP00369,2023,2023-12-09,3 - Meets,88.2,3.78,Rudi Hartono,Yes
PR2023-00714,EMP00370,2023,2023-12-14,4,93.6,4.0,Dewi Lestari,No
PR2023-00715,EMP00372,2023,2023-12-26,4,82.7,4.79,Rudi Hartono,Yes
PR2023-00716,EMP00373,2023,2023-12-16,4,101.1,3.79,Maya Sari,Yes
PR2023-00717,EMP00374,2023,2023-12-15,3,86.5,3.59,Rudi Hartono,Yes
PR2023-00718,EMP00375,2023,2023-12-20,2,79.0,2.92,Hendra Gunawan,Yes
PR2023-00719,EMP00376,2023,2023-12-18,2,89.2,2.77,Andi Wijaya,Yes
PR2023-00720,EMP00377,2023,2023-12-15,2,72.6,3.11,Sri Wahyuni,Yes
PR2023-00721,EMP00378,2023,2023-12-19,3,82.8,3.61,Rudi Hartono,Yes
PR2023-00722,EMP00379,2023,2023-12-23,4,82.5,3.96,Rudi Hartono,Yes
PR2023-00723,EMP00380,2023,2023-12-18,3,94.1,4.24,Andi Wijaya,No
PR2023-00724,EMP00381,2023,2023-12-24,3,77.9,3.66,Dewi Lestari,Yes
PR2023-00725,EMP00383,2023,2023-12-26,1,68.1,2.33,Sri Wahyuni,Yes
PR2023-00726,EMP00384,2023,2023-12-20,3,101.1,3.57,Andi Wijaya,Yes
PR2023-00727,EMP00385,2023,2023-12-24,2,72.5,3.45,Bambang Susilo,Yes
PR2023-00728,EMP00386,2023,2023-12-09,3,85.5,4.11,Maya Sari,Yes
PR2023-00729,EMP00387,2023,2023-12-22,2,75.0,3.25,Andi Wijaya,Yes
PR2023-00730,EMP00388,2023,2023-12-17,3,76.5,3.54,Bambang Susilo,Yes
PR2023-00731,EMP00389,2023,2023-12-24,3,81.6,4.35,Bambang Susilo,Yes
PR2023-00732,EMP00390,2023,2023-12-22,2,74.7,3.78,Andi Wijaya,Yes
PR2023-00733,EMP00391,2023,2023-12-24,4,87.5,4.46,Bambang Susilo,Yes
PR2023-00734,EMP00392,2023,2023-12-17,2,77.0,3.18,Rina Kartika,Yes
PR2023-00735,EMP00393,2023,2023-12-25,3,95.2,3.9,Bambang Susilo,Yes
PR2023-00736,EMP00396,2023,2023-12-07,5,112.1,5.0,Rudi Hartono,Yes
PR2023-00737,EMP00397,2023,2023-12-21,2 - Below,71.5,3.1,Maya Sari,Yes
PR2023-00738,EMP00398,2023,2023-12-07,2,78.1,3.18,Andi Wijaya,No
PR2023-00739,EMP00399,2023,2023-12-26,4,93.6,4.66,Maya Sari,Yes
PR2023-00740,EMP00400,2023,2023-12-22,2,69.3,3.33,Bambang Susilo,Yes
PR2023-00741,EMP00401,2023,2023-12-18,3,83.0,3.92,Sri Wahyuni,Yes
PR2023-00742,EMP00404,2023,2023-12-16,2,87.4,3.04,Bambang Susilo,No
PR2023-00743,EMP00405,2023,2023-12-11,3,76.2,3.95,Andi Wijaya,Yes
PR2023-00744,EMP00406,2023,2023-12-20,5,106.8,4.96,Andi Wijaya,Yes
PR2023-00745,EMP00407,2023,2023-12-17,4,102.3,4.43,Andi Wijaya,Yes
PR2023-00746,EMP00408,2023,2023-12-25,4,98.7,4.39,Andi Wijaya,Yes
PR2023-00747,EMP00409,2023,2023-12-15,4,96.5,3.84,Bambang Susilo,Yes
PR2023-00748,EMP00410,2023,2023-12-25,2,64.2,3.4,Rina Kartika,No
PR2023-00749,EMP00412,2023,2023-12-13,2,67.1,2.99,Rudi Hartono,Yes
PR2023-00750,EMP00413,2023,2023-12-18,5,108.0,5.0,Rina Kartika,Yes
PR2023-00751,EMP00414,2023,2023-12-22,3,82.9,3.68,Andi Wijaya,Yes
PR2023-00752,EMP00415,2023,2023-12-09,3,72.3,3.68,Andi Wijaya,Yes
PR2023-00753,EMP00417,2023,2023-12-24,2,82.7,3.17,Bambang Susilo,Yes
PR2023-00754,EMP00418,2023,2023-12-21,2,65.9,3.04,Bambang Susilo,Yes
PR2023-00755,EMP00419,2023,2023-12-12,1,70.1,2.48,Rina Kartika,Yes
PR2023-00756,EMP00420,2023,2023-12-07,2,70.6,2.93,Hendra Gunawan,No
PR2023-00757,EMP00421,2023,2023-12-19,3,80.7,3.98,Rudi Hartono,Yes
PR2023-00758,EMP00423,2023,2023-12-10,3,80.3,3.93,Dewi Lestari,Yes
PR2023-00759,EMP00424,2023,2023-12-23,4,95.5,3.96,Andi Wijaya,Yes
PR2023-00760,EMP00425,2023,2023-12-11,2,71.1,3.3,Rudi Hartono,Yes
PR2023-00761,EMP00426,2023,2023-12-21,3,87.9,3.48,Andi Wijaya,Yes
PR2023-00762,EMP00427,2023,2023-12-12,4,101.6,4.35,Rudi Hartono,No
PR2023-00763,EMP00428,2023,2023-12-16,2,66.4,2.76,Rina Kartika,No
PR2023-00764,EMP00429,2023,2023-12-11,3,84.0,4.11,Bambang Susilo,Yes
PR2023-00765,EMP00431,2023,2023-12-25,2,86.8,3.91,Andi Wijaya,Yes
PR2023-00766,EMP00432,2023,2023-12-14,4,95.8,4.32,Rudi Hartono,Yes
PR2023-00767,EMP00433,2023,2023-12-20,4,95.3,4.21,Bambang Susilo,Yes
PR2023-00768,EMP00435,2023,2023-12-09,2,70.1,3.06,Rina Kartika,Yes
PR2023-00769,EMP00436,2023,2023-12-26,3,82.4,3.78,Andi Wijaya,Yes
PR2023-00770,EMP00438,2023,2023-12-18,3,93.1,3.18,Rudi Hartono,Yes
PR2023-00771,EMP00439,2023,2023-12-26,5,96.7,4.88,Rina Kartika,Yes
PR2023-00772,EMP00440,2023,2023-12-25,3,82.2,4.02,Bambang Susilo,No
PR2023-00773,EMP00442,2023,2023-12-15,2,65.4,3.37,Rina Kartika,Yes
PR2023-00774,EMP00443,2023,2023-12-25,3,82.0,3.53,Maya Sari,No
PR2023-00775,EMP00444,2023,2023-12-18,3,85.1,3.63,Rudi Hartono,Yes
PR2023-00776,EMP00445,2023,2023-12-19,4,101.1,4.53,Rudi Hartono,Yes
PR2023-00777,EMP00446,2023,2023-12-17,4,92.1,4.56,Rina Kartika,Yes
PR2023-00778,EMP00447,2023,2023-12-13,3,75.8,3.84,Dewi Lestari,Yes
PR2023-00779,EMP00449,2023,2023-12-07,3,80.7,3.77,Rudi Hartono,Yes
PR2023-00780,EMP00450,2023,2023-12-20,4,96.5,5.0,Rina Kartika,Yes
PR2023-00781,EMP00452,2023,2023-12-18,3,88.4,4.15,Andi Wijaya,No
PR2023-00782,EMP00453,2023,2023-12-18,3,92.7,3.84,Rina Kartika,Yes
PR2023-00783,EMP00454,2023,2023-12-25,2,78.7,2.94,Bambang Susilo,Yes
PR2023-00784,EMP00455,2023,2023-12-20,1,62.6,2.77,Dewi Lestari,Yes
PR2023-00785,EMP00456,2023,2023-12-09,3,94.7,4.32,Rudi Hartono,Yes
PR2023-00786,EMP00457,2023,2023-12-25,4,94.6,4.42,Bambang Susilo,Yes
PR2023-00787,EMP00458,2023,2023-12-24,4,90.3,4.29,Bambang Susilo,Yes
PR2023-00788,EMP00459,2023,2023-12-12,3,93.6,3.85,Bambang Susilo,Yes
PR2023-00789,EMP00460,2023,2023-12-09,5,109.7,4.42,Maya Sari,Yes
PR2023-00790,EMP00461,2023,2023-12-14,3,80.7,3.7,Dewi Lestari,Yes
PR2023-00791,EMP00462,2023,2023-12-12,4,103.8,4.02,Maya Sari,Yes
PR2023-00792,EMP00463,2023,2023-12-26,3,87.5,3.83,Hendra Gunawan,Yes
PR2023-00793,EMP00464,2023,2023-12-17,2,79.8,3.58,Bambang Susilo,Yes
PR2023-00794,EMP00465,2023,2023-12-26,4,92.5,4.65,Rina Kartika,Yes
PR2023-00795,EMP00466,2023,2023-12-14,4,91.6,4.25,Bambang Susilo,Yes
PR2023-00796,EMP00467,2023,2023-12-24,3,78.4,4.09,Andi Wijaya,Yes
PR2023-00797,EMP00469,2023,2023-12-15,1,46.7,2.73,Bambang Susilo,Yes
PR2023-00798,EMP00470,2023,2023-12-07,4,96.6,4.2,Rudi Hartono,No
PR2023-00799,EMP00471,2023,2023-12-23,3 - Meets,82.9,3.8,Bambang Susilo,No
PR2023-00800,EMP00472,2023,2023-12-19,3,79.7,3.7,Maya Sari,Yes
PR2023-00801,EMP00473,2023,2023-12-16,3,84.0,3.45,Sri Wahyuni,Yes
PR2023-00802,EMP00474,2023,2023-12-24,4,97.4,4.33,Sri Wahyuni,Yes
PR2023-00803,EMP00476,2023,2023-12-12,3,90.6,3.25,Bambang Susilo,Yes
PR2023-00804,EMP00478,2023,2023-12-14,3,71.8,3.87,Andi Wijaya,Yes
PR2023-00805,EMP00479,2023,2023-12-14,2,74.9,3.09,Maya Sari,No
PR2023-00806,EMP00480,2023,2023-12-20,3,82.1,3.46,Hendra Gunawan,Yes
PR2023-00807,EMP00481,2023,2023-12-20,5,99.5,4.63,Rina Kartika,Yes
PR2023-00808,EMP00482,2023,2023-12-18,4,91.3,4.22,Bambang Susilo,Yes
PR2023-00809,EMP00483,2023,2023-12-13,4,94.2,4.79,Rina Kartika,Yes
PR2023-00810,EMP00485,2023,2023-12-13,2,91.6,3.36,Rudi Hartono,Yes
PR2023-00811,EMP00486,2023,2023-12-09,1,67.9,2.15,Rudi Hartono,No
PR2023-00812,EMP00487,2023,2023-12-09,3,87.7,3.93,Rudi Hartono,Yes
PR2023-00813,EMP00488,2023,2023-12-18,3 - Meets,84.1,4.43,Bambang Susilo,Yes
PR2023-00814,EMP00490,2023,2023-12-12,5,109.1,4.83,Andi Wijaya,Yes
PR2023-00815,EMP00491,2023,2023-12-25,4,84.5,4.44,Rina Kartika,No
PR2023-00816,EMP00492,2023,2023-12-15,2 - Below,74.0,2.8,Rina Kartika,Yes
PR2023-00817,EMP00493,2023,2023-12-09,4,90.8,4.21,Andi Wijaya,Yes
PR2023-00818,EMP00494,2023,2023-12-10,2,79.0,3.58,Dewi Lestari,No
PR2023-00819,EMP00495,2023,2023-12-07,5,107.2,5.0,Andi Wijaya,No
PR2023-00820,EMP00496,2023,2023-12-20,2,66.3,3.4,Bambang Susilo,Yes
PR2023-00821,EMP00498,2023,2023-12-18,5,106.0,5.0,Bambang Susilo,Yes
PR2023-00822,EMP00499,2023,2023-12-21,3 - Meets,92.9,3.5,Rudi Hartono,Yes
PR2023-00823,EMP00500,2023,2023-12-12,5,103.5,4.99,Maya Sari,Yes
PR2023-00824,EMP00501,2023,2023-12-18,3,86.3,3.87,Rina Kartika,Yes
PR2023-00825,EMP00502,2023,2023-12-25,3,91.3,3.95,Rudi Hartono,Yes
PR2023-00826,EMP00503,2023,2023-12-11,3,70.4,3.78,Andi Wijaya,No
PR2023-00827,EMP00504,2023,2023-12-24,4,90.3,4.23,Bambang Susilo,Yes
PR2023-00828,EMP00505,2023,2023-12-25,2,75.8,2.99,Maya Sari,Yes
PR2023-00829,EMP00506,2023,2023-12-22,4,93.3,4.36,Andi Wijaya,No
PR2023-00830,EMP00507,2023,2023-12-25,5,108.7,5.0,Maya Sari,Yes
PR2023-00831,EMP00508,2023,2023-12-19,2,73.9,3.24,Bambang Susilo,No
PR2023-00832,EMP00509,2023,2023-12-18,3,87.6,3.93,Bambang Susilo,Yes
PR2023-00833,EMP00510,2023,2023-12-18,1,57.7,2.93,Andi Wijaya,Yes
PR2023-00834,EMP00511,2023,2023-12-10,4,89.0,4.43,Rina Kartika,Yes
PR2023-00835,EMP00512,2023,2023-12-08,4,89.6,4.55,Bambang Susilo,Yes
PR2023-00836,EMP00513,2023,2023-12-07,1,77.4,2.64,Bambang Susilo,Yes
PR2023-00837,EMP00514,2023,2023-12-19,4,90.7,4.48,Rudi Hartono,Yes
PR2023-00838,EMP00515,2023,2023-12-22,3,82.0,3.86,Maya Sari,Yes
PR2023-00839,EMP00518,2023,2023-12-07,3,80.1,3.72,Maya Sari,Yes
PR2023-00840,EMP00519,2023,2023-12-07,2,70.9,3.55,Rina Kartika,Yes
PR2023-00841,EMP00520,2023,2023-12-15,3,72.6,3.87,Rudi Hartono,Yes
PR2023-00842,EMP00521,2023,2023-12-19,2,84.7,3.17,Bambang Susilo,Yes
PR2023-00843,EMP00522,2023,2023-12-13,3,80.2,4.08,Bambang Susilo,Yes
PR2024-00844,EMP00002,2024,2024-12-18,2,72.9,3.17,Bambang Susilo,Yes
PR2024-00845,EMP00003,2024,2024-12-18,4,103.4,4.36,Hendra Gunawan,No
PR2024-00846,EMP00005,2024,2024-12-11,3,82.4,3.84,Rina Kartika,Yes
PR2024-00847,EMP00007,2024,2024-12-07,3,88.8,3.59,Andi Wijaya,Yes
PR2024-00848,EMP00008,2024,2024-12-24,1,75.8,2.88,Hendra Gunawan,No
PR2024-00849,EMP00009,2024,2024-12-18,2,74.9,2.87,Rina Kartika,Yes
PR2024-00850,EMP00011,2024,2024-12-25,3,88.7,4.28,Rina Kartika,Yes
PR2024-00851,EMP00012,2024,2024-12-09,3,73.1,4.12,Maya Sari,Yes
PR2024-00852,EMP00013,2024,2024-12-26,5 - Outstanding,106.0,4.69,Maya Sari,No
PR2024-00853,EMP00015,2024,2024-12-18,3,90.1,3.14,Dewi Lestari,No
PR2024-00854,EMP00016,2024,2024-12-16,4,78.7,4.51,Rudi Hartono,Yes
PR2024-00855,EMP00017,2024,2024-12-24,3,84.2,4.23,Sri Wahyuni,Yes
PR2024-00856,EMP00019,2024,2024-12-23,4,100.6,4.3,Hendra Gunawan,Yes
PR2024-00857,EMP00021,2024,2024-12-16,4,101.0,4.2,Bambang Susilo,Yes
PR2024-00858,EMP00022,2024,2024-12-26,3,72.1,4.3,Rudi Hartono,Yes
PR2024-00859,EMP00023,2024,2024-12-20,3,84.1,4.0,Rudi Hartono,Yes
PR2024-00860,EMP00024,2024,2024-12-24,4,93.3,4.09,Rina Kartika,Yes
PR2024-00861,EMP00025,2024,2024-12-26,3,79.0,3.72,Maya Sari,Yes
PR2024-00862,EMP00026,2024,2024-12-11,3 - Meets,87.7,3.92,Rina Kartika,Yes
PR2024-00863,EMP00027,2024,2024-12-20,5,100.1,5.0,Andi Wijaya,Yes
PR2024-00864,EMP00028,2024,2024-12-07,2,66.0,3.39,Maya Sari,Yes
PR2024-00865,EMP00029,2024,2024-12-16,2,78.3,3.3,Andi Wijaya,Yes
PR2024-00866,EMP00030,2024,2024-12-26,2,77.9,3.5,Rudi Hartono,No
PR2024-00867,EMP00031,2024,2024-12-15,3,86.9,3.92,Maya Sari,Yes
PR2024-00868,EMP00033,2024,2024-12-13,2,78.2,3.28,Andi Wijaya,Yes
PR2024-00869,EMP00034,2024,2024-12-23,1,70.4,3.53,Rina Kartika,No
PR2024-00870,EMP00037,2024,2024-12-08,4,93.0,4.4,Rudi Hartono,Yes
PR2024-00871,EMP00038,2024,2024-12-24,2,79.2,3.3,Andi Wijaya,Yes
PR2024-00872,EMP00039,2024,2024-12-12,1,67.3,2.68,Dewi Lestari,Yes
PR2024-00873,EMP00040,2024,2024-12-17,4,79.8,4.7,Andi Wijaya,Yes
PR2024-00874,EMP00043,2024,2024-12-23,4,94.5,3.99,Hendra Gunawan,Yes
PR2024-00875,EMP00044,2024,2024-12-23,2,81.2,3.42,Sri Wahyuni,Yes
PR2024-00876,EMP00046,2024,2024-12-07,3,79.2,4.04,Bambang Susilo,No
PR2024-00877,EMP00047,2024,2024-12-20,3,84.2,3.7,Bambang Susilo,No
PR2024-00878,EMP00048,2024,2024-12-23,3,82.8,4.04,Bambang Susilo,No
PR2024-00879,EMP00049,2024,2024-12-07,3,82.9,3.52,Andi Wijaya,Yes
PR2024-00880,EMP00050,2024,2024-12-11,4,89.1,4.49,Andi Wijaya,Yes
PR2024-00881,EMP00051,2024,2024-12-23,2,73.5,2.87,Bambang Susilo,No
PR2024-00882,EMP00053,2024,2024-12-17,3,80.6,3.68,Bambang Susilo,Yes
PR2024-00883,EMP00054,2024,2024-12-21,4,85.0,4.71,Rina Kartika,Yes
PR2024-00884,EMP00055,2024,2024-12-12,4,83.0,4.47,Rina Kartika,Yes
PR2024-00885,EMP00056,2024,2024-12-24,4,94.1,4.37,Rudi Hartono,Yes
PR2024-00886,EMP00057,2024,2024-12-24,3,90.2,4.04,Dewi Lestari,No
PR2024-00887,EMP00058,2024,2024-12-18,4,96.0,4.04,Dewi Lestari,Yes
PR2024-00888,EMP00061,2024,2024-12-15,4,91.6,4.29,Dewi Lestari,Yes
PR2024-00889,EMP00063,2024,2024-12-19,3,82.3,3.97,Andi Wijaya,Yes
PR2024-00890,EMP00064,2024,2024-12-09,5,103.3,4.88,Bambang Susilo,Yes
PR2024-00891,EMP00065,2024,2024-12-12,2,70.1,3.66,Andi Wijaya,Yes
PR2024-00892,EMP00066,2024,2024-12-08,4,91.4,4.37,Rudi Hartono,Yes
PR2024-00893,EMP00067,2024,2024-12-20,2,74.1,2.95,Bambang Susilo,No
PR2024-00894,EMP00069,2024,2024-12-24,4,94.7,4.17,Hendra Gunawan,Yes
PR2024-00895,EMP00071,2024,2024-12-24,3,84.4,4.18,Rudi Hartono,Yes
PR2024-00896,EMP00072,2024,2024-12-14,5,106.6,4.91,Hendra Gunawan,Yes
PR2024-00897,EMP00073,2024,2024-12-09,3,77.7,4.06,Andi Wijaya,Yes
PR2024-00898,EMP00074,2024,2024-12-12,2,74.7,3.32,Rina Kartika,Yes
PR2024-00899,EMP00075,2024,2024-12-19,3,82.4,3.51,Dewi Lestari,Yes
PR2024-00900,EMP00076,2024,2024-12-08,1,67.7,3.13,Andi Wijaya,Yes
PR2024-00901,EMP00077,2024,2024-12-09,3,79.4,3.08,Hendra Gunawan,No
PR2024-00902,EMP00079,2024,2024-12-12,3,83.5,3.47,Rina Kartika,Yes
PR2024-00903,EMP00080,2024,2024-12-20,3,83.9,4.04,Bambang Susilo,Yes
PR2024-00904,EMP00081,2024,2024-12-25,,97.4,4.74,Rudi Hartono,Yes
PR2024-00905,EMP00082,2024,2024-12-08,2 - Below,54.4,3.44,Maya Sari,Yes
PR2024-00906,EMP00083,2024,2024-12-26,2,78.9,3.24,Sri Wahyuni,Yes
PR2024-00907,EMP00084,2024,2024-12-24,4,95.2,4.21,Dewi Lestari,Yes
PR2024-00908,EMP00087,2024,2024-12-16,3,78.7,4.36,Sri Wahyuni,Yes
PR2024-00909,EMP00089,2024,2024-12-25,4,89.4,4.71,Rudi Hartono,Yes
PR2024-00910,EMP00091,2024,2024-12-24,3,78.5,3.38,Bambang Susilo,Yes
PR2024-00911,EMP00092,2024,2024-12-18,2,82.0,3.31,Hendra Gunawan,Yes
PR2024-00912,EMP00094,2024,2024-12-17,2,82.4,3.28,Maya Sari,Yes
PR2024-00913,EMP00095,2024,2024-12-10,2,71.0,4.04,Rudi Hartono,Yes
PR2024-00914,EMP00096,2024,2024-12-15,3,92.4,3.76,Maya Sari,Yes
PR2024-00915,EMP00098,2024,2024-12-21,2,74.4,3.07,Rina Kartika,Yes
PR2024-00916,EMP00099,2024,2024-12-21,3,88.5,3.76,Bambang Susilo,Yes
PR2024-00917,EMP00100,2024,2024-12-15,3,98.5,3.86,Rudi Hartono,Yes
PR2024-00918,EMP00101,2024,2024-12-25,4,100.1,4.69,Bambang Susilo,No
PR2024-00919,EMP00102,2024,2024-12-17,2,75.6,2.91,Bambang Susilo,Yes
PR2024-00920,EMP00105,2024,2024-12-25,2,76.7,4.04,Rina Kartika,Yes
PR2024-00921,EMP00106,2024,2024-12-23,2,79.7,3.38,Rina Kartika,Yes
PR2024-00922,EMP00108,2024,2024-12-26,2,73.6,3.05,Dewi Lestari,Yes
PR2024-00923,EMP00109,2024,2024-12-11,2,84.7,3.65,Hendra Gunawan,Yes
PR2024-00924,EMP00111,2024,2024-12-07,3,84.8,3.81,Rudi Hartono,Yes
PR2024-00925,EMP00112,2024,2024-12-23,2,76.2,3.19,Maya Sari,Yes
PR2024-00926,EMP00114,2024,2024-12-25,5,102.6,4.97,Rudi Hartono,Yes
PR2024-00927,EMP00115,2024,2024-12-21,4,87.5,4.13,Andi Wijaya,No
PR2024-00928,EMP00116,2024,2024-12-20,1,56.8,2.9,Rudi Hartono,Yes
PR2024-00929,EMP00120,2024,2024-12-10,3,74.7,3.91,Maya Sari,Yes
PR2024-00930,EMP00123,2024,2024-12-21,3,80.2,3.17,Andi Wijaya,Yes
PR2024-00931,EMP00125,2024,2024-12-09,3,84.2,3.71,Bambang Susilo,Yes
PR2024-00932,EMP00127,2024,2024-12-21,2,78.3,3.4,Rudi Hartono,Yes
PR2024-00933,EMP00128,2024,2024-12-26,3,78.0,3.94,Dewi Lestari,Yes
PR2024-00934,EMP00129,2024,2024-12-10,2,78.3,2.87,Sri Wahyuni,Yes
PR2024-00935,EMP00131,2024,2024-12-20,4,93.2,4.63,Rudi Hartono,Yes
PR2024-00936,EMP00132,2024,2024-12-15,3,93.9,3.89,Andi Wijaya,Yes
PR2024-00937,EMP00135,2024,2024-12-13,1,67.8,2.96,Rudi Hartono,Yes
PR2024-00938,EMP00136,2024,2024-12-10,5,108.6,5.0,Bambang Susilo,Yes
PR2024-00939,EMP00137,2024,2024-12-07,3,84.7,3.86,Rudi Hartono,No
PR2024-00940,EMP00138,2024,2024-12-10,2,70.0,3.56,Sri Wahyuni,Yes
PR2024-00941,EMP00139,2024,2024-12-17,2,77.4,3.28,Bambang Susilo,Yes
PR2024-00942,EMP00141,2024,2024-12-25,4,93.1,4.38,Rudi Hartono,Yes
PR2024-00943,EMP00143,2024,2024-12-11,3 - Meets,82.1,4.25,Bambang Susilo,Yes
PR2024-00944,EMP00146,2024,2024-12-09,4,94.3,3.67,Rudi Hartono,Yes
PR2024-00945,EMP00148,2024,2024-12-16,4,86.5,4.99,Bambang Susilo,Yes
PR2024-00946,EMP00149,2024,2024-12-11,2,82.0,3.32,Rudi Hartono,Yes
PR2024-00947,EMP00150,2024,2024-12-08,2,68.4,3.06,Bambang Susilo,Yes
PR2024-00948,EMP00151,2024,2024-12-24,3,83.5,3.84,Rina Kartika,Yes
PR2024-00949,EMP00152,2024,2024-12-21,2,72.7,3.3,Sri Wahyuni,Yes
PR2024-00950,EMP00153,2024,2024-12-21,4,93.9,4.94,Bambang Susilo,Yes
PR2024-00951,EMP00154,2024,2024-12-12,3,89.3,3.61,Rudi Hartono,Yes
PR2024-00952,EMP00155,2024,2024-12-19,4,95.8,4.44,Dewi Lestari,Yes
PR2024-00953,EMP00156,2024,2024-12-07,2,88.5,3.55,Rudi Hartono,Yes
PR2024-00954,EMP00157,2024,2024-12-20,2,81.7,2.99,Rudi Hartono,Yes
PR2024-00955,EMP00159,2024,2024-12-07,4,89.6,4.26,Bambang Susilo,Yes
PR2024-00956,EMP00160,2024,2024-12-23,4,96.2,4.62,Bambang Susilo,Yes
PR2024-00957,EMP00162,2024,2024-12-16,3,90.0,3.4,Dewi Lestari,Yes
PR2024-00958,EMP00165,2024,2024-12-25,2,79.6,3.5,Hendra Gunawan,No
PR2024-00959,EMP00167,2024,2024-12-25,3,83.2,3.65,Rina Kartika,Yes
PR2024-00960,EMP00168,2024,2024-12-23,2,78.6,3.11,Maya Sari,Yes
PR2024-00961,EMP00169,2024,2024-12-18,3,85.8,3.73,Rudi Hartono,Yes
PR2024-00962,EMP00170,2024,2024-12-21,3,90.4,3.73,Rudi Hartono,Yes
PR2024-00963,EMP00171,2024,2024-12-20,2,75.9,3.29,Bambang Susilo,Yes
PR2024-00964,EMP00174,2024,2024-12-13,3,86.3,3.97,Rina Kartika,Yes
PR2024-00965,EMP00175,2024,2024-12-24,1,82.4,2.22,Rina Kartika,Yes
PR2024-00966,EMP00176,2024,2024-12-25,4,99.5,4.9,Andi Wijaya,Yes
PR2024-00967,EMP00178,2024,2024-12-18,3,88.8,4.29,Bambang Susilo,No
PR2024-00968,EMP00179,2024,2024-12-22,2,76.1,3.7,Rudi Hartono,Yes
PR2024-00969,EMP00181,2024,2024-12-08,3,102.2,3.68,Rudi Hartono,No
PR2024-00970,EMP00182,2024,2024-12-25,4,96.8,4.14,Bambang Susilo,Yes
PR2024-00971,EMP00183,2024,2024-12-23,2,74.2,3.46,Hendra Gunawan,Yes
PR2024-00972,EMP00184,2024,2024-12-25,3,79.1,3.85,Rina Kartika,No
PR2024-00973,EMP00188,2024,2024-12-14,1,67.5,2.8,Dewi Lestari,No
PR2024-00974,EMP00190,2024,2024-12-10,2,67.5,3.29,Bambang Susilo,Yes
PR2024-00975,EMP00191,2024,2024-12-18,4,88.9,4.34,Dewi Lestari,Yes
PR2024-00976,EMP00193,2024,2024-12-18,3,79.4,3.58,Rudi Hartono,No
PR2024-00977,EMP00194,2024,2024-12-09,3,82.3,4.22,Rina Kartika,Yes
PR2024-00978,EMP00196,2024,2024-12-20,1,53.4,3.3,Bambang Susilo,Yes
PR2024-00979,EMP00197,2024,2024-12-13,1,70.2,2.73,Sri Wahyuni,Yes
PR2024-00980,EMP00198,2024,2024-12-13,5,100.4,4.84,Sri Wahyuni,Yes
PR2024-00981,EMP00199,2024,2024-12-24,3,87.8,3.68,Sri Wahyuni,Yes
PR2024-00982,EMP00200,2024,2024-12-10,2,72.0,3.73,Maya Sari,Yes
PR2024-00983,EMP00201,2024,2024-12-20,4,97.9,4.13,Hendra Gunawan,Yes
PR2024-00984,EMP00203,2024,2024-12-17,3,83.6,4.63,Bambang Susilo,Yes
PR2024-00985,EMP00204,2024,2024-12-15,4,92.6,4.65,Rudi Hartono,Yes
PR2024-00986,EMP00205,2024,2024-12-21,3,86.2,3.87,Rina Kartika,Yes
PR2024-00987,EMP00206,2024,2024-12-18,3,80.8,3.45,Rudi Hartono,Yes
PR2024-00988,EMP00208,2024,2024-12-19,4,92.6,4.5,Andi Wijaya,Yes
PR2024-00989,EMP00209,2024,2024-12-10,4,91.8,3.82,Sri Wahyuni,No
PR2024-00990,EMP00210,2024,2024-12-25,2,56.4,3.66,Bambang Susilo,No
PR2024-00991,EMP00211,2024,2024-12-11,4,98.6,4.67,Bambang Susilo,Yes
PR2024-00992,EMP00212,2024,2024-12-17,1,67.8,2.84,Andi Wijaya,No
PR2024-00993,EMP00213,2024,2024-12-21,3,85.1,4.14,Maya Sari,Yes
PR2024-00994,EMP00214,2024,2024-12-26,3,92.8,4.39,Rina Kartika,Yes
PR2024-00995,EMP00215,2024,2024-12-10,3,81.5,4.31,Dewi Lestari,Yes
PR2024-00996,EMP00216,2024,2024-12-09,5,97.1,5.0,Dewi Lestari,Yes
PR2024-00997,EMP00217,2024,2024-12-23,3,79.3,3.96,Hendra Gunawan,No
PR2024-00998,EMP00218,2024,2024-12-20,3,85.4,3.41,Andi Wijaya,Yes
PR2024-00999,EMP00219,2024,2024-12-11,2,84.4,2.95,Andi Wijaya,Yes
PR2024-01000,EMP00220,2024,2024-12-25,2,74.5,3.58,Rina Kartika,Yes
PR2024-01001,EMP00221,2024,2024-12-22,3,99.0,3.65,Bambang Susilo,Yes
PR2024-01002,EMP00222,2024,2024-12-23,3,79.5,3.88,Rina Kartika,Yes
PR2024-01003,EMP00223,2024,2024-12-20,1,63.6,2.6,Rudi Hartono,Yes
PR2024-01004,EMP00224,2024,2024-12-24,3,77.8,3.96,Rudi Hartono,Yes
PR2024-01005,EMP00226,2024,2024-12-26,5,108.4,4.75,Maya Sari,No
PR2024-01006,EMP00227,2024,2024-12-23,2,74.0,2.92,Maya Sari,Yes
PR2024-01007,EMP00228,2024,2024-12-24,4,100.3,4.56,Hendra Gunawan,Yes
PR2024-01008,EMP00229,2024,2024-12-13,2,69.0,3.42,Bambang Susilo,Yes
PR2024-01009,EMP00230,2024,2024-12-26,3,82.0,3.91,Rina Kartika,No
PR2024-01010,EMP00232,2024,2024-12-16,4,86.5,4.43,Andi Wijaya,Yes
PR2024-01011,EMP00233,2024,2024-12-16,3,88.5,3.95,Rina Kartika,Yes
PR2024-01012,EMP00234,2024,2024-12-16,1,67.0,2.18,Bambang Susilo,Yes
PR2024-01013,EMP00237,2024,2024-12-11,3,79.2,3.99,Sri Wahyuni,Yes
PR2024-01014,EMP00239,2024,2024-12-22,3,86.1,4.11,Maya Sari,Yes
PR2024-01015,EMP00240,2024,2024-12-08,5,99.3,5.0,Rina Kartika,Yes
PR2024-01016,EMP00241,2024,2024-12-23,3,85.7,4.04,Rina Kartika,No
PR2024-01017,EMP00242,2024,2024-12-19,3,75.6,4.15,Rina Kartika,No
PR2024-01018,EMP00243,2024,2024-12-24,3,89.9,3.36,Bambang Susilo,Yes
PR2024-01019,EMP00244,2024,2024-12-10,5,93.8,5.0,Andi Wijaya,No
PR2024-01020,EMP00245,2024,2024-12-20,3,82.6,3.46,Rudi Hartono,Yes
PR2024-01021,EMP00247,2024,2024-12-15,4,91.0,4.34,Bambang Susilo,Yes
PR2024-01022,EMP00248,2024,2024-12-20,2,64.4,2.94,Hendra Gunawan,Yes
PR2024-01023,EMP00250,2024,2024-12-08,2 - Below,87.5,3.49,Rudi Hartono,Yes
PR2024-01024,EMP00251,2024,2024-12-09,4,94.9,4.51,Rudi Hartono,No
PR2024-01025,EMP00252,2024,2024-12-13,4,85.1,4.5,Andi Wijaya,Yes
PR2024-01026,EMP00253,2024,2024-12-11,5,100.8,4.93,Rina Kartika,Yes
PR2024-01027,EMP00254,2024,2024-12-18,3,80.9,3.99,Hendra Gunawan,Yes
PR2024-01028,EMP00255,2024,2024-12-15,5,103.4,4.92,Rudi Hartono,Yes
PR2024-01029,EMP00256,2024,2024-12-22,3,92.1,4.07,Bambang Susilo,Yes
PR2024-01030,EMP00257,2024,2024-12-22,3 - Meets,86.8,3.75,Andi Wijaya,Yes
PR2024-01031,EMP00260,2024,2024-12-25,4,101.0,4.46,Rina Kartika,Yes
PR2024-01032,EMP00264,2024,2024-12-07,3 - Meets,83.3,4.06,Rudi Hartono,No
PR2024-01033,EMP00265,2024,2024-12-20,2,87.6,3.1,Bambang Susilo,Yes
PR2024-01034,EMP00266,2024,2024-12-11,5,95.4,4.59,Dewi Lestari,Yes
PR2024-01035,EMP00268,2024,2024-12-26,3,82.8,3.88,Bambang Susilo,Yes
PR2024-01036,EMP00271,2024,2024-12-20,1,71.8,2.81,Maya Sari,No
PR2024-01037,EMP00272,2024,2024-12-21,4,91.0,4.08,Dewi Lestari,Yes
PR2024-01038,EMP00273,2024,2024-12-22,2,75.1,3.28,Andi Wijaya,Yes
PR2024-01039,EMP00274,2024,2024-12-21,2,81.7,3.72,Bambang Susilo,Yes
PR2024-01040,EMP00276,2024,2024-12-18,3,74.3,4.13,Rina Kartika,Yes
PR2024-01041,EMP00277,2024,2024-12-19,1,67.8,2.83,Andi Wijaya,Yes
PR2024-01042,EMP00278,2024,2024-12-20,5,101.5,4.96,Andi Wijaya,Yes
PR2024-01043,EMP00282,2024,2024-12-21,4,89.5,3.84,Rudi Hartono,Yes
PR2024-01044,EMP00285,2024,2024-12-08,4,92.0,4.29,Rudi Hartono,Yes
PR2024-01045,EMP00286,2024,2024-12-18,5,116.5,4.97,Rudi Hartono,Yes
PR2024-01046,EMP00288,2024,2024-12-19,,70.4,3.18,Sri Wahyuni,No
PR2024-01047,EMP00289,2024,2024-12-20,3,84.1,3.8,Bambang Susilo,Yes
PR2024-01048,EMP00290,2024,2024-12-07,4,96.9,4.27,Andi Wijaya,Yes
PR2024-01049,EMP00291,2024,2024-12-13,4,94.8,3.68,Andi Wijaya,No
PR2024-01050,EMP00292,2024,2024-12-23,4,87.0,4.29,Bambang Susilo,Yes
PR2024-01051,EMP00293,2024,2024-12-18,3,96.6,4.01,Rudi Hartono,Yes
PR2024-01052,EMP00296,2024,2024-12-17,3,86.4,4.31,Rudi Hartono,Yes
PR2024-01053,EMP00298,2024,2024-12-09,4,102.2,4.3,Rina Kartika,Yes
PR2024-01054,EMP00299,2024,2024-12-25,3,97.0,3.67,Bambang Susilo,Yes
PR2024-01055,EMP00300,2024,2024-12-13,3,94.7,3.25,Dewi Lestari,Yes
PR2024-01056,EMP00301,2024,2024-12-08,3,87.7,4.06,Rina Kartika,Yes
PR2024-01057,EMP00302,2024,2024-12-19,3,77.4,3.95,Rudi Hartono,Yes
PR2024-01058,EMP00303,2024,2024-12-11,5,95.1,4.78,Rudi Hartono,Yes
PR2024-01059,EMP00304,2024,2024-12-25,3,90.1,3.71,Bambang Susilo,Yes
PR2024-01060,EMP00305,2024,2024-12-20,4,87.0,4.41,Bambang Susilo,Yes
PR2024-01061,EMP00306,2024,2024-12-22,3,81.0,4.14,Rudi Hartono,Yes
PR2024-01062,EMP00307,2024,2024-12-24,4,93.5,4.75,Dewi Lestari,Yes
PR2024-01063,EMP00308,2024,2024-12-17,5,116.0,4.73,Sri Wahyuni,Yes
PR2024-01064,EMP00309,2024,2024-12-22,3,83.7,3.53,Rudi Hartono,Yes
PR2024-01065,EMP00310,2024,2024-12-10,5,98.6,4.69,Dewi Lestari,Yes
PR2024-01066,EMP00311,2024,2024-12-14,5,110.6,4.71,Andi Wijaya,Yes
PR2024-01067,EMP00313,2024,2024-12-16,3,80.8,3.65,Bambang Susilo,Yes
PR2024-01068,EMP00314,2024,2024-12-25,2,77.4,2.52,Andi Wijaya,Yes
PR2024-01069,EMP00316,2024,2024-12-12,2,72.1,3.58,Dewi Lestari,Yes
PR2024-01070,EMP00317,2024,2024-12-22,3,80.7,4.08,Maya Sari,Yes
PR2024-01071,EMP00318,2024,2024-12-26,3,80.8,4.02,Rudi Hartono,Yes
PR2024-01072,EMP00320,2024,2024-12-17,3,79.6,3.88,Bambang Susilo,Yes
PR2024-01073,EMP00321,2024,2024-12-26,4,91.3,4.09,Rudi Hartono,Yes
PR2024-01074,EMP00322,2024,2024-12-14,2,77.0,3.52,Hendra Gunawan,Yes
PR2024-01075,EMP00324,2024,2024-12-08,3,80.3,3.71,Andi Wijaya,Yes
PR2024-01076,EMP00327,2024,2024-12-12,3,89.2,4.05,Bambang Susilo,Yes
PR2024-01077,EMP00329,2024,2024-12-18,4,95.7,4.53,Bambang Susilo,No
PR2024-01078,EMP00330,2024,2024-12-07,3,78.5,3.54,Rudi Hartono,Yes
PR2024-01079,EMP00331,2024,2024-12-18,4,105.5,4.49,Andi Wijaya,Yes
PR2024-01080,EMP00333,2024,2024-12-17,3,90.6,3.97,Rina Kartika,Yes
PR2024-01081,EMP00334,2024,2024-12-08,4,89.6,4.57,Rina Kartika,Yes
PR2024-01082,EMP00336,2024,2024-12-12,4,91.6,4.72,Rudi Hartono,Yes
PR2024-01083,EMP00337,2024,2024-12-17,3,81.6,4.0,Andi Wijaya,Yes
PR2024-01084,EMP00338,2024,2024-12-17,4,101.7,4.69,Rina Kartika,Yes
PR2024-01085,EMP00339,2024,2024-12-17,2,75.8,2.97,Hendra Gunawan,No
PR2024-01086,EMP00340,2024,2024-12-13,5,103.0,4.2,Rina Kartika,Yes
PR2024-01087,EMP00341,2024,2024-12-08,3,89.7,3.49,Rudi Hartono,Yes
PR2024-01088,EMP00343,2024,2024-12-07,4,98.7,4.2,Bambang Susilo,Yes
PR2024-01089,EMP00345,2024,2024-12-19,4,94.3,3.86,Andi Wijaya,Yes
PR2024-01090,EMP00347,2024,2024-12-10,3,84.6,3.96,Rina Kartika,Yes
PR2024-01091,EMP00349,2024,2024-12-26,4,87.5,4.72,Bambang Susilo,Yes
PR2024-01092,EMP00350,2024,2024-12-10,4,102.1,4.63,Maya Sari,Yes
PR2024-01093,EMP00353,2024,2024-12-07,1,67.8,2.82,Rudi Hartono,Yes
PR2024-01094,EMP00354,2024,2024-12-13,2,78.1,3.09,Bambang Susilo,Yes
PR2024-01095,EMP00358,2024,2024-12-09,1,72.8,3.04,Hendra Gunawan,Yes
PR2024-01096,EMP00359,2024,2024-12-11,4,99.8,4.21,Andi Wijaya,Yes
PR2024-01097,EMP00360,2024,2024-12-24,4,90.4,3.99,Bambang Susilo,Yes
PR2024-01098,EMP00361,2024,2024-12-22,4,83.3,4.08,Rudi Hartono,Yes
PR2024-01099,EMP00362,2024,2024-12-13,3,75.9,3.9,Rina Kartika,Yes
PR2024-01100,EMP00364,2024,2024-12-23,2,72.5,3.62,Bambang Susilo,Yes
PR2024-01101,EMP00366,2024,2024-12-21,2,72.3,3.77,Rina Kartika,Yes
PR2024-01102,EMP00367,2024,2024-12-13,4,98.7,3.9,Sri Wahyuni,Yes
PR2024-01103,EMP00369,2024,2024-12-26,3,81.1,3.9,Rudi Hartono,No
PR2024-01104,EMP00370,2024,2024-12-07,3,83.5,3.93,Dewi Lestari,Yes
PR2024-01105,EMP00372,2024,2024-12-18,3,98.7,3.97,Rudi Hartono,Yes
PR2024-01106,EMP00373,2024,2024-12-20,3,77.8,4.13,Maya Sari,Yes
PR2024-01107,EMP00374,2024,2024-12-09,4,97.6,4.03,Rudi Hartono,Yes
PR2024-01108,EMP00375,2024,2024-12-18,4,85.3,4.3,Hendra Gunawan,Yes
PR2024-01109,EMP00376,2024,2024-12-18,2,80.4,3.42,Andi Wijaya,Yes
PR2024-01110,EMP00377,2024,2024-12-23,1,67.2,2.64,Sri Wahyuni,Yes
PR2024-01111,EMP00378,2024,2024-12-18,3,78.1,4.07,Rudi Hartono,Yes
PR2024-01112,EMP00379,2024,2024-12-21,4,93.1,4.26,Rudi Hartono,Yes
PR2024-01113,EMP00380,2024,2024-12-09,3,66.5,4.2,Andi Wijaya,Yes
PR2024-01114,EMP00381,2024,2024-12-26,4,99.8,4.29,Dewi Lestari,No
PR2024-01115,EMP00383,2024,2024-12-19,2,81.3,3.79,Sri Wahyuni,Yes
PR2024-01116,EMP00384,2024,2024-12-16,4,99.3,4.11,Andi Wijaya,No
PR2024-01117,EMP00385,2024,2024-12-21,3,79.2,4.04,Bambang Susilo,Yes
PR2024-01118,EMP00386,2024,2024-12-16,3,75.0,3.72,Maya Sari,Yes
PR2024-01119,EMP00387,2024,2024-12-09,2,60.1,3.18,Andi Wijaya,Yes
PR2024-01120,EMP00388,2024,2024-12-16,2,82.0,2.79,Bambang Susilo,Yes
PR2024-01121,EMP00391,2024,2024-12-11,3,79.1,3.95,Bambang Susilo,Yes
PR2024-01122,EMP00392,2024,2024-12-11,1,73.9,2.39,Rina Kartika,Yes
PR2024-01123,EMP00393,2024,2024-12-13,3,77.3,3.69,Bambang Susilo,Yes
PR2024-01124,EMP00396,2024,2024-12-07,4,95.9,4.53,Rudi Hartono,No
PR2024-01125,EMP00397,2024,2024-12-16,2,65.4,2.71,Maya Sari,Yes
PR2024-01126,EMP00398,2024,2024-12-24,4,108.8,4.19,Andi Wijaya,Yes
PR2024-01127,EMP00399,2024,2024-12-20,3,84.0,4.04,Maya Sari,Yes
PR2024-01128,EMP00400,2024,2024-12-09,3,96.2,3.3,Bambang Susilo,No
PR2024-01129,EMP00401,2024,2024-12-15,3,93.1,4.03,Sri Wahyuni,No
PR2024-01130,EMP00404,2024,2024-12-24,2,73.6,3.53,Bambang Susilo,Yes
PR2024-01131,EMP00406,2024,2024-12-14,5,97.9,5.0,Andi Wijaya,No
PR2024-01132,EMP00409,2024,2024-12-20,4,99.7,4.55,Bambang Susilo,Yes
PR2024-01133,EMP00412,2024,2024-12-19,2,71.6,3.27,Rudi Hartono,Yes
PR2024-01134,EMP00413,2024,2024-12-16,5,111.4,4.97,Rina Kartika,Yes
PR2024-01135,EMP00414,2024,2024-12-26,3,97.0,3.12,Andi Wijaya,Yes
PR2024-01136,EMP00417,2024,2024-12-17,2,85.5,3.36,Bambang Susilo,Yes
PR2024-01137,EMP00418,2024,2024-12-22,2,65.7,3.63,Bambang Susilo,No
PR2024-01138,EMP00419,2024,2024-12-11,2,83.4,3.62,Rina Kartika,Yes
PR2024-01139,EMP00420,2024,2024-12-23,2,63.7,3.53,Hendra Gunawan,Yes
PR2024-01140,EMP00421,2024,2024-12-12,3,86.1,3.64,Rudi Hartono,Yes
PR2024-01141,EMP00423,2024,2024-12-13,2,77.0,3.3,Dewi Lestari,Yes
PR2024-01142,EMP00424,2024,2024-12-15,3,88.2,3.49,Andi Wijaya,Yes
PR2024-01143,EMP00425,2024,2024-12-16,3,85.0,3.91,Rudi Hartono,Yes
PR2024-01144,EMP00426,2024,2024-12-13,2,76.8,3.12,Andi Wijaya,Yes
PR2024-01145,EMP00427,2024,2024-12-16,4,79.5,4.9,Rudi Hartono,No
PR2024-01146,EMP00429,2024,2024-12-12,4,87.3,4.38,Bambang Susilo,Yes
PR2024-01147,EMP00431,2024,2024-12-18,3,78.5,4.0,Andi Wijaya,Yes
PR2024-01148,EMP00432,2024,2024-12-23,4,94.5,3.64,Rudi Hartono,Yes
PR2024-01149,EMP00433,2024,2024-12-22,4,95.4,4.4,Bambang Susilo,Yes
PR2024-01150,EMP00439,2024,2024-12-25,4,102.0,4.78,Rina Kartika,Yes
PR2024-01151,EMP00440,2024,2024-12-08,3,74.9,4.02,Bambang Susilo,Yes
PR2024-01152,EMP00442,2024,2024-12-24,2,78.9,3.12,Rina Kartika,No
PR2024-01153,EMP00444,2024,2024-12-15,4,92.4,4.72,Rudi Hartono,Yes
PR2024-01154,EMP00445,2024,2024-12-22,4,101.2,3.88,Rudi Hartono,Yes
PR2024-01155,EMP00446,2024,2024-12-20,3,86.9,3.85,Rina Kartika,Yes
PR2024-01156,EMP00447,2024,2024-12-23,4,95.9,4.35,Dewi Lestari,Yes
PR2024-01157,EMP00449,2024,2024-12-15,3,70.9,3.78,Rudi Hartono,Yes
PR2024-01158,EMP00450,2024,2024-12-16,3,86.8,3.78,Rina Kartika,Yes
PR2024-01159,EMP00452,2024,2024-12-11,4,86.2,3.9,Andi Wijaya,Yes
PR2024-01160,EMP00453,2024,2024-12-23,4,84.0,4.34,Rina Kartika,Yes
PR2024-01161,EMP00454,2024,2024-12-14,2,71.1,3.11,Bambang Susilo,Yes
PR2024-01162,EMP00455,2024,2024-12-24,1,56.9,2.68,Dewi Lestari,Yes
PR2024-01163,EMP00456,2024,2024-12-11,3,93.7,4.14,Rudi Hartono,Yes
PR2024-01164,EMP00457,2024,2024-12-26,3,75.2,3.93,Bambang Susilo,Yes
PR2024-01165,EMP00458,2024,2024-12-07,3,84.2,3.46,Bambang Susilo,Yes
PR2024-01166,EMP00460,2024,2024-12-09,5,100.7,4.42,Maya Sari,Yes
PR2024-01167,EMP00461,2024,2024-12-08,4,98.6,4.12,Dewi Lestari,No
PR2024-01168,EMP00462,2024,2024-12-18,5,104.4,4.98,Maya Sari,No
PR2024-01169,EMP00463,2024,2024-12-10,2,65.5,3.05,Hendra Gunawan,Yes
PR2024-01170,EMP00465,2024,2024-12-14,3,94.0,3.71,Rina Kartika,Yes
PR2024-01171,EMP00466,2024,2024-12-19,2,70.5,3.21,Bambang Susilo,Yes
PR2024-01172,EMP00467,2024,2024-12-25,3,76.3,4.09,Andi Wijaya,No
PR2024-01173,EMP00469,2024,2024-12-10,3,94.6,3.42,Bambang Susilo,Yes
PR2024-01174,EMP00470,2024,2024-12-22,4,101.8,4.83,Rudi Hartono,Yes
PR2024-01175,EMP00471,2024,2024-12-25,2,72.7,3.3,Bambang Susilo,Yes
PR2024-01176,EMP00472,2024,2024-12-17,1,62.1,3.43,Maya Sari,Yes
PR2024-01177,EMP00473,2024,2024-12-14,4,91.5,4.41,Sri Wahyuni,Yes
PR2024-01178,EMP00474,2024,2024-12-26,3,89.7,4.33,Sri Wahyuni,Yes
PR2024-01179,EMP00476,2024,2024-12-19,3,80.4,3.97,Bambang Susilo,Yes
PR2024-01180,EMP00478,2024,2024-12-14,2,79.4,3.49,Andi Wijaya,Yes
PR2024-01181,EMP00479,2024,2024-12-07,3,81.0,3.33,Maya Sari,Yes
PR2024-01182,EMP00480,2024,2024-12-25,4,92.2,4.89,Hendra Gunawan,Yes
PR2024-01183,EMP00481,2024,2024-12-14,4,81.5,4.35,Rina Kartika,Yes
PR2024-01184,EMP00482,2024,2024-12-16,2,79.9,3.65,Bambang Susilo,Yes
PR2024-01185,EMP00483,2024,2024-12-08,4,92.2,3.99,Rina Kartika,Yes
PR2024-01186,EMP00485,2024,2024-12-16,2,64.3,2.89,Rudi Hartono,Yes
PR2024-01187,EMP00486,2024,2024-12-22,1,70.2,2.85,Rudi Hartono,Yes
PR2024-01188,EMP00487,2024,2024-12-18,3,92.1,3.81,Rudi Hartono,Yes
PR2024-01189,EMP00491,2024,2024-12-25,5,102.0,5.0,Rina Kartika,Yes
PR2024-01190,EMP00492,2024,2024-12-14,3,85.5,4.32,Rina Kartika,Yes
PR2024-01191,EMP00493,2024,2024-12-15,4,89.6,4.69,Andi Wijaya,Yes
PR2024-01192,EMP00494,2024,2024-12-14,3,84.8,3.44,Dewi Lestari,Yes
PR2024-01193,EMP00495,2024,2024-12-09,4,84.9,4.33,Andi Wijaya,Yes
PR2024-01194,EMP00496,2024,2024-12-18,2,71.0,3.15,Bambang Susilo,Yes
PR2024-01195,EMP00498,2024,2024-12-22,4,96.2,4.79,Bambang Susilo,Yes
PR2024-01196,EMP00499,2024,2024-12-17,4,96.2,4.75,Rudi Hartono,Yes
PR2024-01197,EMP00500,2024,2024-12-21,5,99.6,4.84,Maya Sari,No
PR2024-01198,EMP00501,2024,2024-12-23,2,70.3,3.11,Rina Kartika,Yes
PR2024-01199,EMP00502,2024,2024-12-08,3,82.9,4.05,Rudi Hartono,Yes
PR2024-01200,EMP00504,2024,2024-12-26,5,103.7,4.58,Bambang Susilo,Yes
PR2024-01201,EMP00506,2024,2024-12-23,2,85.1,3.21,Andi Wijaya,Yes
PR2024-01202,EMP00507,2024,2024-12-25,5,97.6,5.0,Maya Sari,Yes
PR2024-01203,EMP00508,2024,2024-12-17,2,73.0,2.85,Bambang Susilo,Yes
PR2024-01204,EMP00509,2024,2024-12-23,2,63.8,2.98,Bambang Susilo,Yes
PR2024-01205,EMP00510,2024,2024-12-18,1,70.1,3.04,Andi Wijaya,Yes
PR2024-01206,EMP00518,2024,2024-12-23,2,76.2,3.75,Maya Sari,Yes
PR2024-01207,EMP00521,2024,2024-12-17,3,92.5,3.98,Bambang Susilo,Yes
PR2024-01208,EMP00524,2024,2024-12-18,1,63.4,2.21,Bambang Susilo,Yes
PR2024-01209,EMP00527,2024,2024-12-24,2,76.2,2.66,Andi Wijaya,Yes
PR2024-01210,EMP00528,2024,2024-12-19,1,69.8,2.09,Bambang Susilo,Yes
PR2024-01211,EMP00529,2024,2024-12-09,2,72.1,3.34,Rina Kartika,No
PR2024-01212,EMP00530,2024,2024-12-10,1,67.7,2.64,Bambang Susilo,Yes
PR2024-01213,EMP00531,2024,2024-12-17,2,76.3,3.23,Rudi Hartono,No
PR2024-01214,EMP00532,2024,2024-12-07,3,89.9,4.33,Sri Wahyuni,Yes
PR2024-01215,EMP00534,2024,2024-12-26,4,97.9,4.13,Rina Kartika,Yes
PR2024-01216,EMP00535,2024,2024-12-22,4,92.7,3.9,Hendra Gunawan,Yes
PR2024-01217,EMP00536,2024,2024-12-12,5,114.4,4.4,Andi Wijaya,No
PR2024-01218,EMP00537,2024,2024-12-12,5,109.1,4.93,Bambang Susilo,Yes
PR2024-01219,EMP00538,2024,2024-12-15,4,90.3,4.14,Andi Wijaya,Yes
PR2024-01220,EMP00540,2024,2024-12-13,4,97.5,4.2,Andi Wijaya,Yes
PR2024-01221,EMP00541,2024,2024-12-21,2,76.7,3.34,Rina Kartika,Yes
PR2024-01222,EMP00543,2024,2024-12-18,3,89.1,3.86,Andi Wijaya,No
PR2024-01223,EMP00544,2024,2024-12-08,2,75.6,3.19,Sri Wahyuni,Yes
PR2024-01224,EMP00545,2024,2024-12-07,4,100.1,4.65,Dewi Lestari,Yes
PR2024-01225,EMP00547,2024,2024-12-24,2,77.3,3.28,Rudi Hartono,Yes
PR2024-01226,EMP00548,2024,2024-12-22,1,78.2,3.24,Rudi Hartono,Yes
PR2024-01227,EMP00549,2024,2024-12-10,4,94.5,3.74,Rudi Hartono,Yes
PR2024-01228,EMP00551,2024,2024-12-17,4,100.9,4.9,Rina Kartika,No
PR2024-01229,EMP00552,2024,2024-12-17,5,105.3,5.0,Rina Kartika,No
PR2024-01230,EMP00556,2024,2024-12-21,4,98.1,4.62,Maya Sari,Yes
PR2024-01231,EMP00558,2024,2024-12-15,5,102.9,4.8,Sri Wahyuni,No
PR2024-01232,EMP00559,2024,2024-12-07,4,94.9,4.33,Rina Kartika,No
PR2024-01233,EMP00562,2024,2024-12-21,5,100.9,5.0,Rudi Hartono,Yes
PR2024-01234,EMP00563,2024,2024-12-20,2,74.9,3.51,Rina Kartika,Yes
PR2024-01235,EMP00564,2024,2024-12-19,2,70.0,3.4,Rudi Hartono,Yes
PR2024-01236,EMP00566,2024,2024-12-19,3,95.7,3.72,Dewi Lestari,Yes
PR2024-01237,EMP00572,2024,2024-12-26,2,82.8,3.39,Andi Wijaya,Yes
PR2024-01238,EMP00574,2024,2024-12-24,4,91.0,4.3,Hendra Gunawan,Yes
PR2024-01239,EMP00575,2024,2024-12-11,2,75.0,3.23,Rudi Hartono,Yes
PR2024-01240,EMP00576,2024,2024-12-08,2,70.3,3.39,Bambang Susilo,Yes
PR2024-01241,EMP00578,2024,2024-12-16,3,84.6,3.09,Andi Wijaya,Yes
PR2024-01242,EMP00580,2024,2024-12-19,4,92.6,4.51,Maya Sari,Yes
PR2024-01243,EMP00582,2024,2024-12-15,3,89.5,4.13,Rudi Hartono,No
PR2024-01244,EMP00583,2024,2024-12-12,4,85.8,4.33,Sri Wahyuni,Yes
PR2024-01245,EMP00584,2024,2024-12-13,3,86.8,3.91,Andi Wijaya,Yes
PR2024-01246,EMP00587,2024,2024-12-07,4,105.6,4.45,Rudi Hartono,Yes
PR2024-01247,EMP00591,2024,2024-12-24,3,84.2,3.8,Rudi Hartono,Yes
PR2024-01248,EMP00592,2024,2024-12-22,5,97.4,5.0,Bambang Susilo,Yes
PR2024-01249,EMP00593,2024,2024-12-10,3,96.5,3.8,Bambang Susilo,No
PR2024-01250,EMP00595,2024,2024-12-21,3,79.5,3.86,Bambang Susilo,Yes
PR2024-01251,EMP00596,2024,2024-12-07,4,93.4,4.65,Hendra Gunawan,Yes
PR2024-01252,EMP00597,2024,2024-12-09,3,87.4,4.05,Maya Sari,Yes
PR2024-01253,EMP00599,2024,2024-12-14,1,66.1,2.33,Bambang Susilo,No
PR2024-01254,EMP00600,2024,2024-12-10,3,87.3,3.76,Bambang Susilo,No
PR2024-01255,EMP00601,2024,2024-12-08,4,95.8,4.73,Bambang Susilo,Yes
PR2024-01256,EMP00603,2024,2024-12-18,2,68.9,3.24,Dewi Lestari,Yes
PR2024-01257,EMP00604,2024,2024-12-14,2,87.0,3.03,Rudi Hartono,No
PR2024-01258,EMP00605,2024,2024-12-07,2,87.1,3.29,Bambang Susilo,Yes
PR2024-01259,EMP00607,2024,2024-12-12,4,103.0,4.19,Andi Wijaya,Yes
PR2024-01260,EMP00609,2024,2024-12-12,3,80.6,3.64,Bambang Susilo,Yes
PR2024-01261,EMP00610,2024,2024-12-08,3,94.6,3.8,Bambang Susilo,Yes
PR2024-01262,EMP00611,2024,2024-12-20,3,97.1,4.12,Dewi Lestari,No
PR2024-01263,EMP00612,2024,2024-12-13,2,82.4,3.34,Maya Sari,Yes
PR2024-01264,EMP00613,2024,2024-12-24,3,73.8,3.89,Rina Kartika,No
PR2024-01265,EMP00614,2024,2024-12-17,3,91.9,3.7,Rina Kartika,Yes
PR2024-01266,EMP00617,2024,2024-12-25,4,81.8,4.34,Andi Wijaya,Yes
PR2024-01267,EMP00620,2024,2024-12-14,1,65.7,2.48,Maya Sari,Yes
PR2024-01268,EMP00621,2024,2024-12-10,5,90.0,5.0,Andi Wijaya,Yes
PR2024-01269,EMP00622,2024,2024-12-12,3,82.9,4.03,Rina Kartika,No
PR2024-01270,EMP00623,2024,2024-12-24,2,83.7,3.64,Bambang Susilo,Yes
PR2024-01271,EMP00624,2024,2024-12-17,2,82.2,3.71,Rina Kartika,Yes
PR2024-01272,EMP00625,2024,2024-12-15,3,93.5,3.75,Maya Sari,Yes
PR2024-01273,EMP00626,2024,2024-12-15,1,70.0,2.95,Bambang Susilo,Yes
PR2024-01274,EMP00628,2024,2024-12-22,2,73.7,3.12,Bambang Susilo,No
PR2024-01275,EMP00629,2024,2024-12-26,3,87.8,3.86,Rudi Hartono,No
PR2024-01276,EMP00630,2024,2024-12-15,4,85.7,4.07,Andi Wijaya,No
PR2024-01277,EMP00631,2024,2024-12-09,2,69.5,3.3,Rudi Hartono,Yes
PR2024-01278,EMP00632,2024,2024-12-13,4,92.0,4.83,Andi Wijaya,Yes
PR2024-01279,EMP00633,2024,2024-12-21,4,86.0,3.98,Rina Kartika,Yes
PR2024-01280,EMP00634,2024,2024-12-16,1,64.4,2.8,Andi Wijaya,Yes
PR2024-01281,EMP00635,2024,2024-12-09,3,81.0,3.93,Bambang Susilo,Yes
PR2024-01282,EMP00637,2024,2024-12-10,3,82.2,3.81,Hendra Gunawan,Yes
PR2024-01283,EMP00639,2024,2024-12-21,3,68.7,4.04,Hendra Gunawan,Yes
PR2024-01284,EMP00640,2024,2024-12-10,2,83.1,2.76,Sri Wahyuni,Yes
PR2024-01285,EMP00641,2024,2024-12-20,3,83.7,4.1,Bambang Susilo,Yes
PR2024-01286,EMP00642,2024,2024-12-22,4,92.6,4.27,Hendra Gunawan,Yes
PR2024-01287,EMP00643,2024,2024-12-21,3,93.8,3.63,Andi Wijaya,Yes
PR2024-01288,EMP00645,2024,2024-12-12,3,78.1,4.24,Andi Wijaya,Yes
PR2024-01289,EMP00647,2024,2024-12-20,2,77.2,2.68,Bambang Susilo,Yes
PR2024-01290,EMP00648,2024,2024-12-19,3,77.1,3.54,Bambang Susilo,Yes
PR2024-01291,EMP00649,2024,2024-12-15,2,82.7,3.35,Rina Kartika,Yes
PR2024-01292,EMP00650,2024,2024-12-22,3,81.2,3.89,Rina Kartika,No
PR2024-01293,EMP00651,2024,2024-12-20,4,91.7,4.31,Dewi Lestari,Yes
PR2024-01294,EMP00652,2024,2024-12-18,5,103.2,4.57,Rudi Hartono,Yes
PR2024-01295,EMP00653,2024,2024-12-18,2,74.8,3.25,Bambang Susilo,No
PR2024-01296,EMP00654,2024,2024-12-15,1,69.6,2.67,Rudi Hartono,Yes
PR2024-01297,EMP00656,2024,2024-12-09,3,86.4,3.46,Bambang Susilo,Yes
PR2024-01298,EMP00657,2024,2024-12-20,3,94.2,3.59,Bambang Susilo,Yes
PR2024-01299,EMP00659,2024,2024-12-19,2,59.2,3.56,Andi Wijaya,Yes
PR2024-01300,EMP00660,2024,2024-12-21,2 - Below,73.8,3.08,Rina Kartika,Yes
PR2024-01301,EMP00661,2024,2024-12-26,1,63.6,2.63,Rina Kartika,Yes
PR2024-01302,EMP00662,2024,2024-12-23,4,84.6,4.6,Bambang Susilo,Yes
PR2024-01303,EMP00663,2024,2024-12-13,3,76.2,3.58,Sri Wahyuni,No
PR2024-01304,EMP00664,2024,2024-12-16,5,98.4,4.76,Bambang Susilo,Yes
PR2024-01305,EMP00665,2024,2024-12-21,3,84.1,4.2,Maya Sari,Yes
PR2024-01306,EMP00666,2024,2024-12-22,3,83.9,3.82,Rina Kartika,Yes
PR2024-01307,EMP00667,2024,2024-12-12,2,65.4,3.38,Rina Kartika,No
PR2024-01308,EMP00668,2024,2024-12-20,1,69.7,3.26,Bambang Susilo,Yes
PR2025-01309,EMP00002,2025,2025-12-09,5,110.4,5.0,Bambang Susilo,Yes
PR2025-01310,EMP00003,2025,2025-12-24,4,90.2,4.78,Hendra Gunawan,Yes
PR2025-01311,EMP00005,2025,2025-12-08,2,85.5,3.64,Rina Kartika,Yes
PR2025-01312,EMP00007,2025,2025-12-17,3,85.8,3.74,Andi Wijaya,No
PR2025-01313,EMP00008,2025,2025-12-15,1,68.6,2.77,Hendra Gunawan,Yes
PR2025-01314,EMP00009,2025,2025-12-17,3,75.6,3.74,Rina Kartika,Yes
PR2025-01315,EMP00011,2025,2025-12-18,5,100.1,5.0,Rina Kartika,Yes
PR2025-01316,EMP00012,2025,2025-12-08,3,84.7,4.38,Maya Sari,Yes
PR2025-01317,EMP00013,2025,2025-12-24,4,99.1,4.48,Maya Sari,Yes
PR2025-01318,EMP00015,2025,2025-12-15,2 - Below,69.5,3.35,Dewi Lestari,Yes
PR2025-01319,EMP00016,2025,2025-12-20,3,95.1,3.96,Rudi Hartono,Yes
PR2025-01320,EMP00017,2025,2025-12-23,3,91.8,3.97,Sri Wahyuni,Yes
PR2025-01321,EMP00019,2025,2025-12-10,4 - Exceeds,96.3,4.14,Hendra Gunawan,Yes
PR2025-01322,EMP00021,2025,2025-12-10,3,88.5,3.8,Bambang Susilo,No
PR2025-01323,EMP00022,2025,2025-12-23,3,71.4,3.9,Rudi Hartono,Yes
PR2025-01324,EMP00024,2025,2025-12-14,4,98.9,4.46,Rina Kartika,Yes
PR2025-01325,EMP00025,2025,2025-12-18,3,81.4,3.74,Maya Sari,Yes
PR2025-01326,EMP00027,2025,2025-12-16,5,91.6,5.0,Andi Wijaya,Yes
PR2025-01327,EMP00028,2025,2025-12-10,3,84.2,3.67,Maya Sari,Yes
PR2025-01328,EMP00029,2025,2025-12-09,2,71.7,3.48,Andi Wijaya,Yes
PR2025-01329,EMP00030,2025,2025-12-18,2,71.8,3.2,Rudi Hartono,Yes
PR2025-01330,EMP00031,2025,2025-12-19,2,84.8,3.54,Maya Sari,Yes
PR2025-01331,EMP00034,2025,2025-12-09,2,77.3,3.86,Rina Kartika,Yes
PR2025-01332,EMP00037,2025,2025-12-21,5,95.0,4.6,Rudi Hartono,Yes
PR2025-01333,EMP00038,2025,2025-12-15,1,66.7,3.13,Andi Wijaya,Yes
PR2025-01334,EMP00039,2025,2025-12-22,2,64.9,3.16,Dewi Lestari,No
PR2025-01335,EMP00040,2025,2025-12-08,3,80.3,3.67,Andi Wijaya,Yes
PR2025-01336,EMP00044,2025,2025-12-14,3,88.4,3.86,Sri Wahyuni,Yes
PR2025-01337,EMP00046,2025,2025-12-09,3,94.5,3.57,Bambang Susilo,Yes
PR2025-01338,EMP00047,2025,2025-12-18,3,90.0,3.84,Bambang Susilo,Yes
PR2025-01339,EMP00048,2025,2025-12-21,2,74.3,2.84,Bambang Susilo,Yes
PR2025-01340,EMP00049,2025,2025-12-20,2,74.1,3.38,Andi Wijaya,Yes
PR2025-01341,EMP00050,2025,2025-12-07,4,93.1,4.74,Andi Wijaya,Yes
PR2025-01342,EMP00051,2025,2025-12-15,2,75.4,2.53,Bambang Susilo,Yes
PR2025-01343,EMP00053,2025,2025-12-14,3,77.0,3.99,Bambang Susilo,Yes
PR2025-01344,EMP00054,2025,2025-12-16,3,90.3,4.07,Rina Kartika,Yes
PR2025-01345,EMP00055,2025,2025-12-22,3,78.3,3.67,Rina Kartika,Yes
PR2025-01346,EMP00056,2025,2025-12-22,3,93.1,3.54,Rudi Hartono,Yes
PR2025-01347,EMP00057,2025,2025-12-15,3,84.5,3.71,Dewi Lestari,Yes
PR2025-01348,EMP00058,2025,2025-12-22,5,97.6,5.0,Dewi Lestari,Yes
PR2025-01349,EMP00061,2025,2025-12-20,2,87.5,3.19,Dewi Lestari,Yes
PR2025-01350,EMP00063,2025,2025-12-26,4,85.6,4.38,Andi Wijaya,Yes
PR2025-01351,EMP00064,2025,2025-12-21,4,94.4,4.61,Bambang Susilo,Yes
PR2025-01352,EMP00065,2025,2025-12-07,3,92.5,4.01,Andi Wijaya,Yes
PR2025-01353,EMP00066,2025,2025-12-25,5,113.7,5.0,Rudi Hartono,Yes
PR2025-01354,EMP00067,2025,2025-12-21,2,72.3,3.39,Bambang Susilo,Yes
PR2025-01355,EMP00069,2025,2025-12-23,3,91.0,3.82,Hendra Gunawan,Yes
PR2025-01356,EMP00071,2025,2025-12-09,3,81.9,3.71,Rudi Hartono,Yes
PR2025-01357,EMP00073,2025,2025-12-24,3,82.8,3.26,Andi Wijaya,Yes
PR2025-01358,EMP00074,2025,2025-12-11,1,69.5,2.76,Rina Kartika,Yes
PR2025-01359,EMP00075,2025,2025-12-25,3,88.9,3.46,Dewi Lestari,No
PR2025-01360,EMP00076,2025,2025-12-13,1,64.4,2.63,Andi Wijaya,Yes
PR2025-01361,EMP00077,2025,2025-12-13,4,99.6,4.71,Hendra Gunawan,Yes
PR2025-01362,EMP00080,2025,2025-12-11,4,106.1,3.98,Bambang Susilo,Yes
PR2025-01363,EMP00081,2025,2025-12-26,5,114.4,5.0,Rudi Hartono,Yes
PR2025-01364,EMP00082,2025,2025-12-18,2,79.2,3.11,Maya Sari,Yes
PR2025-01365,EMP00083,2025,2025-12-10,3,76.5,3.93,Sri Wahyuni,Yes
PR2025-01366,EMP00084,2025,2025-12-21,3,70.0,4.27,Dewi Lestari,Yes
PR2025-01367,EMP00089,2025,2025-12-24,3,85.1,3.83,Rudi Hartono,Yes
PR2025-01368,EMP00091,2025,2025-12-19,3,89.8,3.78,Bambang Susilo,Yes
PR2025-01369,EMP00092,2025,2025-12-07,2,71.5,3.7,Hendra Gunawan,Yes
PR2025-01370,EMP00094,2025,2025-12-14,4,95.6,4.94,Maya Sari,Yes
PR2025-01371,EMP00095,2025,2025-12-21,1,54.7,2.44,Rudi Hartono,Yes
PR2025-01372,EMP00096,2025,2025-12-18,3,83.7,4.08,Maya Sari,Yes
PR2025-01373,EMP00099,2025,2025-12-13,4,97.3,4.27,Bambang Susilo,Yes
PR2025-01374,EMP00100,2025,2025-12-08,2,75.5,3.63,Rudi Hartono,Yes
PR2025-01375,EMP00101,2025,2025-12-11,2,89.7,3.73,Bambang Susilo,No
PR2025-01376,EMP00105,2025,2025-12-25,2,63.8,3.51,Rina Kartika,Yes
PR2025-01377,EMP00106,2025,2025-12-09,2,77.0,3.15,Rina Kartika,Yes
PR2025-01378,EMP00108,2025,2025-12-14,4,98.7,4.57,Dewi Lestari,Yes
PR2025-01379,EMP00109,2025,2025-12-25,2,79.3,3.24,Hendra Gunawan,Yes
PR2025-01380,EMP00111,2025,2025-12-08,5,89.6,4.79,Rudi Hartono,Yes
PR2025-01381,EMP00112,2025,2025-12-11,3,81.0,3.83,Maya Sari,Yes
PR2025-01382,EMP00114,2025,2025-12-08,5 - Outstanding,108.5,5.0,Rudi Hartono,Yes
PR2025-01383,EMP00115,2025,2025-12-12,3,83.2,4.06,Andi Wijaya,Yes
PR2025-01384,EMP00116,2025,2025-12-15,2,71.2,3.11,Rudi Hartono,Yes
PR2025-01385,EMP00120,2025,2025-12-12,3,80.0,4.13,Maya Sari,Yes
PR2025-01386,EMP00123,2025,2025-12-18,3,83.9,3.52,Andi Wijaya,Yes
PR2025-01387,EMP00125,2025,2025-12-24,5,103.3,5.0,Bambang Susilo,Yes
PR2025-01388,EMP00127,2025,2025-12-12,3,76.9,4.04,Rudi Hartono,Yes
PR2025-01389,EMP00128,2025,2025-12-19,2 - Below,77.3,2.83,Dewi Lestari,Yes
PR2025-01390,EMP00129,2025,2025-12-15,2,75.6,3.03,Sri Wahyuni,Yes
PR2025-01391,EMP00131,2025,2025-12-25,4,101.7,4.37,Rudi Hartono,Yes
PR2025-01392,EMP00135,2025,2025-12-17,1,56.4,2.16,Rudi Hartono,Yes
PR2025-01393,EMP00136,2025,2025-12-11,4,90.7,4.53,Bambang Susilo,Yes
PR2025-01394,EMP00137,2025,2025-12-09,3,79.4,4.0,Rudi Hartono,Yes
PR2025-01395,EMP00138,2025,2025-12-20,3,89.3,3.8,Sri Wahyuni,Yes
PR2025-01396,EMP00139,2025,2025-12-14,1 - Poor,56.4,2.89,Bambang Susilo,Yes
PR2025-01397,EMP00141,2025,2025-12-21,3,87.6,3.67,Rudi Hartono,Yes
PR2025-01398,EMP00146,2025,2025-12-26,4,94.6,4.43,Rudi Hartono,Yes
PR2025-01399,EMP00148,2025,2025-12-07,4,91.9,4.24,Bambang Susilo,Yes
PR2025-01400,EMP00149,2025,2025-12-21,2,76.1,3.19,Rudi Hartono,Yes
PR2025-01401,EMP00151,2025,2025-12-12,1,71.5,2.51,Rina Kartika,Yes
PR2025-01402,EMP00153,2025,2025-12-13,3,83.2,3.69,Bambang Susilo,Yes
PR2025-01403,EMP00154,2025,2025-12-15,3,83.0,4.07,Rudi Hartono,Yes
PR2025-01404,EMP00155,2025,2025-12-17,4,95.4,4.7,Dewi Lestari,Yes
PR2025-01405,EMP00156,2025,2025-12-13,2,82.0,3.21,Rudi Hartono,Yes
PR2025-01406,EMP00157,2025,2025-12-15,3,82.4,3.76,Rudi Hartono,Yes
PR2025-01407,EMP00159,2025,2025-12-16,3,86.7,3.46,Bambang Susilo,Yes
PR2025-01408,EMP00160,2025,2025-12-25,4,94.2,4.51,Bambang Susilo,Yes
PR2025-01409,EMP00162,2025,2025-12-19,3,100.3,3.45,Dewi Lestari,Yes
PR2025-01410,EMP00165,2025,2025-12-13,2,83.6,3.55,Hendra Gunawan,Yes
PR2025-01411,EMP00167,2025,2025-12-16,3,86.6,3.89,Rina Kartika,Yes
PR2025-01412,EMP00168,2025,2025-12-12,2,78.0,3.03,Maya Sari,Yes
PR2025-01413,EMP00170,2025,2025-12-25,4,86.2,4.1,Rudi Hartono,Yes
PR2025-01414,EMP00171,2025,2025-12-18,4,98.1,4.07,Bambang Susilo,Yes
PR2025-01415,EMP00174,2025,2025-12-15,4,90.3,3.93,Rina Kartika,Yes
PR2025-01416,EMP00176,2025,2025-12-07,3,82.6,3.92,Andi Wijaya,Yes
PR2025-01417,EMP00178,2025,2025-12-10,4,90.3,4.26,Bambang Susilo,Yes
PR2025-01418,EMP00179,2025,2025-12-15,3,88.6,4.02,Rudi Hartono,Yes
PR2025-01419,EMP00181,2025,2025-12-24,4,92.0,4.13,Rudi Hartono,Yes
PR2025-01420,EMP00182,2025,2025-12-14,5,114.2,4.99,Bambang Susilo,Yes
PR2025-01421,EMP00183,2025,2025-12-25,3,88.2,3.92,Hendra Gunawan,Yes
PR2025-01422,EMP00188,2025,2025-12-26,3,84.2,4.31,Dewi Lestari,Yes
PR2025-01423,EMP00190,2025,2025-12-21,2,76.9,3.06,Bambang Susilo,No
PR2025-01424,EMP00191,2025,2025-12-19,3,80.1,3.92,Dewi Lestari,No
PR2025-01425,EMP00193,2025,2025-12-16,4 - Exceeds,84.8,4.14,Rudi Hartono,Yes
PR2025-01426,EMP00194,2025,2025-12-08,4,99.8,4.23,Rina Kartika,Yes
PR2025-01427,EMP00196,2025,2025-12-13,3,78.2,3.92,Bambang Susilo,Yes
PR2025-01428,EMP00197,2025,2025-12-10,1,67.0,2.47,Sri Wahyuni,No
PR2025-01429,EMP00198,2025,2025-12-25,4,99.7,3.99,Sri Wahyuni,Yes
PR2025-01430,EMP00199,2025,2025-12-12,3,88.4,3.88,Sri Wahyuni,No
PR2025-01431,EMP00200,2025,2025-12-26,2,75.1,3.64,Maya Sari,Yes
PR2025-01432,EMP00201,2025,2025-12-26,3,81.8,4.21,Hendra Gunawan,Yes
PR2025-01433,EMP00203,2025,2025-12-10,1,52.8,2.63,Bambang Susilo,Yes
PR2025-01434,EMP00204,2025,2025-12-09,4,88.9,3.97,Rudi Hartono,Yes
PR2025-01435,EMP00205,2025,2025-12-11,2,77.0,3.78,Rina Kartika,Yes
PR2025-01436,EMP00206,2025,2025-12-22,5,103.0,4.79,Rudi Hartono,Yes
PR2025-01437,EMP00208,2025,2025-12-17,3,75.0,3.3,Andi Wijaya,Yes
PR2025-01438,EMP00209,2025,2025-12-18,4,86.0,4.32,Sri Wahyuni,Yes
PR2025-01439,EMP00210,2025,2025-12-13,3,92.3,4.33,Bambang Susilo,No
PR2025-01440,EMP00211,2025,2025-12-21,5,101.4,4.91,Bambang Susilo,No
PR2025-01441,EMP00213,2025,2025-12-23,3,93.6,3.5,Maya Sari,Yes
PR2025-01442,EMP00214,2025,2025-12-24,2,68.5,3.26,Rina Kartika,Yes
PR2025-01443,EMP00215,2025,2025-12-24,3,84.1,4.1,Dewi Lestari,Yes
PR2025-01444,EMP00216,2025,2025-12-26,5,97.0,5.0,Dewi Lestari,Yes
PR2025-01445,EMP00217,2025,2025-12-07,3,90.7,3.88,Hendra Gunawan,Yes
PR2025-01446,EMP00218,2025,2025-12-08,3,84.8,3.94,Andi Wijaya,Yes
PR2025-01447,EMP00219,2025,2025-12-25,3,81.5,4.23,Andi Wijaya,Yes
PR2025-01448,EMP00220,2025,2025-12-21,2,70.9,3.23,Rina Kartika,Yes
PR2025-01449,EMP00221,2025,2025-12-22,2,72.5,2.87,Bambang Susilo,Yes
PR2025-01450,EMP00222,2025,2025-12-07,2,73.1,3.18,Rina Kartika,Yes
PR2025-01451,EMP00223,2025,2025-12-12,3,93.8,4.37,Rudi Hartono,Yes
PR2025-01452,EMP00224,2025,2025-12-07,3,90.1,4.03,Rudi Hartono,Yes
PR2025-01453,EMP00226,2025,2025-12-08,5,110.0,4.88,Maya Sari,Yes
PR2025-01454,EMP00228,2025,2025-12-19,5,107.4,5.0,Hendra Gunawan,Yes
PR2025-01455,EMP00229,2025,2025-12-12,2,70.8,3.86,Bambang Susilo,Yes
PR2025-01456,EMP00230,2025,2025-12-15,3,83.9,3.39,Rina Kartika,Yes
PR2025-01457,EMP00232,2025,2025-12-25,5,118.1,4.92,Andi Wijaya,Yes
PR2025-01458,EMP00234,2025,2025-12-22,3,70.2,3.75,Bambang Susilo,Yes
PR2025-01459,EMP00237,2025,2025-12-17,3,94.2,3.9,Sri Wahyuni,Yes
PR2025-01460,EMP00239,2025,2025-12-12,2,68.1,3.23,Maya Sari,Yes
PR2025-01461,EMP00240,2025,2025-12-12,4,81.8,4.59,Rina Kartika,Yes
PR2025-01462,EMP00241,2025,2025-12-15,2,80.0,2.81,Rina Kartika,Yes
PR2025-01463,EMP00242,2025,2025-12-25,3 - Meets,89.1,3.99,Rina Kartika,Yes
PR2025-01464,EMP00243,2025,2025-12-20,3,86.4,4.26,Bambang Susilo,Yes
PR2025-01465,EMP00244,2025,2025-12-20,5,106.7,4.75,Andi Wijaya,Yes
PR2025-01466,EMP00245,2025,2025-12-20,3,81.8,3.54,Rudi Hartono,Yes
PR2025-01467,EMP00247,2025,2025-12-12,4,97.9,4.79,Bambang Susilo,Yes
PR2025-01468,EMP00248,2025,2025-12-16,3,82.0,3.75,Hendra Gunawan,Yes
PR2025-01469,EMP00250,2025,2025-12-19,2,71.1,3.88,Rudi Hartono,Yes
PR2025-01470,EMP00251,2025,2025-12-20,4,91.1,4.97,Rudi Hartono,Yes
PR2025-01471,EMP00252,2025,2025-12-12,3,86.4,3.68,Andi Wijaya,Yes
PR2025-01472,EMP00253,2025,2025-12-13,4,94.6,4.87,Rina Kartika,Yes
PR2025-01473,EMP00254,2025,2025-12-07,3,88.1,3.38,Hendra Gunawan,No
PR2025-01474,EMP00255,2025,2025-12-16,4,104.9,4.87,Rudi Hartono,Yes
PR2025-01475,EMP00256,2025,2025-12-17,3,83.2,4.24,Bambang Susilo,No
PR2025-01476,EMP00257,2025,2025-12-26,4,98.9,4.1,Andi Wijaya,Yes
PR2025-01477,EMP00260,2025,2025-12-13,5,93.8,4.63,Rina Kartika,Yes
PR2025-01478,EMP00264,2025,2025-12-10,2,77.4,2.99,Rudi Hartono,Yes
PR2025-01479,EMP00265,2025,2025-12-20,3,82.1,4.0,Bambang Susilo,Yes
PR2025-01480,EMP00266,2025,2025-12-13,4,92.4,4.41,Dewi Lestari,Yes
PR2025-01481,EMP00268,2025,2025-12-23,2,77.1,3.45,Bambang Susilo,Yes
PR2025-01482,EMP00271,2025,2025-12-24,1,67.5,2.95,Maya Sari,Yes
PR2025-01483,EMP00272,2025,2025-12-20,3,83.8,3.19,Dewi Lestari,Yes
PR2025-01484,EMP00273,2025,2025-12-11,3,70.9,3.52,Andi Wijaya,Yes
PR2025-01485,EMP00274,2025,2025-12-08,2,77.1,3.5,Bambang Susilo,Yes
PR2025-01486,EMP00276,2025,2025-12-23,4,90.0,4.34,Rina Kartika,No
PR2025-01487,EMP00278,2025,2025-12-07,5,103.8,4.81,Andi Wijaya,Yes
PR2025-01488,EMP00282,2025,2025-12-10,5,103.5,5.0,Rudi Hartono,No
PR2025-01489,EMP00285,2025,2025-12-16,4,93.2,4.31,Rudi Hartono,Yes
PR2025-01490,EMP00286,2025,2025-12-09,4,94.7,4.76,Rudi Hartono,Yes
PR2025-01491,EMP00288,2025,2025-12-12,2,76.1,3.0,Sri Wahyuni,Yes
PR2025-01492,EMP00289,2025,2025-12-10,3,81.9,4.03,Bambang Susilo,Yes
PR2025-01493,EMP00290,2025,2025-12-26,2,58.6,3.27,Andi Wijaya,Yes
PR2025-01494,EMP00291,2025,2025-12-11,5,111.9,5.0,Andi Wijaya,Yes
PR2025-01495,EMP00292,2025,2025-12-23,3,94.2,3.58,Bambang Susilo,Yes
PR2025-01496,EMP00293,2025,2025-12-15,2,68.5,3.4,Rudi Hartono,Yes
PR2025-01497,EMP00296,2025,2025-12-21,1,68.5,2.73,Rudi Hartono,Yes
PR2025-01498,EMP00298,2025,2025-12-25,4,85.3,4.22,Rina Kartika,No
PR2025-01499,EMP00300,2025,2025-12-25,3,78.1,3.6,Dewi Lestari,Yes
PR2025-01500,EMP00301,2025,2025-12-18,3,82.1,3.99,Rina Kartika,Yes
PR2025-01501,EMP00302,2025,2025-12-13,4,81.3,4.5,Rudi Hartono,Yes
PR2025-01502,EMP00303,2025,2025-12-25,5,89.3,4.87,Rudi Hartono,Yes
PR2025-01503,EMP00304,2025,2025-12-18,4,93.7,4.25,Bambang Susilo,No
PR2025-01504,EMP00305,2025,2025-12-16,4,89.5,4.2,Bambang Susilo,Yes
PR2025-01505,EMP00306,2025,2025-12-25,4,86.4,4.65,Rudi Hartono,Yes
PR2025-01506,EMP00307,2025,2025-12-10,3,90.0,3.73,Dewi Lestari,Yes
PR2025-01507,EMP00308,2025,2025-12-11,5,120.8,4.8,Sri Wahyuni,Yes
PR2025-01508,EMP00309,2025,2025-12-07,5,102.3,5.0,Rudi Hartono,Yes
PR2025-01509,EMP00310,2025,2025-12-19,4,105.4,3.91,Dewi Lestari,Yes
PR2025-01510,EMP00311,2025,2025-12-19,4 - Exceeds,94.7,4.24,Andi Wijaya,Yes
PR2025-01511,EMP00313,2025,2025-12-25,4,97.7,4.18,Bambang Susilo,Yes
PR2025-01512,EMP00316,2025,2025-12-10,3,88.8,4.4,Dewi Lestari,Yes
PR2025-01513,EMP00317,2025,2025-12-07,2 - Below,69.8,3.0,Maya Sari,Yes
PR2025-01514,EMP00318,2025,2025-12-19,3,78.3,3.14,Rudi Hartono,No
PR2025-01515,EMP00320,2025,2025-12-11,4,87.9,4.76,Bambang Susilo,Yes
PR2025-01516,EMP00321,2025,2025-12-24,4,83.8,4.55,Rudi Hartono,Yes
PR2025-01517,EMP00322,2025,2025-12-09,3,88.5,3.9,Hendra Gunawan,Yes
PR2025-01518,EMP00324,2025,2025-12-14,3,90.4,4.3,Andi Wijaya,Yes
PR2025-01519,EMP00327,2025,2025-12-19,4,99.8,4.21,Bambang Susilo,Yes
PR2025-01520,EMP00329,2025,2025-12-10,5,104.1,4.94,Bambang Susilo,Yes
PR2025-01521,EMP00330,2025,2025-12-18,3,84.4,3.2,Rudi Hartono,No
PR2025-01522,EMP00331,2025,2025-12-14,4,94.3,4.16,Andi Wijaya,Yes
PR2025-01523,EMP00333,2025,2025-12-08,3,86.2,3.3,Rina Kartika,Yes
PR2025-01524,EMP00334,2025,2025-12-14,4,101.7,4.61,Rina Kartika,Yes
PR2025-01525,EMP00336,2025,2025-12-20,2,84.3,3.39,Rudi Hartono,Yes
PR2025-01526,EMP00337,2025,2025-12-20,2,78.9,2.84,Andi Wijaya,Yes
PR2025-01527,EMP00338,2025,2025-12-08,3,98.6,3.89,Rina Kartika,Yes
PR2025-01528,EMP00339,2025,2025-12-22,1,70.7,3.02,Hendra Gunawan,Yes
PR2025-01529,EMP00340,2025,2025-12-21,5,106.2,4.3,Rina Kartika,Yes
PR2025-01530,EMP00341,2025,2025-12-25,3,85.5,3.88,Rudi Hartono,No
PR2025-01531,EMP00343,2025,2025-12-08,3,94.0,4.09,Bambang Susilo,Yes
PR2025-01532,EMP00345,2025,2025-12-20,3,84.6,3.49,Andi Wijaya,Yes
PR2025-01533,EMP00347,2025,2025-12-20,5,105.9,5.0,Rina Kartika,Yes
PR2025-01534,EMP00349,2025,2025-12-24,4,98.2,4.17,Bambang Susilo,Yes
PR2025-01535,EMP00350,2025,2025-12-23,3,77.9,3.8,Maya Sari,Yes
PR2025-01536,EMP00353,2025,2025-12-15,2,80.4,3.32,Rudi Hartono,Yes
PR2025-01537,EMP00354,2025,2025-12-22,2,75.5,3.41,Bambang Susilo,Yes
PR2025-01538,EMP00358,2025,2025-12-09,1,70.8,2.39,Hendra Gunawan,Yes
PR2025-01539,EMP00359,2025,2025-12-13,4,80.0,3.87,Andi Wijaya,Yes
PR2025-01540,EMP00360,2025,2025-12-11,2,79.7,3.6,Bambang Susilo,Yes
PR2025-01541,EMP00361,2025,2025-12-09,5,104.3,4.51,Rudi Hartono,Yes
PR2025-01542,EMP00362,2025,2025-12-13,3,89.1,3.7,Rina Kartika,Yes
PR2025-01543,EMP00364,2025,2025-12-07,4,100.2,3.92,Bambang Susilo,Yes
PR2025-01544,EMP00366,2025,2025-12-14,4,100.2,4.55,Rina Kartika,Yes
PR2025-01545,EMP00367,2025,2025-12-15,3,87.9,4.12,Sri Wahyuni,Yes
PR2025-01546,EMP00369,2025,2025-12-11,3,94.1,4.09,Rudi Hartono,Yes
PR2025-01547,EMP00370,2025,2025-12-24,2,77.7,3.4,Dewi Lestari,Yes
PR2025-01548,EMP00372,2025,2025-12-11,4,91.6,4.76,Rudi Hartono,No
PR2025-01549,EMP00373,2025,2025-12-07,3,90.8,3.93,Maya Sari,Yes
PR2025-01550,EMP00375,2025,2025-12-26,4,90.4,4.46,Hendra Gunawan,Yes
PR2025-01551,EMP00376,2025,2025-12-18,3,90.4,3.79,Andi Wijaya,Yes
PR2025-01552,EMP00377,2025,2025-12-13,1,60.6,3.29,Sri Wahyuni,Yes
PR2025-01553,EMP00378,2025,2025-12-24,3,85.1,4.15,Rudi Hartono,Yes
PR2025-01554,EMP00379,2025,2025-12-23,4,93.7,4.86,Rudi Hartono,Yes
PR2025-01555,EMP00380,2025,2025-12-19,4,102.6,4.78,Andi Wijaya,Yes
PR2025-01556,EMP00381,2025,2025-12-09,5,99.4,5.0,Dewi Lestari,Yes
PR2025-01557,EMP00383,2025,2025-12-14,2,67.8,3.28,Sri Wahyuni,Yes
PR2025-01558,EMP00384,2025,2025-12-11,4,93.8,4.85,Andi Wijaya,Yes
PR2025-01559,EMP00385,2025,2025-12-23,2,80.5,3.55,Bambang Susilo,Yes
PR2025-01560,EMP00386,2025,2025-12-26,3,86.5,3.69,Maya Sari,No
PR2025-01561,EMP00387,2025,2025-12-26,,71.7,2.82,Andi Wijaya,Yes
PR2025-01562,EMP00391,2025,2025-12-26,3,100.5,3.6,Bambang Susilo,Yes
PR2025-01563,EMP00393,2025,2025-12-13,4,89.2,4.64,Bambang Susilo,Yes
PR2025-01564,EMP00396,2025,2025-12-11,5,104.7,4.87,Rudi Hartono,No
PR2025-01565,EMP00397,2025,2025-12-10,1,78.4,2.82,Maya Sari,Yes
PR2025-01566,EMP00398,2025,2025-12-21,3,99.2,3.72,Andi Wijaya,Yes
PR2025-01567,EMP00400,2025,2025-12-16,2,75.5,3.27,Bambang Susilo,Yes
PR2025-01568,EMP00401,2025,2025-12-24,2,76.9,3.12,Sri Wahyuni,Yes
PR2025-01569,EMP00404,2025,2025-12-19,1,63.9,2.62,Bambang Susilo,Yes
PR2025-01570,EMP00406,2025,2025-12-08,5,98.3,4.46,Andi Wijaya,Yes
PR2025-01571,EMP00409,2025,2025-12-19,3,81.6,3.42,Bambang Susilo,Yes
PR2025-01572,EMP00413,2025,2025-12-26,4,100.8,4.79,Rina Kartika,No
PR2025-01573,EMP00417,2025,2025-12-21,2,78.4,3.05,Bambang Susilo,Yes
PR2025-01574,EMP00418,2025,2025-12-10,2,76.6,3.41,Bambang Susilo,Yes
PR2025-01575,EMP00419,2025,2025-12-09,2,75.3,3.25,Rina Kartika,Yes
PR2025-01576,EMP00420,2025,2025-12-07,2,67.8,3.0,Hendra Gunawan,Yes
PR2025-01577,EMP00423,2025,2025-12-11,2,78.1,3.6,Dewi Lestari,Yes
PR2025-01578,EMP00424,2025,2025-12-26,5,104.4,5.0,Andi Wijaya,Yes
PR2025-01579,EMP00425,2025,2025-12-11,4,96.4,4.29,Rudi Hartono,Yes
PR2025-01580,EMP00426,2025,2025-12-24,3,72.5,3.81,Andi Wijaya,Yes
PR2025-01581,EMP00427,2025,2025-12-26,3,91.9,4.25,Rudi Hartono,No
PR2025-01582,EMP00429,2025,2025-12-07,4,93.5,4.75,Bambang Susilo,Yes
PR2025-01583,EMP00431,2025,2025-12-25,3,79.0,3.7,Andi Wijaya,Yes
PR2025-01584,EMP00432,2025,2025-12-13,4,86.8,4.19,Rudi Hartono,No
PR2025-01585,EMP00433,2025,2025-12-14,3,84.3,3.89,Bambang Susilo,No
PR2025-01586,EMP00439,2025,2025-12-09,5,111.9,4.55,Rina Kartika,Yes
PR2025-01587,EMP00440,2025,2025-12-09,3,96.0,3.57,Bambang Susilo,Yes
PR2025-01588,EMP00442,2025,2025-12-11,3,81.1,4.09,Rina Kartika,Yes
PR2025-01589,EMP00445,2025,2025-12-19,4,96.7,4.47,Rudi Hartono,Yes
PR2025-01590,EMP00446,2025,2025-12-10,3,86.3,4.07,Rina Kartika,Yes
PR2025-01591,EMP00447,2025,2025-12-09,5,107.8,5.0,Dewi Lestari,No
PR2025-01592,EMP00449,2025,2025-12-21,3,83.5,3.84,Rudi Hartono,Yes
PR2025-01593,EMP00450,2025,2025-12-10,4,94.2,4.21,Rina Kartika,No
PR2025-01594,EMP00452,2025,2025-12-15,3,77.6,3.58,Andi Wijaya,No
PR2025-01595,EMP00453,2025,2025-12-13,3,86.7,3.72,Rina Kartika,Yes
PR2025-01596,EMP00454,2025,2025-12-25,3,75.7,4.08,Bambang Susilo,No
PR2025-01597,EMP00455,2025,2025-12-15,2,67.6,3.48,Dewi Lestari,Yes
PR2025-01598,EMP00457,2025,2025-12-12,2,72.0,3.19,Bambang Susilo,Yes
PR2025-01599,EMP00458,2025,2025-12-18,4,91.8,4.68,Bambang Susilo,Yes
PR2025-01600,EMP00460,2025,2025-12-20,,106.2,4.77,Maya Sari,No
PR2025-01601,EMP00461,2025,2025-12-08,3,86.5,4.12,Dewi Lestari,Yes
PR2025-01602,EMP00462,2025,2025-12-18,5,111.8,5.0,Maya Sari,Yes
PR2025-01603,EMP00463,2025,2025-12-16,4,98.3,4.21,Hendra Gunawan,No
PR2025-01604,EMP00465,2025,2025-12-22,3,95.5,3.69,Rina Kartika,Yes
PR2025-01605,EMP00466,2025,2025-12-10,2,71.4,2.69,Bambang Susilo,No
PR2025-01606,EMP00467,2025,2025-12-21,3,89.7,3.72,Andi Wijaya,Yes
PR2025-01607,EMP00469,2025,2025-12-26,,84.3,3.67,Bambang Susilo,No
PR2025-01608,EMP00470,2025,2025-12-07,5,95.7,4.97,Rudi Hartono,Yes
PR2025-01609,EMP00471,2025,2025-12-14,3,90.5,3.86,Bambang Susilo,Yes
PR2025-01610,EMP00472,2025,2025-12-13,2,66.5,3.66,Maya Sari,Yes
PR2025-01611,EMP00473,2025,2025-12-07,3,85.6,4.14,Sri Wahyuni,No
PR2025-01612,EMP00474,2025,2025-12-15,4,96.7,4.56,Sri Wahyuni,Yes
PR2025-01613,EMP00476,2025,2025-12-23,4,97.4,4.07,Bambang Susilo,No
PR2025-01614,EMP00479,2025,2025-12-19,4,80.9,4.37,Maya Sari,Yes
PR2025-01615,EMP00480,2025,2025-12-08,3,87.5,3.67,Hendra Gunawan,Yes
PR2025-01616,EMP00481,2025,2025-12-16,4,92.9,4.15,Rina Kartika,Yes
PR2025-01617,EMP00483,2025,2025-12-12,5,112.2,4.42,Rina Kartika,Yes
PR2025-01618,EMP00485,2025,2025-12-08,3,90.7,3.87,Rudi Hartono,Yes
PR2025-01619,EMP00486,2025,2025-12-15,1,65.0,3.36,Rudi Hartono,No
PR2025-01620,EMP00487,2025,2025-12-14,3,79.1,4.02,Rudi Hartono,No
PR2025-01621,EMP00492,2025,2025-12-10,4,96.5,4.54,Rina Kartika,Yes
PR2025-01622,EMP00493,2025,2025-12-18,4,94.5,4.56,Andi Wijaya,Yes
PR2025-01623,EMP00494,2025,2025-12-12,2,76.0,2.7,Dewi Lestari,Yes
PR2025-01624,EMP00495,2025,2025-12-17,5,102.0,4.79,Andi Wijaya,Yes
PR2025-01625,EMP00496,2025,2025-12-14,2,78.6,3.31,Bambang Susilo,Yes
PR2025-01626,EMP00498,2025,2025-12-22,4,103.2,4.19,Bambang Susilo,Yes
PR2025-01627,EMP00499,2025,2025-12-23,4,96.9,4.68,Rudi Hartono,No
PR2025-01628,EMP00500,2025,2025-12-09,5,92.8,5.0,Maya Sari,No
PR2025-01629,EMP00501,2025,2025-12-14,4,81.8,4.53,Rina Kartika,Yes
PR2025-01630,EMP00502,2025,2025-12-14,4 - Exceeds,89.7,4.5,Rudi Hartono,Yes
PR2025-01631,EMP00504,2025,2025-12-12,3,85.9,4.17,Bambang Susilo,Yes
PR2025-01632,EMP00507,2025,2025-12-23,5,95.8,5.0,Maya Sari,Yes
PR2025-01633,EMP00509,2025,2025-12-26,3,85.8,4.08,Bambang Susilo,Yes
PR2025-01634,EMP00510,2025,2025-12-20,1,71.5,3.33,Andi Wijaya,Yes
PR2025-01635,EMP00518,2025,2025-12-25,1,66.6,3.08,Maya Sari,No
PR2025-01636,EMP00521,2025,2025-12-26,3,90.8,4.02,Bambang Susilo,Yes
PR2025-01637,EMP00527,2025,2025-12-25,3,83.2,3.69,Andi Wijaya,Yes
PR2025-01638,EMP00528,2025,2025-12-11,2,65.3,3.63,Bambang Susilo,Yes
PR2025-01639,EMP00529,2025,2025-12-17,3,79.5,3.36,Rina Kartika,Yes
PR2025-01640,EMP00530,2025,2025-12-09,1,58.9,2.26,Bambang Susilo,Yes
PR2025-01641,EMP00532,2025,2025-12-23,2,82.7,3.56,Sri Wahyuni,No
PR2025-01642,EMP00534,2025,2025-12-11,4,95.1,5.0,Rina Kartika,Yes
PR2025-01643,EMP00535,2025,2025-12-16,3 - Meets,86.7,4.19,Hendra Gunawan,Yes
PR2025-01644,EMP00536,2025,2025-12-22,5,97.2,4.61,Andi Wijaya,Yes
PR2025-01645,EMP00537,2025,2025-12-10,5,111.0,4.95,Bambang Susilo,Yes
PR2025-01646,EMP00538,2025,2025-12-20,4,93.4,4.3,Andi Wijaya,Yes
PR2025-01647,EMP00540,2025,2025-12-10,4,100.8,4.77,Andi Wijaya,Yes
PR2025-01648,EMP00541,2025,2025-12-24,4,95.1,4.71,Rina Kartika,No
PR2025-01649,EMP00543,2025,2025-12-18,3,93.8,3.77,Andi Wijaya,Yes
PR2025-01650,EMP00544,2025,2025-12-13,3,82.7,4.21,Sri Wahyuni,Yes
PR2025-01651,EMP00545,2025,2025-12-11,3,90.8,3.88,Dewi Lestari,Yes
PR2025-01652,EMP00547,2025,2025-12-21,1,69.5,2.87,Rudi Hartono,No
PR2025-01653,EMP00548,2025,2025-12-16,2,81.3,3.09,Rudi Hartono,Yes
PR2025-01654,EMP00549,2025,2025-12-25,3,89.7,4.14,Rudi Hartono,Yes
PR2025-01655,EMP00551,2025,2025-12-12,3,91.6,4.22,Rina Kartika,Yes
PR2025-01656,EMP00552,2025,2025-12-18,5,100.8,4.57,Rina Kartika,Yes
PR2025-01657,EMP00556,2025,2025-12-25,4,85.9,4.59,Maya Sari,Yes
PR2025-01658,EMP00558,2025,2025-12-22,5,82.3,5.0,Sri Wahyuni,Yes
PR2025-01659,EMP00559,2025,2025-12-19,4,101.5,4.51,Rina Kartika,Yes
PR2025-01660,EMP00562,2025,2025-12-25,4,97.3,4.23,Rudi Hartono,Yes
PR2025-01661,EMP00563,2025,2025-12-12,3,76.9,3.66,Rina Kartika,Yes
PR2025-01662,EMP00564,2025,2025-12-20,2,65.6,3.37,Rudi Hartono,Yes
PR2025-01663,EMP00566,2025,2025-12-21,3,83.9,3.58,Dewi Lestari,Yes
PR2025-01664,EMP00572,2025,2025-12-23,2,72.8,3.07,Andi Wijaya,Yes
PR2025-01665,EMP00574,2025,2025-12-13,4,96.1,4.75,Hendra Gunawan,No
PR2025-01666,EMP00576,2025,2025-12-10,2,75.8,3.1,Bambang Susilo,Yes
PR2025-01667,EMP00578,2025,2025-12-25,4,89.8,4.51,Andi Wijaya,Yes
PR2025-01668,EMP00580,2025,2025-12-19,4,96.6,4.35,Maya Sari,Yes
PR2025-01669,EMP00583,2025,2025-12-10,4,101.4,4.05,Sri Wahyuni,Yes
PR2025-01670,EMP00584,2025,2025-12-16,3,83.4,4.2,Andi Wijaya,Yes
PR2025-01671,EMP00587,2025,2025-12-25,4,104.2,4.67,Rudi Hartono,Yes
PR2025-01672,EMP00591,2025,2025-12-26,3,77.1,4.46,Rudi Hartono,Yes
PR2025-01673,EMP00592,2025,2025-12-11,5,104.6,5.0,Bambang Susilo,No
PR2025-01674,EMP00593,2025,2025-12-10,2,73.5,3.34,Bambang Susilo,Yes
PR2025-01675,EMP00595,2025,2025-12-20,3,87.8,3.91,Bambang Susilo,Yes
PR2025-01676,EMP00596,2025,2025-12-07,4,83.8,4.16,Hendra Gunawan,Yes
PR2025-01677,EMP00597,2025,2025-12-26,3,86.2,3.96,Maya Sari,Yes
PR2025-01678,EMP00599,2025,2025-12-19,1,61.1,2.87,Bambang Susilo,No
PR2025-01679,EMP00600,2025,2025-12-11,3,82.7,4.57,Bambang Susilo,No
PR2025-01680,EMP00601,2025,2025-12-21,3,82.8,3.47,Bambang Susilo,Yes
PR2025-01681,EMP00603,2025,2025-12-16,3,81.6,4.27,Dewi Lestari,No
PR2025-01682,EMP00605,2025,2025-12-26,2,71.1,3.3,Bambang Susilo,Yes
PR2025-01683,EMP00607,2025,2025-12-17,4,102.7,4.64,Andi Wijaya,Yes
PR2025-01684,EMP00609,2025,2025-12-11,4,100.6,4.97,Bambang Susilo,Yes
PR2025-01685,EMP00610,2025,2025-12-12,3,88.5,3.68,Bambang Susilo,No
PR2025-01686,EMP00611,2025,2025-12-08,3,92.0,3.56,Dewi Lestari,Yes
PR2025-01687,EMP00612,2025,2025-12-11,3,74.2,3.67,Maya Sari,No
PR2025-01688,EMP00613,2025,2025-12-21,3,85.8,3.53,Rina Kartika,Yes
PR2025-01689,EMP00617,2025,2025-12-24,4,96.4,4.45,Andi Wijaya,No
PR2025-01690,EMP00620,2025,2025-12-11,2,78.0,3.27,Maya Sari,Yes
PR2025-01691,EMP00621,2025,2025-12-22,3,82.9,3.7,Andi Wijaya,Yes
PR2025-01692,EMP00622,2025,2025-12-19,3,83.0,4.4,Rina Kartika,Yes
PR2025-01693,EMP00623,2025,2025-12-15,3,88.7,4.43,Bambang Susilo,Yes
PR2025-01694,EMP00624,2025,2025-12-25,1,72.2,3.06,Rina Kartika,Yes
PR2025-01695,EMP00625,2025,2025-12-23,3,87.7,3.62,Maya Sari,Yes
PR2025-01696,EMP00626,2025,2025-12-21,2,66.7,2.9,Bambang Susilo,Yes
PR2025-01697,EMP00628,2025,2025-12-22,2,78.8,3.3,Bambang Susilo,Yes
PR2025-01698,EMP00629,2025,2025-12-10,3,83.0,3.83,Rudi Hartono,Yes
PR2025-01699,EMP00630,2025,2025-12-08,4,92.4,4.39,Andi Wijaya,No
PR2025-01700,EMP00631,2025,2025-12-20,2,79.0,2.82,Rudi Hartono,No
PR2025-01701,EMP00632,2025,2025-12-11,5,103.3,4.88,Andi Wijaya,Yes
PR2025-01702,EMP00633,2025,2025-12-23,4,105.9,4.52,Rina Kartika,Yes
PR2025-01703,EMP00634,2025,2025-12-21,2,63.0,3.62,Andi Wijaya,Yes
PR2025-01704,EMP00635,2025,2025-12-26,4,96.6,4.69,Bambang Susilo,Yes
PR2025-01705,EMP00637,2025,2025-12-23,4,92.0,5.0,Hendra Gunawan,Yes
PR2025-01706,EMP00639,2025,2025-12-12,3,80.0,3.79,Hendra Gunawan,Yes
PR2025-01707,EMP00640,2025,2025-12-26,2,73.7,3.5,Sri Wahyuni,Yes
PR2025-01708,EMP00641,2025,2025-12-19,4,86.8,5.0,Bambang Susilo,Yes
PR2025-01709,EMP00642,2025,2025-12-10,3,85.5,3.71,Hendra Gunawan,Yes
PR2025-01710,EMP00643,2025,2025-12-22,3,87.5,4.19,Andi Wijaya,Yes
PR2025-01711,EMP00645,2025,2025-12-08,4,98.6,4.24,Andi Wijaya,Yes
PR2025-01712,EMP00647,2025,2025-12-18,3,83.3,4.13,Bambang Susilo,Yes
PR2025-01713,EMP00648,2025,2025-12-12,4,79.2,4.04,Bambang Susilo,Yes
PR2025-01714,EMP00649,2025,2025-12-10,2,75.2,2.94,Rina Kartika,Yes
PR2025-01715,EMP00650,2025,2025-12-26,3,84.5,4.03,Rina Kartika,Yes
PR2025-01716,EMP00651,2025,2025-12-26,4,106.2,4.59,Dewi Lestari,No
PR2025-01717,EMP00652,2025,2025-12-07,4,96.6,4.73,Rudi Hartono,No
PR2025-01718,EMP00654,2025,2025-12-14,1,60.7,2.83,Rudi Hartono,Yes
PR2025-01719,EMP00656,2025,2025-12-17,4,88.2,4.41,Bambang Susilo,Yes
PR2025-01720,EMP00659,2025,2025-12-07,3,81.1,3.67,Andi Wijaya,No
PR2025-01721,EMP00662,2025,2025-12-25,5,101.1,5.0,Bambang Susilo,No
PR2025-01722,EMP00664,2025,2025-12-18,4,82.6,4.46,Bambang Susilo,Yes
PR2025-01723,EMP00665,2025,2025-12-09,3,86.4,3.84,Maya Sari,Yes
PR2025-01724,EMP00667,2025,2025-12-10,2,67.3,3.05,Rina Kartika,Yes
PR2025-01725,EMP00668,2025,2025-12-09,2,75.0,4.15,Bambang Susilo,Yes
PR2025-01726,EMP00669,2025,2025-12-21,3,84.1,3.2,Andi Wijaya,Yes
PR2025-01727,EMP00671,2025,2025-12-25,3,86.5,3.86,Rina Kartika,Yes
PR2025-01728,EMP00672,2025,2025-12-10,3,82.4,3.66,Maya Sari,No
PR2025-01729,EMP00673,2025,2025-12-23,3,87.8,3.62,Maya Sari,No
PR2025-01730,EMP00675,2025,2025-12-14,2,90.0,3.23,Bambang Susilo,Yes
PR2025-01731,EMP00676,2025,2025-12-24,3,83.9,4.36,Andi Wijaya,Yes
PR2025-01732,EMP00677,2025,2025-12-15,2,81.4,3.78,Maya Sari,No
PR2025-01733,EMP00678,2025,2025-12-26,4,86.1,4.06,Bambang Susilo,Yes
PR2025-01734,EMP00679,2025,2025-12-22,3,77.7,3.93,Rina Kartika,No
PR2025-01735,EMP00682,2025,2025-12-23,4,88.2,4.83,Rudi Hartono,Yes
PR2025-01736,EMP00683,2025,2025-12-20,2,83.2,2.97,Rina Kartika,Yes
PR2025-01737,EMP00684,2025,2025-12-11,3,77.2,3.73,Rina Kartika,Yes
PR2025-01738,EMP00686,2025,2025-12-14,3,83.8,3.86,Bambang Susilo,Yes
PR2025-01739,EMP00687,2025,2025-12-19,5,107.7,4.82,Bambang Susilo,Yes
PR2025-01740,EMP00689,2025,2025-12-12,1,60.2,3.43,Maya Sari,Yes
PR2025-01741,EMP00691,2025,2025-12-18,5,103.9,4.67,Rina Kartika,Yes
PR2025-01742,EMP00692,2025,2025-12-08,2,79.6,2.99,Andi Wijaya,No
PR2025-01743,EMP00693,2025,2025-12-15,3,70.4,4.55,Bambang Susilo,Yes
PR2025-01744,EMP00694,2025,2025-12-09,3,87.5,3.95,Bambang Susilo,Yes
PR2025-01745,EMP00696,2025,2025-12-24,3,89.4,3.81,Maya Sari,Yes
PR2025-01746,EMP00697,2025,2025-12-14,2,83.8,3.83,Rina Kartika,Yes
PR2025-01747,EMP00698,2025,2025-12-20,1,67.0,2.7,Sri Wahyuni,No
PR2025-01748,EMP00699,2025,2025-12-17,4,101.2,4.45,Bambang Susilo,Yes
PR2025-01749,EMP00701,2025,2025-12-19,2,78.5,2.93,Rina Kartika,Yes
PR2025-01750,EMP00703,2025,2025-12-09,2,60.0,3.04,Bambang Susilo,No
PR2025-01751,EMP00705,2025,2025-12-25,4,84.9,4.63,Rudi Hartono,Yes
PR2025-01752,EMP00707,2025,2025-12-07,3,89.5,4.12,Rina Kartika,Yes
PR2025-01753,EMP00709,2025,2025-12-20,2,76.9,3.29,Bambang Susilo,Yes
PR2025-01754,EMP00710,2025,2025-12-20,2,69.4,3.03,Rudi Hartono,Yes
PR2025-01755,EMP00711,2025,2025-12-13,1,62.3,2.95,Rudi Hartono,Yes
PR2025-01756,EMP00712,2025,2025-12-22,3,89.6,4.36,Rina Kartika,Yes
PR2025-01757,EMP00713,2025,2025-12-12,3,82.5,4.03,Andi Wijaya,No
PR2025-01758,EMP00714,2025,2025-12-11,4,93.5,4.12,Andi Wijaya,Yes
PR2025-01759,EMP00715,2025,2025-12-18,3,93.5,4.13,Dewi Lestari,Yes
PR2025-01760,EMP00716,2025,2025-12-15,1,76.7,2.43,Maya Sari,Yes
PR2025-01761,EMP00717,2025,2025-12-12,4,92.2,4.75,Sri Wahyuni,Yes
PR2025-01762,EMP00718,2025,2025-12-14,3,94.1,3.09,Andi Wijaya,Yes
PR2025-01763,EMP00719,2025,2025-12-23,2,76.7,3.1,Rudi Hartono,Yes
PR2025-01764,EMP00720,2025,2025-12-08,3,86.2,3.88,Bambang Susilo,Yes
PR2025-01765,EMP00721,2025,2025-12-22,3,79.3,4.23,Bambang Susilo,Yes
PR2025-01766,EMP00722,2025,2025-12-24,2,78.4,3.27,Maya Sari,No
PR2025-01767,EMP00723,2025,2025-12-25,1,72.6,2.82,Bambang Susilo,Yes
PR2025-01768,EMP00725,2025,2025-12-19,3,73.6,2.79,Rudi Hartono,No
PR2025-01769,EMP00728,2025,2025-12-09,4,102.3,4.39,Rudi Hartono,Yes
PR2025-01770,EMP00731,2025,2025-12-21,4,89.7,4.33,Andi Wijaya,Yes
PR2025-01771,EMP00733,2025,2025-12-24,4,91.1,4.06,Bambang Susilo,Yes
PR2025-01772,EMP00734,2025,2025-12-26,5,101.4,5.0,Andi Wijaya,Yes
PR2025-01773,EMP00735,2025,2025-12-08,5,95.9,4.93,Andi Wijaya,Yes
PR2025-01774,EMP00736,2025,2025-12-22,2,66.9,3.64,Rudi Hartono,No
PR2025-01775,EMP00737,2025,2025-12-22,2,71.1,3.32,Bambang Susilo,Yes
PR2025-01776,EMP00738,2025,2025-12-25,2,82.3,3.35,Rudi Hartono,Yes
PR2025-01777,EMP00739,2025,2025-12-12,5,102.6,5.0,Rina Kartika,Yes
PR2025-01778,EMP00740,2025,2025-12-21,3,93.8,3.86,Maya Sari,Yes
PR2025-01779,EMP00741,2025,2025-12-13,3,80.0,3.62,Bambang Susilo,Yes
PR2025-01780,EMP00742,2025,2025-12-14,3,77.3,4.05,Rina Kartika,Yes
PR2025-01781,EMP00743,2025,2025-12-11,4,84.0,5.0,Rudi Hartono,No
PR2025-01782,EMP00744,2025,2025-12-16,3,85.7,4.15,Dewi Lestari,Yes
PR2025-01783,EMP00745,2025,2025-12-15,2,76.0,3.59,Rina Kartika,Yes
PR2025-01784,EMP00746,2025,2025-12-26,2 - Below,81.5,2.89,Andi Wijaya,Yes
PR2025-01785,EMP00747,2025,2025-12-18,5,101.5,4.99,Andi Wijaya,Yes
PR2025-01786,EMP00748,2025,2025-12-19,3,93.2,4.18,Rina Kartika,No
PR2025-01787,EMP00749,2025,2025-12-11,2,76.7,2.87,Rina Kartika,Yes
PR2025-01788,EMP00751,2025,2025-12-21,3,71.6,3.58,Bambang Susilo,Yes
PR2025-01789,EMP00752,2025,2025-12-19,4,98.4,4.22,Rina Kartika,Yes
PR2025-01790,EMP00753,2025,2025-12-18,4,94.1,4.71,Andi Wijaya,No
PR2025-01791,EMP00756,2025,2025-12-07,4,100.5,4.26,Rudi Hartono,Yes
PR2025-01792,EMP00757,2025,2025-12-14,4,95.5,4.48,Andi Wijaya,Yes
PR2025-01793,EMP00758,2025,2025-12-20,2,68.8,3.12,Rudi Hartono,No
PR2025-01794,EMP00759,2025,2025-12-13,4,97.5,4.78,Rina Kartika,Yes
PR2025-01795,EMP00760,2025,2025-12-07,4,95.6,4.82,Rudi Hartono,Yes
PR2025-01796,EMP00761,2025,2025-12-14,3,85.0,3.93,Bambang Susilo,Yes
PR2025-01797,EMP00762,2025,2025-12-21,5,106.4,4.88,Rina Kartika,Yes
PR2025-01798,EMP00763,2025,2025-12-26,3,82.8,3.89,Bambang Susilo,Yes
PR2025-01799,EMP00764,2025,2025-12-13,2,76.8,3.01,Rudi Hartono,Yes
PR2025-01800,EMP00765,2025,2025-12-26,4,87.1,4.54,Rudi Hartono,Yes
PR2025-01801,EMP00766,2025,2025-12-13,3,88.8,4.44,Bambang Susilo,Yes
PR2025-01802,EMP00767,2025,2025-12-13,3,81.4,4.0,Rina Kartika,Yes
PR2025-01803,EMP00768,2025,2025-12-26,4,96.8,4.33,Bambang Susilo,No
PR2025-01804,EMP00770,2025,2025-12-11,4,83.5,4.35,Rina Kartika,Yes
PR2025-01805,EMP00772,2025,2025-12-07,3,85.2,3.96,Rudi Hartono,Yes
PR2025-01806,EMP00773,2025,2025-12-24,4,91.9,4.03,Andi Wijaya,Yes
PR2025-01807,EMP00775,2025,2025-12-17,4,86.7,3.99,Sri Wahyuni,Yes
PR2025-01808,EMP00776,2025,2025-12-17,5,97.3,5.0,Rina Kartika,Yes
PR2025-01809,EMP00777,2025,2025-12-16,3,83.1,4.15,Bambang Susilo,Yes
PR2025-01810,EMP00778,2025,2025-12-08,4,96.7,4.53,Andi Wijaya,Yes
PR2025-01811,EMP00782,2025,2025-12-18,2,71.3,3.99,Bambang Susilo,Yes
PR2025-01812,EMP00783,2025,2025-12-15,2,80.1,2.98,Bambang Susilo,Yes
PR2025-01813,EMP00785,2025,2025-12-26,4,95.9,3.85,Andi Wijaya,Yes
PR2025-01814,EMP00786,2025,2025-12-23,2 - Below,68.0,3.34,Maya Sari,Yes
PR2025-01815,EMP00787,2025,2025-12-21,2,66.0,3.2,Bambang Susilo,Yes
PR2025-01816,EMP00788,2025,2025-12-22,3,88.9,3.93,Rudi Hartono,Yes
PR2025-01817,EMP00789,2025,2025-12-09,3,84.8,3.7,Rudi Hartono,Yes
PR2025-01818,EMP00790,2025,2025-12-18,3,83.0,4.17,Rina Kartika,Yes
PR2025-01819,EMP00791,2025,2025-12-19,3,77.3,3.76,Maya Sari,Yes
PR2025-01820,EMP00792,2025,2025-12-20,3,89.4,4.02,Bambang Susilo,Yes
PR2025-01821,EMP00793,2025,2025-12-08,3,92.2,3.39,Rina Kartika,Yes
PR2025-01822,EMP00797,2025,2025-12-19,4,103.2,4.3,Rudi Hartono,Yes
PR2025-01823,EMP00798,2025,2025-12-15,3,89.2,4.32,Bambang Susilo,Yes
PR2025-01824,EMP00799,2025,2025-12-25,2,76.4,2.82,Bambang Susilo,No
PR2025-01825,EMP00800,2025,2025-12-25,1,68.8,2.94,Rina Kartika,Yes
PR2025-01826,EMP00802,2025,2025-12-11,4,96.6,4.65,Dewi Lestari,Yes
PR2025-01827,EMP00803,2025,2025-12-11,1,57.7,2.21,Rina Kartika,No
